molecule,mu,mbd,alpha,gap,eat,delta_mu,delta_mbd,delta_alpha,delta_gap,delta_eat,r_g,mol_mass,kappa2,sigma_k2,logP,sasa,sigma_sasa,rel_sigma_sasa,rotatable_bonds,n_conf,H_donors,H_acceptors,dG,fep
mobley_1636752,0.43800735,-0.0343016684055328,23.13558578491211,8.611783981323242,25.1950626373291,0.11158127,0.0018195033771917,-0.0518574863672256,0.3588209450244903,0.1583734303712844,0.8386819100767643,32.041999999999994,0.1346877355746989,0.0,-0.3915,162.07494399939742,0.0,0.0,1,1,1,1,-5.1,-3.491
mobley_1396156,0.1976937,-0.4359802603721618,168.85450553894043,3.624495059251785,80.35886859893799,0.08157802,0.0102181213442236,0.0591154191642999,-0.3550735898315906,0.187660189345479,2.86564342600342,295.321,0.056267314630604,2.1873912375253605e-07,4.755599999999999,381.6651367067268,3.496778651545543,0.0091619021892284,1,8,0,3,-5.22,-1.284
mobley_6727159,0.84904224,-0.143975793605759,60.67932346888951,5.751157034011114,57.91527811686198,0.2756495,0.005264240915754,0.1097674937475295,0.0209593127171198,0.4250780854906354,2.068440592090277,107.06499999999996,0.1426748516859287,0.0136341043692355,-0.7921,267.31597436836665,3.9007005295527417,0.0145920966330934,4,21,1,5,-8.18,-6.676
mobley_1893937,0.58636063,-0.3642794222881396,107.56959517796834,8.39942059914271,89.48643906911214,0.15703468,0.0011380292514028,-0.1422903630882501,0.0658261842327192,0.0465085152924681,2.4727346809616946,120.61999999999992,0.1477328577170817,0.0369373596691683,2.805500000000001,321.96197379558794,5.160745816892214,0.0160290538539459,5,48,0,0,0.0,1.261
mobley_1929982,0.35897917,-0.0222228467464447,18.149126052856445,3.051283359527588,8.630696296691895,0.056946483,0.0045251338742673,-0.039321731775999,0.2938427329063415,0.0657247006893158,0.3216028588549911,34.07600000000001,0.0639917574300288,0.0,0.1128,143.89307916290727,0.0,0.0,0,1,0,0,-0.7000000000000001,-1.135
mobley_7017274,0.019090777,-0.5986584424972534,179.3392333984375,4.427247047424316,147.30413818359375,0.046197567,-0.0072019947692751,-0.1126314401626586,0.022353732958436,0.1702299118041992,2.627306947024166,178.2340000000001,0.1097239298477413,0.0,3.993000000000002,364.7178664299686,0.0,0.0,0,1,0,0,-3.88,-5.264
mobley_6854178,0.6054302,-0.2059813737869262,68.11299896240234,7.27886962890625,68.06202697753906,0.17826293,0.0003714943304657,-0.1645594835281372,0.156147688627243,0.1653228998184204,1.7263636520883965,88.10599999999997,0.0805335862325762,0.0,0.5678,261.38965086271514,0.0,0.0,3,1,0,2,-2.02,-3.591
mobley_4338603,0.9749468,-0.2131744921207428,89.64717864990234,6.631065368652344,68.52447509765625,0.30496153,0.0041685979813337,0.5994651317596436,0.1967521905899047,0.3807935118675232,2.1616189614367194,146.53000000000003,0.0776427510106448,0.0,-0.2834000000000002,279.5535226151461,0.0,0.0,0,1,2,2,-15.83,-15.128
mobley_7814642,0.37421817,-0.273687332868576,121.63311004638672,5.753664016723633,67.99302673339844,0.110699266,0.003173217177391,0.0102616995573043,0.0186239182949066,0.0666700154542923,2.4987579153858217,181.44000000000003,0.109503807492454,0.0,3.6468000000000007,302.86100841519834,0.0,0.0,0,1,0,0,-1.12,-0.117
mobley_8320545,0.6758504,-0.120388184984525,47.582770029703774,4.956899801890056,45.76910909016927,0.15864089,0.0024654349933067,-0.0008634030818939,0.1508030792077382,0.1892425169547399,1.4951752831640457,75.06699999999998,0.0665384691198897,0.0219188038640458,0.3038999999999999,226.91915345535048,1.2772372571462571,0.005628600484787,2,3,0,3,-3.71,-1.839
mobley_6102880,0.30415085,-0.4887067476908366,160.06400553385416,5.602417945861816,135.23212687174478,0.09364713,-0.0022893495236833,-0.0311074256896972,-0.0139639675617218,0.121167575319608,2.749392485726128,170.21100000000007,0.1374516213926564,9.411660872968646e-07,3.478900000000001,380.8395016731087,1.266912646214331,0.0033266314041703,2,3,0,1,-2.87,-2.81
mobley_3151666,0.44867778,-0.6427235993179115,168.24015214249894,8.043563177778914,151.1944872881915,0.11302883,0.0034552833946371,-0.15460588207116,0.2384478676963496,0.1141888762648041,3.5319547933628064,158.2850000000002,0.1789814974353635,0.0244242288286119,3.119400000000002,431.40158247728186,7.698447623167218,0.0178452002400168,10,185,1,1,-3.64,-2.446
mobley_6733657,1.3490152,-0.953513354063034,242.0837554931641,6.50194263458252,122.62969589233398,0.5476843,0.0914468206465244,2.0192782282829285,0.8575206398963928,0.4787784814834595,2.903610732763233,409.7579999999999,0.016344648009258,0.000829098068838,5.682799999999999,444.9389035193843,1.0455686186827506,0.0023499150342046,0,2,0,0,-3.44,-3.23
mobley_4630641,0.4712529,-0.2219946961849928,74.14910173416138,7.920066595077515,72.30693244934082,0.16766699,0.0016487989050801,-0.2378756571561098,0.1188134523108601,0.1356624322943389,1.940597759238329,90.12199999999994,0.1349654893763536,0.0362544825397111,0.2792,276.1747633738944,4.638864457027204,0.01679684414447,5,16,0,2,-4.84,-3.103
mobley_6978427,0.55458724,-0.4956836441288824,123.56431546418564,7.808908897897472,118.89245306927224,0.16973026,0.0026359761174282,-0.3723295512406722,0.0151979163613008,0.1153978407382965,2.3159927525844983,142.19800000000012,0.1026109645844101,0.0168394041147,1.7397,344.6837550644962,3.0562594090867856,0.0088668507412393,2,23,0,2,-3.3,-4.376
mobley_2929847,0.50552994,-0.287006930510203,83.623757425944,7.864637915293375,82.8275161743164,0.14095794,0.0023303219738105,-0.1895585695902506,0.0649787224829196,0.1860160281260808,1.9345285601260045,102.13299999999994,0.0791650430778246,0.0218311494945116,1.1171,283.12024548734155,2.9813969472118447,0.0105304971817889,4,15,1,2,-6.09,-8.844
mobley_1743409,0.42990202,-0.4381058537401259,145.94111704826355,7.090692583471537,131.5120985507965,0.16001314,0.0077411931779352,-0.2722571629565209,-0.0336136839468963,0.2690852073719725,3.1683400004485147,174.1960000000001,0.17110795513231,0.0340908053863572,0.8927999999999999,412.0347585330076,7.788336150414021,0.0189021338348815,7,128,0,4,-5.71,-8.683
mobley_8809274,0.83953804,-0.275321826338768,96.1756362915039,6.258847713470459,89.0578384399414,0.18007852,-0.0016253115609288,0.0050919335335493,-0.0318650379776954,0.0952232182025909,2.16106542616626,146.11220948900004,0.0954093729421849,9.311591563920808e-07,2.705400000000001,291.79258489556787,3.278607352961956,0.0112360886556982,0,2,0,0,-0.25,-0.5700000000000001
mobley_7393673,0.92367566,-0.4157714396715164,144.29178619384766,5.418713808059692,122.1903839111328,0.26944557,0.0023663123138248,0.1652258336544037,-0.0930036753416061,0.2116432711482048,2.8303839237895536,166.17600000000007,0.1686432515284397,0.0030232843791275,1.4818,363.2854597481801,3.6950005405928152,0.0101710664202032,4,2,0,3,-5.33,-6.462
mobley_8966374,0.15569517,-0.2014597803354263,77.40335845947266,6.377493381500244,67.89424133300781,0.03883552,-0.003556071780622,-0.4978744387626648,0.1041271537542343,0.1588349342346191,1.7045651058541649,94.11699999999998,0.0858032171284276,0.0,0.7850199999999998,259.5619678212302,0.0,0.0,1,1,0,2,-5.51,-6.161
mobley_4149784,6.972231e-05,-0.5611870288848877,205.5119781494141,5.174565315246582,136.55039978027344,1.4402893e-05,-0.0047396039590239,0.2375032305717468,0.0954615026712417,0.0833328515291214,3.571926650994543,253.07800000000003,0.1890089233442099,0.0,4.891400000000001,416.17276446437177,0.0,0.0,0,1,0,2,-3.67,-3.321
mobley_7455579,0.6290639,-0.2850353486008114,83.07997131347656,7.47338252597385,82.01249864366319,0.18929535,-0.0010020301366845,-0.0557754801379309,0.0295727710343069,0.1441826331946585,1.9899918579125853,102.13299999999994,0.1008555106521047,0.0186145063363468,0.8154,286.1777137039272,3.888173974951184,0.0135865715209878,4,9,0,2,-2.22,-3.458
mobley_5520946,0.57743704,-0.2277287691831588,95.32982635498048,5.710233688354492,70.84077453613281,0.15725787,0.0040061371400952,0.1532220244407653,0.0661799684166908,0.0770151615142822,1.9360410767424885,110.17399999999996,0.1214959896603161,0.0,1.9753000000000005,275.43409680928767,0.0,0.0,1,1,1,1,-2.55,-1.501
mobley_1034539,0.42011842,-0.6941217482089996,263.242431640625,5.038437366485596,130.58248901367188,0.18210284,0.0088349932339042,0.2666400596499443,-0.1896548978984356,0.1069644503295421,3.861700137179886,360.8639999999999,0.1173655980276999,1.5590791284346517e-06,7.274,487.3332999927296,1.8142276862759448,0.0037227656848054,1,4,0,0,-3.04,-1.083
mobley_4587267,1.1323643,-0.5524269303967876,126.25934403942478,8.127647594739033,125.60657353555004,0.36314467,0.0040331040959685,0.5319515719849576,0.8365940060666812,0.5729772909995048,2.525168232710304,182.17200000000008,0.074943302900902,0.0258918496604856,-3.585399999999999,354.1053390837095,5.920645859476327,0.0167200129622352,11,93,6,6,-23.62,-18.162
mobley_3040612,0.22729681,-0.4280524551868438,122.21783828735352,6.474755048751831,109.43770408630373,0.053546917,-0.002330211456865,-0.1308102756738662,-0.0525987586006522,0.0409642662853002,2.119899582980526,120.19499999999992,0.0648391792385814,0.0036198509649728,2.5574200000000005,322.2436576956354,1.456529675258082,0.004519963823877,3,4,0,0,-0.85,-0.761
mobley_3802803,0.8275603,-0.4046355171845509,117.83848970853366,6.069163472835834,107.91867411686825,0.23237243,0.0077931909642827,0.0885612595539826,-0.1598328083753585,0.2274656601823293,2.9324817489204387,147.17400000000012,0.1565027939751966,0.0348157032977739,1.7959,365.9974065833734,7.6707602380778415,0.0209585098148242,7,130,0,4,-1.66,-1.596
mobley_7009711,0.40287966,-0.3522310256958008,115.7120132446289,5.841421127319336,101.81280517578124,0.11756288,0.001277714036405,-0.4121367931365967,-0.0951984524726867,0.188545674085617,2.1513232141941967,122.16699999999992,0.0603917359885525,0.0,2.00904,311.85531626810405,0.0,0.0,3,1,1,1,-6.27,-5.444
mobley_2725802,1.2508707,-0.3522739708423614,97.56242561340332,6.732588291168213,92.3604907989502,0.37666562,0.0017380304634571,0.0653002485632896,0.1589413918554783,0.2417901754379272,1.9797469057927497,113.15999999999994,0.0961749257319243,5.434042273079417e-07,0.6287,299.2096503328047,0.4127466420496479,0.0013794563163004,1,4,0,1,-9.8,-7.831
mobley_5616693,0.90593237,-0.692479383945465,146.242898050944,6.878909254074097,140.5139155069987,0.31201336,0.0018139788260062,-0.3532337923844655,0.0574669038256009,0.1013227899869283,2.3869398375577853,154.25300000000013,0.0746333145639384,0.0162732681539357,2.6477000000000013,365.43192149762257,3.239432023542137,0.0088646662564841,4,30,0,1,-2.53,-3.523
mobley_6239320,0.00029419546,-0.1982284486293792,74.22523498535156,7.317427635192871,69.49195098876953,4.604971e-05,-0.0017662290483713,0.3240252733230591,0.3128432035446167,0.3856902420520782,1.944351382241133,129.075,0.062499999838132,0.0,-2.2485000000000004,267.1102894962661,0.0,0.0,0,1,3,3,-18.06,-21.762
mobley_646007,0.33694622,-0.2088416740298271,63.36843299865723,6.914175510406494,62.748565673828125,0.09405561,0.000846799230203,0.0111624076962471,0.2085845470428466,0.0816204249858856,1.3858878819811813,71.12299999999998,0.0395482633971249,0.0017284661026411,0.3697999999999999,240.01283187243092,0.108501381670564,0.0004520649201299,0,2,1,1,-5.48,-4.2780000000000005
mobley_4291494,0.9377974,-0.1818203181028366,82.16523742675781,6.45436954498291,60.85508346557617,0.24965014,-0.0013104085810482,0.0894399136304855,0.0171282421797513,0.1369347274303436,1.866407911928435,113.54399999999998,0.1222966123493288,0.0,1.735,257.1110502779629,0.0,0.0,0,1,0,1,-4.39,-3.873
mobley_7610437,0.46386984,-0.3963089121712578,95.85912662082248,8.416552013821072,95.30536142985028,0.12060019,0.0023971406432489,-0.0736322253942489,0.1666445086399714,0.0894396462374263,1.9360400341667177,102.17699999999994,0.0513647783194493,0.0214604527701274,1.4133,299.18967229999697,3.805229555941136,0.012718452233624,6,9,1,1,-3.88,-2.416
mobley_9624458,0.65392363,-0.1752288937568664,74.49885813395183,8.146722634633383,47.78481737772624,0.19270307,0.0024273393210023,-0.0057992289463679,0.0829595824082692,0.1176403040687243,2.033696888554421,112.98099999999998,0.1524264413825982,0.0419918152087403,1.8541,258.9928020136186,2.5102738153577224,0.0096924462604397,2,6,0,0,-1.89,-0.416
mobley_6812653,0.023152031,-0.3388777340159696,92.43116670496325,8.96852050108068,89.17528713450713,0.010659898,0.0001768836039392,-0.1789574132246129,0.0770129809046492,-0.0310969387783723,2.077111874300972,86.17799999999993,0.1265246714158329,0.0370473744890227,2.5866000000000007,297.8905318736096,5.069149167669377,0.0170168186809647,5,17,0,0,2.48,2.851
mobley_6632459,0.77819586,-0.111011866480112,47.71363258361816,6.921649694442749,47.66738319396973,0.20578206,-0.0005431900499388,-0.0796671211719513,0.0867431685328483,0.1720788963139057,1.4604736002183003,58.08000000000002,0.1355618290594915,0.0225757514565533,0.5952999999999999,218.8358833717245,0.2388564002744508,0.0010914864445184,2,4,0,1,-3.43,-3.148
mobley_4561957,0.020027548,-0.3706497450669606,89.34426879882812,8.075165430704752,89.22145589192708,0.008136203,0.0021187703435619,-0.2363548477490743,0.1112792044878006,-0.0529217484096686,1.7887838750575271,86.17799999999993,0.0396216221717402,0.0103402531655778,2.2984,286.38634165296526,1.2287657829920766,0.0042905879376086,5,3,0,0,2.34,2.468
mobley_4936555,0.7338238,-0.8228900084892908,228.13384628295896,4.976128697395325,186.4780413309733,0.2461495,0.0051144855096936,0.4161736965179443,-0.0812922144929568,0.2580544364949067,3.1746026876115025,241.2900000000001,0.0929912137494048,0.0126931944546898,3.7452400000000017,464.1613966789688,7.453841533339191,0.0160587278189671,5,12,2,3,-6.78,-7.665
mobley_8311321,0.39108974,-0.0331168621778488,33.749176025390625,5.996952056884766,24.3383731842041,0.10099384,-0.0035050532314926,-0.0805621445178985,0.1681382060050964,0.099047839641571,1.3244525828089402,86.46580632599999,0.0775873795410141,0.0,1.4478,191.61270598246503,0.0,0.0,0,1,0,0,-0.5,-0.067
mobley_3006808,0.41879633,-0.0942792370915412,42.516361236572266,8.665750503540039,46.97163391113281,0.099433415,-0.0023295385763049,-0.3036920726299286,0.2758681178092956,0.1909632980823516,1.5259678628489677,100.04020948899998,0.0363071359411085,0.0,0.5410000000000001,222.07558802880263,0.0,0.0,1,1,1,1,-4.31,-3.809
mobley_1899443,0.13920736,-0.2962988118330638,89.4448979695638,7.529799461364746,83.06266191270616,0.06944156,-0.0013491757110589,-0.213744474781884,0.0218965551919407,0.0196816910886102,1.9053778787066409,84.16199999999994,0.085653906074098,0.0273011280458752,2.3626000000000005,285.96555915113345,2.9712299943530804,0.0103901672745939,4,9,0,0,1.47,2.486
mobley_1827204,0.7992404,-0.3225821347108909,94.48153155190604,7.161134362220764,89.62614372798375,0.21369638,-0.0001918393370163,-0.102885180818183,0.0410477361708347,0.1504359109593289,2.3023678385248587,100.16099999999992,0.1441314987506087,0.0362196679908197,1.7656,304.8368285519765,4.937981133279149,0.0161987682286794,5,56,0,1,-2.81,-2.86
mobley_8883511,0.9540368,-0.3319885581731796,107.08151245117188,5.3238685131073,95.8937759399414,0.27417973,-0.0031822230666875,0.2010311037302017,-0.0644460506737232,0.1801653131842613,2.0778215056332097,120.15099999999994,0.0776084938590219,0.0063053091759001,1.80752,298.06628281884025,2.233823136350395,0.007494383850548,2,2,0,1,-3.93,-4.554
mobley_6743808,0.5229587,-0.3666695952415466,113.59841918945312,5.767247200012207,101.76888275146484,0.14252089,0.0010685659945011,-0.0432559847831726,-0.0538703463971614,0.1815227270126342,2.128519657514611,122.16699999999992,0.0882808668309813,0.0,2.00904,307.38623096534826,0.0,0.0,3,1,1,1,-6.5,-5.471
mobley_4694328,0.7972437,-0.4631817345400802,128.18604709537885,7.204373221361,117.61391355791164,0.21519177,0.0004766296225649,-0.1245882672662953,0.0427283370398155,0.1441749585152582,2.895841249376611,128.21499999999992,0.1628325414691497,0.0308806699838821,2.5458000000000007,363.8718927141587,6.590083129630776,0.0181109980231631,7,131,0,1,-2.29,-2.5700000000000003
mobley_6235784,0.6468118,-0.2241430481274922,74.87257385253906,8.22293472290039,61.5568962097168,0.17970914,0.0023396994608143,-0.0433976948261261,0.1199808493256568,0.0323157453288634,1.694302064429592,92.56599999999996,0.0662817275529747,0.0234142923165143,2.0237,261.08520104189233,1.93930674374792,0.0074278692779555,3,3,0,0,0.0,0.927
mobley_3060426,0.03675886,-0.6219069191387722,135.8240923200335,8.237895829336983,131.18397086007255,0.024803707,0.001789525616914,-0.2254518696240016,0.0918958357402256,-0.0541228726506233,2.453761696981315,128.2589999999999,0.1031955296521757,0.0102286106428222,3.468700000000003,361.6965752300964,5.900401438588048,0.0163131249855889,4,7,0,0,2.93,2.97
mobley_3573480,0.7987459,-0.3869284869268022,111.19450220568427,7.4463850136460925,103.9208948858853,0.2256162,0.0023773610270742,-0.2723286604059153,0.2710807862980612,0.1560725657076671,2.4574313038077555,114.18799999999992,0.1388224610921098,0.0261569249182085,2.1557000000000004,333.6957725924898,4.885566860620513,0.0146407813999693,6,58,0,1,-3.04,-2.9450000000000003
mobley_6935906,0.6126131,-0.743893632324793,192.4660112934728,6.67224480003439,168.12665221511676,0.20378952,0.0121181595129191,0.0696750872878618,0.1460746263544405,0.193711408524103,3.014048634997496,196.29000000000016,0.088888069389584,0.0239928412802465,3.2406000000000024,452.1091557023935,11.021578796834518,0.0243781366907101,9,93,0,2,-2.49,-2.964
mobley_468867,0.69291353,-0.8558410257101059,228.7083740234375,6.3588303327560425,116.85712814331056,0.14467765,0.0691182743757963,1.4074079096317291,0.1183756738901138,0.1808345876634121,2.837893053744867,373.2999999999999,0.0082387606007811,3.388620242531846e-07,5.241499999999999,434.871767355816,0.63428327219616,0.0014585524281165,0,4,0,0,-2.55,-0.974
mobley_7913234,0.5833229,-0.4363843677463112,122.18773340916896,7.726286227886494,115.0173088325249,0.16567087,0.002447785251866,-0.2223636413013542,0.1985258784267928,0.1557032229317413,2.688056893303488,132.20299999999995,0.1534585410702268,0.0222977181747141,1.1839,361.7677074576582,5.966543440884544,0.016492747467193,8,91,1,2,-5.73,-3.891
mobley_1328936,0.6058648,-0.3998813450336456,138.84437662760416,3.877551062901815,114.93838551839193,0.17665294,0.0049502469599246,-0.0754931886990865,-0.1502445389827092,0.283189457654953,2.9781106433525384,181.14700000000005,0.1683842985332767,1.0336864702274768e-06,1.2752,365.3105835468939,2.787601919958287,0.0076307724043819,3,15,0,5,-6.88,-6.588
mobley_637522,0.00013129922,-0.585180401802063,182.62045288085932,4.640772342681885,147.29022216796875,2.419453e-05,-0.0058963084593415,-0.035773754119873,0.0227095652371644,0.1432645618915558,2.746604046336799,178.2340000000001,0.1435117419268827,0.0,3.993000000000002,370.6848781887023,0.0,0.0,0,1,0,0,-3.95,-5.187
mobley_2123854,1.5491178,-0.2496069818735122,100.80166625976562,5.631168365478516,83.72724151611328,0.37382355,0.0056806998327374,0.0702403783798217,-0.0163181889802217,0.3456467986106872,2.246048119580855,119.12299999999996,0.1545360528756638,0.0,1.2638799999999994,289.9595966005664,0.0,0.0,1,1,1,2,-10.17,-8.39
mobley_1231151,0.617179,-0.1511023193597793,59.93798065185547,8.290667533874512,47.60573196411133,0.16769297,0.0006281904643401,0.0475228242576122,0.1445482224225998,0.0475012175738811,1.4498626116299551,78.53899999999997,0.0620486983467631,0.0,1.6336,234.36543986741287,0.0,0.0,2,1,0,0,-0.25,0.833
mobley_5467162,0.39344704,-0.5606791377067566,142.41632080078125,5.80839729309082,129.61798095703125,0.102379255,0.000912214629352,-0.0338733792304992,-0.0132157355546951,0.1706046611070633,2.5000731974045607,150.22100000000012,0.1179376175831112,0.0,2.689700000000001,355.8066717071234,0.0,0.0,1,1,1,1,-5.91,-5.543
mobley_5456566,2.425944e-05,-0.8999496698379517,316.5671691894531,5.1755781173706055,130.65380859375,1.9280438e-05,0.0457212030887603,0.5106828808784485,-0.4789054691791534,0.2628243565559387,3.778839170569346,498.63200000000006,0.069278894357858,0.0,9.8876,544.1032447484367,0.0,0.0,1,1,0,0,-2.98,0.76
mobley_7203421,1.1355036,-0.3640622159709101,106.22471253768258,7.703713458517323,98.20916549019192,0.28879237,0.0046305872661911,0.223515888919001,0.1205203617396562,0.2925631676031195,2.3884977392113846,115.17599999999992,0.1318057618475966,0.0312184071637,1.052,323.6493891105387,4.183493483707966,0.0129260045730509,5,23,1,1,-9.31,-8.103
mobley_4603202,0.62676215,-0.255688203232629,97.09813341413223,7.504798684801374,67.3230965750558,0.17869064,0.0005674153948867,-0.1114947817155293,0.0331553627337728,0.1760475473744528,2.6071389677545818,143.00700000000006,0.1678061668773917,0.0327041008616613,1.4806,310.35937059041896,5.537144714103151,0.0178410746985645,4,35,0,1,-4.23,-2.248
mobley_820789,0.5243588,-0.1991741630164059,69.21583557128906,7.9330690557306465,68.82020152698864,0.13629226,0.0021326286210255,0.0176416581327264,0.0689562335610389,0.2099397101185538,1.7983970248184122,88.10599999999995,0.092920648675329,0.0233038530347801,0.8711,260.3060167575361,2.5627044954796623,0.0098449683468773,3,11,1,2,-6.35,-9.434
mobley_2279874,0.6043189,-0.2562674507498741,79.28849411010742,9.353102684020996,77.86771011352539,0.29107985,0.0033310919534415,-0.2396750152111053,0.0720211565494537,0.282401792705059,1.7918843623267795,106.12099999999997,0.0412079025314467,0.0083342538205726,0.2092,284.3489336588185,8.55781083980483,0.0300961594252823,6,2,0,3,-4.42,-4.625
mobley_9209581,0.17251863,-0.161001056432724,56.07046127319336,6.839407444000244,53.96760940551758,0.051238555,-0.002451988402754,-0.3102686703205108,0.2318587601184845,0.0287117771804332,1.3624099508629828,59.112000000000016,0.040885494990041,0.0,0.1777999999999999,230.2546933489086,0.0,0.0,3,1,0,1,-3.2,-2.636
mobley_3969312,0.98450434,-0.2443040162324905,91.19454193115234,5.552289962768555,81.8441390991211,0.27724224,-0.0033522704616189,0.0113423466682434,-0.0764317661523819,0.1896056532859802,1.98288687776395,106.12399999999997,0.1161177096820033,0.0,1.4991,273.97849453289297,0.0,0.0,1,1,0,1,-4.02,-5.058
mobley_9571888,0.7255164,-0.9903848953545094,238.0388504664103,6.719434181849162,129.87762959798178,0.23426588,0.0625712366309017,1.8559295398493607,0.1232635042785356,0.2602899450187881,2.9792028658814487,406.9039999999998,0.019103266743459,0.0034026606275569,3.689800000000001,444.5157457728404,4.239702571253981,0.0095378006551439,0,48,0,3,-4.23,-9.785
mobley_7364468,1.2373571,-0.5433196326096853,128.73072306315103,5.739849487940471,120.8874740600586,0.35782957,-0.0027209529653191,-0.7852411468823751,-0.1070568511883417,0.1585753088196118,2.1848862955276167,138.21000000000006,0.034426707001599,3.381146467396278e-07,2.3218000000000005,340.1665726282248,1.118076963723326,0.0032868513654494,3,6,0,1,-5.18,-4.088
mobley_1139153,0.06675893,-0.5635878443717957,118.8527552286784,8.062438011169434,117.07129160563152,0.017142273,-0.0002814565474788,-0.2582541505495707,0.1409065922101338,-0.0444456574817498,2.1178319964897825,114.2319999999999,0.0619810227544324,0.007261181733721,3.0786000000000016,329.5557920938602,1.9718628396057456,0.0059833960953238,3,3,0,0,2.89,2.542
mobley_1662128,0.12253216,-0.149785245458285,59.27600733439128,7.579280694325765,55.015427907307945,0.043665245,-0.0016704046477874,-0.0496159493923187,0.064710388580958,0.0227234847843647,1.517810139814438,56.10800000000002,0.1252048819256201,0.0182382811032325,1.5824,235.7750144271048,1.6014432402518732,0.0067922516902103,2,3,0,0,1.38,2.367
mobley_9414831,0.12752241,-0.4704439043998718,140.75205993652344,5.010322570800781,121.45323944091795,0.052223608,-0.004827082157135,-0.1104616522789001,-0.0190689153969287,0.1248887702822685,2.2402032966064738,142.20100000000008,0.0750081031811104,0.0,3.148220000000001,329.08638012688215,0.0,0.0,1,1,0,0,-2.44,-3.212
mobley_6714389,0.36012828,-0.0439487919211387,26.98893547058105,7.635608196258545,26.49526023864746,0.081517756,0.0004878172185271,-0.082464188337326,0.2819746136665344,0.1133684664964675,0.8918935971903746,31.058,0.122737406691785,0.0,-0.4251,171.3805654926202,0.0,0.0,1,1,1,1,-4.55,-3.583
mobley_6175884,1.1276886,-0.3157126903533935,110.77536010742188,5.449291229248047,95.96668243408205,0.2994485,-0.0027881367132067,-0.0763130784034729,-0.1242359802126884,0.1923409104347229,2.2501192638682785,120.15099999999994,0.1446352728195141,0.0,1.80752,305.8686171735061,0.0,0.0,2,1,0,1,-4.27,-5.014
mobley_3777264,1.0219026,-0.3080776631832123,103.81638445172992,3.7204038756234303,87.5187737601144,0.3545311,0.0042859874665737,0.1243195108004978,-0.1255269050598144,0.3304595478943416,2.281113890770269,138.12600000000003,0.100366572787954,0.0001115521144567,1.0708,305.54100659433345,1.496546375410723,0.0048980213559278,2,7,1,4,-8.84,-8.204
mobley_3982371,0.5293678,-0.1200326085090637,54.41599655151367,8.117236137390137,54.34225082397461,0.12903062,0.0043834680691361,-0.0538637936115264,0.098260760307312,0.1548288464546203,1.50633570429084,74.07899999999998,0.0880717521644792,0.0,0.1793,234.6215766080344,0.0,0.0,2,1,0,2,-3.13,-3.83
mobley_5600967,1.2341998,-0.5366038965142291,164.15287382706353,5.431142371633778,137.30598648734716,0.4075127,0.0032391543702586,0.5165026382259701,0.0251231491565704,0.299104428809622,2.8903405948561742,179.21900000000008,0.1486274724386088,0.0027716095362123,1.397,396.5359011770801,1.805464571821786,0.0045530923340419,5,23,0,2,-11.01,-9.625
mobley_3034976,0.47935644,-0.0693282335996627,39.04436492919922,8.322383880615234,40.87242126464844,0.12204378,0.0028895779978483,0.0969634503126144,0.1769992709159851,0.23883718252182,1.2647856473450436,60.052000000000014,0.0582222107302781,0.0,0.0908999999999999,201.6581476072375,0.0,0.0,1,1,1,2,-6.69,-7.281
mobley_5973402,0.44067743,-0.303761386209064,81.87718878851996,8.232636875576443,81.26154327392578,0.09812288,0.0020326476854582,-0.1467608594232135,0.2738559610313839,0.1091119224826494,1.882620563635648,88.14999999999993,0.0878921841949827,0.0241460051905955,1.0248,278.47904837923664,2.456127708929335,0.0088197935292587,5,9,1,1,-4.42,-3.237
mobley_6474572,0.38273156,-0.0601181214054425,42.43621444702149,6.8116455078125,27.178485870361328,0.10739386,-0.0014054008449117,0.0144687959303458,0.1144021699825922,0.0591988911231358,1.2145277618334969,62.49600000000001,0.1848918919847843,2.4998401026560543e-06,1.3687,193.83903669892092,0.7726533531679574,0.0039860565050582,0,3,0,0,-0.59,1.162
mobley_6060301,0.36981043,-0.3812237400561571,103.9303929011027,7.751932253440221,96.50217342376708,0.095502354,0.0015161180635914,-0.1325901777793963,0.1593507000555594,0.0848103542812168,2.355054953497804,101.19299999999993,0.1444699224094414,0.0297786820344157,1.5254,320.49175290129347,4.747943540644581,0.0148145576217272,6,48,1,1,-3.95,-2.772
mobley_6497672,0.94236547,-0.1299980829159418,62.57605743408203,5.827474594116211,55.669305165608726,0.24631123,-0.0022057136520743,-0.0285238325595855,-0.0631594484051068,0.1868496388196945,1.7948307914598078,70.09099999999997,0.1798727949825579,0.0165357402292458,0.7614000000000001,241.8219356137268,2.10208603304544,0.0086927020400795,2,3,0,1,-4.22,-3.341
mobley_2402487,0.80170393,-0.3729059896298817,127.4025183541434,7.115234245572771,117.44974877493722,0.31670123,0.0052635979040392,-0.2331019806010382,0.0904528814234904,0.309913443667548,2.76449637268538,160.1690000000001,0.1484853183788937,0.023850744925357,0.5027,382.3658775707957,5.043029867506299,0.0131890164978766,6,70,0,4,-6.0,-6.716
mobley_5347550,0.5219998,-0.2140445626444286,83.31971995035808,8.125705666012234,58.245422787136505,0.13790824,0.0065116665015618,-0.2561477339930004,0.1904424213700824,0.1356728110048506,1.9873677920224504,164.96080632600004,0.0415399855781956,0.0158735357182509,2.0293,286.29057663312267,2.78064140339314,0.0097126543112052,3,9,0,1,-1.12,-0.685
mobley_3727287,1.4845176e-07,-0.2025777548551559,79.83309936523438,3.82775354385376,73.64897155761719,1.45775045e-08,-0.0032633803784847,-0.3306925296783447,0.0757968798279762,0.2894269824028015,1.9210872176239049,108.09599999999998,0.1133581688657549,0.0,0.2505999999999999,263.3934055618239,0.0,0.0,0,1,0,2,-6.5,-6.96
mobley_1592519,0.5722561,-0.4588468619963018,135.30600050019055,7.604681042151722,124.367732226364,0.18940394,0.0040313208937584,-0.293076816613112,0.008435442952848,0.1241901756786718,2.854742882542369,144.21400000000014,0.1549296542215514,0.0295365595169643,2.1298000000000004,384.4592033575855,6.204022388074956,0.0161370109855442,7,123,0,2,-2.23,-2.9290000000000003
mobley_7463408,1.4657654,-0.4738838842936924,175.5914088657924,5.483706610543387,118.59105355398997,0.43210277,0.0039048648572393,-0.2960233603205,0.0147766758288655,0.3372773783547537,3.230846640428948,218.07700000000008,0.1547122787565445,0.0047284487880686,3.3419000000000016,401.84214477496,2.675763090822755,0.0066587418109696,3,7,1,1,-7.78,-9.409
mobley_9197172,0.13651545,-0.4327357863331889,124.1631354028052,7.877008663429009,110.96124544248477,0.049333353,-0.0007855820029482,-0.0757156828275093,0.028293217542571,0.0091967749624298,2.6334766410374275,112.21599999999992,0.153683251455901,0.0315620331127981,3.142800000000002,350.5014523267589,5.316044502702876,0.0151669685458162,6,91,0,0,1.92,2.895
mobley_3144334,0.3682871,-0.3573919534683227,115.31383514404295,5.873190879821777,101.82435607910156,0.08366622,0.0007385890930891,-0.1880449652671814,-0.1387151926755905,0.1821534037590026,2.124532796401612,122.16699999999992,0.0897268067380624,0.0,2.00904,307.0784982550955,0.0,0.0,3,1,1,1,-5.91,-5.014
mobley_5690766,0.14281633,-0.2492370430160971,88.3287124633789,6.992672499488382,76.77935611500459,0.060252927,-0.0037985401885474,0.0364606696016648,-0.0055322029682643,0.0596853685291374,2.0044326285566,82.14599999999994,0.1258669603368594,0.0414925371352375,2.1386000000000003,284.84299607205145,4.233694553517992,0.0148632566427825,3,17,0,0,1.01,2.487
mobley_3183805,0.13767825,-0.4135848879814148,125.9765396118164,6.226657390594482,109.58031463623048,0.026235774,-0.0005869697779417,0.006946325302124,-0.0698727220296859,0.0551702193915843,2.157420716997408,120.19499999999992,0.0875221065307161,0.0,2.611860000000001,323.1928474376312,0.0,0.0,3,1,0,0,-0.86,-0.795
mobley_8117218,0.7687449,-1.0264746844768524,242.5398178100586,6.269379138946533,145.04341888427734,0.31379402,0.0597258675843477,1.2096384167671204,0.7098670303821564,0.4327335804700851,2.9063628428260992,380.8949999999999,0.0120907985388004,4.961372529107823e-07,4.4814,446.6709917396472,0.9409190132964736,0.0021065147070148,0,4,0,1,-4.82,-5.179
mobley_63712,0.19933343,-0.3850662522017956,93.94370365142822,6.604504108428955,90.61051273345949,0.064125255,-0.0021136059658601,-0.3916050270199775,0.179863728582859,0.0166577394120395,1.7737673119598556,99.17699999999992,0.0573725119643685,0.0106777040761163,1.1021,288.20012060991814,2.800971384570452,0.0097188418195063,1,8,0,1,-3.88,-3.467
mobley_1893815,0.3704783,-0.1566279679536819,87.31656646728516,7.186506271362305,33.66252517700195,0.12161467,0.0175948105752468,0.3175594508647918,0.2836507558822632,0.1425205469131469,1.9433456885616844,167.83800000000002,0.0300847715821455,0.0,2.5954000000000006,271.8128944405899,0.0,0.0,0,1,0,0,-1.43,-0.091
mobley_2609604,0.024235671,-0.4710623075564702,103.96347427368164,8.07705561319987,103.16208012898764,0.023741899,0.0023787719352791,-0.1606608778238296,0.0114545468240976,-0.0510236782332261,1.9173309971370376,100.20499999999991,0.0309602130443667,0.0190169528221954,2.832600000000001,306.3461167185997,1.5073837181223544,0.0049205249743935,6,6,0,0,2.56,2.593
mobley_2451097,1.3397626,-0.2258915305137634,93.5693359375,5.882361888885498,77.36927795410156,0.28748435,0.0039160754531621,-0.1448123455047607,0.0036808252334594,0.2130446881055832,2.011774352489687,103.12399999999997,0.1241784532694078,0.0,1.55828,275.1177940143441,0.0,0.0,0,1,0,1,-4.1,-3.238
mobley_2972345,0.11240896,-0.6498664816220602,183.3062286376953,6.106485048929851,152.41045125325522,0.02998657,-0.0053202246005336,0.3887082735697428,-0.0089898860702912,0.1020502597093582,2.7783530027215604,180.25000000000009,0.1381149062203032,3.759833868972191e-07,3.1816000000000013,385.5839675424056,2.8859672897983706,0.0074846662017423,0,3,0,0,-3.78,-4.304
mobley_4043951,0.13156737,-0.2197804616557227,74.67307451036241,7.69895691341824,69.00477939181857,0.04662882,-0.0021512956979374,-0.0897615485721164,0.0421114675700664,0.0163775173326333,1.7789755979777115,70.13499999999998,0.121137029642909,0.0359100787422269,1.9725,263.201073577634,3.36500226644045,0.012784910869476,3,9,0,0,1.6800000000000002,2.532
mobley_6248915,0.37171385,-0.5218793044784176,137.8141071832002,7.753107583344872,124.48614439323768,0.09359505,0.0024497040735085,-0.1468140104813362,0.1698720049835852,0.0838286167761283,2.947908834501765,129.24699999999993,0.1623992454519068,0.0316073406446539,2.3056,379.0801456482261,6.635036640978899,0.0175029916948908,8,134,1,1,-3.65,-2.589
mobley_2789243,0.55663246,-0.1843115389347076,81.81906127929688,6.229678153991699,60.72134017944336,0.17015341,-0.0016814358532428,0.0175325274467468,0.0578345730900764,0.1267581284046173,1.8884511520672995,113.54399999999998,0.1245063086673899,0.0,1.735,253.0773557461905,0.0,0.0,0,1,0,1,-4.01,-2.767
mobley_4059279,0.19510573,-0.4456535317003727,105.02476119995116,6.103730261325836,97.39319038391112,0.051542852,-0.0051278118044137,-0.651862621307373,0.2690016776323318,0.0668305177241563,1.9498648230941715,114.19199999999992,0.0814307199413695,0.0197030262680159,-0.1364,307.2856603788184,2.8022135524872374,0.0091192460755659,2,8,0,2,-7.58,-7.874
mobley_7774695,0.5576681,-0.2958445847034454,101.23176574707033,5.462141513824463,88.60503387451172,0.15368105,-7.671304047107697e-06,-0.0087521076202392,-0.1215605363249778,0.141625165939331,2.010605425564432,107.15599999999992,0.1144377218764405,0.0,1.7283,295.78112583503093,0.0,0.0,2,1,1,1,-4.69,-5.719
mobley_6620221,0.7098144,-0.6846890524029732,194.2431259155273,5.697034955024719,166.78883361816406,0.2702783,0.0053220633417367,-0.4768858104944229,0.1991331838071346,0.3484297171235084,2.855503431116073,221.2560000000001,0.0616845295271782,0.00258703498608,2.1183,449.72616113158887,4.591105845846282,0.0102086697253596,4,8,1,3,-9.61,-11.126
mobley_8754702,0.59939355,-0.2003928075234095,68.65648735894098,7.586042192247179,67.9874284532335,0.17755765,-0.0001289632378353,-0.0125742571221457,0.0431934326059288,0.1642076091633902,1.8431935013254368,88.10599999999997,0.1169864934248794,0.0328741788680274,0.5694,262.6555869764825,3.322455527530093,0.0126494759383419,3,9,0,2,-2.48,-3.699
mobley_852937,0.6307986,-0.209731787443161,80.76905059814453,6.119451522827148,75.97881317138672,0.19555368,0.0003998014144599,0.0910821706056594,0.0133485049009323,0.2324419915676117,1.9727343677572,112.10340316299995,0.1272069724046619,0.0,1.5313,266.4426581154349,0.0,0.0,1,1,1,1,-6.19,-4.955
mobley_5857,0.6582478,-0.3455063700675964,116.53526306152344,5.142516136169434,100.55974578857422,0.2228035,-0.0047519961372017,-0.4179654121398926,-0.0218750201165676,0.1589609682559967,2.072067432830334,129.16199999999998,0.0979647206010013,0.0,2.2348,303.7210943333326,0.0,0.0,0,1,0,1,-5.72,-4.989
mobley_3686115,0.6633494,-0.3661030964417891,104.86911704323508,8.072744889692826,100.56723022460938,0.22311458,0.0074290302582085,-0.2404884763739325,0.1079621264203028,0.1393441923639991,2.1712156451848994,118.17599999999992,0.0749481598114024,0.0227628450889335,1.4054,330.75257691605,6.541041460744434,0.0197762373364808,7,11,0,2,-3.28,-1.795
mobley_9617923,0.798384,-0.6008797757765826,162.4184274112477,7.283878545200124,145.87851131663604,0.22994405,0.0036491383743636,-0.2714450587244594,0.2753217595465043,0.149579824857852,3.335028019341152,156.26900000000018,0.1676380140374158,0.0299774264071323,3.3260000000000023,420.5731266215486,8.032369925067643,0.0190986285538294,9,170,0,1,-2.34,-2.573
mobley_755351,0.46924353,-0.3221334666013717,108.87815856933594,5.407871723175049,94.7094497680664,0.15873352,0.0016652666963636,0.0498725473880767,-0.0418995693325996,0.2287642061710357,2.166531203132976,123.15499999999994,0.1004199175164083,0.0122828455199106,1.2774,309.264543976381,2.514453388013948,0.0081304289062181,3,2,1,2,-7.29,-7.201
mobley_3167746,0.027285071,-0.4809381855746447,125.62128357968088,8.60253389002913,117.15974141783632,0.01335264,0.0010852099917197,-0.1922838905100095,0.077596730473688,-0.0334831436433024,2.647072576177502,114.2319999999999,0.1509261859257635,0.0330603531384904,3.3668000000000022,355.8526661644892,6.9002552265175385,0.0193907644444287,7,59,0,0,2.88,3.088
mobley_337666,1.3925235,-0.1980351507663726,75.43409729003906,6.3947296142578125,70.23275756835938,0.49426416,-0.0010583018884062,0.4591975510120392,0.1651205122470855,0.4752510190010071,1.987864138104349,130.07840316300002,0.0909805883227442,0.0,-0.7977000000000001,265.10330831630546,0.0,0.0,0,1,2,2,-16.92,-16.371
mobley_8861672,0.6677017,-0.296516865491867,102.6737060546875,6.416903018951416,88.8394546508789,0.1973523,0.0002031251788139,-0.1299077868461609,0.0785617604851722,0.1263441741466522,1.9644155734793745,107.15599999999996,0.0833505060752538,0.0,1.69844,296.52509426192603,0.0,0.0,2,1,0,1,-4.86,-3.282
mobley_5286200,0.6555041,-0.2486671367112328,89.70150622199563,7.913554247687845,61.78249964994543,0.18457864,0.0028896251905654,-0.0110106400268919,0.0849459803498843,0.1219103450284284,2.279434230167171,127.00799999999995,0.1411324433421225,0.047786324337563,2.2442,286.22410744596687,5.542441561390115,0.0193639928196349,3,17,0,0,-2.32,-0.404
mobley_1046331,0.47571754,-0.2662513554096222,96.23020426432292,5.86398967107137,87.93935648600261,0.17618096,-0.0003071979930003,0.2082433005174001,0.0267066787928342,0.23349229991436,2.070755854030025,122.12299999999996,0.0967720664021989,1.0074404782873917e-06,1.2217999999999996,295.4748620373918,0.4352618030033797,0.0014730924993148,1,3,0,2,-3.82,-5.442
mobley_2126135,0.38699523,-0.3630445152521133,112.1160831451416,6.10121500492096,101.68130683898926,0.08747879,0.0008455757051706,-0.0582408010959625,-0.0552731351926922,0.1718897968530655,2.08283586576003,122.16699999999992,0.0678672997566754,0.003336094000655,1.9546,310.36858690684545,2.801284570599068,0.0090256704085837,3,4,1,1,-5.66,-4.768
mobley_628951,8.3719286e-05,-0.6725366711616516,213.52130126953125,5.876265525817871,130.28298950195312,3.697654e-05,0.0118652423843741,0.1126814782619476,0.2247859835624694,0.2527280449867248,2.748962557882236,291.97999999999985,0.0067808929886095,0.0,5.967200000000001,428.5339429091553,0.0,0.0,1,1,0,0,-2.28,-1.226
mobley_4884177,0.66983235,-0.2994571179151535,99.0385284423828,6.449725151062012,88.6231803894043,0.17567325,-0.0015256400220096,-0.4887700080871582,0.0256974063813686,0.1287836283445358,1.9970921044221888,107.15599999999996,0.1007113709265864,1.7422935372213288e-06,1.644,295.9756529473196,0.8342702498406993,0.0028187124229072,2,2,0,1,-4.59,-2.965
mobley_4218209,0.47710148,-0.3201310634613037,109.55138397216795,5.193665504455566,94.68767547607422,0.17185147,0.0022506024688482,-0.0340108275413513,-0.0081004407256841,0.241587609052658,2.2301674391956734,123.15499999999994,0.1441222206750189,0.0,1.2774,309.9087185364519,0.0,0.0,3,1,1,2,-7.48,-7.016
mobley_8052240,0.35448778,-0.684388279914856,197.97067260742188,3.541877269744873,161.5465545654297,0.19117133,-0.0091188345104455,0.1933836936950683,-0.2554601430892944,0.2290361821651458,2.846316235787529,223.23100000000005,0.0906145026289558,0.0,2.0442,402.7217200207169,0.0,0.0,1,1,1,3,-9.44,-12.214
mobley_7015518,0.36209053,-0.0807000696659088,37.60786056518555,8.042051315307617,38.74908828735352,0.07991638,0.0012504258193075,-0.1383156329393386,0.1989692002534866,0.0662691667675972,1.1462669988197356,46.06900000000002,0.1169603203608424,0.0,0.2626,198.8158412233836,0.0,0.0,2,1,0,1,-1.91,-0.853
mobley_3968739,0.6877042,-0.3240519762039184,116.9550323486328,5.895648002624512,102.3874053955078,0.23563804,-0.000454481691122,-0.2139376997947693,-0.0569910816848278,0.1719044297933578,2.3334321073513107,136.15000000000006,0.131268140976702,0.0,1.4732,319.0919629351004,0.0,0.0,2,1,0,2,-3.92,-4.921
mobley_525934,0.4663355,-0.0511803105473518,34.64883804321289,6.910524845123291,22.84204292297364,0.17552371,0.0015806714072823,-0.1038015037775039,0.2048817127943039,0.0483257994055748,0.9340065462193086,48.10300000000001,0.1701638722378685,0.0,0.546,180.21292315145283,0.0,0.0,1,1,1,1,-1.2,-0.273
mobley_7983227,0.42973417,-0.3060358199808333,81.5074225531684,8.257632149590385,81.2633039686415,0.11102206,0.0022034782709346,-0.0807441605461968,0.2492281165387895,0.1107409314976798,1.830124653605237,88.14999999999995,0.0615535571710472,0.0258441317883426,1.0248,276.99119133313144,2.9637037388688228,0.0106996317269325,5,9,1,1,-4.42,-2.995
mobley_2681549,3.8167258e-05,-0.2716434001922607,122.409423828125,6.060375213623047,67.99959564208984,1.8513907e-05,-0.0001047785626724,-0.1339509338140487,0.159919261932373,0.0327247977256774,2.557379740798256,181.44000000000003,0.0624999999857888,0.0,3.6468000000000007,305.49116861691465,0.0,0.0,0,1,0,0,-0.78,0.326
mobley_5110043,0.02964715,-0.5269266963005066,165.7779541015625,5.2248311042785645,135.5359649658203,0.00066336186,-0.0027726078405976,-0.1795061230659485,-0.0565854012966156,0.0931677743792533,2.598284860973445,156.2280000000001,0.1396846864971739,0.0,3.456640000000002,371.70299160093424,0.0,0.0,2,1,0,0,-2.63,-2.848
mobley_7326982,0.4798656,-0.150462195277214,51.53827667236328,8.441802024841309,53.42410659790039,0.09835959,0.0013043228536844,-0.0802628993988037,0.4032467007637024,0.1358470320701599,1.3684567109228398,60.096000000000025,0.037475363248607,0.0,0.3871,225.84999664742023,0.0,0.0,3,1,1,1,-4.74,-3.427
mobley_1352110,0.55998313,-0.7019078807036082,188.72948669433595,6.452990369796753,157.07085439046224,0.27845857,0.0078043420581767,0.46511727809906,0.3890397036075592,0.2382861259579658,3.005905675093488,203.34400000000016,0.0849008232185671,0.027342894448264,3.3716000000000026,455.769432128616,10.947438205211018,0.0240196850282001,9,150,0,2,-3.64,-4.573
mobley_3525176,0.15945038,-0.5585926460183185,155.04174605659816,6.787342299585757,137.32504736858866,0.051657367,-0.0001881506860904,-0.0297365966050521,-0.0301955698624901,0.0411711106805697,2.7919782330362217,148.24900000000014,0.1295334218210544,0.0364143184306979,3.4193000000000024,384.7441416784839,6.853188811352681,0.0178123279056439,5,23,0,0,-0.23,-0.094
mobley_486214,0.795435,-0.4053148180246353,127.46254348754884,5.121190309524536,112.95615005493164,0.1987802,0.000715285539627,-0.1692630052566528,-0.0780095346271991,0.1999622732400894,2.397573775227796,154.16500000000008,0.1086779068962641,6.166223928683046e-07,1.4093999999999998,342.70645178815084,4.240394503842168,0.0123732555419278,5,2,1,3,-6.96,-7.393
mobley_2661134,1.0326924,-0.2502883374691009,100.53829193115234,5.3549885749816895,83.69790649414062,0.23576772,0.0068047433160245,0.062032401561737,-0.0494255647063255,0.3517330884933471,2.18296383456011,119.12299999999996,0.1051848246804106,0.0,1.2638799999999997,282.30943637556027,0.0,0.0,1,1,1,2,-9.65,-7.739
mobley_2198613,0.5409305,-0.0861508399248123,45.421295166015625,8.73424243927002,33.56835174560547,0.13729179,-0.0001356828579446,-0.0636372789740562,0.1176501214504242,0.0617198124527931,1.269143751645083,64.51200000000001,0.1486730443933258,0.0,1.2451,206.22800951379816,0.0,0.0,1,1,0,0,-0.63,0.775
mobley_9246215,0.12809725,-0.1772047107418378,72.93939844767253,6.815248489379883,62.76956876118978,0.056777626,-0.0039181746542453,-0.0606795797745386,0.0004916683149834,0.0528369694948196,1.7637003247623106,68.11899999999999,0.1364045967604988,0.0267956919943591,1.7485,257.74900572667786,0.8290247320519925,0.0032164032203138,2,6,0,0,0.93,2.357
mobley_1728386,1.1551967,-0.2913179993629455,103.45394134521484,5.826796054840088,90.30966186523438,0.3448143,0.0004150569438934,0.1550383865833282,0.003008515574038,0.3506706357002258,2.119507826262156,121.13899999999995,0.1104990766234071,0.0,0.7855000000000001,296.7943625171505,0.0,0.0,1,1,1,1,-11.0,-10.412
mobley_4193752,0.64059216,-0.2605671385924021,91.41482035319012,4.110022068023682,79.8585713704427,0.23327856,0.0017501485223571,0.0286375780900319,-0.1393836562832196,0.1940676718950271,2.0953925028210305,123.11099999999996,0.1069029614897993,7.460634394619207e-07,1.4885999999999997,286.11964805985656,1.894018997019708,0.0066196747055395,1,6,0,3,-4.12,-3.46
mobley_9557440,1.3640094,-0.2182359844446182,89.55123901367188,6.205460071563721,68.14501190185547,0.45092922,0.0012837201356887,0.5480931401252747,0.455239862203598,0.5423300862312317,2.1472421478902284,146.53000000000003,0.1117162153104918,0.0,-0.2834,279.22666165957025,0.0,0.0,0,1,2,2,-17.74,-16.612
mobley_6006813,0.7340153,-0.260616953726168,78.23379403573496,5.219780568723325,73.7571354618779,0.1723162,0.003468278898961,0.043185528229784,0.2146267259010562,0.1539615469950216,2.055747112452111,103.12099999999997,0.1137586607287178,0.027821052473504,1.0841,283.420220017389,3.77682473639226,0.0133258831573856,4,27,0,3,-3.09,-1.449
mobley_7039935,0.3956036,-0.4132254719734192,129.28228759765625,4.78995418548584,113.57456970214844,0.09791283,-0.0020592333748936,-0.0639925599098205,-0.0527277030050754,0.2286557257175445,2.2184174789607223,144.17300000000006,0.0772389038309014,0.0,2.545400000000001,314.1085084147124,0.0,0.0,1,1,1,1,-7.67,-7.1370000000000005
mobley_8522124,0.2699796,-0.3931101739406585,122.7593228149414,8.289725303649902,104.29387924194336,0.073438145,0.0024449886940419,-0.0268675315380096,0.1366318234801292,0.0737054076790809,2.586677757561852,110.19999999999992,0.149345201732027,0.0314047818482511,2.5900000000000007,343.1291191115529,5.950168482391433,0.0173409021589246,5,50,0,0,0.71,0.8320000000000001
mobley_7690440,0.58496904,-0.143224336206913,66.79018020629883,6.659915685653687,40.32247924804688,0.28736234,0.0066539067775011,-0.318208709359169,0.2447108626365661,0.1424603089690208,1.5287845430842433,94.18999999999996,0.0828217102126616,1.547737478679867e-06,1.6274,247.76412363603492,0.8915336256840618,0.0035983160620692,3,2,0,2,-1.83,-0.093
mobley_2923700,0.41212806,-0.3541439175605774,113.25115203857422,5.927842140197754,101.6824951171875,0.11869961,0.0011076657101511,-0.1762201189994812,-0.0284073464572429,0.1878634244203567,2.2554545952344767,122.16699999999992,0.1332470463590274,0.0,1.9546,313.98011352761984,0.0,0.0,3,1,1,1,-6.13,-5.453
mobley_7860938,0.29942113,-0.5127134085805328,137.86795806884766,7.026279378820349,124.30383894178604,0.12168056,0.0035376282952105,-0.317331736838376,0.0720254382877438,0.0359969057522162,2.8941772566210187,129.24699999999993,0.163650012763918,0.0306530867850109,2.1762,381.5254422143575,7.650411881170458,0.020052166997744,8,108,1,1,-3.24,-2.076
mobley_1674094,0.2670563,-0.2469087753977094,89.99462890625,8.418445450919014,76.33852713448661,0.07163869,0.0018121174736214,-0.050091130392892,0.1464128472975322,0.0805015084998948,2.06276577223384,82.14599999999994,0.1404424482374458,0.0372893596115741,1.8098,285.35886695687856,2.1652220310693817,0.0075877159667744,3,7,0,0,0.29,0.553
mobley_8208692,0.45170036,-0.8072979847590128,288.6049092610677,5.271542072296143,130.72487131754556,0.2514321,0.0245831434925397,0.224444679915905,-0.2056079854567845,0.1664925664663314,3.741801976502412,429.74799999999993,0.0853210542667278,5.11784984737569e-07,8.580799999999998,515.205432263342,1.064514164346495,0.0020661935951839,1,6,0,0,-4.61,-0.039
mobley_6055410,0.6495781,-0.6168459206819534,198.14727020263672,4.839629888534546,162.23166275024414,0.26435423,-0.0028696376830339,-0.4270947277545929,0.0909011946059763,0.3581565394997597,3.424877318936616,250.20080632600005,0.1370932733256293,0.0013873136241522,3.035600000000001,428.7877541979325,1.589855469934684,0.0037077912192445,3,4,2,3,-9.4,-6.613
mobley_5094777,0.29932866,-0.3874683082103729,114.7464828491211,6.400749206542969,104.07845306396484,0.01972507,-0.0007990961894392,0.2283301651477813,0.0124415047466754,0.0977456420660018,1.9876821006357464,118.17899999999992,0.0869408319765253,0.0,2.1753,305.8771221951873,0.0,0.0,0,1,0,0,-1.46,-1.752
mobley_590519,0.60012484,-0.2688619059485358,98.57604609309016,6.5114308692313525,68.35422763308964,0.28770512,0.0071308133444069,-0.2353411155778008,0.3055702866734685,0.1501564105620255,1.9941814757423275,122.24399999999994,0.0916327017775278,0.024591103841683,2.4076000000000004,305.1842865623401,4.855287159239776,0.0159093615661892,5,37,0,2,-1.64,-0.979
mobley_1160109,0.87455326,-0.6262831267188577,145.07525006462546,6.342700621661018,134.35329796286192,0.29068756,0.0021143567419665,-0.0719284310060388,-0.0187920021331485,0.1601049711599069,2.423549691404245,152.2370000000001,0.083163872258527,0.0166821850794342,2.567800000000001,363.234067089092,3.757950896477203,0.0103458106960971,3,34,0,1,-3.75,-3.344
mobley_967099,0.7026351,-0.199516753355662,61.60164642333984,5.228097756703694,59.7697639465332,0.15547885,0.0020821651754279,-0.0334076782067616,-0.0762857397397359,0.1594759325186411,1.6297952048867843,89.09399999999997,0.039342070096725,0.0119605888504068,0.6924,250.4036425801144,1.5271925328280933,0.0060989229912639,3,3,0,3,-3.13,-1.741
mobley_2023925,0.56091726,-0.2106246203184127,74.47654724121094,8.41965103149414,65.66850662231445,0.2250649,-0.0014500247780233,-0.3089064508676529,0.0220419056713581,0.2125962674617767,2.140517089328388,184.490015815,0.0515491862171021,0.0022328930716749,2.3528,283.85554591286405,0.2138705202006292,0.0007534484468599,2,2,0,1,0.1,-1.156
mobley_9510785,0.71796393,-0.630948930978775,225.69190979003903,5.26609206199646,130.1208953857422,0.23025486,0.0035249829525128,0.1843896135687828,-0.1740342155098915,0.0978581048548221,3.2297857638070013,291.97999999999985,0.0842480894515197,2.3274539795448135e-07,5.967200000000001,445.5475840295803,0.9150092576959424,0.002053673480665,1,2,0,0,-3.48,-1.31
mobley_1722522,0.5750914,-0.3158414589195716,101.52315111858088,7.931674875864169,96.39287213581365,0.18650311,0.0036965459358037,-0.2839754092984083,-0.012399772318398,0.13437809522559,2.268682775304146,116.15999999999993,0.1312242329412775,0.0248051960223881,1.3496,325.51499876541254,4.464342745878576,0.0137147067348987,5,41,0,2,-2.49,-3.381
mobley_5935995,0.02358979,-0.3757775425910949,89.0655288696289,8.10007381439209,89.25127410888672,0.017374413,0.0005842121317982,-0.1265907883644104,0.0782757923007011,-0.0427638180553913,1.7454813564712928,86.17799999999993,0.0264794012043181,0.0,2.442500000000001,284.3028772786486,0.0,0.0,1,1,0,0,2.51,2.495
mobley_3370989,0.5739818,-0.0717906653881073,35.007015228271484,8.259757995605469,38.4153938293457,0.083157636,-0.0051753940060734,-0.3916288018226623,0.2623071074485779,0.1414546221494674,1.2470329736390426,66.05080632599999,0.0425708210678251,0.0,1.2714,199.3544544321436,0.0,0.0,1,1,0,0,-0.11,0.226
mobley_186894,0.56680673,-0.1713470866282781,65.81631724039714,7.685500462849935,50.83980941772461,0.16423437,0.0025996678741648,-0.096642255783081,0.1492743690808614,0.0420551796754201,1.6261295773999784,76.15699999999997,0.1344526877677435,0.0347260557196891,1.3262,243.2610332397943,1.6734003287560486,0.0068790315755441,3,3,1,1,-1.1,-0.182
mobley_3269565,0.37643465,-0.2143117487430572,67.13408660888672,7.877688407897949,66.86035919189453,0.12039727,0.0022857272997498,-0.231766939163208,0.3329187631607055,0.0488859824836254,1.6022849364734304,74.12299999999996,0.068168913797231,0.0,1.0412,256.74926722986777,0.0,0.0,4,1,0,1,-2.01,-0.657
mobley_5003962,0.6907284,-0.6674546003341675,201.34326171875,3.905577182769776,161.6230926513672,0.19924943,-0.0055416170507669,0.2706171870231628,-0.1791367530822754,0.3228056132793426,2.972030470066507,223.23100000000005,0.113793989979064,0.0,2.0442,401.46999954504327,0.0,0.0,1,1,1,3,-11.53,-13.895
mobley_6843802,0.5395971,-0.3496589759985606,119.98152923583984,6.492101987202962,108.49987538655598,0.17497277,-0.0098207037275036,-0.4206264019012451,0.0718089919537305,0.2286537190278371,2.681481933803967,176.13820948900005,0.1432146277655197,0.0085565048412153,2.6261,345.95606927682024,0.3832339114511484,0.0011077531093825,3,3,0,1,-1.29,-3.043
mobley_1615431,0.35975817,-0.3603536784648895,97.57390594482422,7.73333215713501,95.10128021240234,0.1651002,0.003494965378195,-0.4479671120643616,0.3271833658218384,0.0340195447206497,2.001615686780515,102.17699999999994,0.0783667799414833,0.0,1.8198,312.24925901335024,0.0,0.0,6,1,0,1,-0.53,-0.178
mobley_9671033,0.7293219,-0.1898099109530449,62.368953704833984,5.126520586013794,59.75679054260254,0.17794383,0.002790328906849,0.1986928939819336,0.1954868450760841,0.1637872278690338,1.7562486387020724,89.09399999999997,0.0869252273602028,0.0315840795734586,0.6940000000000001,254.41838500077372,3.735833927593294,0.0146838206192604,3,10,0,3,-3.34,-1.632
mobley_5708811,0.6422453,-0.4591072457177298,152.0511540004185,5.611763341086252,108.59365626743862,0.27755576,0.0002575152154479,0.1156750619411468,-0.1944010683468409,0.3194233008793422,2.626477004185343,221.033,0.0679884841221377,0.0004419154777183,2.7002000000000006,368.93709609127234,1.7228505663050966,0.0046697677857768,3,7,1,3,-9.86,-8.658
mobley_2881590,0.81239176,-0.2736513841719854,83.66575949532645,5.837619917733329,79.99649956112816,0.26745334,0.0066240014330971,0.0474298128059932,-0.1842662890752156,0.222120185693105,2.221868973917536,119.11999999999996,0.1216046877593965,0.0116925696226667,0.8716,305.1317924928629,3.9645318522185846,0.0129928507935183,5,21,0,4,-1.88,-1.835
mobley_1821184,0.71760744,-0.3875482678413391,125.88519287109376,5.361909866333008,106.33689880371094,0.24481145,0.0002785352990031,-0.0754640102386474,-0.0117377396672964,0.222013920545578,2.1219749207737584,131.178,0.0855143956860388,0.0,2.4763200000000003,313.2898365444539,0.0,0.0,1,1,1,0,-5.88,-8.161
mobley_2837389,0.6464247,-0.1247256249189376,57.37854766845703,7.032503128051758,52.03385925292969,0.20276906,-0.000673497095704,0.0577692091464996,0.0942750498652458,0.1865335553884506,1.286060603399451,67.091,0.0625345352580021,0.0,1.0147,216.82778501643725,0.0,0.0,0,1,1,0,-4.78,-4.014
mobley_3546460,0.4457443,-0.3597838224276252,99.77974850198495,8.493099316306736,95.24328696209452,0.11075507,0.0017220397662047,-0.0901858294787614,0.2419332868379095,0.1217755872918211,2.341012877752916,102.17699999999992,0.1453696356396077,0.0312467459016888,1.559,314.2651595412989,4.8865536728952925,0.0155491422594464,6,46,1,1,-4.4,-3.0
mobley_5200358,1.5488247,-0.494948725834071,152.7052428343586,7.098489681136942,122.53880431273274,0.48648828,0.0123466314382363,0.0251279576359508,0.5750641822814941,0.6409328752589003,2.8466184563633976,190.2610000000001,0.1255074706912975,0.0274872258276905,1.4698,402.3630224949193,1.780341335089672,0.0044247140904011,7,107,1,4,-9.84,-9.679
mobley_7532833,1.0742261,-0.0475420877337455,32.77530288696289,10.396231651306152,29.45159912109375,0.1942357,0.0040602125227451,-0.0668721348047256,0.5809237360954285,0.2489874362945556,1.1771165061160245,41.053,0.2100416626630489,0.0,0.52988,180.530436649394,0.0,0.0,0,1,0,1,-3.88,-2.789
mobley_5079234,0.45426884,-0.430466726936143,116.3838540438948,8.35287094116211,109.23295654647652,0.110975854,0.0022458530288061,-0.0695150403798311,0.2445447232531405,0.1200895169856904,2.645484934265894,116.20399999999992,0.1569485709248816,0.0296490631853805,1.9491,343.47760775666654,5.716555512136511,0.016643167947607,7,87,1,1,-4.21,-2.917
mobley_3980099,0.75160193,-0.276938796043396,119.60749816894533,5.595841884613037,67.9073486328125,0.22494031,0.0058710579760372,-0.1046241968870163,-0.015738409012556,0.0862872079014778,2.2961825446646382,181.44000000000003,0.078071764816705,0.0,3.6468000000000007,299.29343836661127,0.0,0.0,0,1,0,0,-1.24,-0.51
mobley_3746675,0.06809643,-0.3673625588417053,120.27239227294922,5.937020778656006,103.25906372070312,0.04140793,-0.0016840910539031,-0.2337694764137268,-0.060109794139862,0.078008085489273,2.158950583947433,118.17899999999992,0.1005954471126244,0.0,2.7197000000000005,315.7575243510262,0.0,0.0,2,1,0,0,-1.24,-0.651
mobley_49274,0.2701235,-0.3191297219859229,106.24114651150174,8.423189640045166,90.31769688924152,0.07329834,0.0021325384732335,-0.0271050532658894,0.1420556273725297,0.0764345278342564,2.3301036821215724,96.17299999999992,0.1461738193860608,0.030277867630931,2.1999000000000004,315.3144801132848,3.62962807163571,0.0115111366605544,4,18,0,0,0.6000000000000001,0.639
mobley_3715043,0.029226776,-0.560157299041748,158.87078857421875,4.886723518371582,135.5696258544922,0.011660957,-0.0053587751463055,-0.0491999387741088,-0.0605354309082031,0.1397415995597839,2.371947187491746,156.2280000000001,0.0615296051642069,0.0,3.456640000000002,353.9895156360873,0.0,0.0,2,1,0,0,-2.8200000000000003,-3.081
mobley_2068538,0.03379583,-0.124264046549797,46.25397109985352,8.556154251098633,47.25114059448242,0.011021149,-0.0005381505470722,-0.1543087512254715,0.1444919407367706,-0.0222124941647052,1.2714856808101247,44.09700000000002,0.1036502268673692,0.0,1.4163,214.4519990083068,0.0,0.0,2,1,0,0,2.0,2.495
mobley_7688753,0.76340723,-0.2692286074161529,97.9772720336914,4.924131631851196,88.15701293945312,0.24312909,-0.0009408285841345,0.2000772953033447,-0.100058514624834,0.3284920752048492,2.158900938957558,122.12299999999996,0.1019953638272423,0.0122836240963991,1.2046999999999997,286.8946682312923,0.0122230543241812,4.2604675784100365e-05,2,2,1,2,-9.52,-9.369
mobley_4715906,0.033283986,-0.5354207754135132,112.06968116760254,7.867735207080841,111.80895900726318,0.026426077,0.0007456878665834,-0.0767537355422973,0.0351977250538766,-0.0412602387368679,1.919258682080657,112.21599999999992,0.035266054973259,0.0058049667635614,2.832600000000001,310.6829443886811,1.2108315309325564,0.0038973221826356,2,8,0,0,1.58,1.685
mobley_6739648,5.95879e-05,-0.2180228531360626,65.4854507446289,7.8859964370727536,67.03707733154297,3.964934e-05,-0.0023985894396901,-0.2419574737548828,0.2589952707290649,0.1506111711263656,1.4988948190049682,88.10599999999995,0.0399968287928685,0.0014554628846943,0.0332,246.37294152346865,0.9261214987752304,0.0037590227768052,0,5,0,2,-5.06,-4.269
mobley_951560,0.12317936,-0.2736696153879165,72.56418228149414,6.543183088302612,69.9468765258789,0.047916465,-0.0024946378543972,-0.1235318481922149,0.3162564039230346,0.1713404953479766,1.547941459785778,86.13799999999995,0.0375591923335009,0.0026637475795707,-0.8208,253.20215859802013,0.3907364301352345,0.0015431796960134,0,2,2,2,-7.4,-8.481
mobley_628086,0.52853376,-0.1649326384067535,56.987640380859375,8.663747787475586,61.11529159545898,0.091068625,-0.0013842115877196,-0.091469720005989,0.1627451777458191,0.1369303166866302,1.6517747115613437,114.06720948899996,0.027322098725496,0.0,0.9295000000000002,245.28121183321744,0.0,0.0,2,1,1,1,-4.16,-3.518
mobley_2725215,1.6308914,-1.1155374346440927,264.1050385050691,3.769434759382568,212.80944506694817,0.7118499,0.0453534012369682,1.3827656414467475,-0.1474068834516354,0.4751299891857742,3.4779723229182014,345.3699999999997,0.0517084199981905,0.0062695838276641,2.320500000000001,562.3913966163552,9.19339004206583,0.0163469606707679,11,173,0,9,-7.98,-11.246
mobley_3775790,0.6147016,-0.1936675757169723,73.92625427246094,6.651863098144531,65.85254669189453,0.1585041,-9.226147085428238e-06,-0.268537700176239,0.2502498030662536,0.1246323660016059,1.5586347956711994,81.11799999999995,0.0923767734327535,0.0,1.0251,248.79889240094832,0.0,0.0,1,1,0,1,-2.89,-2.374
mobley_8048190,1.132602,-0.0865013748407363,43.37379837036133,7.997693061828613,42.27863693237305,0.26138923,0.0034520078916102,-0.0375061631202697,0.4305273592472076,0.337184190750122,1.294641461867272,59.06800000000001,0.0575229840540607,0.0,-0.5084,207.41397593738293,0.0,0.0,1,1,1,1,-9.71,-8.82
mobley_8668219,0.033233333,-0.4604439304934608,104.65323045518664,8.157686445448133,103.10437944200304,0.019641412,0.0021725951486991,-0.2891097002559238,0.0568045663336912,-0.0505501470632023,1.9797821689171813,100.20499999999991,0.047520931564965,0.0204539726524584,2.688500000000001,308.91951108386115,1.9631134360122644,0.0063547732194854,6,9,0,0,2.52,2.625
mobley_4934872,0.7417968,-0.5953725510173373,173.5152842203776,7.034444676505195,154.91229756673178,0.24314478,0.0103007008632024,-0.3261830111344655,-0.08882479245464,0.2616252054770787,2.893368937195977,196.24600000000007,0.0767813154251156,0.0110101362036555,2.4220000000000006,434.66049968381753,8.541934536519339,0.0196519687036962,8,18,0,3,-5.23,-5.203
mobley_4434915,0.44240394,-0.0362478420138359,30.77298927307129,8.16795825958252,19.5026912689209,0.108730316,-0.0006062444881536,-0.0240423493087291,0.1592282503843307,0.0609608218073844,0.8814453394983458,50.48500000000001,0.1921921680539243,0.0,0.855,172.4144438401761,0.0,0.0,0,1,0,0,-0.55,0.764
mobley_3201701,0.43924192,-0.7371892567836877,214.77382867986503,5.800856431325276,174.07200715036103,0.22876774,0.0129173062177318,-0.3197864799788504,0.168184708013679,0.3371340623407652,3.1073805040571187,238.29100000000017,0.080875128804433,0.0021713891291492,1.2198399999999998,488.21739959580265,2.2262864039170207,0.0045600308505189,8,33,0,5,-9.41,-13.87
mobley_8798016,0.5650464,-0.215987890958786,84.85415649414062,5.240348815917969,74.98948669433594,0.19817416,-0.0034061642363667,0.0451237559318542,-0.0573420375585556,0.2553551197052002,1.955283751905498,107.11199999999997,0.1184031490055033,0.0,0.8940999999999999,261.44624708646984,0.0,0.0,1,1,0,2,-7.0,-7.338
mobley_5052949,0.5375531,-0.3600800358690321,112.17957866191864,7.622282326221466,92.7734534740448,0.22161806,0.0036888669565087,-0.1155140635091811,0.3114850532729178,0.0181528674438595,2.31327032769083,118.23799999999991,0.1290402400555111,0.0341425312261801,2.539600000000001,332.1713078972224,5.755407202293742,0.0173266235387028,6,64,0,1,-1.28,0.64
mobley_3639400,0.5868037,-0.2200592425134447,75.48194037543402,8.281022389729818,61.51600604587131,0.15163729,0.0008730117826619,-0.1237867905033959,0.0835384709967507,0.0448856726288795,1.88310930012528,92.56599999999996,0.1350376446052166,0.0402382223767372,2.0253,264.97767014799155,3.071516669165689,0.011591605690586,3,9,0,0,-0.16,0.993
mobley_1858644,0.47263476,-0.357110321521759,113.01610310872395,6.6757253011067705,101.39505259195964,0.120455086,0.0008192602545022,0.0491467912991841,0.0575823970139026,0.1954830388228098,2.279799963021512,122.16699999999992,0.1237024085367877,0.0141984628393216,1.2213999999999998,316.58249488049336,0.9846338898087826,0.003110196886219,3,3,1,1,-6.79,-5.28
mobley_5571660,0.49572572,-0.3971709609031677,117.8791275024414,5.602774143218994,103.1736068725586,0.17638645,-0.0007376093417406,0.0761005878448486,-0.0281726587563753,0.1539371162652969,2.05378819409438,121.18299999999994,0.0632183955257548,0.0,1.88564,311.8263477554352,0.0,0.0,3,1,1,1,-5.21,-5.57
mobley_2925352,0.41016003,-0.2780554592609405,97.39096069335938,5.9080352783203125,87.7027587890625,0.123148814,0.0007972521707415,-0.1086252331733703,-0.0349508225917816,0.198524996638298,2.003132920975633,108.13999999999994,0.1232922294504695,0.0,1.7006199999999996,280.0339150088776,0.0,0.0,2,1,1,1,-6.13,-5.579
mobley_129464,0.3494204,-0.4784613246364252,132.79271473203386,7.958669713565281,122.85498019627164,0.116200574,0.0022434559692296,-0.3460993897169828,0.0628423522825219,0.0313758526795676,2.8509309878655897,130.23099999999994,0.1630724303802049,0.0290161707185011,2.603200000000001,379.2283525594176,6.950857164068617,0.01832894908083,8,112,0,1,-0.8300000000000001,0.139
mobley_2489709,0.7117678,-0.2434805035591125,103.7799301147461,5.939538955688477,67.76831817626953,0.18975757,0.0024913330562412,-0.0389555245637893,-0.0046160258352756,0.0828698128461837,2.0638265262298656,146.99800000000005,0.0654964239499892,0.0,2.9934000000000003,287.38705208411085,0.0,0.0,0,1,0,0,-1.36,-0.553
mobley_3274817,0.6333756,-0.7252523824572563,183.0983363257514,3.095796240700616,154.63020515441897,0.21301664,0.0116832384503343,0.1081742114490932,-0.1347069008689787,0.3084691940910286,3.040790709302381,240.2150000000001,0.0476693194053852,0.0055834472874454,2.509700000000002,437.0448879309959,3.0981722660593536,0.0070889108913419,7,72,1,7,-6.23,-5.378
mobley_4780078,0.47349018,-0.3572486340999603,114.6178970336914,5.714639663696289,101.81849670410156,0.1064484,0.0016277059912681,-0.2858484387397766,-0.0766101330518722,0.1730448603630066,2.125553407176656,122.16699999999992,0.0880275079885141,0.0,2.00904,304.5712484278327,0.0,0.0,3,1,1,1,-6.01,-4.98
mobley_3968043,0.86369866,-0.2234767874081929,69.85347493489583,6.5588804880778,70.60052490234375,0.22801699,0.0008131591603159,0.058510680993398,0.1393753637870153,0.177881971001625,1.5933936619809392,84.11799999999995,0.0678084958066855,8.386162354987006e-07,1.1295,252.6285973258517,1.1488777262528478,0.0045476946727886,0,3,0,1,-4.7,-3.889
mobley_296847,0.58408046,-0.1566678583621978,65.93510437011719,6.719879150390625,60.51660919189453,0.1633484,-0.0034712934866547,-0.0368929803371429,0.0426659435033798,0.1409709900617599,1.4689382475566517,79.10199999999998,0.0625307718360148,0.0,1.0816,230.17916503148868,0.0,0.0,0,1,0,1,-4.69,-3.508
mobley_1881249,0.8039027,-0.2436312856152653,78.50593852996826,7.3238654136657715,75.94440364837646,0.22303832,0.0019967405241914,-0.2540203481912613,0.2592922626063227,0.1606016233563423,1.8657424473973896,86.13399999999994,0.0959199783939521,0.0250041854447746,1.3755,275.2375404749647,2.923147064082406,0.0106204519159634,4,16,0,1,-3.52,-3.166
mobley_6917738,0.44996274,-0.1825073560078939,62.88794411553277,7.443993250528972,60.08761681450738,0.1387874,0.0011792522337701,-0.2092461089293162,0.2926630477110545,0.1632562859190834,1.7192341565951577,75.11099999999996,0.1296288241854007,0.0354365480407477,-0.4084999999999998,252.94229911043965,3.1071808002914296,0.0122841486426703,4,9,1,2,-6.55,-5.027
mobley_8207196,1.5232629,-0.4738819374048963,167.23941656883727,5.408660097325102,119.51294748833838,0.6278674,0.0028316308546097,0.6618601378608258,-0.1043705661444271,0.4051136314234835,2.8886360634595576,201.65800000000013,0.0723750286063049,0.0121057577306792,1.3885999999999998,414.7893235672726,4.440856265881164,0.0107062935653427,6,94,2,5,-10.22,-10.914
mobley_6430250,0.14991373,-0.4090974529584248,122.05484263102214,6.833412806193034,109.36809794108072,0.046168372,-0.0013927556574344,-0.1695481340090433,-0.0263712555170059,0.0443403162062168,2.268390240452426,120.19499999999992,0.1100081493175728,0.0215065628082892,2.639100000000001,329.8547205132747,3.400453766911525,0.0103089437726408,3,3,0,0,-0.53,-0.511
mobley_2613240,0.12271293,-0.3740603327751159,120.96204376220705,5.668078422546387,106.69168090820312,0.078243546,-0.0010894099250435,-0.369076669216156,-0.0402036309242248,0.1764059960842132,2.222606704957693,138.16600000000008,0.0630295870278052,0.0,1.7038,330.8392840195873,0.0,0.0,4,1,0,2,-5.33,-4.055
mobley_2178600,0.58834034,-0.2936168946325779,91.15243784586588,8.370385011037191,75.49303944905598,0.15488322,0.0008247818332165,-0.1422125374277432,0.0646237697607527,0.0466970408645769,2.1699649303855284,106.59299999999996,0.1388837052669667,0.0401438377229973,2.415400000000001,292.683039722069,4.787113006495543,0.0163559631300856,4,24,0,0,-0.1,1.084
mobley_6201330,0.7616125,-0.4825339127670635,158.14757191051137,5.552466956051913,136.8289101340554,0.29305422,0.0019726501777768,0.4110718098553744,-0.1026145781983028,0.3114499070427634,3.0440865118303093,180.2030000000001,0.1587496968413334,0.0138732204617468,1.959,397.09329161920255,2.9839551096480896,0.007514493879966,5,11,1,3,-9.37,-8.945
mobley_6232400,0.8716871,-0.2153593599796295,84.56622695922852,5.497537136077881,75.02738571166992,0.2656706,-0.0043786391615867,-0.1172056794166565,-0.0126906158402562,0.249673843383789,1.9545726174002689,107.11199999999997,0.1171511160503488,0.0006589201286526,0.8940999999999999,262.6072543017999,0.1904477363135868,0.0007252188703618,1,2,0,2,-7.1,-7.425
mobley_2859600,0.077807374,-0.2866076827049255,105.04002380371094,5.503872871398926,89.23004150390625,0.010935271,-0.002695420756936,0.0374088287353515,-0.0207907538861036,0.0930798426270484,2.0230886449763337,104.15199999999994,0.1176305755588593,0.0,2.3296,295.92655884283505,0.0,0.0,1,1,0,0,-1.24,-1.078
mobley_6195751,1.402708,-0.5716102123260498,174.05378214518228,4.7287080023023815,127.20293596055772,0.48971546,0.003662284101463,-0.0821177429623074,-0.1234572811259163,0.3045744995276133,2.784605772151988,251.05900000000003,0.055958286905052,0.0011460658894197,2.528700000000001,403.9925693651851,2.0490115324849345,0.0050719040097808,6,9,1,4,-8.68,-9.846
mobley_7142697,0.36894536,-0.3116740667819976,87.45079711914063,7.548713970184326,82.50385467529297,0.10090209,0.0011356727033853,-0.1394737231731414,0.1593957129120826,0.0887059968709945,2.048390195486511,87.16599999999994,0.1248294847814208,0.0364263464708585,1.1353,290.6480491718082,5.147286462371015,0.0177096886665437,5,25,1,1,-4.09,-2.835
mobley_8467917,0.041361637,-0.3456637192340124,109.89124370756603,7.876828239077613,97.17806098574684,0.01910762,-0.0001896955516366,-0.206669168812888,0.0125034237723974,0.020004326300252,2.411177448554865,98.18899999999992,0.1534007180471155,0.031904234729693,2.752700000000001,326.9063652642293,4.081264274973136,0.0124845053771723,5,21,0,0,1.6800000000000002,2.78
mobley_8827942,0.49301827,-0.617893397808075,216.1495056152344,5.17150354385376,136.39198303222656,0.13796999,-0.003777403384447,-0.0679479241371154,0.0141061842441558,-0.009257286787033,3.1987538490385456,287.51999999999987,0.0862379080190161,0.0,5.5448,435.6362510863398,0.0,0.0,0,1,0,2,-4.05,-3.16
mobley_9794857,0.37801597,-0.3125146031379699,80.5021743774414,7.747066497802734,80.69452667236328,0.12573524,0.0033148601651191,-0.2207425236701965,0.6014068722724915,0.0452682301402092,1.6652914162143002,88.14999999999993,0.0220191787294122,0.0,1.4313,275.4189213171204,0.0,0.0,1,1,0,1,-2.21,-0.6910000000000001
mobley_718988,0.36643714,-0.4515523557429728,120.66160036169964,7.79164601408917,110.49414253234865,0.09016462,0.0020842351292705,-0.1479085683822631,0.1688225986840932,0.0851822088108114,2.658154039663564,115.21999999999991,0.1558716916200324,0.0302049880016883,1.9155,349.72338617709204,5.456816288446915,0.0156032353114747,7,92,1,1,-3.79,-2.5540000000000003
mobley_4252724,0.15604043,-0.5059890647729238,136.77671813964844,6.7445119222005205,123.36697896321614,0.058127373,-0.0013832099114855,-0.3051703572273254,-0.0247359964996576,0.0267702483882506,2.40773567171284,134.222,0.1102064831419244,0.0153393945644976,2.8851000000000013,351.15736631116107,2.660894771446054,0.0075774995108268,4,3,0,0,0.16,-0.257
mobley_5759258,0.45735946,-0.2919369615041293,82.96067164494441,8.498783845167894,81.2333491398738,0.105382115,0.0013319715463484,0.0009575388752497,0.2523301530342836,0.1221219206658693,2.0127160450861545,88.14999999999993,0.1209802563411077,0.0402035474912162,1.1689,283.11813746190603,4.967064149691478,0.017544139680418,5,26,1,1,-4.57,-3.054
mobley_1571523,0.24478285,-0.3713908195495605,112.4603500366211,5.712995529174805,101.79622650146484,0.09852281,0.0002981573343276,-0.0382806658744812,-0.1259075403213501,0.18052738904953,2.042810679220632,122.16699999999992,0.0631392010409312,0.0,2.00904,308.8377724394697,0.0,0.0,3,1,1,1,-6.16,-5.148
mobley_4762983,0.13778481,-0.3618770594499549,107.48494082081076,7.956830287466244,96.97574771180444,0.046478737,-0.0010876785488609,-0.1078290106082449,0.0308237803757798,0.0106322277831483,2.3540253113544045,98.18899999999992,0.1476766291498631,0.0308948966585327,2.752700000000001,320.9657596448329,4.575137239809266,0.0142542844597252,5,49,0,0,1.66,2.761
mobley_1923244,0.024061447,-0.1918332775433858,61.25865173339844,8.5818723042806,61.230841318766274,0.006235505,-0.0001265183091163,-0.1977523465951284,0.1150556057691574,-0.0273071912427743,1.5471796936129116,58.12400000000002,0.1083219702227708,0.0325622659600149,1.8064,241.8561717129324,2.2793874774254004,0.0094245578323752,3,3,0,0,2.1,2.588
mobley_6973347,0.5662813,-0.1806954592466354,69.83843994140625,7.986449559529622,68.43687438964844,0.1716197,0.0043894862756133,-0.1071928838888804,0.0620578142503897,0.1575562705596288,1.7738501482249645,88.10599999999995,0.1054974747890668,0.0152031276379405,0.5694,267.2207753881762,2.556763458694157,0.0095679815874349,3,3,0,2,-2.94,-3.745
mobley_5977084,0.6420389,-0.2254607826471328,83.43801879882812,6.396731376647949,74.64956665039062,0.16677442,-0.0024182489141821,-0.3223677277565002,0.0274318363517522,0.1425696611404419,1.7402522136349992,93.12899999999996,0.0866631180237904,0.0,1.39002,258.95946304201163,0.0,0.0,1,1,0,1,-4.77,-3.221
mobley_3690931,0.6006211,-0.3859446394270744,118.19000752766928,7.816599071889684,110.3732063182886,0.20157762,0.0031312718191116,-0.1628882720850516,-0.0183101629001506,0.1225724411399468,2.5315992321745378,130.18699999999995,0.1396313670417132,0.0286892528490213,1.7397,355.39530935156506,6.09358976180406,0.0171459487547038,6,69,0,2,-2.28,-2.754
mobley_1278715,1.4386598e-08,-0.2013329267501831,115.50537109375,6.3701701164245605,33.15629577636719,1.5472292e-08,0.0444085672497749,1.5003596544265747,0.3132873177528381,0.2177273035049438,2.130104767385125,236.722,0.0067351394944338,0.0,3.7268,309.8069828253741,0.0,0.0,0,1,0,0,-0.64,0.885
mobley_8882696,0.5288304,-0.1849416941404342,59.798208236694336,7.908507347106934,61.43172645568848,0.13940102,-0.0006580052431672,-0.1508227288722992,0.2174008339643478,0.0976698063313961,1.3594887747796474,72.10699999999997,0.0408624950869704,5.987020990083636e-09,0.7968,233.60020881254297,0.5191798307720319,0.002222514412171,0,2,0,1,-3.47,-2.201
mobley_3999471,0.54972327,-0.1091461032629013,59.25348663330078,8.357288360595703,33.72766876220703,0.14988734,0.0027522058226168,0.03069868683815,0.082109048962593,0.0935766696929931,1.5275976881163775,98.95399999999998,0.0742064062519698,0.0,1.81,229.7298672964209,0.0,0.0,1,1,0,0,-0.84,0.187
mobley_1781152,0.5435724,-0.3595716655254364,97.45919036865234,7.882494926452637,96.2874526977539,0.16472714,0.0026865489780902,-0.3489114642143249,-0.070007711648941,0.0932859480381012,1.950610281680558,116.15999999999993,0.0533373339599861,0.0,1.2055,312.091352576371,0.0,0.0,1,1,0,2,-2.4,-3.304
mobley_2864987,0.4442384,-0.2972714139355553,82.33704969618056,8.354626443650988,81.34605068630643,0.1075193,0.0022194930869672,-0.1387617025110456,0.2537650879886415,0.1131506197982364,1.8761895099439097,88.14999999999995,0.0880055402950413,0.0276640914565403,1.1673,280.23113902617854,4.079365007373124,0.0145571438689832,5,9,1,1,-4.39,-2.9450000000000003
mobley_2960202,0.075916566,-0.7199497222900391,273.6336975097656,5.012609004974365,136.78672790527344,0.017675659,0.0061384569853544,0.0385005474090576,-0.1878706216812133,-0.0455616116523742,3.9861913283746175,390.846,0.1270846000993511,0.0,7.504999999999999,485.72245111560346,0.0,0.0,0,1,0,2,-3.71,-1.878
mobley_2261979,0.41074583,-0.5179663300514221,149.57582092285156,4.991599559783936,130.90411376953125,0.04043682,-0.0024442328140139,0.3894822895526886,0.0926941111683845,0.2880962789058685,2.229497844099476,154.21200000000007,0.0623480529924425,0.0,2.938400000000001,339.5258054548757,0.0,0.0,0,1,0,0,-3.15,-4.198
mobley_430089,0.25833464,-0.1774711112181345,73.64433288574219,8.304815292358398,62.342706044514976,0.07063732,0.001539970592906,-0.0283856491247812,0.165444533030192,0.0814145505428314,1.781214759478848,68.11899999999999,0.1334595637788499,0.0384461433894941,1.4197,257.1226527197582,1.5089798091194455,0.0058687159344303,2,3,0,0,0.01,0.47
mobley_1079207,0.4567139,-0.2409295439720153,105.2314453125,6.173739433288574,67.81329345703125,0.105291255,-0.0006597749888896,-0.0593656599521636,0.1106616258621215,0.0629613250494003,2.291532626800845,146.99800000000005,0.1166944184395653,0.0,2.9934000000000003,282.3247975269037,0.0,0.0,0,1,0,0,-0.98,-0.11
mobley_5747188,0.7382107,-0.3487732261419296,107.69629160563152,4.306636412938436,93.8740717569987,0.28882352,0.0031910804100334,-0.0467685461044311,-0.0943734521667162,0.1809324026107788,2.1612580732532165,137.13800000000006,0.0713135827526361,8.376235391970829e-07,1.79702,309.5774553216144,2.4977780263971288,0.0080683460098934,2,6,0,3,-3.58,-3.133
mobley_4483973,0.400295,-0.1865243911743164,73.9943618774414,6.835940837860107,69.69074249267578,0.09316216,-0.0016541793011128,-0.1122021079063415,0.0293805375695228,0.0888240933418273,1.7273441728360697,96.10440316299996,0.0894555262054676,0.0,1.8257,243.81105389994747,0.0,0.0,0,1,0,0,-0.8,-0.041
mobley_778352,0.06696085,-0.2113727182149887,75.45182800292969,7.270934104919434,69.35429382324219,0.02895195,0.0013733506202697,-0.214752972126007,0.0850497111678123,0.0341966077685356,1.6985354358850209,70.13499999999998,0.0841408848340548,0.0,1.9725,260.2538577343872,0.0,0.0,3,1,0,0,1.31,2.272
mobley_3047364,1.0902375,-0.6472236929852285,207.8254283386984,4.792769429124432,150.9290001009717,0.42935124,0.0108696174531899,0.6849321012879596,0.2386607292257709,0.4441737252988933,3.102211925432965,227.33000000000013,0.0640522128979405,0.0085649825021648,1.8456,470.4018139462482,6.6598294041954125,0.0141577460093647,9,162,2,6,-7.65,-10.552
mobley_1903702,0.42384538,-0.2214457194010416,66.99101003011067,8.204522450764975,67.41293080647786,0.11919955,0.0019375903842349,-0.0936788121859232,0.2415268222490946,0.1188062007228533,1.6183467269400869,74.12299999999996,0.0624041395704677,0.0186577101765927,0.7771999999999999,253.3539643263964,1.0493256348457034,0.0041417375790254,4,3,1,1,-4.62,-3.145
mobley_2354112,0.40481496,-0.3554571121931076,112.92641067504884,6.007138252258301,101.68840789794922,0.12404096,0.0007014069706201,-0.1042810380458831,-0.0517281480133533,0.1889190897345543,2.1939484238658284,122.16699999999992,0.0892752206891142,0.0003811206050064,1.9546,319.81245866499296,0.0239298559226597,7.482465199308108e-05,3,2,1,1,-6.25,-5.272
mobley_3211679,0.16979161,-0.2758176028728485,79.66987228393555,7.797484159469604,77.91407775878906,0.045704935,-0.0014154207892715,-0.1989167332649231,0.1163094453513622,0.0337444711476564,1.5914470104617189,82.14599999999994,0.0462402374509633,3.007223968731765e-07,2.1166,262.94059222053966,0.5775524247000305,0.002196512983494,0,2,0,0,0.14,1.175
mobley_1838110,0.059601903,-0.1277145445346832,77.39209175109863,6.703225374221802,40.50382041931152,0.062598,0.0144142252393066,-0.3156495541334152,0.4140776470303535,0.1314663868397474,1.935212874301253,187.367209489,0.0236846638422227,0.0066796974440976,2.9189,271.9375341725638,0.871303253829278,0.0032040566098403,1,4,0,0,1.77,1.691
mobley_2493732,0.41041726,-0.0828415751457214,56.630929079922765,6.205885063518178,27.43651684847745,0.1101367,0.002505840267986,-0.1462278420274907,0.185328720645471,0.0600469959053126,1.51368569726167,96.938,0.0947124074565329,2.880282217212143e-06,1.9352,219.78135151512623,0.7486158393098289,0.0034061845290741,0,11,0,0,0.25,1.108
mobley_1896013,0.7862336,-0.4078638142063504,98.28540910993304,7.915054707300095,100.21301632835753,0.2605558,0.0008982198224181,0.0861594364756629,0.3479588762635276,0.4881080247107006,2.039302974801346,150.13000000000005,0.0374886656183907,0.0168016662696803,-2.5823,301.9501966629136,2.4770710095961457,0.0082035747516384,4,21,4,5,-20.52,-14.148
mobley_8221999,1.1462774,-0.1634007195631663,63.10470708211263,7.960886001586914,57.38995742797852,0.23502827,0.0047675500003,-0.1162134706974029,0.2757953902085622,0.229334016640981,1.7548608663365302,69.10699999999997,0.1339170250086113,0.0382331110894775,1.31008,245.2463237557994,1.0494644059608578,0.004279225840734,2,3,0,1,-3.64,-2.287
mobley_632905,1.1452489,-0.4083014875650406,135.17520904541016,5.154338359832764,115.8840789794922,0.29790515,0.0010310048237442,-0.0254873037338256,-0.0565607026219368,0.2274917140603065,2.630144423026458,150.17700000000008,0.1557728023346776,0.0004903989262329,1.8978,347.79750597092067,1.8300126400458223,0.0052617186973124,4,2,0,2,-4.4,-6.575
mobley_8436428,0.05307908,-0.4511580020189285,105.4158541361491,8.383846918741861,103.1396993001302,0.02160378,-6.366552164157231e-05,-0.2836332817872365,0.1117781698703765,-0.0425086220105489,2.046325906101849,100.20499999999991,0.073456134730878,0.0168195470621571,2.688500000000001,312.325696558693,4.265600136067083,0.0136575382143283,6,6,0,0,2.83,2.756
mobley_9029594,0.4372167,-0.0264457985758781,19.49245834350586,6.050742149353027,21.531044006347656,0.048038032,-0.0046296566724777,-0.1422612816095352,0.1843216121196746,0.0662985891103744,0.7785133808859092,34.033403163,0.1462762135242709,0.0,0.5857,154.30926294530315,0.0,0.0,0,1,0,0,-0.22,0.881
mobley_4584540,0.41644967,-0.2908380925655365,102.77828979492188,6.289422035217285,88.8599853515625,0.14148124,0.0006014257669448,-0.0232630372047424,0.0741360560059547,0.0938640832901001,1.9480066616043423,107.15599999999996,0.0781464285416304,0.0,1.69844,297.71156284083054,0.0,0.0,2,1,0,1,-4.59,-3.443
mobley_4845722,4.688879e-09,-0.3859579265117645,168.95643615722656,5.007913112640381,68.01168060302734,9.689817e-09,0.018982246518135,0.3308294415473938,-0.2985055446624756,0.0578401237726211,2.813135452160058,284.766,0.0625000000022227,0.0,5.606999999999999,354.3965648158353,0.0,0.0,0,1,0,0,-2.33,0.379
mobley_9201263,0.89690584,-0.1620195295129503,65.11853463309151,7.41929156439645,55.075255802699495,0.29477236,0.0029283665519739,-0.0553092296634401,0.0083514670176165,0.2955562174320221,1.5279054380016337,110.12699999999997,0.0294328550175012,2.0843338269816152e-06,-0.4075999999999999,258.1566237791036,0.8475280138179786,0.0032829992948125,3,7,0,3,-4.87,-8.824
mobley_7200804,0.8115338,-0.2127231061458587,80.67727661132812,6.022038459777832,75.85821533203125,0.23529305,-0.0014936365187168,0.3042414486408233,-0.0241985581815242,0.2485622763633728,1.841603149767716,112.10340316299995,0.0681863865163838,0.0,1.5312999999999997,265.7055268291746,0.0,0.0,1,1,1,1,-5.29,-3.346
mobley_2099370,0.96742034,-0.7970304527768383,239.7386193452058,5.075866350421199,193.63587965788665,0.38344973,0.0032552824079714,-0.0508226796432777,-0.1403744633275049,0.3807318447916596,3.5936847127980767,254.28500000000005,0.131887502382284,0.0285917294432585,3.105700000000001,492.0161017973661,3.4490580668669666,0.0070100512041523,5,108,1,3,-10.78,-17.242
mobley_4188615,1.0974873,-0.4444108188152313,136.39896392822266,5.77704005241394,117.50057601928712,0.38887495,0.00042519364506,0.0925063490867614,0.016760454326868,0.2571685820817947,2.40352911493673,149.19300000000007,0.1032789255879808,9.992590858490877e-07,1.3884,351.9743322824603,0.9523432209231228,0.0027057178139878,3,10,0,1,-9.29,-8.113
mobley_1019269,0.46553937,-0.2135782718658447,67.53185424804687,8.488080692291259,67.12278671264649,0.11288543,0.002036794880405,-0.0480892539024353,0.2725008636713028,0.1282641664147377,1.759087481493787,74.12299999999995,0.117259183518381,0.0372002800415723,0.7787999999999999,256.4935435023856,2.7973348151498376,0.0109060632753269,4,10,1,1,-4.72,-3.232
mobley_1417007,0.8910458,-0.667190516536886,195.16168906471947,4.904955798929388,126.49150813709606,0.18528238,0.0207682493227449,-0.0867524228312752,0.0697933117097074,0.1207066869193857,3.021201638214705,300.57799999999986,0.1027501484618077,1.0961554730879224e-06,2.913500000000001,431.5706516698432,1.1548438306382585,0.0026759090919873,1,22,0,3,-9.01,-8.718
mobley_5760563,0.67342913,-0.1801719595988591,70.69966532389323,7.724660555521647,61.13518193562825,0.21494602,0.0018841345173617,0.057876702149709,-0.2867751697699229,0.3529364705085754,1.6846614433699043,126.12599999999996,0.0534472184392183,0.0184566806446603,-0.476,273.3465310473643,1.1403516409610577,0.0041718167653039,4,15,0,4,-5.1,-8.411
mobley_6911232,0.38049278,-0.139328916867574,52.54091771443685,8.065435727437338,52.80310821533203,0.10036715,0.0017963923358668,-0.167559673388799,0.2057816286881764,0.0654481500387191,1.4463566010783575,60.09600000000002,0.1173451984458658,0.0309524072606727,0.6527000000000001,230.4170996633286,2.801589435969455,0.0121587739801558,3,3,0,1,-2.1,-0.71
mobley_3169935,0.5199566,-0.2617640495300293,99.1676025390625,5.304759979248047,75.253662109375,0.15182018,-0.0003364165313541,0.2297323495149612,-0.0714604184031486,0.1586370319128036,1.9866045584953749,127.57099999999996,0.0797227543138964,0.0,1.9222,281.0483521534956,0.0,0.0,1,1,1,1,-4.91,-4.847
mobley_2913224,0.9659926,-0.4360835386647118,138.13984849717883,5.601425382826063,123.83016035291884,0.35115495,0.0020487018757396,0.2293772896130879,0.0880193987654315,0.3676029841105143,2.431340708072772,180.15900000000005,0.0479763336408487,0.0025210901367624,1.3101,360.5621220008935,1.8156748811023,0.0050356783763819,3,9,1,4,-9.94,-9.399
mobley_7988076,0.99257094,-0.2678816318511963,98.547607421875,5.167468547821045,88.19145965576172,0.28315064,-0.0011553755030035,0.2431106865406036,-0.1163819655776023,0.333954393863678,2.221896235092463,122.12299999999996,0.145872396461949,0.0,1.2046999999999997,287.1120194951398,0.0,0.0,2,1,1,2,-8.83,-10.05
mobley_1735893,0.5103634,-0.343972606861845,101.53998841630651,8.101003342486443,96.78919122574176,0.13351764,0.0022574697343751,0.0187212999196762,0.081820288712674,0.20137213360756,2.397138015832972,116.15999999999993,0.1365521152185986,0.0281464122603498,1.6513,318.29513862617586,4.648764571506845,0.0146052012970472,5,47,1,2,-6.21,-7.878
mobley_6358463,1.3887472,-0.3900323212146759,117.47850036621094,5.907663822174072,110.4747543334961,0.2938454,-0.0063898265361785,0.3067388236522674,-0.0895606577396392,0.1380079984664917,2.358477495103512,214.11041897800004,0.0375066261416893,0.0,3.7242000000000006,325.3611917361514,0.0,0.0,0,1,0,0,1.07,-1.441
mobley_2078467,0.5246461,-0.7569779555002848,200.1028171115452,6.260011902561894,172.88321657534,0.1664208,0.0037219139781815,-0.4236091154593008,-0.0659430965229317,0.2319398053266384,3.281724365802057,206.2850000000001,0.1449160977613706,0.0133741365447519,3.073200000000001,451.95974960511984,3.4834997661649423,0.0077075442430625,7,27,1,2,-7.0,-10.857
mobley_8514745,0.60477936,-0.3952255294008075,117.96850182875149,7.827387782762635,110.37390942843456,0.18253696,0.0041443746150383,-0.0963146388530731,0.0401220478047177,0.1292706396219865,2.609881412633545,130.18699999999995,0.1432906750460689,0.0304860611764957,1.7397,353.9065281445322,6.193374340306703,0.0175000285323287,6,53,0,2,-2.51,-2.565
mobley_7608462,0.47763512,-0.2113698124885559,88.36078643798828,6.466214179992676,67.57695007324219,0.11063051,-0.0012752818875014,-0.0042100548744201,0.0478529185056686,0.072461798787117,1.911751284615359,112.55599999999995,0.1228629341134958,0.0,2.34,258.1833278940733,0.0,0.0,0,1,0,0,-1.12,-0.475
mobley_1963873,1.1123741,-0.1365500688552856,59.0203971862793,7.527657508850098,56.00033950805664,0.2707645,0.0046614622697234,-0.0766313374042511,0.2592442333698272,0.2857136726379394,1.5575661424736216,73.09499999999997,0.0918890288081839,0.0,-0.2477,240.10599025619177,0.0,0.0,2,1,1,1,-10.0,-8.276
mobley_3269819,0.26882482,-0.728534996509552,279.8740997314453,5.057377815246582,130.7032928466797,0.16766852,0.0117487125098705,0.3064566254615783,-0.2517287582159042,0.1024278849363327,3.958443684417581,395.3059999999999,0.1037002774026181,6.06496735999773e-07,7.9274,505.4929279073224,0.943916692108644,0.0018673192838054,1,2,0,0,-3.17,-0.8220000000000001
mobley_313406,0.45290577,-0.1473269363244374,52.28617731730143,8.490532239278158,53.30109532674154,0.117739536,0.0006447620689868,-0.0333854009707768,0.2667007197936376,0.1391452501217524,1.480714002386373,60.096000000000025,0.1109766658637625,0.0368680615262905,0.3887,227.3595345792995,1.770390140504928,0.0077867424552078,3,3,1,1,-4.85,-3.33
mobley_4395315,0.77267057,-0.3188680410385132,112.0602569580078,5.663433074951172,87.95809936523438,0.23773329,0.0018424363806843,-0.0916622281074523,-0.0800972133874893,0.2184889018535614,2.240492977110556,142.58200000000005,0.1084055307753066,0.0,2.3540200000000016,301.99028666328627,0.0,0.0,2,1,1,1,-6.79,-5.14
mobley_4305650,1.1022466,-0.0976143330335617,47.899112701416016,8.62751293182373,43.425537109375,0.22036818,0.0048417751677334,-0.1898472905158996,0.3540768325328827,0.246064692735672,1.488227758244065,55.08000000000001,0.1529298046437917,0.0,0.91998,216.1516680911232,0.0,0.0,1,1,0,1,-3.84,-2.491
mobley_1944394,0.40466657,-0.9489817367866636,252.71870160102844,5.824041076004505,211.72527146339417,0.18559578,0.0058605011290637,-0.2939683049917221,-0.0120932434801943,0.1862336439080536,3.4069439837431177,255.36100000000013,0.0512431189589168,0.0074879923650997,3.3542000000000023,527.7276599553645,9.31619387841565,0.0176534121391393,8,64,0,2,-9.34,-7.873
mobley_352111,0.65251154,-0.3120951558414258,109.62742534436676,7.40364052120008,103.5210438778526,0.21225417,0.0066857737685112,0.0791610291129664,-0.0309051916395363,0.2906177985040765,2.5421393737078795,146.14200000000008,0.1271048150739646,0.0439754110995156,0.1126,348.7708671693568,9.31176258714791,0.0266987970145634,5,19,0,4,-6.34,-8.292
mobley_1189457,0.47993907,-0.2892015278339386,109.66372299194336,6.310067176818848,84.83749008178711,0.1529486,0.0030053385999053,0.0331930071115493,0.2223231047391891,0.0731109865009784,2.0969701827513867,124.20099999999994,0.1124389280389178,3.1656052656980904e-07,2.4085,305.2268040601705,2.2984675927180263,0.007530359595368,2,2,0,1,-2.73,-1.325
mobley_7295828,0.3787248,-0.2746957540512085,96.20915985107422,6.229789733886719,87.04559326171875,0.093492165,-6.529688835144043e-05,-0.1057263612747192,-0.013907978311181,0.1049358546733856,1.976657858183192,108.13999999999994,0.1135830539472986,0.0,1.6952,289.47399836736327,0.0,0.0,2,1,0,1,-2.45,-2.318
mobley_819018,0.54926866,-0.5504112321397533,164.9173885843028,6.7598802421403965,139.3095238727072,0.12855113,0.0055054357052659,-0.0836998094683108,0.1448745309658672,0.2203324582913647,3.0790253493001614,154.25300000000016,0.1388072094684264,0.0331330719617164,2.671400000000001,410.4658076283494,5.297576372147171,0.0129062549759169,8,46,1,1,-4.45,-2.518
mobley_2771569,0.28952655,-0.3591666022936503,88.73662185668945,6.441072066624959,83.76463317871094,0.07675348,-0.0038407628114024,-0.2932696441809336,0.3002700308958689,0.1145145917932192,1.739546645603567,100.16499999999994,0.0502351570968901,0.0212299100229453,-0.4785999999999999,280.9555709112354,3.934167668495524,0.014002810678342,1,6,1,2,-7.77,-8.173
mobley_9626434,0.58093375,-0.2238869244853655,74.26169872283936,7.887811104456584,72.89761575063069,0.17110951,0.0022791259107179,-0.1372688027719656,0.2428767370680968,0.1921462484945853,1.9773950092011696,90.12199999999994,0.1430787710862858,0.0319176563471271,0.0152,277.423683894675,3.93107700074413,0.0141699401635679,5,24,1,2,-6.69,-4.407
mobley_5732611,1.144738,-0.1614784002304077,69.4148178100586,7.167895793914795,59.83134841918945,0.34401822,-0.0022375141270458,0.0246903002262115,0.1706189215183258,0.3051618933677673,1.5486854296208208,82.10599999999998,0.0950777237291791,0.0,0.7181199999999999,245.7301862862318,0.0,0.0,1,1,1,1,-10.27,-8.205
mobley_5692472,0.30926806,-0.094205692410469,41.68331527709961,7.193799018859863,40.22687911987305,0.09957022,-0.0002598129212856,-0.1944477409124374,0.2357315719127655,0.0721424967050552,1.1961147406548431,45.085000000000015,0.1095303036351463,0.0,-0.1644000000000001,203.86432601261788,0.0,0.0,2,1,1,1,-4.29,-2.991
mobley_36119,0.45096126,-0.5016972098847945,133.38138975513925,8.19676733360016,123.21525211471447,0.11132688,0.0027404616640465,-0.0970676416973415,0.2442978976441802,0.1169279448741631,2.9362192222712835,130.23099999999994,0.1647267437990639,0.0304581035279085,2.3392000000000013,372.5236038497068,6.321668743140335,0.0169698474883508,8,139,1,1,-4.09,-2.69
mobley_6091882,3.3372032e-08,-0.041028544306755,28.7539119720459,7.030559062957764,26.86735725402832,3.2212322e-09,-0.0013217804953455,-0.0492438673973083,0.1109154149889946,0.0212117675691843,0.850246636020743,28.053999999999995,0.1432141573306603,0.0,0.8022,168.007563060094,0.0,0.0,0,1,0,0,1.28,2.328
mobley_8191186,0.53922385,-0.1052571907639503,50.22198867797852,7.750075340270996,41.17704391479492,0.14924257,0.0017468421719968,-0.3624739050865173,0.2161521315574646,0.1268265545368194,1.690143728741389,118.483209489,0.0826934468932392,0.0,1.7875,230.89513943053748,0.0,0.0,0,1,0,0,0.06,0.233
mobley_4964807,1.0383095,-0.1759539261460304,70.77927589416504,5.146808099746704,66.41044769287109,0.31134164,0.005929582985118,-0.0816859900951385,-0.0593229120597243,0.4203876167535781,2.187706922705729,119.07599999999996,0.1312904454988587,0.0116221223847196,-0.1954,284.5856313040571,5.441097253817866,0.01911936744271,4,20,0,5,-5.99,-5.362
mobley_6353617,0.80817086,-0.2862680703401565,101.3079071044922,5.470031023025513,89.30245971679688,0.27061924,-0.0022662146948277,-0.1357010304927826,-0.0109546352177858,0.2578195407986641,2.1168429705702616,121.13899999999995,0.1097321642436278,9.231408423782116e-05,1.2842,295.36160453832963,0.4598226086210388,0.0015568124006496,2,2,0,2,-8.26,-7.844
mobley_9100956,0.02868052,-0.4221802602211634,98.25940322875977,8.260671933492025,97.79673258463542,0.018920597,0.0012146052128324,-0.2791371544202168,0.0765120505044857,-0.0272937286645174,1.818858279530736,98.18899999999992,0.0545531604906615,0.0139309153190969,2.5866000000000007,293.56542142707525,3.181564116379932,0.0108376664421639,1,6,0,0,1.7000000000000002,1.679
mobley_4043987,0.03210676,-0.4295880703822426,106.94869696575662,8.718362435050633,103.16588857899542,0.019106261,0.0003454534782339,-0.2214486495308254,0.0854285041923108,-0.0395134216093498,2.1991504879154,100.20499999999991,0.1093773597449837,0.0273984001769343,2.832600000000001,319.9965949043107,5.640014617247482,0.0176252332276661,6,23,0,0,2.93,2.894
mobley_6688723,0.95311445,-0.4890401760737101,158.06360371907553,5.095596154530843,112.97389475504558,0.36898994,0.0037307143211364,0.0252796908219655,0.1059884776671727,0.1717646718025207,2.702195356885586,223.04900000000004,0.0680499269785952,2.9430846244853965e-07,2.7162000000000006,377.9617765087264,2.271229019847416,0.0060091500278864,5,3,1,3,-6.44,-5.98
mobley_5816127,0.5938037,-0.1624205625719494,58.351731618245445,8.159501923455132,58.8050905863444,0.15982519,0.0017075057451923,-0.0989964869287279,0.2830224848455853,0.1947352190812429,1.672520689689736,76.09499999999996,0.1219715228595254,0.0372111533631764,-0.3748999999999999,243.51176264631465,2.9308072113991965,0.0120355878481977,4,9,1,2,-6.619999999999999,-4.686
mobley_197466,0.8447574,-0.2061762511730194,74.76370747884114,6.98688538869222,69.78568267822266,0.2298459,-0.0003427093227704,-0.159123679002126,0.1183199708660443,0.1870414366324742,1.6953627184150786,84.11799999999995,0.0756738135741037,0.0041466268685737,0.9854,261.0710364378394,1.9016946883395809,0.0072842040016659,2,3,0,1,-4.61,-3.043
mobley_2844990,0.3602712,-0.6399038434028625,239.54470825195312,5.0851731300354,136.68417358398438,0.14236377,0.000374165829271,-0.097009539604187,-0.0186627227813005,0.0190778374671936,3.756611733831617,321.9619999999999,0.1453870320821099,0.0,6.1982,451.7961068645501,0.0,0.0,0,1,0,2,-3.84,-2.66
mobley_8739734,0.7974698,-0.2554295559724172,76.89107767740886,7.031810760498047,75.95657857259114,0.24350913,0.0023432720142106,-0.1741718649864196,0.1320114582777023,0.1459923734267552,1.7227961435712702,86.13399999999994,0.0398302164112524,0.0061011313970065,1.2314,270.7840407830333,0.5352211163310487,0.0019765607854264,4,3,0,1,-3.24,-3.078
mobley_1760914,0.43339255,-0.2940413951873779,104.94493103027344,6.282113552093506,81.67709350585938,0.1220202,2.15824693441391e-05,-0.0658615231513977,-0.0197972226887941,0.0657554790377616,2.004622025403526,126.58299999999996,0.078122082739402,0.0,2.6484200000000007,288.9866107426361,0.0,0.0,1,1,0,0,-1.14,-0.473
mobley_7912193,0.75867873,-0.5579484316610521,174.5260250952936,5.612107430734942,150.80402300434727,0.29226598,0.003172610165371,0.5240148132847201,-0.1171852412723725,0.3022150291550544,3.256302449472778,194.2300000000001,0.1534110783656084,0.0227257337177674,2.3491000000000004,422.8699702429065,6.220019562413116,0.0147090595221036,6,31,1,3,-8.72,-8.771
mobley_5371840,0.53134245,-0.5318065285682678,184.5328369140625,5.220789909362793,136.3043975830078,0.124922,-0.0051166675984859,0.3241452574729919,0.0676364973187446,0.0925306677818298,3.1037672433689165,218.63600000000005,0.1652362546328436,0.0,4.238000000000001,387.74704335837,0.0,0.0,0,1,0,2,-3.1,-4.054
mobley_9740891,1.6184705,-0.2912918925285339,123.79007720947266,5.370219230651856,77.76151275634766,0.45268017,0.0017486822325736,0.1105090379714965,-0.0357735604047775,0.2068732380867004,2.364186426162464,172.008,0.0767706973013856,0.0,2.8650800000000007,310.8611009432099,0.0,0.0,0,1,0,1,-4.71,-3.32
mobley_2457863,0.4000224,-0.2999985516071319,103.60869979858398,5.664550304412842,93.3444480895996,0.15920796,0.0014392281882464,0.1629407107830047,-0.0291395494714379,0.2525334432721138,2.155753144773662,124.13899999999994,0.1015545730778845,0.0122512194769387,1.4007999999999996,302.534835024597,2.3850663976457724,0.0078836091633938,3,2,1,2,-7.66,-6.969
mobley_8011706,1.125029,-0.1511045694351196,57.70286178588867,7.293519020080566,55.46564483642578,0.3367526,-0.0011822944507002,-0.2246357202529907,0.1942713856697082,0.2546994686126709,1.551088384006436,73.09499999999996,0.0816062300477591,0.0,-0.2956000000000001,235.82907220329395,0.0,0.0,2,1,0,1,-7.81,-6.932
mobley_9821936,7.796038e-08,-0.8170483708381653,301.1705017089844,5.068560123443604,136.72515869140625,3.7947824e-08,0.0127901062369346,0.2369838207960128,-0.4335713684558868,-0.1317497491836547,4.010045074412382,459.73,0.1039931750767083,0.0,8.811800000000002,521.7093455726899,0.0,0.0,0,1,0,2,-4.53,-1.147
mobley_7829570,0.9181965,-1.0188578994984323,240.7520458951909,3.484696792795303,204.85418749870132,0.4729771,0.0391960307420726,0.7564799650869471,-0.0440254136820898,0.2949689664739243,3.4848740346080374,335.2832094889997,0.0530814594528082,0.0121130210291815,3.935800000000003,535.9003760892814,8.13715613603154,0.0151840836451958,9,188,0,7,-3.51,-2.303
mobley_7227357,0.46923378,-0.3004765146308475,81.85910881890192,8.48076057434082,81.34611426459418,0.12306208,0.0020662706034878,-0.038554901878039,0.1950877557198206,0.1101904941929711,1.827264913695113,88.14999999999993,0.0648328793218689,0.0268700186915088,1.1673,279.18792019272405,2.8788259495377635,0.010311427326621,5,9,1,1,-4.35,-2.786
mobley_8578590,0.9547819,-0.1206046789884567,53.82380294799805,7.003604888916016,42.730018615722656,0.36993867,0.0008645225316286,-0.0789541006088256,0.3845867216587066,0.1978825330734253,1.3107580394468414,78.12899999999998,0.0324610946267116,0.0,-0.0052999999999999,227.0371333652563,0.0,0.0,2,1,0,1,-9.28,-8.243
mobley_349850,1.0255839,-0.387733519077301,128.549560546875,5.503636360168457,110.22512817382812,0.30215386,-0.0010822461917996,-0.2087296843528747,-0.0930297449231147,0.197224736213684,2.4089831211037085,134.17800000000005,0.1386045007366699,0.0,2.19762,334.4171641120083,0.0,0.0,3,1,0,1,-4.7,-4.91
mobley_4983965,0.50753903,-0.2234973460435867,80.08595510629507,7.675163232363188,64.82776700533353,0.20488273,0.0031065300572663,-0.1461009280039714,0.3699019046930166,0.0526014787073318,1.7611853930362675,90.18399999999995,0.0989072780695449,0.0429406692158635,1.7594,273.26115087643143,5.077603684985928,0.0185815058917102,4,13,0,1,-1.46,0.299
mobley_1855337,0.30004385,-0.3082214593887329,137.83970642089844,5.576053619384766,68.07774353027344,0.1290954,0.006588252261281,-0.0152730252593755,-0.0076232869178056,0.0464991927146911,2.626803681355887,215.882,0.0680944055171229,0.0,4.3002,322.76695386755983,0.0,0.0,0,1,0,0,-1.62,0.136
mobley_8899867,0.4789899,-0.2714078575372696,73.76077270507812,7.970510005950928,75.8637638092041,0.11189148,0.0011479146778583,0.1017952412366867,0.163283746689558,0.1174918916076421,1.5845631062259555,86.13399999999994,0.0444171249332724,0.0169382781202232,0.9213,258.2190608822962,1.6562970896879714,0.0064143099429943,1,4,1,1,-5.49,-4.29
mobley_6081058,1.0191367,-0.4091108765575912,128.59147208077567,6.176036546518515,111.581301678668,0.2636922,-0.0014172844629693,-0.0177677961496206,-0.0575244583107612,0.1727919544164951,2.9046118018809453,126.19899999999993,0.1623554389293954,0.0336864268160478,2.3218000000000005,358.4794038051002,5.515470214202829,0.0153857380805104,6,91,0,1,-3.43,-2.706
mobley_7375018,0.79529345,-0.6737564655601002,179.5562800006137,7.303252412973205,159.86372467207778,0.22919518,0.0040891839272744,-0.2857486524217115,0.2732865735481345,0.1462477559600371,3.604906355100484,170.2960000000002,0.1712136374910167,0.0301183139154707,3.716100000000002,448.9291886923048,8.684271714538573,0.0193444131798049,10,183,0,1,-2.15,-2.201
mobley_7573149,0.58822703,-0.2513798988527722,85.31147342258029,8.103812005784777,82.41924964057074,0.19096303,0.0037628201664321,-0.0553395913706885,0.0516836763256126,0.1423285769091712,2.031752133586276,102.13299999999995,0.1151867294298581,0.0276319175351586,0.9595,295.53323247949896,3.8339519522936745,0.012972997723901,4,9,0,2,-2.79,-3.486
mobley_9913368,8.253616e-06,-0.0802209824323654,57.2797908782959,6.448506116867065,27.34481239318848,1.2983644e-06,0.0014326290693134,0.0160472393035888,0.1074401810765266,0.0768609009683132,1.87774224311238,96.938,0.2300592316408768,1.0421994872666929e-07,1.9352,221.2483117160177,0.7084033936629055,0.0032018476804115,0,2,0,0,-0.78,1.024
mobley_8337977,0.78987086,-0.3320708785738264,93.22404861450195,7.289962598255703,89.95116697038922,0.22119737,0.0015302704248045,-0.3734329726014818,0.2514986140387399,0.1428238919803074,1.9979675330893547,100.16099999999992,0.0834696488986512,0.0149825109876547,1.6215,298.71225782645325,3.514633828604106,0.0117659511336359,5,14,0,1,-3.05,-3.116
mobley_9942801,0.025576705,-0.4021723866462707,126.1563720703125,6.515562534332275,109.46761322021484,0.01988986,-0.0007869508117437,-0.3672050237655639,-0.0623401217162609,0.0462169647216796,2.2827926206638054,120.19499999999992,0.1318879765186041,0.0,2.5574200000000005,332.5692862222497,0.0,0.0,3,1,0,0,-0.95,-0.5750000000000001
mobley_2484519,0.5026225,-0.2875964641571045,104.91358947753906,6.349758148193359,81.60181427001953,0.15603356,-0.0033923806622624,0.0053816735744476,0.0080219004303216,0.1111360639333725,2.172488245068275,126.58299999999996,0.1229363744549866,0.0,2.4254000000000007,301.12157299710145,0.0,0.0,1,1,0,0,-1.93,-1.742
mobley_9139060,0.016392965,-0.5223495193890163,113.67594800676618,8.146627698625837,111.83876473563058,0.010807716,-0.0008317693801862,-0.3376051953860691,0.0665666769657816,-0.0355783224638019,2.006275361590706,112.21599999999992,0.0766323714179325,0.0164280622212559,2.832600000000001,316.52592967523424,2.449903259407838,0.007739976506574,2,7,0,0,2.11,1.918
mobley_2784376,4.0639723e-05,-0.0913920849561691,42.47098922729492,8.806498527526855,40.94213104248047,9.330172e-06,-0.0026317907031625,-0.0872202068567276,0.1006945148110389,0.0219858027994632,1.0332504194779453,42.08100000000002,0.0276346259061756,0.0,1.1703,198.314257706015,0.0,0.0,0,1,0,0,0.75,2.485
mobley_7415647,1.0996227,-0.5201666951179504,158.88872030506965,3.720909802810005,130.08039988642153,0.41133225,0.0060337248825184,0.1580709853897924,-0.1647270529166511,0.3634453739808953,3.040454557020213,194.19000000000003,0.1516783596560874,0.0019710572452037,1.1904,394.4560709958678,1.5938946226433974,0.0040407405027874,4,46,0,4,-11.95,-10.036
mobley_2958326,0.29810536,-0.3731794729828834,103.85213703579372,7.172570480240716,96.32656457689072,0.12152713,0.0013643469946045,-0.27259913749165,0.0947958673867914,0.0443561068322095,2.312264671939369,101.19299999999993,0.1433781696590184,0.0274199714711322,1.396,323.1524962608071,5.621824239318709,0.0173968151395045,6,36,1,1,-3.65,-2.233
mobley_5948990,0.6583261,-0.3180294675486428,101.70562308175224,3.5704497609819685,87.5281001499721,0.37706307,-0.0004674296027847,0.1829950979777745,-0.1979219083275114,0.2249975353479385,2.147559510642413,138.12600000000006,0.0763073161220328,0.0010118966946018,1.0707999999999998,299.9886015889427,1.5593120270458958,0.0051979042496505,2,7,1,4,-7.37,-7.66
mobley_6198745,0.8125763,-0.5471842529312256,165.5367650678081,7.399991412316599,152.66162675426853,0.2720491,0.0101149052742027,0.2868649147210582,-0.0441309440159989,0.4109423891190559,2.9926678295196,218.2050000000001,0.0639570792207663,0.0174733762788285,0.0442999999999997,447.1479905456381,11.787210576595726,0.0263608711787169,8,62,0,6,-8.84,-12.333
mobley_7794077,1.5891227,-0.2786470651626587,96.93804931640624,6.169260025024414,89.74703979492188,0.668591,0.0031332238577306,0.724642276763916,0.2709905505180359,0.5755763053894043,2.3539568089484466,180.08620948900003,0.1009611571657875,0.0,0.0819999999999999,306.1631708132128,0.0,0.0,0,1,2,2,-15.46,-17.349
mobley_6804509,3.729944e-08,-0.3075474202632904,138.47805786132812,5.545422554016113,68.11408233642578,8.786079e-09,0.0069748573005199,0.1053581684827804,-0.0565908253192901,0.0478700548410415,2.669605390697979,215.882,0.0933091425168888,0.0,4.3002,330.5883964781318,0.0,0.0,0,1,0,0,-1.34,0.035
mobley_2481002,0.17023553,-0.1398993730545044,74.28424072265625,5.04845650990804,31.99927457173665,0.10605658,0.0130656864494085,0.6325787504514059,-0.2679806848367055,0.2415005962053934,1.8335609404589512,164.366,0.004233776011977,8.81344197680466e-07,1.6117,262.8116450346782,1.2466044133223326,0.0047433378119825,0,3,0,3,-1.45,-0.379
mobley_1723043,2.8696462e-05,-0.2227002183596293,69.46142578125,6.737179756164551,73.35620880126953,3.3100692e-05,-0.0203630452354749,-0.5966654221216837,0.0593736966451009,-0.0722678353389104,1.970563157452404,200.03122530400003,0.0039256632560763,3.167332985404264e-07,2.5412,280.6937141856387,0.8087757605911292,0.0028813461781201,0,3,0,0,3.43,3.077
mobley_2049967,0.47214532,-0.1560306884348392,64.88310241699219,7.742365717887878,50.82246780395508,0.19751756,0.0022491730051115,-0.2658090442419052,0.4136230498552322,0.0378137044608593,1.5059941723200172,76.15699999999997,0.0918313343786373,0.02812991199287,1.3693,243.32814808364964,2.6095275724999625,0.0107243144414302,3,4,0,1,-1.5,0.386
mobley_6190089,0.38266397,-0.1526178084313869,87.56826591491699,7.45876145362854,33.700462341308594,0.1398779,0.0173913426697254,0.3613101169466972,0.3154873419553041,0.2152195572853088,1.9995702530867496,167.83800000000002,0.0405773981147889,0.0128128708898253,2.5938000000000008,274.23352894737616,1.3171985480725796,0.004803200225474,1,4,0,0,-2.37,-0.534
mobley_7378987,1.4391098,-0.5285617113113403,151.8902130126953,5.084151268005371,127.8398666381836,0.39185113,-0.0052330214530229,0.0202246904373168,0.0910931676626205,0.4772083759307861,2.464654066836112,194.19400000000007,0.0686007117692704,0.0,-1.0293,367.9631648426162,0.0,0.0,3,1,0,6,-12.64,-17.621
mobley_2310185,0.4752634,-0.0842018872499466,37.379180908203125,8.615681648254395,39.311790466308594,0.11155259,0.0013278217520564,-0.0486926883459091,0.3058396875858307,0.1530870944261551,1.1829525805390682,46.06900000000002,0.1072954186522572,0.0,-0.0014,195.85176807287328,0.0,0.0,2,1,1,1,-5.0,-3.394
mobley_2245668,0.43867716,-0.2264065494139989,66.37687174479167,8.323657671610514,67.33131408691406,0.12265543,0.0002377860558529,-0.0854087173938751,0.2564099431037903,0.1168950796127319,1.619283889454792,74.12299999999995,0.0596977744924974,0.0183944487871475,0.6347,252.99014576404105,2.361733790089225,0.0093352797712997,4,3,1,1,-4.5,-3.13
mobley_1755375,0.418396,-0.3614137470722198,113.3847198486328,5.782938957214356,101.84243774414062,0.06426778,0.0015877466648817,-0.0345281958580017,-0.1346894204616546,0.1616428941488266,2.037152447388644,122.16699999999992,0.0636288727435864,0.0,2.00904,308.370988496784,0.0,0.0,3,1,1,1,-5.26,-4.308
mobley_8118832,0.42989102,-0.1086420901119709,49.75770854949951,7.570458173751831,47.03074645996094,0.12169794,-0.0012110917596146,-0.0079654157161712,0.1616439968347549,0.1792791821062564,1.4325083166965815,58.08000000000002,0.1218742721415526,0.0196440525941127,0.1647,218.42400670468209,0.8137116448006423,0.0037253764230266,2,4,1,1,-5.03,-3.286
mobley_7497999,0.9085829,-0.3159186840057373,108.12883758544922,5.604128360748291,96.0943832397461,0.2800185,-0.0016361083835363,-0.0542407035827636,-0.0544843524694442,0.1966275870800018,2.141694927556812,120.15099999999994,0.1091924891740968,0.0,1.8892,305.7304340106345,0.0,0.0,2,1,0,1,-4.58,-5.078
mobley_8789864,1.2591163,-0.4049076667198768,110.47710946890024,8.521740840031551,102.69745694673978,0.34962785,0.0165554906886357,-0.0619882459823901,-0.041120663858377,0.3325196046095628,2.131824175145951,145.1580000000001,0.0265672910109837,0.0063618401863836,0.4930799999999999,334.2448052596027,2.8991584313833734,0.008673757634413,7,13,0,4,-6.4,-5.859
mobley_1987439,0.016408354,-0.3987960517406463,127.66999816894533,6.2280778884887695,109.61424255371094,0.0010889564,0.0003799963742494,-0.7074782252311707,-0.0535986013710498,0.0355964601039886,2.181474491423591,120.19499999999992,0.0593658076566238,0.0,2.611860000000001,330.5389220259785,0.0,0.0,3,1,0,0,-0.9,-0.553
mobley_6257907,0.86246973,-0.2567746639251709,100.76883697509766,5.363407611846924,75.25663757324219,0.24093646,-0.0002184170298278,0.1060303449630737,0.0169644728302955,0.203584223985672,2.1172144807543294,127.57099999999996,0.106232932577762,0.0,1.9222,288.7350817327964,0.0,0.0,1,1,1,1,-5.82,-5.138
mobley_5056289,0.53537077,-0.2610814794898033,75.39135360717773,7.846104383468628,75.56881332397461,0.16554376,0.0001632624771445,-0.1653459295630455,0.2835062071681022,0.0839442107826471,1.580071084514107,86.13399999999994,0.0536112907281908,0.0133361109895713,1.1853,262.5789100726287,1.2147734566670902,0.004626317689913,1,4,0,1,-3.3,-1.984
mobley_2751110,0.9142114,-0.284635282225079,98.6300031873915,3.864755047692193,86.17082892523871,0.33461228,0.0044796226753128,0.4978569547335307,-0.198426518175337,0.3542798459529876,2.3475785704745658,139.11000000000004,0.1382387562592173,1.7107412159575713e-06,1.1941999999999997,298.2028062579748,2.002463083194391,0.0067151047581425,2,9,1,4,-10.64,-8.472
mobley_7463799,0.4764681,-0.4345232314533657,128.70434061686197,6.739514668782552,115.39911227756076,0.1325814,0.0008934473411904,0.0857345826096004,0.0755490867627991,0.2022378130091561,2.484529791042505,136.19400000000005,0.1177402448487269,0.0312963799599558,1.6115000000000002,343.03769811739653,3.8523686958049934,0.0112301613407125,4,9,1,1,-6.92,-5.771
mobley_9979854,1.0805831,-0.1627986133098602,57.40656661987305,8.642364501953125,61.16990280151367,0.3039557,-0.0003291189786978,-0.2306963503360748,0.1958252489566803,0.2033764272928238,1.662246011291981,114.06720948899996,0.0289473972291305,0.0,0.9295000000000002,248.10818697041907,0.0,0.0,2,1,1,1,-4.2,-3.486
mobley_9974966,0.4843851,-0.3931921318173408,110.16351699829102,6.904403281211853,92.78504219055176,0.20222127,0.0029096205020323,-0.0546596936881542,0.3419227868318558,0.0452071020379662,2.012152086310307,118.23799999999991,0.0672918927483695,0.0190330785773363,2.5364000000000004,319.480655428294,6.003489230542309,0.018791401383893,6,20,0,1,-1.21,0.14
mobley_6303022,0.7335234,-0.3029606938362121,99.068603515625,6.352123260498047,88.63512420654297,0.20646515,-0.001422575674951,-0.2025710940361023,0.0309711545705795,0.1278958320617675,2.0024180576754027,107.15599999999996,0.1028459190548182,0.0,1.644,295.0854577455251,0.0,0.0,2,1,0,1,-4.73,-3.19
mobley_2850833,1.239637,-0.275452971458435,96.97833251953124,4.81329345703125,88.19819259643555,0.40590495,-0.0023408499546349,0.1834009140729904,-0.1144136488437652,0.2456404715776443,2.0337631530363014,122.12299999999996,0.0802117522538973,0.0065577690647746,1.2046999999999997,282.854120266167,0.5785691439141658,0.00204546832611,2,2,1,2,-4.68,-8.809
mobley_1650157,0.4386415,-0.2309189140796661,65.83223724365234,8.26042366027832,67.521728515625,0.088459246,0.0014968961477279,-0.1781187057495117,0.5985590815544128,0.1242747455835342,1.4854134992394434,74.12299999999995,0.0002531434367543,0.0,0.7771999999999999,250.13408455384013,0.0,0.0,0,1,1,1,-4.47,-3.2880000000000003
mobley_4620651,0.5866959,-0.2158883164326349,82.02825164794922,7.611078262329102,76.1146723429362,0.17117669,0.0014056991785764,-0.2334904869397481,-0.0871431678533554,0.182559793194135,1.8811096971112045,100.11699999999996,0.109679714247822,0.0119087872882285,0.5693999999999999,280.93842366259395,0.1576775360115818,0.0005612530103783,2,3,0,2,-4.1,-3.604
mobley_9114381,1.2706047,-0.15793302282691,72.4277737935384,7.66928509871165,64.30977948506673,0.28896073,0.0080580704379826,0.1627836811045805,0.1307486618558565,0.3197204569975535,1.9899450799970737,99.08899999999998,0.1347464796518691,0.0333225871945796,0.0730799999999999,269.92622166339646,0.643982785304021,0.0023857733470113,2,12,0,3,-6.72,-6.36
mobley_5326154,0.59534264,-0.3853714764118194,117.48443603515624,5.314599514007568,102.2294464111328,0.14590852,0.000691469758749,-0.0675674676895141,-0.0702048912644386,0.0905064344406127,2.1499330650856723,121.18299999999992,0.1054020148576503,0.0,1.7526,313.70056179573834,0.0,0.0,3,1,0,1,-3.45,-4.426
mobley_6619554,0.58582294,-0.3882065375349415,118.42238093134182,7.711090166177323,110.38034570039208,0.19256951,0.0035364889025465,-0.203210338282941,0.0046508217147037,0.129428858632472,2.5601388208735405,130.18699999999995,0.143188418007544,0.0287170754774936,1.7397,355.55524159267884,6.213321681979388,0.0174749826613365,6,67,0,2,-2.49,-3.11
mobley_1952272,0.6224796,-0.0565090253949165,32.98308563232422,4.921548843383789,31.76464080810547,0.14868255,0.0030911276116967,-0.0581123232841491,0.3926860392093658,0.2105961591005325,1.2286369445705576,61.04000000000001,0.0437871173627695,0.0,-0.0862,196.4697315314676,0.0,0.0,1,1,0,3,-4.02,-2.075
mobley_299266,0.12774624,-0.1472793668508529,58.77427291870117,7.120373249053955,55.20038986206055,0.052069455,-0.0011505535803735,-0.1717134416103363,0.0714194774627685,0.029125228524208,1.4151280862851745,56.10800000000002,0.0526913119448279,0.0,1.5824,231.73709699659912,0.0,0.0,2,1,0,0,1.16,2.327
mobley_8691603,0.50048333,-0.2796688675880432,96.94273376464844,5.919601440429688,87.70451354980469,0.14976515,0.000535100698471,-0.138245940208435,-0.0577083081007003,0.2012425661087036,1.962088003113729,108.13999999999994,0.082710438566407,0.0,1.7006199999999996,287.51918078161225,0.0,0.0,2,1,1,1,-5.49,-5.378
mobley_5890803,0.60603386,-0.3160906732082367,101.36826097643052,8.124678740630278,96.39145577920448,0.20327993,0.0035258131605145,-0.141354632135984,0.0123241198425357,0.1361414556567733,2.259845082572036,116.15999999999994,0.1248252082177747,0.0288035043009197,1.3496,326.1892682026692,5.043704322723393,0.0154625084709703,5,37,0,2,-2.44,-2.453
mobley_2607611,0.60151196,-0.4658973241093183,134.9251742892795,7.705300894650546,124.35908107564909,0.18304093,0.0046214570216081,-0.1464185594308256,0.0387358754835646,0.1261001741795828,2.9069765920288324,144.21400000000014,0.1535516284655941,0.0316369032638699,2.1298000000000004,383.161014053481,6.888123218575294,0.0179770983109828,7,99,0,2,-2.26,-2.219
mobley_550662,0.60786474,-0.3436768442392349,92.6932472229004,8.992157363891602,92.70589218139648,0.21897396,0.0075508155394345,0.0506138831377029,-0.0136421933770179,0.1593942508101463,1.8634555053438933,120.14799999999993,0.0189250103088742,0.0077115950272548,0.5992999999999999,306.08952889235786,2.242839440027813,0.0073273968179961,7,10,0,3,-4.42,-3.7
mobley_3395921,0.44682145,-0.272940494120121,74.00987815856934,7.950141906738281,75.48778533935547,0.13279761,-0.0010001678019762,-0.1181576251983642,0.141723945736885,0.0772404335439205,1.5477487457291927,86.13399999999996,0.0382054862515216,0.0018269860416471,1.1869,257.636293696633,0.9866966949567908,0.0038298047251006,0,4,0,1,-3.12,-1.809
mobley_8124669,1.4561163,-1.01378523981249,234.40391677993912,6.311266353538445,193.40467875712628,0.585533,0.0127820287587809,0.2632068980921496,0.001013294583908,0.2579109947960656,2.993083388142733,269.7689999999998,0.0199321383015898,0.0119200403437817,2.9871000000000016,488.99475033218926,5.755772587535653,0.0117706224527473,9,111,0,2,-8.21,-6.851
mobley_9121449,0.23238476,-0.1097026765346527,57.971527099609375,8.359382629394531,48.36217498779297,0.06247982,0.002479373011738,0.0459894090890884,0.2084393054246902,0.0915335044264793,1.525127164358501,54.09200000000001,0.1538966027241138,0.0,1.0295999999999998,229.9796009607832,0.0,0.0,1,1,0,0,-0.16,0.284
mobley_6861308,1.3249209,-0.4673073490460713,150.7666982014974,5.925038019816081,125.38788096110028,0.43620548,0.0017597740516066,-0.2693875829378764,0.13807379702727,0.3396901190280914,2.753342264450195,164.20800000000008,0.1495651853421742,6.025731958352826e-07,1.7801,375.5749382319149,0.5043720623433394,0.0013429332231744,3,3,1,1,-9.13,-11.81
mobley_2390199,0.8026931,-0.3838604270143712,111.16634531224028,7.489079039147559,103.94647038236576,0.2682671,0.0020093600602543,-0.3168036576281202,0.1514039792596025,0.1369035946244889,2.360696270525366,114.18799999999992,0.1292384300801235,0.0252914791270942,2.1557000000000004,333.8440458567524,4.474181143930533,0.0134020097091991,6,47,0,1,-2.92,-2.704
mobley_7010316,0.44245127,-0.3670288026332855,88.72771453857422,8.136338642665319,90.00987679617745,0.11476596,0.0022007625416985,-0.1251924719129289,0.2025518630232129,0.1314797071473939,1.7445314103986267,100.16099999999992,0.0397349156535431,0.0183086238411605,1.3114,279.3279663088043,1.5035948057223738,0.005382901059252,1,7,1,1,-5.46,-4.178
mobley_1017962,0.551386,-0.3988155914204461,118.56569682529994,7.895466320855277,110.2565686907087,0.15090473,0.0032841485658926,-0.3165910678250449,0.0104115028998681,0.1205832725124699,2.6195841504896347,130.18699999999995,0.1488414075953578,0.0278941556653362,1.7397,352.5080126637639,5.354866578451839,0.0151907655601562,6,70,0,2,-2.49,-3.299
mobley_3589456,0.5753252,-0.389537518674677,106.93215803666548,8.776658404957164,92.75866456465288,0.24027644,0.0065085763450373,-0.188711017370224,-0.0585093505003235,0.2171605828810822,2.0882776910652336,154.5900000000001,0.028591602182967,0.0076976095721706,0.8182,325.5118132853273,2.56628771220454,0.0078838543102429,7,22,0,3,-4.59,-3.638
mobley_1449384,0.051362514,-0.494960606098175,142.03763580322266,6.466125249862671,123.4534149169922,0.024726715,-0.0007916125468909,-0.2640418112277984,-0.0738559290766716,0.0338649302721023,2.4278619601663136,134.222,0.1249199348951312,7.933683657812551e-07,3.118420000000002,355.4841290831855,1.5812396520268237,0.0044481300926287,4,2,0,0,-0.68,-0.456
mobley_7157427,0.5872438,-0.4352510650952657,124.32449154324,8.26629827287462,103.47391510009766,0.15893312,0.0014146261822639,-0.1555760545863045,0.0634971296000811,0.0462764506745669,2.785042050839195,134.64700000000002,0.1583387237672935,0.0314528367688676,3.1956000000000016,351.1149756992294,6.055196016374503,0.0172456216209971,6,90,0,0,0.29,1.467
mobley_9653690,0.41394314,-0.6119445902960641,147.7136688232422,6.702163855234782,133.83996218726747,0.11947497,0.0007311813533306,-0.0962747789564586,0.0305594945592539,0.1685898907127834,2.418782220769285,152.2370000000001,0.080802986183308,0.0214604751525954,2.2797,365.5858507044573,3.4329809180930027,0.0093903549917971,4,21,1,1,-4.44,-3.257
mobley_7417968,0.6358968,-0.3251874240961941,108.71309245716442,7.341523655978116,102.02509904341264,0.22918789,0.0048984292047944,-0.1232189855792305,0.0116207156330347,0.2082517017017711,2.575723624251819,132.159,0.1515153068170353,0.0281278086762105,0.586,347.4152263781334,5.926530652348878,0.0170589260411353,6,55,0,3,-5.31,-5.751
mobley_4883284,0.4843359,-0.2280409634113311,84.13774108886719,5.63502311706543,74.95922088623047,0.14981624,-0.0004771957173943,0.102939635515213,-0.0326699763536453,0.1891385018825531,1.746843713520234,93.12899999999996,0.0876245962919283,0.0,1.2687999999999997,263.4987199361413,0.0,0.0,1,1,1,1,-5.49,-5.543
mobley_1520842,0.7141342,-0.2291954010725021,83.66151428222656,6.399542808532715,74.65292358398438,0.19234692,-0.0018559983000159,-0.0852918624877929,0.0389042422175407,0.1443951278924942,1.7439902438490915,93.12899999999996,0.0887652498386162,0.0,1.39002,258.52892313791125,0.0,0.0,1,1,0,1,-4.93,-3.343
mobley_3210206,0.8740291,-0.2705411560395184,91.25990532626624,4.962158940419429,84.58201554242302,0.39963654,0.0121869901508218,0.6011296981523017,-0.2143288831375226,0.4823838702770842,2.642984432850857,166.08900000000003,0.1207902134459718,0.0170196706451728,-0.1667,338.4826286805308,6.801012964827499,0.0200926499281193,6,119,0,8,-4.95,-5.646
mobley_5449201,0.032149773,-0.2653963069121043,76.5813357035319,8.830859343210856,75.19598642985027,0.008205808,-0.0002511807251721,-0.1920626113812128,0.0873210206627845,-0.0284088663756847,1.8057894413514248,72.15099999999997,0.1127687948758138,0.0399621935241479,2.1965000000000003,268.98443089076983,3.773307014126427,0.0140279755286606,4,6,0,0,2.3,2.673
mobley_5852491,0.029971484,-0.3217037469148636,83.79534721374512,8.097466230392456,83.71782302856445,0.035662375,0.0015237861080095,-0.1297728046774864,0.0329263028688728,-0.0400887569412589,1.6566919837809304,84.16199999999994,0.0595594366970793,0.0190843888576985,2.1965000000000003,273.10876936873467,2.094403234947493,0.0076687513176105,1,4,0,0,1.59,1.785
mobley_5499659,1.2489297,-0.1684420704841613,66.74239349365234,7.06763219833374,59.51792526245117,0.28813648,-0.0040497221052646,-0.1078971028327941,0.2370418608188629,0.2726134359836578,1.5263361712251966,82.10599999999997,0.0940043053093702,0.0,0.4200999999999999,241.5481542781786,0.0,0.0,1,1,0,2,-8.41,-6.282
mobley_1875719,0.81251794,-0.2406962891419728,78.56399536132812,7.445688629150391,75.96105244954427,0.2493151,0.0023285926630099,-0.2548636039098104,0.1691769282023112,0.1553282558917999,1.839424774813371,86.13399999999996,0.0883569340151243,0.0190832050325058,1.3755,276.7482122949155,1.8621800662536223,0.0067287880590505,4,15,0,1,-3.41,-3.05
mobley_3265457,1.2451627,-0.522416353225708,161.2371940612793,4.368831634521484,127.5217056274414,0.39934304,-0.000649532303214,-0.2555608749389648,-0.1509943529963493,0.2631492167711258,2.7334059445242618,216.61700000000005,0.0614099381954157,1.5636115288631394e-07,1.8753,388.2338483026524,3.063872549861105,0.0078918223211506,6,4,1,4,-7.78,-8.292
mobley_303222,0.10586349,-0.08708156645298,43.902339935302734,7.564775466918945,41.05809020996094,0.03294568,-0.0016030266415327,-0.0962045639753341,0.0674334242939949,0.0277533829212188,1.2266041185502146,42.08100000000002,0.1397077261422494,0.0,1.1923,201.8236606025742,0.0,0.0,1,1,0,0,1.32,2.328
mobley_252413,0.060061205,-0.4613474508126576,104.46707153320312,8.3346586227417,103.14728291829428,0.014334382,8.18478874862194e-05,-0.0702839791774749,0.1046998923023541,-0.0381188243627548,1.9860441264656925,100.20499999999991,0.0619924329511549,0.0114961245767352,2.832600000000001,308.7701603633659,3.995756543494279,0.0129408766015213,2,3,0,0,2.88,2.686
mobley_8492526,0.8131013,-0.2512481102058964,78.38664885490171,6.967051905970419,75.62992711221018,0.21393096,-0.0005869062977933,-0.0811281550315118,0.0398844306267076,0.1545811920396743,2.021952350923987,86.13399999999994,0.1359982999141711,0.0348250433378241,1.3755,275.825376769052,4.009730783856575,0.0145372076740201,4,31,0,1,-3.03,-2.927
mobley_4287564,0.534898,-0.223685547709465,84.34642028808594,6.571066856384277,74.7061996459961,0.16571586,-0.0016316911205649,-0.097916841506958,0.0652646869421005,0.1196111440658569,1.7304578481404345,93.12899999999996,0.0859449203384599,0.0,1.39002,266.2912247671697,0.0,0.0,1,1,0,1,-4.63,-3.501
mobley_7758918,0.48713556,-0.1291868388652801,53.87306467692057,8.15494696299235,54.84503809611002,0.13154666,0.0024675588744382,-0.0213224291801452,0.085769864420096,0.2280465414126714,1.5434587335962258,74.07899999999998,0.0860007969270206,0.0133046416649968,0.481,232.0792673005413,0.2758056758944373,0.0011884115246592,2,3,1,2,-6.46,-9.088
mobley_5518547,0.39675453,-0.2987996339797973,103.27169036865234,5.610145092010498,89.05745697021484,0.132758,0.0002687070518732,0.1897258460521698,-0.0821320563554763,0.1814910471439361,2.017867045841095,107.15599999999996,0.1236193019826956,0.0,1.5772199999999998,292.92044390931983,0.0,0.0,2,1,1,1,-5.57,-5.494
mobley_1178614,0.21349242,-0.2372699826955795,94.08319854736328,5.85673713684082,73.79998016357422,0.05144103,-0.0009583169594407,0.0755512118339538,0.0235421881079673,0.1152974069118499,1.9688952824482773,128.55499999999998,0.081351305413626,0.0,2.0456,277.7612688007167,0.0,0.0,1,1,1,1,-4.55,-3.317
mobley_4219614,0.59553415,-0.3111096024513244,136.27215576171875,5.35023307800293,68.028076171875,0.20719823,0.0093614570796489,-0.0509424731135368,-0.0746094062924385,0.0833317190408706,2.5434952850615056,215.882,0.0858571268665155,0.0,4.3002,319.1895221643495,0.0,0.0,0,1,0,0,-1.34,-0.304
mobley_7099614,0.5195388,-0.1101100705564022,57.75099182128906,7.622496604919434,41.2813720703125,0.15531942,-0.0018878104747273,0.0019832346588373,0.0649412237107753,0.0862730927765369,1.54487714581038,76.52299999999998,0.1447869645507907,0.0221243322770297,1.4112,228.2068045071012,2.461911157713424,0.0107880707721702,1,4,0,0,-0.5700000000000001,0.944
mobley_9565165,0.12245727,-0.5528120994567871,167.9645538330078,4.861337184906006,138.65907287597656,0.001701947,-0.00383922457695,0.275686502456665,0.0107742995023727,0.1793038547039032,2.5541158419854377,166.22300000000007,0.1234368218051753,0.0,3.2578000000000014,362.9202802916642,0.0,0.0,0,1,0,0,-3.35,-4.269
mobley_3323117,1.4820603,-0.2767374614874522,81.50290934244792,7.266957759857178,71.62700907389323,0.47857484,0.0023626585801442,-0.319095253944397,0.1657624095678329,0.3706714312235514,1.6332809566187922,120.16599999999995,0.0349075988717141,1.6711657206602325e-06,0.195,269.7579488202091,1.184503938910355,0.0043909880842837,0,3,0,2,-8.61,-9.624
mobley_6988468,0.5212625,-0.2943515032529831,100.36013412475586,6.440927863121033,88.68802452087402,0.17650378,-0.0010369825176894,-0.3301333338022232,0.0100243329070508,0.1129793245345354,1.982091429846498,107.15599999999996,0.0991944018105628,8.170606238757973e-07,1.644,297.0309117862966,1.6789417718327897,0.0056524142949833,2,4,0,1,-4.33,-3.31
mobley_4013838,0.77217805,-0.4279340393841266,106.77093029022215,7.346101462841034,103.92218017578124,0.2897225,0.0023752853740006,-0.255931805819273,0.0635622278787195,0.1186583768576383,2.0300266659782795,114.18799999999992,0.0453500981921458,0.0137620964605032,1.8675,318.4414546185801,4.439387663341516,0.0139409853803704,6,8,0,1,-2.74,-2.629
mobley_172879,3.8148093e-05,-0.5024595856666565,164.3854522705078,5.289542198181152,136.05804443359375,1.7015522e-05,-0.0055026467889547,0.4385173320770263,0.0413636639714241,0.1016351282596588,2.6454370547184123,184.19400000000005,0.1373929460176174,0.0,3.584600000000002,366.42528883242505,0.0,0.0,0,1,0,2,-3.15,-4.9
mobley_8558116,0.3254722,-0.3314995893410274,84.66154370989118,6.401233196258545,82.20279584612165,0.121842615,-0.005106640048325,-0.4145872337477548,0.1348736264875956,0.1040473154612949,1.7287133582391736,101.14899999999992,0.058347439023331,0.0105350340145429,-0.0516,276.3027998357793,2.1583724854188944,0.0078116200295535,1,7,0,2,-6.32,-5.774
mobley_1976156,0.7949509,-0.5346591032521669,145.0919471563295,7.165119503819665,131.60130363286927,0.217262,0.0009596131492925,-0.1228753577831179,0.0460032123834068,0.1414001150446575,3.160808613820413,142.2420000000001,0.1644558639050954,0.0332967887343766,2.935900000000001,392.6600388343234,7.219043413883141,0.0183849709670331,8,172,0,1,-2.07,-2.336
mobley_9407874,0.7994803,-0.4580381632465677,128.16103229326072,7.367383391586776,117.90750940067252,0.2270322,0.0028688100589074,-0.2635541619713773,0.2720516270276197,0.1533460008729364,2.759592871469813,128.21499999999992,0.1533641989880752,0.0280988946213604,2.5458000000000007,362.52912874826666,6.528445693733453,0.0180080583214781,7,97,0,1,-2.88,-2.758
mobley_1659169,0.373484,-0.2468574543793996,69.15726470947266,6.876664479573567,68.50433603922527,0.15148646,-0.0030507966876029,-0.0960639814535776,0.2274038890997568,0.1785586675008138,1.5263714569782645,87.12199999999996,0.0400080323320944,0.0010292649175248,-0.3938000000000001,249.717528826881,1.0332029460838987,0.0041374866671861,0,3,1,2,-7.17,-6.116
mobley_5627459,0.7675423,-0.1834291269381841,61.76497904459635,6.959153016408284,61.73187891642253,0.21984051,-0.001084982107083,-0.1214178303877512,0.0912508939703305,0.149189348022143,1.5940523174740937,72.10699999999996,0.0640714707226322,0.0028725539250592,0.8412999999999999,245.9922915257896,1.540694744039376,0.0062631830228625,3,3,0,1,-2.86,-2.968
mobley_4893032,1.1647656,-0.233132179826498,78.7625503540039,8.048999667167664,71.38267707824707,0.23540246,0.0050906820688396,-0.0230506546795368,0.2271183617413044,0.2153097242116928,2.020317900187917,83.13399999999996,0.1334845675447004,0.0406500010968096,1.70018,275.06945799873506,3.652563883681133,0.0132786966254098,3,8,0,1,-3.52,-2.147
mobley_7893124,0.10513701,-0.5362154245376587,134.82241821289062,6.581784248352051,123.30721282958984,0.029418986,-0.0018372219055891,-0.3120476603507995,-0.0247263442724943,0.0372974649071693,2.254762286628732,134.222,0.0827514756693315,0.0,2.984100000000001,341.53555857984827,0.0,0.0,0,1,0,0,-0.44,-0.803
mobley_3264884,0.5693672,-0.42624431848526,137.3285369873047,4.791135311126709,115.01725769042967,0.16309166,-0.0021244939416646,0.0673410296440124,-0.0725197494029998,0.2443650066852569,2.3417385198354093,143.18900000000005,0.1194171314463719,0.0,2.422,328.40630419078724,0.0,0.0,1,1,1,1,-7.47,-8.003
mobley_2845466,4.666349e-05,-0.6272775530815125,243.98643493652344,5.001437187194824,136.868896484375,1.312749e-05,0.0020058499649167,0.153129369020462,-0.0498368442058563,0.0485336184501647,4.006994976638907,321.9619999999999,0.1723670389111589,0.0,6.1982,456.0340864428605,0.0,0.0,0,1,0,2,-3.37,-2.54
mobley_3762186,0.43875384,-0.0517959147691726,44.329566955566406,8.579195022583008,19.585844039916992,0.12631379,0.0005564051680266,0.1026728302240371,0.1461307406425476,0.1172600761055946,1.4016421929329088,84.92699999999999,0.1836450340168235,0.0,1.4215,199.3756839998328,0.0,0.0,0,1,0,0,-1.31,0.038
mobley_5123639,0.4516028,-0.3910866280396779,96.62125057644316,8.174788581000435,95.31668175591363,0.10091272,0.0025200428337686,-0.1671983268525865,0.2702908035781648,0.1046085680524508,2.004810411726412,102.17699999999992,0.076677532802389,0.016868774237354,1.4133,301.36736293392715,3.404268892049647,0.0112960768508831,6,9,1,1,-3.73,-2.907
mobley_4792268,0.510836,-0.2726001977920532,84.9922509765625,8.062760639190675,82.80041961669922,0.13190036,0.0023089427500963,0.0709762555360794,0.0742207661271095,0.2054379600286483,2.0810266010283427,102.13299999999994,0.1136477897807494,0.0329643549628013,1.2612,288.51078575594926,4.491296362034039,0.0155671696996216,4,25,1,2,-6.16,-9.053
mobley_3083321,0.40615073,-0.1569656754533449,58.54874610900879,8.53561019897461,58.58191617329916,0.16537358,0.001902087436368,-0.1949822505315145,0.1191011232634385,0.136771069218715,1.6523874145409587,76.09499999999997,0.1337903080573348,0.0340334762074713,0.2367,246.19229938057325,1.9317542884547887,0.0078465260421026,4,6,0,2,-2.93,-3.221
mobley_2492140,0.2500361,-0.1776956468820572,101.51320393880208,6.825456937154134,33.47024408976237,0.08652794,0.0293093646566073,0.7509762843449911,0.3366089363892873,0.2087122599283854,2.066043665209049,202.28,0.0191541233664036,1.9150303779305905e-07,3.1603000000000003,290.93064471224784,0.4020844115150023,0.0013820627658962,0,3,0,0,-1.23,0.059
mobley_7859387,0.7985103,-0.3931029244345062,111.22282113834304,7.219736357124484,103.60988819355867,0.21093546,6.78239181181606e-05,-0.1095780839725416,0.0411832764820784,0.1463745221951786,2.6103129920788204,114.18799999999992,0.1581146826678449,0.0330705555266899,2.1557000000000004,334.1392908516629,5.45598854588214,0.0163284854408344,6,98,0,1,-2.67,-2.704
mobley_2005792,0.00014488032,-0.4796468168497085,158.41617584228516,5.665907382965088,129.5314178466797,1.2381982e-05,-0.0038845557719469,-0.3956817984580993,-0.0250976029783487,0.1039004679769277,2.6487822942168684,154.21200000000007,0.1442296629771617,1.1471639859412725e-06,3.353600000000002,362.47158173711534,3.0476350519360924,0.0084079282500728,1,4,0,0,-2.7,-3.143
mobley_2523689,1.7788815,-0.5362140039602915,179.86215464274088,4.338188171386719,129.2874755859375,0.6514867,-0.003653616644442,-0.738953173160553,0.3011960585912068,0.4224016467730204,3.0205364838797784,221.6440000000001,0.1351023788910642,1.1153695257715194e-06,1.4680999999999995,391.1661692859984,4.689595675576662,0.011988755786669,2,6,1,4,-16.43,-16.039
mobley_9257453,0.7408454,-0.2680296897888183,111.00720977783205,5.430959224700928,74.06674194335938,0.24993989,0.0047874334268271,-0.0124654471874237,-0.1038036569952964,0.2281991243362426,2.2816491961901537,162.997,0.0835943252715724,0.0,2.6990000000000003,293.5236275699435,0.0,0.0,1,1,1,1,-7.29,-5.139
mobley_2636578,0.7977699,-0.2596017581815938,93.15720460615086,4.651793352520193,84.64349289522826,0.3164405,0.0127461794123963,0.1925983845277597,-0.3731689705648495,0.488653143626133,2.974959823136049,166.08900000000003,0.1603040208093206,0.0300113024263907,-0.1651,346.2037955163815,9.150006489452949,0.02642953834693,6,131,0,8,-4.8,-5.322
mobley_4463913,0.986872,-0.3139225468039512,109.83524703979492,7.518013715744018,103.57704544067384,0.2867188,0.0073761146049946,0.2262083664536476,-0.0560577046126127,0.2448592409491539,2.437062027619299,146.14200000000008,0.1189177930846905,0.0186240343125551,0.4586,348.6620166007639,0.7667385935944823,0.0021990883924486,5,4,0,4,-4.97,-8.006
mobley_1424265,0.11721584,-0.3265357613563537,108.69771575927734,6.421579837799072,95.51033782958984,0.023120245,-0.0007076850160956,-0.230497658252716,-0.0313687622547149,0.0538049228489398,1.9975135651031848,106.16799999999994,0.08137045016971,0.0,2.30344,300.8284855961443,0.0,0.0,2,1,0,0,-0.8300000000000001,-0.6970000000000001
mobley_2577969,7.0733016e-08,-0.7196020483970642,199.064697265625,4.192914962768555,165.331787109375,2.32126e-08,-0.0062138140201568,0.7341058850288391,0.1239974424242973,0.2348527461290359,2.626306905590258,202.25600000000009,0.0790496117149015,0.0,4.584000000000002,381.04619300787806,0.0,0.0,0,1,0,0,-4.52,-6.79
mobley_5310099,0.14159139,-0.2918000173568725,90.64645416259764,7.888676509857178,82.98614349365235,0.050521445,-0.001575836725533,-0.0678332710266113,0.032410571873188,0.0145785784721374,2.05207846135282,84.16199999999994,0.1302890754442829,0.0359565335620067,2.3626000000000005,291.6180616735514,4.34302793927397,0.0148928633375792,4,25,0,0,1.58,2.628
mobley_1363784,0.7033011,-0.294523149728775,101.53803253173828,6.068049907684326,88.79711151123047,0.17020428,-0.0012972429394721,-0.6789902448654175,0.0183501057326793,0.1358230710029602,1.9694816771453671,107.15599999999996,0.0822579701089427,0.0,1.69844,297.9600193299067,0.0,0.0,2,1,0,1,-4.84,-2.869
mobley_859464,0.6133836,-0.3350948459572262,100.34131622314452,8.001073413425022,96.43649291992188,0.19939521,0.0027855426693956,-0.1774857706493801,0.0439760478006468,0.1186486300494935,2.202271900526949,116.15999999999993,0.1117688814177622,0.0202213887862728,1.2055,321.11432654324767,4.578147369559096,0.0142570635787018,5,9,0,2,-2.36,-2.896
mobley_242480,0.04711143,-0.7465723752975464,209.7333831787109,3.0448899269104004,169.22695922851562,0.20251761,-0.009424865245819,0.5282813906669617,-0.4731231331825256,0.2482653856277465,2.91881264437644,238.24600000000007,0.0800219071034609,0.0,1.6263999999999998,408.81225313440575,0.0,0.0,2,1,2,4,-11.85,-15.252
mobley_9478823,0.21382569,-0.3418524265289306,106.46656799316406,6.437538623809815,95.48536682128906,0.037861932,-0.0012742076069116,0.0741616785526275,-0.0510865598917007,0.0488931350409984,1.92143875613316,106.16799999999994,0.0657375533237287,0.0,2.30344,298.74981452799085,0.0,0.0,2,1,0,0,-0.9,-0.851
mobley_6266306,0.39323613,-0.1370335668325424,50.89384078979492,7.442883014678955,47.85702896118164,0.10034486,-0.0038818567991256,0.0702288150787353,0.2642306685447693,0.0747105255722999,1.1924900589618732,57.09600000000001,0.0355347757442748,0.0,-0.0203,216.514861151656,0.0,0.0,0,1,1,1,-5.5600000000000005,-3.861
mobley_5747981,0.685452,-0.441901175245162,115.3010497554656,8.912133462967411,112.11686115880168,0.26139623,0.0046905828639864,-0.3088878143218256,-0.1544725993467915,0.2588738755833718,2.161156058560059,150.17400000000012,0.0274983576525341,0.0098888819754745,0.2258,349.4045842825036,4.171132463771461,0.0119378298150747,9,31,0,4,-5.73,-5.436
mobley_3452749,0.2548349,-0.4304872155189514,122.90994262695312,6.188131332397461,109.5639190673828,0.04704892,-0.0014203982427716,0.1599630713462829,-0.0593995414674282,0.0366897955536842,2.075824133571452,120.19499999999992,0.0620732241734438,0.0,2.611860000000001,315.77580329770365,0.0,0.0,3,1,0,0,-1.21,-0.883
mobley_5311804,0.43879893,-0.2842188477516174,95.36576080322266,6.845697402954102,87.32471466064453,0.08595587,-0.0005353670567274,-0.0775250792503357,0.0542266815900802,0.1529124081134796,1.996823124581151,108.13999999999994,0.1017260279278465,0.0,1.1788999999999998,284.6005731852244,0.0,0.0,2,1,1,1,-6.62,-5.133
mobley_1075836,0.5303734,-0.1824534982442855,69.8327651977539,8.189086532592773,68.32100982666016,0.1479111,0.0036575807258486,-0.2869617938995361,0.0161078341305255,0.1450756669044494,1.7730761916804745,88.10599999999997,0.1129948199421742,0.0227630574461455,0.5694,266.4419648541439,1.224997888703086,0.0045976161802202,3,5,0,2,-2.93,-3.652
mobley_4639255,0.47017226,-0.1045033857226371,43.187496185302734,8.604732195536295,45.29434331258138,0.12836872,0.0016632196493446,0.0565241475900014,0.419705977042516,0.2757932941118876,1.413130666564772,62.06800000000002,0.112653655416066,0.0382346620514576,-1.029,211.19145270731795,1.2106695671231058,0.0057325689633894,3,3,2,2,-9.3,-7.266
mobley_1502181,0.7969563,-0.5297174457903508,145.11212318260354,7.299913546422145,131.88930794242378,0.22709346,0.0032733098532144,-0.2773480446605416,0.2704164694239209,0.1514438058321292,3.0394785620289952,142.2420000000001,0.1581870222544624,0.0332398775586741,2.935900000000001,391.4045407640291,7.720936760945103,0.0197262319590715,8,143,0,1,-2.49,-2.563
mobley_8127829,0.12348718,-0.3303778171539306,105.89889526367188,6.736454010009766,95.37696838378906,0.038205184,-0.0012399870902299,-0.253949224948883,-0.0202351305633783,0.0481016188859939,2.024168397365928,106.16799999999994,0.0998553201041446,0.0,2.249000000000001,302.34105980960675,0.0,0.0,2,1,0,0,-0.79,-0.606
mobley_3761215,0.4394304,-0.1359118372201919,72.99181365966797,7.555973052978516,33.72306442260742,0.073812455,0.0090404944494366,0.008582666516304,0.1182439997792244,0.0644559264183044,1.6635449230929698,133.39600000000004,0.0135864732874133,0.0,2.376500000000001,250.3588041125465,0.0,0.0,0,1,0,0,-0.19,0.505
mobley_9741965,0.9295018,-0.3452642838869776,107.34938893999372,4.824172949790954,98.68596196855816,0.40603894,0.01692977312154,0.5087064436503819,-0.2132331647777131,0.4815520427056721,2.916716951861501,180.11600000000004,0.1310681413543694,0.0314748649577823,0.2233999999999999,363.277330695825,9.585583042981549,0.0263864057375152,7,140,0,8,-4.29,-4.944
mobley_6794076,0.6972104,-0.2861682176589966,101.51203155517578,5.169134140014648,89.28153991699219,0.22191001,-0.0017660185694694,-0.0176132321357727,-0.0441641360521316,0.2581950426101684,2.11901632844121,121.13899999999995,0.1108454168045693,0.0,1.2842,290.8007823919307,0.0,0.0,2,1,0,2,-7.62,-7.566
mobley_8785107,0.5246068,-0.3402152061462402,91.43695259094238,7.805766224861145,89.6882438659668,0.17789946,0.0009567168308421,-0.0373947769403457,0.2332730591297149,0.0731873158365488,1.790158999955478,100.16099999999994,0.0738119591730912,0.0097668275857756,1.5738,289.8059660643132,3.782880331316107,0.0130531485693314,2,4,0,1,-2.92,-1.787
mobley_6359156,0.1278407,-0.5586584508419037,191.7850952148437,5.629310607910156,129.98870849609375,0.047082454,-0.0049201501533389,-0.0698683559894561,-0.0387017410248518,0.1117663756012916,2.9825103300697693,223.0960000000001,0.082119462545259,6.088523466507567e-07,4.660400000000001,404.4589542878185,1.4163770636142772,0.0035019055669277,1,2,0,0,-2.46,-1.903
mobley_511661,0.0024602225,-0.1099154601494471,57.91355005900065,6.437241713205974,48.99810536702474,0.0026032052,-0.0018590129911899,0.0233758787314097,0.0168173797428607,0.0438004148503144,1.4879490151453112,54.09200000000001,0.1638355496467019,0.0285428157338866,1.3584,223.1103678897257,1.0088577517016153,0.0045217878543423,1,3,0,0,0.56,1.955
mobley_4177472,0.049283456,-0.5669885343975491,118.642823961046,7.916044447157118,117.0004128350152,0.029632641,0.0024170007349716,-0.3647173047065735,0.0489781589971648,-0.0570472615460554,2.0869020858428486,114.2319999999999,0.0444198220926372,0.0140588086148022,2.9345000000000017,327.44609354337774,2.452031334786976,0.0074883511611114,7,9,0,0,2.56,2.674
mobley_3318135,0.80662,-0.5290943909358311,144.96662102545892,7.189647394460398,131.9262111637142,0.28098667,0.0027047648628639,-0.3125070504375271,0.1720659986555159,0.1315684241952596,2.8996245943449384,142.2420000000001,0.1481519150210423,0.0294472505078181,2.935900000000001,390.7135589919118,6.891925473398057,0.0176393301813739,8,143,0,1,-2.64,-2.364
mobley_5471704,0.60209584,-0.413506550633389,116.14277980638587,7.881574589273204,110.3943113244098,0.17958812,0.0046289300789003,-0.086184103851733,0.0316439752021561,0.1193410870821579,2.4659983091494446,130.18699999999995,0.127890895132782,0.02153407488798,1.5956,346.3785826614684,6.008856071857714,0.0173476547703598,6,23,0,2,-2.21,-3.067
mobley_1873346,0.109452605,-0.2545995712280273,90.14220428466795,6.679121971130371,81.39929962158203,0.018947402,-0.001510452479124,-0.1031896471977233,-0.0243623442947864,0.0604958906769752,1.7725044635486855,92.14099999999996,0.0862678790151433,0.0,1.99502,273.8310450851358,0.0,0.0,1,1,0,0,-0.9,-0.79
mobley_6981465,0.5966983,-0.2589459419250488,84.79802703857422,7.76897668838501,82.51377868652344,0.18663432,0.004255149513483,-0.1461290717124939,0.0799531489610672,0.1433601975440979,1.9230187018568592,102.13299999999995,0.086206205220199,0.0,0.9579,296.2241496085793,0.0,0.0,4,1,0,2,-2.64,-3.371
mobley_5220185,0.20456623,-0.2709547579288482,93.1936149597168,6.197709083557129,81.83561325073242,0.056673337,-0.0024151029065251,-0.6065919995307922,0.0477078231051564,0.1540526300668716,1.9602645993477712,108.14399999999996,0.099397144267328,1.974291727278711e-06,1.039,290.2387346225577,1.3036497152651174,0.0044916462200004,2,4,0,2,-5.45,-5.809
mobley_282648,2.241468e-05,-0.3810228705406189,123.23347473144533,5.147822856903076,107.3236083984375,5.5509477e-06,-0.0045720217749476,-0.1373229026794433,0.0036567132920026,0.1224845498800277,2.1061428593048426,128.17399999999995,0.0985586179509587,0.0,2.839800000000001,296.5678486542024,0.0,0.0,0,1,0,0,-2.4,-3.213
mobley_8809190,0.16174266,-0.4849021919071674,138.38744926452637,6.822166383266449,123.34557723999023,0.048572786,-0.0009397669928148,-0.115543358027935,-0.0333956545218825,0.0420905221253633,2.525444485503969,134.222,0.1201870448585293,0.0295036207269483,3.029200000000001,356.43668335070413,6.704508622564161,0.0188098165417151,4,8,0,0,-0.4,-0.227
mobley_5157661,0.043939333,-0.1984339952468872,60.50712585449219,8.36623764038086,61.28998565673828,0.026886424,-0.0013031587004661,-0.206024557352066,0.1513364911079406,-0.0362326949834823,1.437304646742844,58.12400000000002,0.0374683858557769,0.0,1.6623,238.7767730667215,0.0,0.0,0,1,0,0,2.3,2.535
mobley_2792521,0.9968229,-0.2657331881069001,94.979858761742,5.9949204581124445,83.61980292910621,0.25784904,-0.0024652630090713,-0.0109003030118488,-0.0540341124648139,0.1761582578931536,2.354260355671166,98.14499999999994,0.1636837199792016,0.0253821385221959,1.5416,300.8743754695155,2.664094360889793,0.0088545073229731,4,21,0,1,-3.68,-3.123
mobley_8705848,0.25643986,-0.4074397265911102,100.71812744140624,6.79527759552002,96.36611785888672,0.108691774,0.0008419940248131,-0.2309571266174316,0.1308602809906006,0.0327870938926935,2.012355726377801,101.19299999999993,0.0752405711512821,0.0087679900238605,1.3927999999999998,311.18513228184946,3.806928315854345,0.0122336446087221,6,5,1,1,-3.22,-1.985
mobley_3572203,0.59999233,-0.4577880765288329,134.8100126912771,7.825685997639805,124.3619877208363,0.19646789,0.0039054322525982,-0.2346721264449033,0.0092809032340926,0.1229790571061047,2.842412270531395,144.21400000000014,0.1518351359524357,0.0281183716309773,2.1298000000000004,384.5071642869765,5.871462180571787,0.0152700982606129,7,121,0,2,-2.11,-2.176
mobley_8426916,0.2872477,-0.2318067476153373,71.69871393839519,6.983705043792725,68.28860092163086,0.10222918,0.000474408113708,-0.2206300348043441,0.1503536341090997,0.0571429741879304,1.7535886402818932,73.13899999999995,0.11747742098012,0.0364096598033887,0.6157999999999999,264.0910658237299,4.387544804278058,0.0166137570409389,4,6,1,1,-4.07,-2.986
mobley_667278,0.6494095,-0.7523965409823826,274.7490495954241,5.118279116494315,130.6277814592634,0.32447627,0.0174092698310102,0.120357765683106,-0.1810780486890248,0.1591915850128446,3.78367618849201,395.3059999999999,0.1060954041774187,6.926585813174459e-07,7.9274,499.439117299615,2.024351114780836,0.0040532490240775,1,7,0,0,-4.4,-0.805
mobley_6309289,0.31519333,-0.2999277909596761,78.35064951578777,6.93315060933431,76.90259552001953,0.10041949,-0.0007644828098515,-0.3196425636609395,0.1835051576296488,0.0803530241052309,1.5777017350099387,85.14999999999995,0.0391501930069973,0.0021503657151185,0.7599,263.5708928398303,0.7074864543251242,0.0026842359059543,0,3,1,1,-5.11,-3.873
mobley_8427539,1.1808548,-0.1510090976953506,58.29651641845703,7.616825294494629,56.258094787597656,0.28610367,0.0023089071735739,-0.0303415417671203,0.2516133069992065,0.3288949012756347,1.5566792716066735,73.09499999999997,0.0728607876169662,0.0103756357334332,-0.1182999999999999,239.1347467681963,0.9290619944097828,0.0038850982844009,2,5,1,1,-9.4,-8.31
mobley_4375719,0.027501926,-0.5522614461239254,142.73183762024496,8.398350038261057,131.14460526225722,0.014688435,0.0013618138314129,-0.2124561263579074,0.0749221119994872,-0.0348122485295355,2.934646335306719,128.2589999999999,0.1609390536148595,0.0284681790115329,3.7569000000000026,385.4533589882287,7.823674684470635,0.0202973317057267,8,107,0,0,3.13,3.221
mobley_2972906,0.10176103,-0.1235243678092956,65.82695770263672,6.680008888244629,48.1743049621582,0.01860754,-0.0018077807035297,-0.1194765120744705,0.0140672642737627,0.0841524973511695,1.3642502444058644,84.13599999999998,0.0702060145090029,0.0,1.7480999999999998,225.92754283232412,0.0,0.0,0,1,0,1,-1.4,-0.359
mobley_2043882,0.82149106,-0.4920818617469386,115.40640820954977,7.172811834435714,112.53399537739,0.24877907,0.0025720412254725,-0.2276755194914968,0.1502257487491557,0.1508845404574745,2.126672941670284,126.19899999999993,0.0754177722219311,0.0158731254954531,2.1557000000000004,322.5566022657187,2.9843173154897324,0.0092520732625751,2,19,0,1,-3.9,-4.003
mobley_4678740,0.86000097,-0.3709859609603881,120.7021858215332,5.919336557388306,110.75745239257812,0.18438737,-0.0003463618457317,0.0493701636791229,0.0788619525730609,0.1131210140883922,2.787135332110798,214.11041897800004,0.1087556821869826,3.088506290893853e-06,3.7242000000000006,347.98690498807616,2.5674563713503926,0.0073780258238118,0,10,0,0,1.07,-0.34
mobley_5665561,0.13736734,-0.5441584587097168,161.49005126953125,4.932856559753418,135.55250549316406,0.044059433,-0.0035761380568146,-0.2934220433235168,-0.0407140031456947,0.0992897376418113,2.446661936313837,156.2280000000001,0.0804351294399683,0.0,3.456640000000002,358.10083987826727,0.0,0.0,2,1,0,0,-2.47,-2.995
mobley_8057732,0.31784678,-0.2363309264183044,95.28499603271484,5.72740364074707,73.88216400146484,0.13095401,0.0012824079021811,0.0837588608264923,-0.0102929510176181,0.2039391994476318,2.106591676516328,128.55499999999998,0.1066835192027843,0.0,2.0456,278.6881217724585,0.0,0.0,1,1,1,1,-6.62,-5.018
mobley_2487143,0.80447495,-0.3177068596705794,94.27306652069092,7.428556054830551,89.92377495765686,0.22835232,0.0023295997089007,-0.2216176921501755,0.2666834909468889,0.1603713724762201,2.1402951763143063,100.16099999999992,0.1139111769028682,0.0321497504795512,1.7656,302.89353417422853,5.068164097132278,0.0167324935177289,5,32,0,1,-3.28,-3.006
mobley_2143011,0.11846181,-0.2288553168376287,73.73919169108073,7.432028452555339,69.00306701660156,0.053341497,-0.0018330076709389,-0.1658488611380259,0.1006897886594136,0.0091909558201829,1.6492590477637503,70.13499999999998,0.0625752179852352,0.0037750581524103,1.8284,259.6943766462727,1.98641672377006,0.0076490555915107,3,3,0,0,1.83,2.452
mobley_1469079,0.8429969,-0.5648456811904907,203.13998413085932,5.107231140136719,136.4654998779297,0.21740846,-0.0017514359205961,0.192614197731018,-0.0098652560263872,0.0752923637628555,3.297031510387704,253.07800000000003,0.1526598011239083,0.0,4.891400000000001,415.13881839012686,0.0,0.0,0,1,0,2,-3.56,-3.59
mobley_5880265,0.56877387,-0.3622517060208064,106.37383852722824,7.864742930217456,100.87377347228347,0.1767685,0.0021506817110123,-0.1755673705890614,0.1979657579013096,0.1780346782617671,2.545452654053297,118.17599999999992,0.1585696527303725,0.0277480073580362,0.7953999999999999,335.41651348160684,5.640715886541598,0.0168170488327818,7,93,1,2,-6.25,-3.85
mobley_3709920,0.1321701,-0.5036133049676815,141.38354195488824,7.783044046825832,124.95432567596436,0.049398843,-0.0005212359828874,-0.0881109632965591,0.0313602431366841,0.0083551990489164,2.9274352372908563,126.2429999999999,0.1638996089543757,0.0305434894655181,3.5329000000000024,379.7127883900547,6.364776462366244,0.0167620808594629,7,144,0,0,2.06,2.995
mobley_8006582,0.0036116696,-0.2375580817461013,67.99833679199219,8.1376371383667,69.68716430664062,0.007951018,0.000761464703828,0.0159293711185455,0.048227235674858,-0.0227151270955801,1.424629336264074,70.13499999999998,0.0381576543856694,0.0,1.9505,245.15014239455903,0.0,0.0,0,1,0,0,1.2,1.648
mobley_8723116,1.0065842,-0.2548436522483825,101.40379333496094,5.373552322387695,75.26209259033203,0.2696186,-6.032921373844147e-05,0.1767602860927581,0.0111884381622076,0.2164829969406128,2.185260715986147,127.57099999999996,0.155430106311603,0.0,1.9222,289.4192483389717,0.0,0.0,1,1,1,1,-5.9,-5.281
mobley_8823527,0.7196828,-0.6561443209648132,245.48370361328125,5.327563047409058,130.56356811523438,0.25480372,0.0033466613385826,0.1088366732001304,-0.0956045910716056,0.1109853014349937,3.6115273400041024,326.42199999999985,0.0836703369115072,2.737232697169745e-07,6.6206000000000005,468.32772224952953,0.2559528764103049,0.0005465251452142,1,2,0,0,-3.61,-0.922
mobley_3359593,0.7922622,-0.5355750407491412,153.49682835170202,5.683615207672119,135.38818577357702,0.1742195,0.0006357305017965,-0.4296577402523586,-0.0352517419627734,0.1412050276994705,2.681834122366669,166.2200000000001,0.0888242338284274,0.0129053586628766,2.3533000000000004,384.9719544339622,3.389534736373572,0.0088046277068606,6,7,1,2,-5.26,-4.127
mobley_6571751,0.10589678,-0.3513841778039932,97.32657623291016,7.513649225234985,92.06807708740234,0.042724162,0.0001185466535389,-0.2671355605125427,0.072751285508275,0.0285483365878462,1.838080415313861,96.17299999999992,0.0718264792089451,1.183837606985552e-06,2.5067000000000004,292.824636895929,2.051916453546719,0.0070073217721635,1,4,0,0,0.67,1.338
mobley_2183616,0.16171981,-0.5112838347752889,137.16190592447916,6.6875254313151045,123.31181081136069,0.04680561,0.0005437536165118,-0.2127430240313212,-0.0517585302392641,0.0319961234927177,2.340307197995432,134.222,0.0848046579486641,0.0199814470747879,3.2001000000000017,352.8082796098777,3.647624277797023,0.0103388284476499,4,3,0,0,-0.45,-0.22
mobley_6359135,6.495685e-05,-0.0912827029824256,71.8385009765625,7.283005714416504,19.30751037597656,3.898072e-06,0.0131562445312738,-0.3601178228855133,0.4096027910709381,0.0379114374518394,1.7107364475856492,153.811,1.1103495900499638e-10,0.0,2.5529,245.7755279524572,0.0,0.0,0,1,0,0,0.08,1.185
mobley_7239499,0.4531181,-0.5423293709754944,180.5506134033203,5.214691638946533,136.1844482421875,0.10991979,-0.0059821903705596,0.0568176507949829,0.0694203674793243,0.0654941648244857,2.8296113536257894,218.63600000000005,0.1050830285303598,0.0,4.238000000000001,385.7298709677551,0.0,0.0,0,1,0,2,-3.52,-4.473
mobley_9729792,0.24927364,-0.2543093264102936,89.72905731201172,6.7611517906188965,80.1894760131836,0.068581566,-0.0044933073222637,-0.0411639213562011,-0.0130514726042747,0.1165529787540435,1.7231835706111107,92.14099999999996,0.0554938502776447,0.0,2.0587,270.12643894657765,0.0,0.0,0,1,0,0,-0.99,-0.098
mobley_2410897,0.3570848,-0.1020427346229553,41.13115310668945,7.349982261657715,40.5407829284668,0.05889608,-0.0002679547760635,-0.1199316531419754,0.2734805643558502,0.1054124310612678,1.2160018574694131,45.085000000000015,0.1003059115219493,0.0,-0.0349999999999998,203.2402464129073,0.0,0.0,2,1,1,1,-4.5,-3.156
mobley_8746821,0.60653704,-0.3080328106880188,100.63262939453124,6.350882053375244,88.8139877319336,0.17815696,-0.001235675998032,-0.4106314182281494,0.0342278629541397,0.1097168698906898,1.8857222298837533,107.15599999999996,0.0648844211962075,0.0,1.69844,290.1727994304214,0.0,0.0,2,1,0,1,-4.82,-3.367
mobley_1800170,0.5299408,-0.1062366664409637,50.52178955078125,7.603456974029541,36.87931060791016,0.15464692,0.0022783461026847,-0.1311662495136261,0.179209753870964,0.0671801269054412,1.3057833429699293,62.13000000000002,0.1394889127869748,0.0,0.9361,214.45087772986903,0.0,0.0,2,1,1,1,-1.14,-0.395
mobley_52782,0.7132358,-0.1874213196337223,77.5541220855713,4.705749320983887,70.49276657104492,0.26531857,0.0091406309045851,0.6472027739882469,-0.4187075936794281,0.4676340860128403,2.76047704432722,152.06200000000004,0.1725146627670414,0.0092296298034663,-0.5551999999999999,318.7368457870063,6.549457375166133,0.0205481652395555,5,100,0,8,-5.73,-6.227
mobley_8337722,0.449162,-0.7560856600602468,150.44689381917317,7.914788754781087,145.86519877115884,0.10601774,0.0048877531817803,-0.1970066696405411,0.2012336020668347,0.0731041068832079,2.402097490270146,156.26900000000015,0.0725607944116832,0.0116836647861003,2.4395000000000007,369.3687204201648,4.375605971802147,0.0118461735656035,5,30,1,1,-3.2,-3.35
mobley_5561855,0.46101025,-0.7047016024589539,233.51641845703125,5.827620983123779,130.46054077148438,0.108557805,0.0146434130147099,0.1005247682332992,0.2811944484710693,0.2215816527605056,3.066109833938232,326.42199999999985,0.0399178433255981,0.0,6.6206000000000005,451.48804938396034,0.0,0.0,1,1,0,0,-1.96,-0.477
mobley_5072416,0.3709267,-0.3263370394706726,107.24969482421876,5.369138717651367,94.68627166748048,0.065422595,0.0006109196692705,0.0572388172149658,-0.0638803914189338,0.1794304847717285,2.058029529890636,123.15499999999994,0.0719437964950417,0.0,1.2774,304.428288962324,0.0,0.0,3,1,1,2,-6.12,-6.771
mobley_4850657,1.1242111,-0.0963079705834388,57.64844512939453,6.868020534515381,35.13084411621094,0.24959774,0.0086231548339128,0.0216105133295059,0.0418977364897728,0.2542760968208313,1.4638492838924,114.543,0.0271570356448735,0.0,0.1848,237.9001770814117,0.0,0.0,1,1,0,2,-4.87,-6.219
mobley_1563176,0.5661523,-0.2410049140453338,81.41952345106337,7.791236506568061,64.80121019151476,0.1628229,0.002439652957643,-0.062664003835784,0.1448333801494704,0.0378954145643446,1.9141781531399067,90.18399999999995,0.1340004059222466,0.0382167627443629,1.7163,272.044428372294,3.614359442795909,0.0132859160704796,4,9,1,1,-0.99,-0.174
mobley_9733743,0.39202884,-0.2380460020568635,71.68647342258029,7.226393911573622,68.52428860134549,0.09620457,0.0008382209731886,-0.1886503928237491,0.205765919552909,0.0897945745123757,1.7794004788394484,73.13899999999995,0.115462971204147,0.0380151492780101,0.7452000000000001,262.3189511588377,2.850044285472272,0.0108648051270475,4,9,1,1,-4.24,-2.961
mobley_3682850,0.8773367,-0.3154601633548736,84.29920196533203,6.635141181945801,84.61615905761718,0.24989943,0.0010889759287238,-0.1576894760131836,0.1052246257662773,0.1669445872306823,1.765603583295703,98.14499999999994,0.0605723715881437,0.0020315183230898,1.5196,274.43320094264584,0.9422154923505436,0.0034333145155693,0,5,0,1,-4.91,-4.18
mobley_4924862,0.61396426,-0.3612046887477239,99.1159938176473,7.455667475859324,95.9727430343628,0.16464147,0.0001261401145408,-0.1254578356941541,0.0136427194035301,0.1400168326993783,2.29293955109882,116.15999999999993,0.1279771014059946,0.0192149913180679,1.2055,314.7343878301463,3.261007365462549,0.0103611409860381,5,24,0,2,-2.13,-3.414
mobley_1328465,0.49559358,-0.1301792909701665,73.42025248209636,7.946471532185872,33.78741327921549,0.16053408,0.0084896218031644,0.1392262826363245,0.2218379005789756,0.1659685174624125,1.8772135761290307,133.39600000000004,0.0756215828846937,0.0227075445095566,2.0289,253.2535246185373,0.9823153430008006,0.0038787825144009,1,3,0,0,-1.99,-0.384
mobley_5952846,2.527907e-06,-0.1263024342614551,85.32390558996866,5.303759929745696,27.54108295884244,2.3507105e-06,0.0157961951092232,0.0586141694423764,0.3155109390269878,0.1272841279589852,2.0276990790123164,165.822,0.0646967877985566,8.290775121487558e-07,3.0682,265.44696935651467,1.1149262355400125,0.0042001844596032,0,43,0,0,0.1,1.328
mobley_9007496,0.68989515,-0.5632878094911575,180.3831672668457,5.593992114067078,150.1263313293457,0.18691964,0.00596216134727,0.082527756690979,0.0702793933451175,0.3721342235803604,2.8518959821970142,201.22500000000008,0.0953107810416303,0.0007630660640035,2.5580000000000007,414.8706326451896,1.961267910900964,0.0047274204452507,2,4,1,2,-9.45,-10.436
mobley_8449031,0.20710902,-0.4054490347703298,101.70748952229818,6.552421442667643,95.98843434651693,0.12888774,0.0013614760711789,-0.1249174575010935,0.0846820736924807,-0.0103940824667612,1.992660308488876,101.19299999999993,0.0465900377896047,0.0063246916549556,1.3481,312.32313171179135,3.847750382200643,0.0123197739504972,6,15,0,1,-3.22,-1.955
mobley_2689721,2.8346743e-05,-0.3316408693790436,82.61090469360352,8.542364120483398,83.85887145996094,8.69939e-06,0.0004243955481797,-0.2699238657951355,0.1117584444582462,-0.0156566202640533,1.6106188660056495,84.16199999999994,0.0381844868017631,0.0021197955363965,2.3406,268.7374240789849,0.0530811772028982,0.0001975205998376,0,2,0,0,1.23,1.503
mobley_6082662,1.315731,-0.3047999058450971,104.3898675101144,3.68534483228411,87.54741450718471,0.4235576,0.0042085937623466,0.4102141942296709,-0.3065833406788962,0.3266337854521615,2.3565602961690835,138.12600000000006,0.1382001045546778,4.574695579466337e-05,1.0708,305.208174356037,2.978743370814735,0.0097597103259099,2,7,1,4,-9.82,-9.416
mobley_7869158,0.8719457,-0.2727731664975484,83.1378943125407,6.064122041066487,80.01252301534016,0.3440031,0.0100781683965275,0.3573932250340779,0.0269811786711215,0.2373542084048191,2.0673862801463074,119.11999999999996,0.080564502527058,0.0178590581339983,1.0141,298.35955949723626,4.805561435298109,0.0161066112424751,5,24,0,4,-1.82,-1.864
mobley_2763835,0.41539344,-0.3421595990657806,113.10621388753256,6.1537659962972,101.14442189534503,0.1171397,0.0002378684779008,-0.1042130589485168,-0.0155245773494243,0.1049247582753499,2.241093036891129,122.16699999999992,0.1300733203311102,0.013432840198553,2.0853,321.8253595069832,2.9393336572088766,0.009133318958182,3,3,0,1,-2.22,-2.254
mobley_8573194,0.79836124,-0.17889035560868,62.84286776455966,6.832410032098943,61.65568299727006,0.21448192,-0.0006221263161437,-0.0797274681654843,0.0499722019515254,0.1584134779193184,1.7399191364724516,72.10699999999996,0.1295945936542628,0.0384310030181867,0.9854,247.55530877175468,2.1595939921427623,0.0087236828119646,3,11,0,1,-3.18,-3.044
mobley_9185328,0.3594251,-0.1669662843147913,56.61048126220703,7.285092830657959,54.5644416809082,0.10258514,-0.0002717180177569,-0.1746609310309092,0.2328103085358937,0.098106101155281,1.5162661513382698,59.11200000000002,0.1130200259337268,0.0325244310558379,0.3551000000000001,234.3727766741031,1.3615688442740768,0.0058094155114582,3,3,1,1,-4.39,-3.053
mobley_7360181,0.5364249,-0.3608186900615692,98.39418029785156,9.364793968200685,99.75379791259766,0.21260965,0.0030368870357051,-0.0175604827702045,-0.15241734161973,0.0500433906912803,2.0195624128297283,174.11920948900007,0.006925094763274,0.0054087703515594,1.1417,321.58077299000126,2.757571640713875,0.0085750513473627,6,10,0,3,-0.8,-2.319
mobley_3325209,0.40258548,-0.5976435731757771,155.383076060902,7.748898961327293,140.6498891657049,0.24847852,0.008761319797486,-0.065080466595563,-0.1246802278540351,0.1532855568961663,2.444082915337868,182.2190000000001,0.0528022848352455,0.0037304783324751,1.7360999999999998,387.9890483949777,1.6415881596115007,0.00423101674236,7,22,0,3,-4.04,-5.559
mobley_5263791,0.13515383,-0.5551989475886027,157.84057108561197,5.067910035451253,135.3846181233724,0.05623282,-0.0049320232744018,-0.2196757197380066,-0.007152735410879,0.1187086900075276,2.4223922457647613,156.2280000000001,0.0709951107862261,0.0101098698872536,3.4022000000000023,354.8032583592424,5.291467826260555,0.0149138084321167,2,3,0,0,-2.4,-2.961
mobley_2364370,0.598389,-0.3239134590734135,101.41195886785334,7.996652126312256,96.39073805375531,0.18593593,0.0039846287532286,-0.0560339865359393,0.0293692919341,0.1351648433641954,2.3143833474998794,116.15999999999993,0.1304911173560325,0.0288741421289917,1.3496,324.5297509957263,5.922614795997548,0.0182498361947578,5,22,0,2,-2.64,-3.406
mobley_4609460,0.52975464,-0.4108411272366841,141.3226521809896,5.499117056528728,122.8537317911784,0.23429461,0.0019523895656069,0.2448139190673828,-0.0924505690733591,0.3228577474753062,2.811925132245461,166.17600000000007,0.1582424420993734,0.0019620284517592,1.5688999999999995,367.430846400354,1.0823390364091985,0.0029456945354824,4,3,1,3,-9.2,-9.535
mobley_3234716,0.020996839,-0.3258948922157287,109.74132537841795,6.484386444091797,95.49472045898438,0.0022188027,-0.0010544545948505,-0.2209818959236145,-0.0726884678006172,0.0605341307818889,2.0376714767835327,106.16799999999994,0.1221566819412686,0.0,2.30344,300.553278723595,0.0,0.0,2,1,0,0,-0.8,-0.658
mobley_3266352,0.7439081,-0.4987251609563827,136.15632247924805,5.6368972063064575,124.02300453186037,0.20368257,0.0003357827663421,-0.2998374439775944,-0.1514585018157959,0.1993304565548896,2.515367134294742,189.18120948900008,0.0753753927696007,0.0075150914090382,2.685100000000001,360.6421825644678,3.134246436560296,0.008690737212916,3,4,0,1,-1.92,-3.964
mobley_4699732,0.601553,-0.1775085429350535,73.98966471354167,8.072380065917969,47.7814572652181,0.17975473,0.0045450140411655,0.1305008741716543,0.1614040036996205,0.1055880983670552,1.824620787917991,112.98099999999998,0.0976744034641779,0.0311558570559891,1.8525,257.6940609339639,1.4095491542456535,0.0054698550255174,2,3,0,0,-1.27,-0.265
