molecule,H_donors,delta_eat,gap,alpha,delta_mu,logP,rotatable_bonds,delta_gap,mol_mass,mbd,dG,y_pred,std_pred,intercept,dom_feature,dominance_ratio,attr_H_donors,attr_delta_eat,attr_gap,attr_alpha,attr_delta_mu,attr_logP,attr_rotatable_bonds,attr_delta_gap,attr_mol_mass,attr_mbd,attr_sum,budget_check
androstenone,0,0.0912416193046068,5.842415132020649,266.25061998869245,0.2686076,4.764300000000004,2,-0.1341867619439175,272.43199999999973,-1.557163771830107,-2.63,-3.7522243437447487,0.5925094801532476,-3.8677048876937663,alpha,0.4592630998884988,0.46839681975903813,0.540265311230045,0.22505928909600942,-7.738177759854149,-0.45498998662736173,3.473181540800545,-0.15772449944170736,0.24868347655635192,-0.04307315304861013,3.5538595054788558,0.11548054394901675,True
penoxaline,1,0.2668193950762156,4.15232903037975,234.28997274161944,0.43134153,3.720340000000003,10,-0.4024612525709314,281.3119999999996,-1.0153531595772387,-6.1,-5.31772617504082,0.3053766229979407,-3.8677048876937663,alpha,0.6232510582494546,-0.7943289850576424,-0.2772457265251888,-1.412546795318838,-5.703470541499984,0.08215664545929119,1.5044154973578827,3.5546940506844544,0.18806450923844395,0.2908857282135397,1.1173543301009894,-1.450021287347051,True
beta-caryophyllene,0,0.03498089550571,5.305404359644109,210.61008245294744,0.094842486,4.7252000000000045,3,-0.0792840861461379,204.3570000000002,-1.1006850654428657,0.0512,-1.3867333736494685,0.19688600534173475,-3.8677048876937663,alpha,0.7651846631254009,0.3815279947595357,0.8698634335268809,0.45885763005004493,-3.7177880182916496,0.20361198721371934,2.8447943723481477,-0.025345282503073052,0.15137556039909866,-0.3458569761924772,1.6599308127340708,2.480971514044298,True
isoxaben,1,0.4166694628213768,5.254936599019748,314.23265394523963,0.43754277,4.0218000000000025,12,0.0996842690284794,332.3999999999996,-1.1883512975564643,-9.94,-8.533632393454598,0.5904823639321547,-3.8677048876937663,alpha,0.38463661228356355,-0.739500873614453,-0.6202419748877109,-1.4605295695789324,-11.622174490834528,-0.45834036288507873,2.8600697142186515,4.470313823523043,-0.0340795422740658,1.3200617776289199,1.6184939929433242,-4.66592750576083,True
solatenol,1,0.5344415537883781,5.336341350753872,328.38209313188673,0.61786187,5.273800000000002,4,-0.1000087974926812,398.2348063259998,-1.170956340828383,-12.663,-12.924359480421895,0.2801966006690695,-3.8677048876937663,alpha,0.3408613603579521,-0.9110262247937335,-1.5873522191233242,-1.2246778995664875,-12.987279108463639,-0.9888289184774359,4.4268616242593275,0.3897736739118555,0.12287341528182627,1.6290792773540776,2.073921786889404,-9.056654592728128,True
1-hydroxyanthraquinone,1,0.1743523776531219,3.594857931137085,191.93817138671875,0.14766343,2.1676000000000006,1,0.0330440662801265,224.21500000000003,-0.6575467586517334,-8.92,-8.897848817315134,0.1962329972322923,-3.8677048876937663,alpha,0.5215695238962121,-0.7493879610501591,-0.15573458221625225,-1.4134824032605458,-2.710055588949282,0.08328300799845537,0.10749807990533729,-0.48394722199636264,0.0135151725435266,-0.2374885554489614,0.5156561228528752,-5.030143929621369,True
prochloraz,0,0.2786783197003862,5.784243314162545,294.05132747042006,0.4587269,4.602400000000004,7,0.0597844500688539,376.6619999999998,-1.0522027914074883,-8.42,-7.584194073280903,0.28770775065682247,-3.8677048876937663,alpha,0.39244029111479034,0.43572431090448954,-0.29290063507339836,-0.4551833622083046,-10.528958985514869,-1.0819148967406687,4.131987729411143,1.496979094717079,-0.03408301714977067,1.7733789901599173,0.838481585907249,-3.7164891855871334,True
trans-stilbene,0,0.1517146080732345,4.587697982788086,201.5272827148437,1.382042e-05,3.857000000000003,2,-0.0242110453546047,180.25000000000009,-0.5492225885391235,-2.1,-4.582737132863516,0.09814381815510537,-3.8677048876937663,alpha,0.49518748171355637,0.4586962221061069,-0.0069916777099263885,-0.031085074421102137,-2.9760699098058025,0.5229083539803109,1.4737125640402262,-0.23210743231076156,0.01964060943551119,-0.19116003409028837,0.24742413360597584,-0.7150322451697503,True
"1,2,3-trimethylbenzene",0,0.036689780652523,6.188131332397461,122.90994262695312,0.047048915,2.611860000000001,3,-0.0593995340168476,120.19499999999992,-0.4304872155189514,-1.06,-1.1925832733706718,0.04623920202061129,-3.8677048876937663,delta_eat,0.6259969351602017,0.47214456073199607,0.935687117029741,0.336279897126906,-0.19485204246016127,0.49729390161706777,0.5857372675295028,-0.02628725542262797,0.15504737232344648,-0.039364005214874785,-0.046565198937901287,2.675121614323095,True
etfhxsa,1,0.3621565418199022,8.483797709992592,186.08727093960377,0.31476283,3.6220000000000017,8,0.3995852760495023,427.180241119,-0.7506142204746287,-2.156,-2.937740935487681,0.43056477752036676,-3.8677048876937663,alpha,0.7169390316954263,-0.8451081679768986,-1.1643894014927954,-0.6331209899388944,-4.024304217264515,-0.47877078383747795,2.8851807687734414,1.9283696019075993,0.18678906522876612,2.586600463843776,0.48871761296308486,0.9299639522060865,True
fluazinam,1,0.336813110584593,3.3364076789489574,278.3836237158479,0.29484838,5.986000000000003,4,-0.2823192455337546,465.0894189779999,-0.9522051397016492,-2.71,-7.8289821327574085,0.34932523003622884,-3.8677048876937663,alpha,0.48546741798352255,-0.7563334949892652,-0.4193536683306217,-1.2629848678388886,-7.84698429857126,0.048307188830067814,3.8094552063846323,0.3890075217466899,-0.0581897291938013,0.605722365816513,1.5300765310822924,-3.961277245063642,True
fluridone,0,0.3917016486326853,4.391810380495512,297.7628134703025,0.6474123,4.738100000000004,3,-0.0397588182718325,329.3222094889998,-0.9646092485158873,-8.83,-11.684532331613621,0.30609414891439257,-3.8677048876937663,alpha,0.3252956068202575,0.33989724844429947,-0.38284376279797244,-1.153628067242182,-10.052290159240922,-1.8836728146711852,3.2699658272835785,0.0012805209351724324,0.08203123130321796,1.1806543287703626,0.7817782032957771,-7.816827443919853,True
methacrolein,0,0.1982089251279831,5.974878215789795,59.69162826538086,0.23548007,0.7614000000000001,2,0.0098779216408729,70.09099999999997,-0.13567835688591,-2.79,-4.050450480032948,0.03455106538892683,-3.8677048876937663,alpha,0.6219280517579543,0.467113770511087,-0.3860437950904926,-0.480550540299795,1.9689412640902464,-0.33150484807111125,-1.2245398044014908,-0.145578072243444,0.042129662400897404,-0.027433254739404445,-0.06527997449567419,-0.18274559233918153,True
adamantane,0,-0.0112642906606197,7.028995990753174,127.4150390625,1.7130988e-05,2.832600000000001,0,0.2151624411344528,136.23800000000003,-0.7076191902160645,-0.406,0.30585713114823176,0.12652047233622019,-3.8677048876937663,delta_eat,0.7458987969480293,0.5690089236501695,1.6020890244927837,0.5524880341690185,-0.47703380098174913,0.7668310939716702,1.1949962759728092,-0.5356777708759473,0.015936881822604,-0.01958398016976137,0.5045073367904014,4.173562018841999,True
fructose,5,0.5709951873058858,7.205876651017562,121.22942526444145,0.30251712,-3.377199999999999,10,0.714978635635065,180.1560000000001,-0.4996322276799575,-17.0,-21.17060889422363,0.9732128979347211,-3.8677048876937663,logP,0.47351881482535935,-3.9809314307348993,-3.9343932322020665,-1.1209759276469626,-0.44709769272787725,-0.835804292640448,-8.407124080598836,2.2594900384645213,-0.9688386032922074,0.32378659591558906,-0.1910153810666744,-17.30290400652986,True
oxadiazon,0,0.0939754152839834,4.999560146620779,286.76667230779475,0.30173284,4.217000000000003,5,0.1149267777236122,345.21999999999974,-1.0318931052179048,-7.56,-7.693271520784249,0.38221575027853294,-3.8677048876937663,alpha,0.33753844641274017,0.4007319199855425,0.60332162430209,-0.21273626362671688,-8.674452009412603,-0.49530644519921657,2.927961054739002,0.3341888774070755,-0.06641782396062017,0.49166884303816305,0.8654735896368017,-3.825566633090481,True
1-adamantanol,1,0.0832727551460266,7.195683479309082,133.59414672851562,0.10879249,1.9475,1,0.1838618516921997,152.23700000000014,-0.7523156404495239,-5.69,-4.694288007736765,0.17997099171977196,-3.8677048876937663,H_donors,0.7158217192005127,-1.0527033726394546,0.4426146995756913,0.18997330614930547,-0.7535479380109524,0.1546387810218289,0.027865461792893564,-0.4857180216867902,0.09293108201871984,-0.12347353215411058,0.6808364138898694,-0.8265831200429993,True
tetralin,0,0.0640557520091533,6.358288288116455,130.05338287353516,0.059089094,2.5654000000000003,0,-0.0010662972927093,132.206,-0.4896033704280853,-1.64,-2.253793656123162,0.06966033055728883,-3.8677048876937663,delta_eat,0.7921902564293279,0.5603142639277296,0.7420939448538795,0.24198565167000458,-0.471705360506627,0.4425001284781824,0.563957025838129,-0.5878795924684463,0.058772010018585674,-0.009739669588265372,0.07361282934743242,1.6139112315706046,True
pfosa,1,0.4478108367842177,9.245402776676675,194.68042846347976,0.38759044,4.2418,8,0.2564890189906177,499.14185377099983,-0.7891424897572269,-4.148,-1.6371823706498312,0.5118742139717243,-3.8677048876937663,alpha,0.8770035497453329,-0.8331505839230354,-1.4584412409891687,-0.6716316477274171,-4.611125148519846,-0.6468549098303311,4.04397312357188,2.1295736917969914,0.049661710744138554,3.616482285611859,0.6120352363088634,2.230522517043934,True
mefbsa,1,0.2549933353637127,7.46755313873291,128.75197779878656,0.2998632,1.9613,5,0.2599043109791076,313.1376284669999,-0.5047815480130784,-3.889,-5.599180860544861,0.23551751615301852,-3.8677048876937663,mol_mass,0.8203893796706629,-0.9498648189322015,-0.7598894394166459,-0.5251908202288016,-0.8112258792011694,-0.5252298945212194,0.06602765899178449,0.6173810308403609,-0.0007247413897871452,1.1578219348884249,-0.0005810038818407498,-1.7314759728510958,True
delta-cypermethrin,0,0.3754357392104661,5.470664690180523,363.2824429767888,0.42036167,6.177980000000003,8,-0.0837584009575771,416.29799999999966,-1.2616198186467331,-6.83,-7.710728916846117,0.4501043191851371,-3.8677048876937663,alpha,0.4166377722348432,0.4173228951797201,-0.3493601235289671,-0.5496368582532799,-15.414418678798182,-0.5982687406182541,6.42222905862963,2.2424059305740034,0.15151716659455058,2.0214870703453824,1.8136982507230464,-3.8430240291523488,True
p-menthane,0,-0.0554887904889053,7.873220920562744,145.3983849419488,0.033162013,3.468700000000003,4,0.0735412697411245,140.27000000000007,-0.7027868098682828,2.53,1.537536862752286,0.061857056101200104,-3.8677048876937663,logP,0.8894096381039428,0.4029700011715301,1.660925519473409,1.8102909943911158,-1.163042615607804,0.4658065021068746,2.035384952933861,-0.055358137378951386,-0.04591126471444386,-0.023490528536164533,0.3176663266066262,5.405241750446052,True
pinoxaden,0,0.4155764075425955,5.299604498423063,374.9983781667856,0.7947226,3.731720000000003,7,0.0388748422265052,400.5189999999996,-1.693595256942969,-12.9,-15.648830814287539,0.7160833926138667,-3.8677048876937663,alpha,0.17973173742944853,0.3979632177329441,-0.3132120488195702,-1.0016167182728037,-16.931456165833286,-3.0431200338957654,2.3521040261491164,1.6366823339058674,-0.012550258516881001,2.4375055325695842,2.6965741883870193,-11.781125926593772,True
ibuprofen,1,0.2264142105212578,6.262463661340567,200.34843503511868,0.15944669,3.073200000000001,7,-0.0679312958740271,206.2850000000001,-0.7553054942534521,-7.11,-6.342347319502864,0.17157495999431566,-3.8677048876937663,alpha,0.34272838523357824,-1.1326281187542808,-0.5150229646144279,-0.37674427205269756,-4.248510623647087,0.06921854437045907,1.426016647280609,1.4560851856902686,0.17307253615835425,0.09654970838903774,0.5773209253706654,-2.4746424318090994,True
adonitol,5,0.5099611217560975,8.170779774154441,104.81966554945794,0.30137601,-2.9462999999999995,9,0.7471690484579059,152.1460000000001,-0.4316809332889059,-20.5,-20.922770068665482,1.0109131633637527,-3.8677048876937663,logP,0.5637704809783931,-4.08295278017202,-3.4070425597807685,-2.6920830464398686,0.15563252150612686,-0.7355733397044671,-7.242225192575313,1.836375315000851,-0.8794346634131955,0.13415013872383272,-0.14191157411689728,-17.055065180971717,True
pentadecalacetone,0,0.1300874316692352,6.119423868656159,233.8007073974609,0.26059687,4.614500000000005,0,-0.0045336793363094,240.38700000000023,-1.1092920786142348,-1.36,-4.818235060323559,0.29319164433743466,-3.8677048876937663,alpha,0.5992560970318701,0.5344428121726617,0.19595698475004084,0.14263501548856164,-6.013683601265551,-0.5564709507835883,3.603736563678955,-0.6486895050537036,0.07071703442596827,0.0751359601881483,1.6456895137687138,-0.9505301726297928,True
tetramethrin,0,0.230656854900313,4.506781413231367,310.184785819348,0.29835236,2.964900000000001,8,0.0359300535954075,331.4119999999996,-1.1897197667463326,-5.67,-10.38695781223515,0.4955595564550186,-3.8677048876937663,alpha,0.17071212472136127,0.3859259124786668,-0.021122881201750335,-1.1077743259363586,-10.259903144138905,-0.32437575416438547,1.0389073528547919,1.7514898651713273,-0.013726179526768616,0.9715758512381185,1.05975037868388,-6.519252924541383,True
mefbse,1,0.3435038909127441,7.377304629434513,165.80270356769805,0.34661305,1.666,8,0.3207276496753285,357.1906284669997,-0.7084640343732471,-5.936,-7.000743371076379,0.31757905316822543,-3.8677048876937663,alpha,0.6485564816777233,-0.9424695734887074,-1.3233672693600542,-0.812336598063548,-2.874746393032679,-0.7921417424032631,-0.05985959706261601,1.7718854819697056,-0.09988213355818251,1.8644354063809996,0.1354439352357312,-3.133038483382614,True
thfensulfuron-methyl,2,0.813896634791157,5.135775325321915,291.65416483359763,0.77954715,0.5471200000000002,8,0.2393765177319545,387.3849999999999,-0.921735913446634,-16.3,-19.897601472807782,0.48719848946167876,-3.8677048876937663,alpha,0.287411801090646,-1.5718215698652975,-2.0663940151067446,-2.997186574068652,-10.428195928960402,-2.4857889522440493,-1.0567291224742985,2.044531613333546,-0.11082742909412002,2.347149577552257,0.2953658158137428,-16.029896585114017,True
4-4ftoh,1,0.3135163719382356,8.570030605091768,148.1577262878418,0.19815041,3.6172,7,0.4501437222694649,292.14462846699985,-0.5684345645063064,-2.688,-2.082934889590187,0.28246262580408454,-3.8677048876937663,logP,0.6170684301222299,-0.843283595954843,-0.9652547888243118,-0.3545767040116659,-1.739312481066864,-0.07250887865131625,2.8186703389157963,1.3576878818442857,0.31498220581368147,1.0731615670336778,0.19520445300514017,1.784769998103581,True
fluorene,0,0.1793038547039032,4.861337184906006,167.9645538330078,0.001701947,3.2578000000000014,0,0.0107742995023727,166.22300000000007,-0.5528120994567871,-3.42,-4.320192744824256,0.060702209288879386,-3.8677048876937663,alpha,0.5545881882287425,0.4503135716574091,-0.14523321400848194,-0.1510265448994363,-1.6684251432960906,0.6003060492702469,0.9252888774158589,-0.6348902712381437,0.0052023267418078245,-0.1199137847446942,0.2858902759710348,-0.4524878571304892,True
eugenol,1,0.1960432595676846,5.371296511756049,151.37159729003906,0.1768551,2.1293,5,-0.059241568048795,164.2040000000001,-0.4902963870101505,-5.95,-6.447220772438508,0.102054483084871,-3.8677048876937663,alpha,0.6942140701776415,-0.8775759422158366,-0.18995280632726477,-0.9968587404439768,-1.4359529477541302,0.019283395767671203,0.13756824803390558,0.6949839459428707,0.06548310085171696,-0.03179476338676148,0.03530062478706386,-2.5795158847447412,True
indane,0,0.0977456197142601,6.4007487297058105,114.7464828491211,0.01972507,2.1753,0,0.0124414954334497,118.17899999999992,-0.3874683082103729,-1.4,-2.3475938288491056,0.06023681627076973,-3.8677048876937663,delta_mu,0.7425687725326922,0.5500483576504885,0.45647166501359787,0.193215285504999,0.005580991978649951,0.7595657484620444,0.16670731717794032,-0.5640298054933359,0.04839976956632818,-0.03518683171619161,-0.060661439299859746,1.520111058844661,True
etoxazole,0,0.1384718197046733,5.058035897426918,338.771864093718,0.23365022,5.1791000000000045,5,-0.0255623640126136,359.4168063259996,-1.2641978469051298,-7.33,-8.263299654738933,0.48994973441951944,-3.8677048876937663,alpha,0.34133725106199514,0.4407919013970907,0.1675360285720365,-0.04252611281956245,-11.968745010813032,-0.15370090180517965,4.08537852065289,0.5295423760381927,0.0689405896140179,0.4709709357637738,2.0062169063546067,-4.395594767045167,True
mefhxsa,1,0.3587370270454302,8.375495113977571,168.61969784992496,0.31237954,3.2319000000000013,7,0.3508036534597234,413.153241119,-0.6887001922217811,-2.743,-3.5921250060619876,0.38728020973409527,-3.8677048876937663,alpha,0.7970152535740223,-0.85923066436534,-1.207986030086352,-0.6324335855671083,-2.973925971284339,-0.48060708051766604,2.115465670253463,1.4793589583520848,0.11569457877343106,2.370264362113558,0.34897964396004816,0.2755798816317799,True
levoglucosan,3,0.4921814898649851,7.457851409912109,108.35287602742513,0.26728174,-2.1758,3,0.0262129319210847,162.14100000000008,-0.4635622302691142,-19.2,-19.60759967837772,0.2233172394307723,-3.8677048876937663,logP,0.8101095734182499,-4.498368031164318,-4.088254267094573,-1.210267719204929,0.1032447390401932,-0.5426416485299745,-5.552789621018174,0.0009762515527553678,0.038579513370119556,0.12368888916369465,-0.1140628967987474,-15.739894790683953,True
benzoximate,0,0.3487594395644905,5.348307472790858,308.8530521836392,0.3240294,3.9123000000000014,9,-0.1188573299712219,363.7939999999998,-1.0376032119573548,-7.723,-8.452226763065932,0.39972106240390964,-3.8677048876937663,alpha,0.23825338090676987,0.4091283312490194,-0.30904263575450525,-0.699016675835101,-11.040286982417609,-0.32418541409096024,2.353974135410443,2.6303856997419954,0.17913860184015643,1.4121091205940621,0.8032739438903359,-4.584521875372163,True
fipronil,1,0.6962939276211504,5.098800493323284,273.4839539458786,0.66796005,4.27918,3,0.5918002811031066,437.1414189779998,-0.8719731076903965,-10.2,-10.518241439577661,0.41348835745019485,-3.8677048876937663,alpha,0.38478165836726974,-0.6397220279808623,-1.4935921867606088,-1.8176438917290116,-9.026461585522894,-2.2192970767380737,3.473216858065954,0.00020913075325909935,1.0825253459030857,3.0707048872507774,0.9195239948744808,-6.650536551883893,True
3-3ftoh,1,0.2795615645972165,8.272519250349564,111.25710504705256,0.16351674,2.591800000000001,5,0.2771121512759815,228.10982214100008,-0.4064102465456182,-2.961,-3.6876977583683965,0.14608983747838952,-3.8677048876937663,logP,0.9430257060422425,-0.8982636301393946,-0.8705134247446429,-0.2154993398577886,0.03669139818595423,0.046801454818649724,0.952533557021782,0.5847551894829155,0.0687707528485434,0.4827610569554962,-0.008029885246146062,0.18000712932536894,True
bifenthrin,0,0.2658833131194115,5.789597949981689,371.11833943684894,0.32809952,6.6624200000000044,8,-0.1413491456458966,422.87220948899954,-1.358634236653646,-5.99,-6.5009278550001905,0.5280004463723126,-3.8677048876937663,alpha,0.46254102278505,0.46180865184509995,-0.2977860037699893,-0.2799567330353768,-15.81199780707586,-0.36958073219442117,7.313697637959836,2.1069072370128934,0.25977108223639683,1.5828196122134486,2.4010940875015505,-2.6332229673064242,True
4-2ftoh,1,0.3366796245325857,8.485879969241013,114.00141815641034,0.18179402,2.837,5,0.3352665932320837,264.0906284669999,-0.4207920423194544,-2.142,-3.4542706372244574,0.19920313683841642,-3.8677048876937663,logP,0.8994502211832558,-0.869496004254812,-1.2197989027402,-0.306365243359741,-0.08902744696722442,-0.018701104321082514,1.3561605456447776,0.6154825345268112,0.13305634511956047,0.8124158217503507,-0.00029229492913145186,0.413434250469308,True
trans-nonachlor,0,0.3184501647949219,6.773665523529052,261.645166015625,0.1540323,5.9001,0,0.4384624123573303,444.1999999999998,-1.004756490389506,-2.57,-2.3698213920454507,0.3002634075818829,-3.8677048876937663,alpha,0.8944231841173416,0.5571779984859464,-1.59095265841124,0.01632553900134577,-8.351910953803849,0.03315621585084389,7.470142788765742,-0.5649111057900428,0.3224361627821034,1.9522830408797518,1.654136467887712,1.4978834956483127,True
sulfallate,0,0.2648283661505498,5.214089831081005,180.75964901425425,0.5373774,3.0988000000000016,6,0.3371145908438831,223.7770000000001,-0.6347450012460761,-4.87058301193315,-6.362228806789259,0.21856157299612836,-3.8677048876937663,alpha,0.5606327701078602,0.43213477100936337,-0.10734928222231488,-0.9910776396485806,-3.1264944005069433,-1.7528152164829212,1.5249830636963586,0.9285827571579907,-0.008080946502396501,0.6568049949562452,-0.05121202055229579,-2.494523919095495,True
limonene,0,0.0545935899847083,6.838735236061944,143.29317304823132,0.0869973,3.308900000000002,3,-0.0061854333099391,136.23800000000003,-0.5653891364733378,-0.0905,-0.9960120128601009,0.051645272398973326,-3.8677048876937663,logP,0.6353989289196351,0.5819072641978666,0.8374244143372737,0.2873719885105216,-1.2359180976761555,0.27166317069109563,1.9451057303127335,-0.024981710437695395,0.13381739810788926,-0.021605490341245558,0.09690820713138155,2.871692874833665,True
"1,6-heptadiyne",0,0.1773409903049469,8.060119819641113,103.44718322753906,0.07743826,1.4231,2,0.2192898869514465,92.14099999999996,-0.2324739396572113,-1.44,-3.606720994260858,0.0726525093249676,-3.8677048876937663,H_donors,0.6783480265043832,0.44367204304025004,-0.2554457325544986,0.2142949951644491,0.2724247907171115,0.2869562582567088,-0.3009640548115214,-0.23497651906155506,-0.11257399006872366,0.05333725272563021,-0.10574114997494237,0.26098389343290856,True
pydiflumetofen,0,0.5385604169386536,5.77604603767395,319.2655824120365,0.63873255,4.952700000000003,9,-0.0852439560468739,426.6698063259998,-1.1964647689862038,-9.846,-7.023036229612498,0.25923487317923044,-3.8677048876937663,alpha,0.3485912860261603,0.43836757157580025,-0.47677745477253985,-0.5304625237177795,-12.994312814890495,-1.3594670049945914,4.529704215168893,3.007799983421633,0.16747356166426935,2.8462874482988174,1.2160556763272594,-3.155331341918736,True
perchlorobiphenyl,0,0.2628505825996399,5.175297737121582,316.5684509277344,5.6524965e-05,9.8876,1,-0.47904172539711,498.63200000000006,-0.8999424576759338,-4.271,-4.117840238878678,0.5275767326211794,-3.8677048876937663,alpha,0.8568646272637613,0.41064585178465807,-0.6150012880945442,0.09453206612017291,-9.683871313322157,0.6445885664700689,8.297766783360021,-0.2739054864459062,-0.3822116839285058,-0.474310255859847,1.7316314087311269,-0.25013535118491026,True
flucythrinate,0,0.4544275195099587,5.888031316357989,401.26748355599335,0.4099248,6.627980000000005,11,0.0638361593199417,451.4698063259999,-1.470453007969745,-7.42,-6.176853118597573,0.6996593330621848,-3.8677048876937663,alpha,0.4440417467679154,0.42118996556716165,-0.373757762156271,-0.45176556412100793,-19.09493824440915,-0.7561565485736458,8.47894973247291,3.832039567047299,-0.03906383238895035,3.007477086725138,2.666877368932708,-2.309148230903806,True
bitertanol,1,0.2987287436212812,5.506107820783343,322.8363970075335,0.36865243,3.929700000000004,6,-0.0114211385803563,337.4229999999996,-1.2736528975622994,-14.286,-11.860696123203233,0.4829819686137878,-3.8677048876937663,alpha,0.2073561679398883,-0.87855233731174,-0.6278605815056248,-1.074595213740475,-11.964618637650396,-0.3288281734568782,2.480937471565353,1.2360395040335646,0.05663592143371288,0.8483538335062691,2.2594969776167497,-7.992991235509463,True
trinexapac-ethyl,1,0.3790098775406273,5.455008062375646,213.406084229346,0.31637263,1.3198,5,0.0155867260887103,252.2660000000001,-0.7981748966132702,-5.6,-12.08394460402045,0.19675817064539922,-3.8677048876937663,alpha,0.39153010753572803,-0.8264868800775389,-1.2160823424089555,-1.9079171804811694,-4.872976927596985,-0.42875984454551697,-0.4135866977873543,0.6697979786829629,0.020508591060483496,0.471202199345864,0.2880613874815265,-8.216239716326683,True
octachloronaphtalene,0,0.144653245806694,4.215111255645752,257.6850891113281,8.858891e-06,8.067,0,-0.5845674276351929,403.7099999999999,-0.7019911408424377,-4.74,-4.993222123465226,0.379118770957554,-3.8677048876937663,alpha,0.798569817235331,0.4502332849049921,0.05557481781234711,0.47397688633818574,-5.524547249466884,0.6177547332349459,4.41173668731472,-0.6162382545818557,-0.6687815913240304,-1.1980697978394286,0.8728432478355472,-1.1255172357714596,True
8-2ftoh,1,0.5399537724645241,9.97199116582456,195.0869380287502,0.22063653,5.378200000000001,9,0.4661183266536049,464.1218537709997,-0.7896496598487315,0.15,2.3107326250218443,0.5516917990902215,-3.8677048876937663,logP,0.6805093080551765,-0.7955098081712969,-1.594050654654716,-0.5087387326145096,-4.489959454398091,-0.13016663530221842,6.597939809566926,2.507997435997468,0.4854974297378227,3.337958746351961,0.7674693762022667,6.178437512715611,True
pyraclostrobine,0,0.4716307899436435,5.552924514461208,339.1635235760663,0.4197165,4.238900000000004,8,0.1998793547318594,387.81999999999977,-1.1169260778942625,-10.957,-10.515454973948776,0.46856809665694465,-3.8677048876937663,alpha,0.2626914702423037,0.4126445421812429,-0.3185374686547956,-0.8926433877518989,-13.775355038693501,-0.9940337830523338,3.618668268224122,1.965196809769075,-0.06924372070327885,2.4172214256085356,0.9883322668178256,-6.647750086255007,True
ethofumesate,0,0.3138845084291516,5.721728227355263,232.1810373248476,0.3318533,2.0576,8,-0.0692735352186542,286.34199999999964,-0.8958034248966159,-7.95,-8.297659774106465,0.2231493109952506,-3.8677048876937663,alpha,0.30935182286286494,0.4483726771360007,-0.45555219142940695,-0.8889736140623494,-6.23993161982603,-0.5162366553922599,0.09085617439501939,1.9303342211328118,0.10270790013564542,0.9252243054730543,0.1732439160248161,-4.429954886412698,True
fluacrypyrim,0,0.4327109425232328,5.918938995777876,345.06235460303293,0.38900897,4.021900000000003,12,-0.0096145011056428,426.3922094889997,-1.2336820795618255,-7.778,-8.355530663022789,0.5648610133667977,-3.8677048876937663,alpha,0.29699377965203466,0.44586186398615013,-0.5085728028128169,-0.46888743109212816,-14.552190085797786,-0.6516154961236168,3.0412879497285994,4.321909935795951,0.06582431209684156,2.5771359241050544,1.2414200547847312,-4.487825775329021,True
salicylaldehyde,1,0.2456263676285743,4.813321828842163,96.97874450683594,0.40593475,1.2046999999999997,2,-0.1144279222935438,122.12299999999996,-0.2754566520452499,-4.69,-7.7069097593704345,0.11300727390907449,-3.8677048876937663,gap,0.5879283791372804,-0.8701043762212815,-0.6969981300016694,-1.4799496113762411,0.5005964572573365,-0.6356830399437811,-0.640211417222342,-0.05542751865187299,0.09941658330887722,0.037113342143909434,-0.09795716096960287,-3.8392048716766682,True
dyprodinil,1,0.2226267848529067,4.863524362152698,231.1734628116384,0.09798895,3.4060200000000016,4,0.0222123310554261,225.29500000000013,-0.7015979512065065,-7.47,-8.37650439864947,0.21433406251412893,-3.8677048876937663,alpha,0.27150551718206856,-0.8760813012083217,-0.27698203879296324,-0.9720578793572836,-4.863688467916833,0.30391615384797244,1.3205182528942223,0.25178131927003655,0.02657448718616694,-0.08996317851272544,0.6671831416340266,-4.5087995109557015,True
fenoxyprop-p-ethyl,0,0.3425502052790002,5.211839712118801,319.82192220567146,0.28672522,4.603900000000003,8,0.0323832750414745,361.7779999999997,-0.9397991314718996,-8.44,-8.511567495610453,0.4159522047597047,-3.8677048876937663,alpha,0.315693329370793,0.373952246507817,-0.21404652070964075,-0.7205659740081919,-11.550137060715814,-0.2921783142010998,3.6463012233863603,1.9831577371229918,-0.0034646511114011505,1.4624575629227416,0.6706611428895523,-4.6438626079166845,True
3-carene,0,0.0150248749802509,7.034696261088054,140.38045756022134,0.06068832,2.9987000000000013,3,0.0179453318317731,136.23800000000003,-0.5872785846392313,1.01,-0.6875782326970242,0.054708577172402476,-3.8677048876937663,logP,0.8145216751635045,0.5196610164613633,1.146320144928426,0.6491343052545228,-1.0400961359430154,0.3605276454592208,1.4073537634198836,-0.024916003856022575,0.061451535120255564,-0.023488291994836902,0.1241786761469454,3.1801266549967426,True
"1,4-cineole",0,0.0369452908635139,7.573326428731282,145.03299458821616,0.2763579,2.7441000000000013,4,0.51828400293986,154.25300000000016,-0.7111979126930237,-2.71,-2.853230267154698,0.14404400884938115,-3.8677048876937663,alpha,0.8577898372220708,0.472637419587744,0.9341230031308859,0.7894411685635904,-1.4791741101996492,-0.6932767974258656,1.2688205192112585,0.04810230281518139,-0.34194517623353277,0.02763403039110851,-0.011887739301652756,1.0144746205390685,True
dibenzo-18-crown-6,0,0.3615699948752738,4.5244693169419055,323.97703847835203,0.3499426,2.948800000000001,0,-0.3540832017650779,360.40599999999966,-1.2410525663985008,-18.25,-14.860859588549326,0.8177002021939664,-3.8677048876937663,alpha,0.17487259528430796,0.380349949628542,-1.066281586406027,-1.2719436843828962,-11.178768591933741,-0.7755354536812957,0.6614059993469373,-0.5203618038995226,0.1961179914098928,0.62700220330839,1.9548602757541622,-10.993154700855557,True
4-2ftma,0,0.3056596138103064,7.683578832204952,197.4380539295285,0.3193978,4.354100000000002,8,0.0606342608672241,346.1926284669997,-0.7019233263509218,0.846,-1.202914673091628,0.17379107786097991,-3.8677048876937663,alpha,0.8857760402866239,0.4041334123304091,-0.710875728838598,0.3886786229301423,-4.780467507175833,-0.6150811496619155,4.234423579225077,1.9195635453112039,-0.037607643783003394,1.7313441943063992,0.13067888995825705,2.6647902146021405,True
6-phenylundecane,0,0.0188217789425954,6.855599846158709,256.24654665098086,0.06751288,5.930800000000006,11,-0.0116604038483493,232.41100000000023,-1.0543683289171577,1.09,0.857524820488122,0.30551980870083123,-3.8677048876937663,alpha,0.8997990659926006,0.5782899780720021,1.5617292727202732,0.32702344276210193,-7.153457130813455,0.5256882310837666,6.436674044924056,1.2028439349372704,0.13693630735151602,-0.1622790018827914,1.2717806290271483,4.725229708181889,True
warfarin,1,0.461352981445266,5.002729090248666,279.01615124213987,0.5975854,3.609600000000003,6,0.187010772389973,308.3329999999997,-1.0681973463151513,-10.9,-11.839028158215704,0.34187046974739305,-3.8677048876937663,alpha,0.2374917686156148,-0.66551409400134,-0.8494033887786279,-1.798245991960225,-9.153926292413988,-1.3459044532136457,2.1739821449623755,1.1752665815313503,0.05216813063724725,1.1908351580168186,1.2494189346980968,-7.971323270521939,True
simazine,2,0.4054987970151399,5.407497948094418,167.24452787700451,0.62807566,1.3885999999999998,6,-0.1034612112923672,201.65800000000013,-0.4738391575060393,-10.087048828662,-11.920890716860239,0.2730972632433756,-3.8677048876937663,alpha,0.9385758130624021,-2.264713925314976,-1.5174742803004395,-2.007591206795666,-2.412925939275621,-0.923258074815345,-0.39015223872857885,1.2485815136699376,0.13364105585217864,0.16399397819712577,-0.08328671165508854,-8.053185829166473,True
flutianil,0,0.4040349988887707,5.145308161775271,328.1494105656941,0.6405368,5.891280000000004,5,-0.0106037140940316,426.4476126519998,-1.1945104859769344,-7.164,-8.6686522099068,0.31182497505755624,-3.8677048876937663,alpha,0.4531848505123328,0.38587489201089975,-0.35139340400758495,-0.7730686729423627,-12.906714005412843,-1.6465374224764535,5.849127257148451,0.7350326752271201,0.0492332395507086,2.3430608406151703,1.5144372780738622,-4.800947322213032,True
spiromesifen,0,0.2751790592594752,5.743984335944766,349.3587743365576,0.74319035,5.171960000000005,6,-0.1378177053753345,370.4889999999995,-1.5930838471367246,-2.25,-10.901012754446416,0.6065862879901599,-3.8677048876937663,alpha,0.31630668150881575,0.47203910562640206,-0.3336809435586601,-0.4047832525923096,-14.911054175244018,-2.3456989826901533,4.716466063969607,1.202565929970637,0.23450402038947438,1.5756704503628511,2.760663917013519,-7.033307866752651,True
quizalofop-ethyl,0,0.3591226800566628,4.647036722728184,331.3667482648577,0.26399878,4.405900000000004,8,-0.0746104564473387,372.8049999999997,-1.012568744875136,-8.351,-9.333939313275927,0.4658739304907766,-3.8677048876937663,alpha,0.23873683702597703,0.3593647911916131,-0.09917712711289643,-0.9247908180896711,-11.88847197674847,-0.15222249118514225,2.8382161968008943,2.0866117131738364,0.10560612811037691,1.3038890192138826,0.9047401390634165,-5.46623442558216,True
dibenzo-24-crown-8,0,0.4731613546609878,3.8756885814666746,403.6897001647949,0.42492563,2.982000000000001,0,-0.5271530719101429,448.51199999999966,-1.5432399415969849,-23.63,-19.621500611926855,1.4375163961070574,-3.8677048876937663,alpha,0.1986720164379318,0.36053077439332715,-1.3540174337655317,-1.7492591482140338,-16.828224494004434,-1.045192145225911,0.6117733763892035,-0.47739190331209536,0.26288299153622696,1.1218049646761061,3.343297293294056,-15.753795724233088,True
pcb-129,0,0.1579019154111544,5.246126413345337,255.6531219482422,0.3662467,7.274,1,-0.1645484566688537,360.8639999999999,-0.7177617649237314,-3.99,-3.897867924285491,0.16389092851839127,-3.8677048876937663,alpha,0.9437925714510977,0.4992967979099925,-0.045412696203512334,0.09671440072150783,-7.085586186253853,-0.8095496454289716,6.687323606962901,-0.3636201768770679,0.15340348931358,0.34421599467795,0.4930513785857495,-0.030163036591723646,True
diallylsulfide,0,0.0929594913808008,6.592529207468033,107.4030073483785,0.19372414,2.0916,4,0.2476663471510013,114.20599999999996,-0.2813005335628986,4.86,-2.601610875305306,0.05001038438850308,-3.8677048876937663,delta_eat,0.8903537408500235,0.5738882521183505,0.644562072115806,0.022002559165480697,0.15363273062327423,-0.14529079552579707,0.26321411977356846,0.08028630462334643,-0.23949365183426066,0.049673194230879895,-0.13638077290218834,1.26609401238846,True
"indeno-1,2,3-cd-pyrene",0,0.356259286403656,3.655049324035645,292.6701354980469,0.035599492,6.231400000000003,0,0.2319462597370147,276.33799999999974,-1.0418163537979126,-6.63,-5.41134981010575,0.26344163250060687,-3.8677048876937663,alpha,0.6376891113782895,0.3415678216746091,-0.7169915878981241,-0.9200878367901296,-7.521176687296,0.4114061922176888,4.796172478240893,-0.49603301573159236,0.2317876800545493,0.1908850442914009,2.1388249888247204,-1.5436449224119833,True
flonicamid,1,0.4743360815183172,5.524691572729147,155.856208369417,0.42322448,1.35378,2,0.0239859200346301,229.16220948900005,-0.4790504524167978,-14.7,-12.02530013668312,0.10562138695101408,-3.8677048876937663,delta_eat,0.7524647294524134,-0.8879305789939019,-2.403970575645782,-1.7863229352753174,-1.8089030688148657,-1.105397140781978,-0.4441471588746378,-0.029016726888847315,0.01923122927362143,0.31339694261616924,-0.024535235603813894,-8.157595248989354,True
phenylacetylene,0,0.1274215281009674,5.875632286071777,105.64051055908205,0.063597344,1.6679000000000002,0,0.0083063244819641,102.13599999999995,-0.2423346042633056,-2.18,-3.511450460763401,0.03223599204606062,-3.8677048876937663,rotatable_bonds,0.7655386859188669,0.48872464356943784,0.1539619895072159,0.01863421743087675,0.26175207598698613,0.465431501200685,-0.234356438271366,-0.638406200181546,0.016014157069136774,-0.058703693571908966,-0.11679782580915174,0.3562544269303656,True
toxaphene,0,0.3283145640577589,6.617813961846488,249.0954862322126,0.2531117,5.377700000000001,2,0.9130189461367472,411.77399999999983,-1.0380562884466988,2.49312918703636,-0.6819392462335682,0.4518643219034471,-3.8677048876937663,alpha,0.8849676475024539,0.5850638814063778,-1.3018468936947507,-0.08841006132599387,-7.868846870366037,-0.6375395639258564,6.963674903424878,-0.08745639489641699,1.7674073684989782,2.4779495607268673,1.3757697116121521,3.1857656414601996,True
hexazinone,0,0.2759121100107828,5.733922052383423,218.69673834906683,0.59372985,0.5131999999999997,5,0.1301784566707081,252.31800000000013,-0.9506390392780304,-13.7,-14.14223533902306,0.2196644240658993,-3.8677048876937663,alpha,0.542021619873574,0.45130452197739607,-0.45045752796324806,-1.4537200497775626,-5.50449115015765,-2.9835532097882016,-1.2526561409070127,0.44705408044497974,-0.1276840374055666,0.8732604799248114,-0.2735874176772386,-10.27453045132929,True
pyrazoxyfen,0,0.4441689516222754,4.919161940729896,337.4754922556323,0.501436,4.528020000000004,8,0.1334129273458275,403.2589999999999,-1.205850637236307,-7.014,-9.671467262458075,0.4210306348686821,-3.8677048876937663,alpha,0.2824723676377781,0.374063392257901,0.011482747920316417,-1.1771727900739424,-13.318051940168157,-1.1494915398186432,3.761981663862204,2.050171123859218,-0.057692872039698605,2.436811788276689,1.2641360511598023,-5.803762374764311,True
3-1ftoh,1,0.2436808016565111,8.23622915479872,79.03255377875433,0.1610658,1.8116,3,0.2699156237973107,200.05582214100005,-0.2467380364735921,-2.579,-4.228145123242269,0.10248424626737938,-3.8677048876937663,alpha,0.9956109164463988,-1.0137971894716724,-0.642069997618911,-0.04476979985914931,1.01826644598292,0.03758008353784474,-0.04239366559019768,-0.010378289994435772,0.062409068351411245,0.3026088656600699,-0.027895756546382676,-0.36044023554850296,True
benazolin-ethyl,0,0.350204160032065,4.902014701262765,202.913152611774,0.50250626,2.2795000000000005,4,-0.120051605383987,271.7149999999998,-0.6702222279880358,-8.28,-9.2301829535716,0.1379179567673491,-3.8677048876937663,alpha,0.3047256268031996,0.3832597878767188,-0.4467147414286587,-1.292683399015421,-4.242122372760832,-1.188779423257584,0.24137603362429555,0.3352079800378185,0.13341064076778067,0.7231727658682372,-0.008605337590188954,-5.362478065877834,True
pefurazoate,0,0.4418907209177209,5.8375929293006354,303.41322357486,0.5898455,3.2344000000000017,10,0.0891384372506478,345.3989999999996,-1.20958364672131,-9.074,-10.288353165030006,0.3435554203300143,-3.8677048876937663,alpha,0.26700684168473,0.4322549622660084,-0.5016417276541232,-0.7046069651903659,-11.638712440054688,-1.7856222866152875,1.8566570468998602,3.1076158498957795,-0.049997728050454535,2.0320223442889644,0.8313826668780695,-6.420648277336238,True
p-tert-octylphenol,1,0.1449476132790247,5.823891321818034,201.52581278483072,0.118734546,4.106000000000004,5,0.0116055645048618,206.32900000000012,-0.9806702931722006,-5.12,-3.9563132192565655,0.24144735679312587,-3.8677048876937663,alpha,0.6981970481807853,-0.9618861675519922,0.05660780150627415,-0.20123524417077693,-3.7769502120078635,0.2576175905137905,2.637055489149682,0.4868333275080305,0.04572626428383564,-0.1373771467835426,1.5049999659897648,-0.0886083315627979,True
monodesmethylisoproturon,2,0.2187096317929606,5.339867961022161,190.7718963623047,0.31002706,2.7657000000000007,5,-0.0746291397560027,192.2620000000001,-0.632217122662452,-12.1,-9.232342693574264,0.2920658158796527,-3.8677048876937663,alpha,0.6374633337225384,-2.2042055259674616,-0.3028396183713972,-1.2088518189554525,-3.45777617215371,-0.12280150580418277,0.7356609476887809,0.7818239662889985,0.07567241468665319,0.029638651140344287,0.3090408555669329,-5.364637805880494,True
tetraconazole,0,0.4394361004696129,6.689905948520448,248.09209607995075,0.34736928,4.243200000000002,7,0.0158148883546916,372.14461265199975,-0.9061496442889576,-9.22,-5.140524754082538,0.19640213166243406,-3.8677048876937663,alpha,0.5094940885007938,0.6042888578343886,-1.398736199990368,-0.03213424613720935,-8.206933656269843,-0.7731621070723612,4.181384182587691,1.5912351586748028,0.1096610327429804,2.1182220185071885,0.5333550927339571,-1.2728198663887742,True
triforine,2,0.5548528598621487,4.773998782038689,279.9532749176025,0.47706932,1.4885999999999997,4,-0.0627476942143403,434.94799999999975,-1.1517643094062806,-9.29,-16.99382199689424,0.5343736987962411,-3.8677048876937663,alpha,0.2987858548206148,-2.125423815636248,-1.9913245501141716,-2.674833168544694,-8.952342038248805,-0.7211006671322997,-0.27401794198015955,0.33942081428690085,0.0864165615042357,1.5657749403052452,1.6213127563595198,-13.126117109200475,True
cyproconazole,1,0.3593222916126251,6.131882692638197,250.72080190558185,0.39724177,2.865400000000001,7,0.0431512722549469,291.77899999999966,-1.0754362131419934,-10.3,-10.136978930544084,0.29341817745993765,-3.8677048876937663,alpha,0.21420513055402501,-0.9947466918620306,-1.1790674879470913,-0.7281265358685285,-7.7492886337141185,-0.621927759818608,1.2200181950075564,1.6599373834855549,0.007077968407170098,0.9086581277030916,1.2081913917566873,-6.269274042850318,True
fenpyroximate,0,0.3053102745580925,5.525899271485667,401.11551193963913,0.3499463,5.026820000000004,9,0.0185509002200825,421.4969999999997,-1.380186290968032,-5.53,-11.606019987599918,0.7611933420876225,-3.8677048876937663,alpha,0.25592996850576377,0.416885889459209,-0.24940129994252774,-0.5575312749419417,-17.995292950172036,-0.5062520521979135,4.605534757989522,2.4709953164593363,0.015787618213954937,1.9610975490374245,2.099861346188815,-7.7383150999061545,True
carbofuran,1,0.3471463948488235,5.697117280960083,194.2057403564453,0.26861036,2.1183,4,0.2000507920980453,221.2560000000001,-0.6848534405231476,-6.51,-10.048292615813711,0.15560773036559167,-3.8677048876937663,alpha,0.3797916132904582,-0.7897342371677416,-1.055632769913308,-1.4593938917909433,-3.8426174794829486,-0.2859989407126412,0.19665287691637162,0.3009878254650026,0.06537969377582445,0.3976647144363341,0.29210448035410497,-6.180587728119946,True
1-methyl-1phenylethylhydroperoxide,1,0.1815003951390584,6.316330432891846,132.03437678019205,0.16083072,2.4113,5,0.0384082095697522,152.1930000000001,-0.4978238567709923,-7.8,-4.871675275806527,0.09373245297969897,-3.8677048876937663,H_donors,0.7161031055903004,-1.0699912771196671,-0.20589667413286544,-0.3200347810256258,-0.7662240764999254,0.055942067194327115,0.5973678080578264,0.6104069471397076,0.03536117188250843,-0.009607999593309656,0.06870642598426277,-1.003970388112761,True
aldrin,0,0.2157664522528648,6.402423858642578,236.5384292602539,0.16566525,5.270200000000001,0,0.3600025177001953,364.8959999999998,-1.0070980787277222,-3.03,-2.619647189246932,0.23108712703496176,-3.8677048876937663,alpha,0.8922656793429476,0.5117423278130839,-0.541072309323319,-0.1387248930575132,-6.440685450256803,0.014503128961392234,5.746802578707625,-0.6657406746785949,0.14471038260025862,1.0781620312775266,1.538360576403178,1.2480576984468348,True
cyfluthrin,0,0.4008482072004087,5.48177845159154,364.9122504945014,0.32957587,6.317080000000003,8,-0.0870386224572256,434.28840316299977,-1.2802371173907237,-7.396,-6.908268513682269,0.49198760943176906,-3.8677048876937663,alpha,0.43081365518934744,0.4070548380607583,-0.3766259921453649,-0.5254170768152646,-15.341289508224516,-0.3436270620368098,6.609237008356191,2.2189779875475986,0.16428284768919593,2.0906189194963476,2.0562244120833624,-3.0405636259885025,True
isouron,1,0.3986020865647689,5.869537705960481,194.2281606922979,0.39310032,2.0656,3,-0.1437392461559047,211.26500000000013,-0.6680123961490133,-11.3,-11.752471333500896,0.10693050525419667,-3.8677048876937663,alpha,0.44663711205439743,-1.039350711344963,-1.7837666678752275,-1.1740678506208704,-3.993771721455105,-0.6344181180696317,0.08999540409082804,0.0081561208230958,0.171594920504131,0.1957107351226104,0.275151443018003,-7.88476644580713,True
beta-pinene,0,-0.0273113586008548,6.546009540557861,135.02169799804688,0.104248725,2.9987000000000013,2,0.042002422735095,136.23800000000003,-0.6499408483505249,0.387,-0.6100361231930643,0.08321685438884244,-3.8677048876937663,delta_eat,0.8031731921825945,0.5605712285457495,1.727224618105599,0.14950487588521316,-0.7835253501936921,0.2104823397789132,1.3872605101402367,-0.2268669943774003,0.03305349874223719,-0.02882653795086084,0.22879057582470672,3.2576687645007025,True
4-hydroxy-4-nitroazobenzene,1,0.3597737189970518,3.3223914535422074,210.69079469379625,0.6376684,3.715800000000002,4,-0.5771084208237497,243.2220000000001,-0.577553286364204,-12.3,-9.144174378369728,0.3206220998621069,-3.8677048876937663,alpha,0.40802179854739984,-0.7744298011178172,-0.5708462065060738,-1.734956545232184,-4.252117292283918,-0.10931043389144994,1.2601093577780687,0.40386526687845975,0.15323726384748132,0.12821745358342987,0.219761446268042,-5.276469490675962,True
camphor,0,0.1088147163391113,6.373939514160156,136.5888671875,0.34479678,2.401700000000001,3,-0.1582655161619186,152.23700000000014,-0.7299290895462036,-3.37,-3.8118265369747917,0.15005798397079026,-3.8677048876937663,alpha,0.843956435389652,0.5834688684256651,0.36321189172821433,0.08809526881036993,-1.0241322655469076,-0.8643230161984967,0.5274506916015425,-0.014111138674578569,0.3682429827091307,-0.026093182370944334,0.054068250234979534,0.05587835071897479,True
decafluorobiphenyl,0,0.1443649977445602,4.841552734375,175.39112854003906,3.5050958e-05,4.7446,1,0.0047400402836501,334.1160316299999,-0.5589512586593628,-1.66,-2.1921506719239057,0.19804866729418433,-3.8677048876937663,logP,0.7913310495145263,0.43582911773664135,0.05853097275057625,0.35816173713592214,-1.9860134006910557,0.6940311309593068,2.5097124672530606,-0.3996496317828259,0.01929616264152248,-0.3477868982240098,0.3334425579907224,1.6755542157698606,True
n-nitrosodiphenylamine,0,0.2184294536709785,4.753859043121338,176.66808319091797,0.5035618,3.5061000000000018,3,0.0562645588070154,198.22500000000008,-0.5856664478778839,-1.82,-6.401092708336745,0.15615334008288503,-3.8677048876937663,alpha,0.6529278057600946,0.37426012650608925,-0.09587100743032538,-0.702505425056837,-2.7087080105919226,-1.4222279403905422,1.768590777800575,-0.0003635550435886805,-0.02515462383497417,0.26934353250347354,0.009248304895073505,-2.533387820642979,True
flamprop-m-isopropyl,0,0.3747934689012806,5.248353917946976,302.60061679797224,0.48417673,4.466000000000004,8,0.1854966324701737,363.8134031629998,-1.1911514736293407,-8.17,-7.7562875942518215,0.33904804458886045,-3.8677048876937663,alpha,0.35443799034713686,0.4050541851369454,-0.14741740179557103,-0.9753664362290501,-10.918510452570493,-1.210135181726569,3.869934902393293,1.9410439580642396,-0.05716747551233288,2.0237578544020485,1.180223341279436,-3.888582706558054,True
fenpiclonil,1,0.4127240031957626,5.033963203430176,192.43004608154297,0.79428715,3.8601800000000015,1,-0.0420656092464923,237.08300000000008,-0.5437673926353455,-9.07,-11.578439514761449,0.4019409415650716,-3.8677048876937663,alpha,0.639662887417409,-0.9081471787934641,-1.7744691748007255,-1.3598479429503576,-3.638231692553981,-2.3272417895526063,1.8903384974039301,-0.12327955150508015,0.0428662394506599,0.22921544833993018,0.2580625178940136,-7.710734627067681,True
arbanol,1,0.0747969215114911,7.2934965133667,179.50522054036458,0.22598495,2.2101,7,0.0470812772711118,198.30600000000013,-0.9745386997858684,-4.63,-5.325893121289775,0.20106658152787998,-3.8677048876937663,alpha,0.281945136622073,-0.9276018363687415,0.6853425637628623,0.24579659744499596,-3.290008288428555,-0.16560088431607561,0.36726860831236513,0.8760284539710476,-0.0008636697584707682,-0.044559196602091275,0.7960094183866548,-1.4581882335960077,True
bornyl-acetate,0,0.021353875597318,7.053560892740886,174.71387736002603,0.24818617,2.7643000000000013,5,-0.0839430962999661,196.29000000000016,-0.9329458077748616,0.0354,-2.828970920984516,0.1678826545150949,-3.8677048876937663,alpha,0.429070705206975,0.5253778406859869,1.315201106100851,0.5506785397387443,-3.06523165096164,-0.3655299476933808,1.1519534843161945,0.30023581859787357,0.25705413772157704,-0.013637377243921524,0.3826320154469662,1.0387339667092514,True
azoxystrobin,0,0.6222328028678894,5.416534496307373,352.68352392578123,0.54280454,4.093180000000004,9,-0.0979077715501189,403.39399999999983,-1.2000063314437863,-15.7,-11.169499203003204,0.4804813032564977,-3.8677048876937663,alpha,0.1978370625923257,0.4063680445245085,-0.23094082587180176,-0.863023479074237,-15.131192105872277,-1.027896970459375,2.7557646614702267,2.993510599745958,0.15341986539682279,2.4861959949140555,1.1559998999166787,-7.301794315309439,True
fluoranthene,0,0.2674140632152557,4.106557846069336,205.7234344482422,0.039145708,4.487200000000002,0,0.0688175559043884,202.25600000000009,-0.6982157826423645,-4.31,-5.058270058209237,0.09845019167084025,-3.8677048876937663,alpha,0.7014150962882743,0.34182501285349476,-0.5126696618738815,-0.5543033956289769,-3.2236415536795606,0.43486356175876156,2.261110850773031,-0.5332747131228801,-0.042944288441233235,-0.0568858252928303,0.695354842138605,-1.1905651705154696,True
dimethenamid,0,0.312036201712631,6.15073713802156,225.04525805276532,0.49291074,2.9716400000000016,9,-0.0439409552112458,275.79099999999966,-0.9473533256659432,-10.087,-6.4383394789940125,0.12782891269849928,-3.8677048876937663,alpha,0.405405412136731,0.5061859388917791,-0.5953750230520218,-0.3337132352468476,-6.24449333433987,-1.2114592988010804,1.3463647156028513,2.531551393793124,0.1180863069527811,1.0220653715744104,0.290152573324629,-2.5706345913002444,True
diphenadione,0,0.4351543114810693,4.124026896523648,321.61045362128584,0.2396827,4.083000000000003,4,-0.1387700268113222,340.37799999999976,-1.1918928408231892,-11.2,-10.720367626882298,0.47132102758264494,-3.8677048876937663,alpha,0.193730662115919,0.32158865160910877,-0.3173478425655794,-1.2046069618223978,-10.78894856798907,-0.11540555919858633,2.0901501496111186,0.3294498695126126,0.15535055398166073,0.9280209544948395,1.7490860131777584,-6.852662739188534,True
flusulfamide,1,0.3658446192741394,3.3690997123718263,254.43565368652344,0.30631068,4.7212000000000005,4,-0.4243824183940887,415.1642094889999,-0.960082709789276,-9.551,-8.559757760855272,0.30467392863402615,-3.8677048876937663,alpha,0.35105958886085614,-0.7776807294012353,-0.5149375100851491,-1.4428846731333689,-6.506105810945778,0.05631356359723624,2.2840308310758517,0.393447276942159,-0.13266093617465596,0.4954488435223846,1.4529762714410517,-4.6920528731615025,True
alpha-cedrene,0,-0.0450673721730709,6.690499591827392,202.1827392578125,0.10594108,4.415000000000004,4,-0.1072572901844978,204.3570000000002,-1.1947294473648071,0.216,0.48367654816190814,0.251022905496521,-3.8677048876937663,alpha,0.862094050026122,0.6078806357715356,2.070649375100195,-0.008744483654896756,-4.1419648965572335,0.30431107073929703,3.570763292739053,0.010204649735915857,0.36820920997079964,-0.2348694088633137,1.8049419908743218,4.351381435855673,True
6-2fta,0,0.4197398674793732,8.566109261145959,224.7574685903696,0.3299133,5.234600000000001,9,0.1113685924464311,432.1812411189997,-0.8040025741626055,1.733,0.7430711299447804,0.2958437585703744,-3.8677048876937663,alpha,0.9292686422246025,0.3478584172274052,-0.8932660281347576,0.5051095067868344,-6.607001221349075,-0.6467765916244097,6.139679054139346,2.514654223987442,-0.07577227036498427,2.973970128522444,0.3523207984483036,4.610776017638548,True
fluxofenim,0,0.3085475418812189,6.192643006642659,215.3328501383464,0.28792098,2.9959000000000016,4,-0.265732209269817,309.66920948899974,-0.6768599366530393,-5.2,-7.145344062341842,0.23975743341964587,-3.8677048876937663,alpha,0.2360675637134821,0.4811203600280902,-0.8043048280680886,-0.25861528293107205,-5.424551892238597,-0.38601660963725426,1.2805607494381248,0.33032322367218087,0.5320452995222328,0.8541831887905881,0.11761661677572019,-3.277639174648075,True
cyazofamid,0,0.4160399228334427,4.337533164024353,261.94723358154295,0.5657074,2.0381,6,-0.1705711476504802,324.78299999999973,-0.9512571632862092,-6.54,-11.73279627413024,0.2755829485947931,-3.8677048876937663,alpha,0.24546514084823737,0.37970086613212883,-0.2375076696156023,-1.88769879107659,-7.690292741989337,-1.2760987272818949,0.05533067106453119,1.200630749914032,0.1645753294515811,1.1821237154728483,0.24414521149183016,-7.8650913864364735,True
mirex,0,0.6757824420928955,6.541302680969238,299.93951416015625,4.36829e-08,6.222999999999999,0,0.2114247679710388,545.5100000000001,-1.1129590272903442,-2.01,-4.142505460522989,0.5440236913704806,-3.8677048876937663,alpha,0.6964904312344857,0.5417818490344334,-3.4520755213314684,-0.07243462289303487,-10.286182018842293,0.8330037715777951,7.164227350059882,-0.379959039274532,0.006210617833582981,2.6988112956111516,2.6718157453952616,-0.2748005728292213,True
pfbsa,1,0.2477318312972784,7.500186312198639,114.45929050445557,0.3742959,1.7006,4,0.2081725995987653,299.1106284669999,-0.4194283552467823,-6.672,-6.137200154883191,0.21065206591512892,-3.8677048876937663,mol_mass,0.8984714903184232,-0.9385008185069325,-0.7533420582983534,-0.6732406676789664,-0.1206663547301211,-0.9055347332689557,-0.05753000774926433,0.2687481431176404,-0.04706354684836036,1.0445526971304595,-0.0869179203565695,-2.269495267189423,True
trinexapac,2,0.4487988910054772,5.3415723350959095,178.03283666595212,0.30319798,0.8412999999999999,3,-0.0059237199555325,224.21200000000007,-0.6767458654031521,-13.6,-14.237821695513812,0.18522726035069725,-3.8677048876937663,alpha,0.7934685269707059,-2.2619404264736804,-2.186094397814839,-2.1642139029931062,-2.850699617676441,-0.43740674724659856,-0.9524183087983864,-0.001520369312663635,0.08086626571969395,0.22275481580727355,0.18055588096870076,-10.370116807820049,True
fluthiacet-methyl,0,0.6086549338825206,5.0890787738434815,313.45817549685216,0.49151456,2.795100000000001,5,0.3201853991188901,403.8714031629999,-1.0507301472603006,-9.65,-13.658351699506508,0.3967598323137214,-3.8677048876937663,alpha,0.23980290488537803,0.3825514839510817,-0.37877277904181134,-1.59480506698511,-11.715760623986862,-1.6189143347341424,1.0483272422247398,0.6050013373799376,0.007607043513884604,2.8094734305737785,0.6646454552917606,-9.790646811812742,True
linalool,1,0.1779158356341909,6.975156581148188,159.59547748971494,0.11387645,2.6698000000000013,8,0.2358998459704379,154.25300000000016,-0.5935933247525641,-3.68,-4.480461486131271,0.13635676692493526,-3.8677048876937663,alpha,0.5711264854895679,-1.1312115829006308,-0.23175923018101177,-0.06577812328667945,-2.175481254999884,0.2551420047385273,1.1953868276703894,1.2424749634165182,0.03963476216809911,0.018683783408493936,0.24015125152867328,-0.612756598437505,True
diethofencarb,1,0.2714655854791965,5.268731369162506,249.96419280430047,0.26155177,3.440900000000002,10,0.0798857468619661,267.3249999999998,-0.8397887281651767,-6.1,-7.336169982061416,0.37716967269744783,-3.8677048876937663,alpha,0.4158926805561305,-0.7507626961762959,-0.388590260572813,-1.2171802282946673,-6.845422095365663,-0.11247151182753308,1.8525591830339323,2.8469609447797892,-0.043402103811788564,0.5181709397660815,0.671672734101309,-3.4684650943676494,True
hydroxyethylmethacrylate,1,0.2835635072909869,6.45991928760822,105.08963658259464,0.2485159,0.098,5,0.0008230349765374,130.14299999999997,-0.3020580261945724,-6.9,-8.556719024288201,0.08020969673801859,-3.8677048876937663,logP,0.5458942765552529,-1.1260868850109795,-1.2713000451420875,-0.5149496147697806,0.2421843534640799,-0.3117498751621189,-2.328839300467391,0.607712707661807,0.09423682754245316,0.02457536160219069,-0.10479766631260823,-4.6890141365944356,True
chlorophacinone,0,0.4493091011047363,4.092834630012512,341.66778686523435,0.30725136,4.736400000000003,4,-0.118606960773468,374.8199999999999,-1.2215164518356325,-13.468,-11.020421589174273,0.49003222794252715,-3.8677048876937663,alpha,0.24203524319682646,0.33172663475944497,-0.2502574413989652,-1.205507707459342,-12.38732012846143,-0.26496061520611347,2.998168039849106,0.3344425695286276,0.13740403792852784,1.2679232779428906,1.8856646310367444,-7.152716701480509,True
tricyclene,0,-0.0779113322496414,7.348805427551269,132.31143188476562,0.075793035,2.688500000000001,3,-0.210741713643074,136.23800000000003,-0.6718367338180542,1.25,0.7862893414342803,0.11136861202634152,-3.8677048876937663,delta_eat,0.5873272880397026,0.46946141577958567,2.021748540287004,1.1874280872649936,-0.6663961550089337,0.26303730024328875,0.7863078528946793,-0.024497980814888843,0.4281393743631886,-0.025936525574430335,0.2147023196935593,4.653994229128047,True
hydramethylnon,2,0.4827200206322858,4.320634300425901,459.7899838894774,0.20488313,6.3818000000000055,7,0.270953182783504,494.48541897799976,-1.4545804450740922,-5.52,-14.204963261674726,1.2463030396456394,-3.8677048876937663,alpha,0.31459610339619204,-1.6628729739537929,-0.6011769006943856,-1.874565016606074,-20.870558514402617,-0.027912807116116177,6.565796384333282,1.5974641141800139,0.2475985352786482,1.7609431666549724,4.528025638345103,-10.337258373980966,True
cyhalofop-butyl,0,0.4375192259039198,5.468285751342774,325.0211097935268,0.3812451,4.600280000000004,10,-0.0404138070344924,357.3814031629997,-1.0694467564991543,-8.296,-7.857715671005186,0.41014091435538863,-3.8677048876937663,alpha,0.2944649380405171,0.407022609626379,-0.3333807824810878,-0.6852755232036827,-12.53976876373423,-0.5159307353072493,3.692522232055412,3.290548611116585,0.08851119129298765,1.7059962983644112,0.8997440789590574,-3.9900107833114165,True
"2,6-dimethylnitrosomorpholine",0,0.2310971755672384,5.8874399750321,113.03492115162037,0.1922758,0.7769999999999999,3,0.1373842463449195,144.17400000000012,-0.4623592462804582,-6.74,-6.255056869175681,0.06268813654775154,-3.8677048876937663,logP,0.7141411699159746,0.40703794763161427,-0.37771518676607957,-0.8182313581533798,-0.0034827152898105236,-0.16874793663254625,-1.1457557589764111,-0.01443812256186015,-0.1311798544408403,0.07632576214127103,-0.21116475843387272,-2.387351981481915,True
thiazopyr,0,0.285932562068889,4.830726518965604,290.06977121453536,0.5926899,4.516500000000004,8,-0.2338941665202902,396.3760158149997,-1.199965094265185,-6.43,-6.799121023268251,0.3057574147527148,-3.8677048876937663,alpha,0.3020820292395032,0.41550076743250236,-0.11534281224507778,-0.7742020301083044,-9.815511902258095,-0.9167602349501378,2.9650897534586216,2.263572429587098,0.27594023400678513,1.5700817100591595,1.2002159494429665,-2.9314161355744806,True
1s-endo---borneol,1,0.0464652478694915,7.328933477401733,141.09669494628906,0.105209604,2.1935000000000007,4,-0.0332480259239673,154.25300000000016,-0.7862461805343628,-4.16,-3.5513490538294583,0.13714468125782148,-3.8677048876937663,alpha,0.9918755047803325,-1.07606997513537,0.8054779258449534,0.5195638633879531,-1.084884110908338,0.2496806721801171,0.24858462579580837,0.0805417807755131,0.09108596897145978,-0.15485133478521823,0.6372264177374312,0.3163558338643098,True
pirimor,0,0.3352105311445287,5.798009369824384,214.74953357593432,0.22969517,1.2198399999999998,8,0.1671002305842734,238.29100000000017,-0.7370209710018055,-10.2,-9.34114416912936,0.22462246052011825,-3.8677048876937663,alpha,0.28339123535713256,0.4211653918860215,-0.5874024263001525,-1.2874249427227817,-5.070643341132872,-0.3284551067941637,-0.45988139865137284,1.4369758804990627,-0.14495415592174388,0.7412528993525966,-0.19407208165018708,-5.473439281435592,True
mannose,5,0.5802164877715864,7.188069614611174,121.42725356252568,0.3504917,-3.3787999999999987,10,0.563636724258724,180.1560000000001,-0.5096944708573191,-17.0,-21.54918285609772,0.8410035959016832,-3.8677048876937663,logP,0.5024374449003464,-4.19965327915483,-4.038851394229897,-1.0870450042118571,-0.46004854246404114,-1.1092526515920174,-8.35855950184563,2.3745046018589746,-0.930864122812339,0.32844902998603276,-0.2001571039383474,-17.681477968403954,True
peroxyisobutyrylnitrate,0,0.3854691380491623,6.362097194561591,89.38415974837083,0.38101304,0.3088999999999999,5,-0.2320993350675473,149.10200000000006,-0.2576193491426798,-1.9,-5.806303079850312,0.10043072195269204,-3.8677048876937663,logP,0.8073562737021316,0.5264494536734661,-1.5306989300813747,-0.3667369506918837,0.7116408080994507,-0.7915534349540654,-1.8959398470545796,0.6672388055833159,0.8165511219607403,0.09665865376173326,-0.17220787245334826,-1.938598192156545,True
"2,3-benzfluoranthene",0,0.2974482178688049,3.992471933364868,268.9439697265625,0.034276225,5.640400000000003,0,0.098819576203823,252.3160000000001,-0.9207947254180908,-6.23,-5.855533734983338,0.1955518980203798,-3.8677048876937663,alpha,0.5960752899086084,0.3395740498476097,-0.6032007165719182,-0.6515452146474245,-6.286874631794968,0.4389533413789386,3.747450618766261,-0.5119754084068008,-0.03072798226598898,0.016303959734720975,1.5542131366699996,-1.9878288472895713,True
perylene,0,0.284729540348053,3.863299369812012,256.1589050292969,5.843139e-05,5.737200000000003,0,0.1194174662232399,252.3160000000001,-0.9604816436767578,-5.22,-4.53309365900522,0.1755868509767141,-3.8677048876937663,alpha,0.6933081606571321,0.3508245254137289,-0.5326106064355767,-0.6217607843156324,-5.485638368668681,0.5733336612741006,3.803237847411874,-0.5099718621862391,-0.005626943134332382,-0.017705882505698028,1.780529641835002,-0.6653887713114544,True
biphenyl,0,0.1039045229554176,5.666027069091797,158.4150848388672,1.6575505e-05,3.353600000000002,1,-0.0250879097729921,154.21200000000007,-0.4796516597270965,-2.66,-2.704325257245995,0.04995341046192988,-3.8677048876937663,alpha,0.8323657781012247,0.47015653390582496,0.34053226268273235,0.34455157762824695,-1.363844026021329,0.6631767749326954,1.1352170939279504,-0.4018113826478052,0.043103347726775654,-0.1773572023973928,0.10965465071007278,1.1633796304477717,True
dioxacarb,1,0.3918913784954283,6.673095689879523,183.13777542114252,0.22931793,1.4502,3,0.1512822198371092,223.2280000000001,-0.6206348356273439,-12.6,-11.547738347500827,0.13702377408448746,-3.8677048876937663,alpha,0.6121153980147007,-1.1538843860153642,-2.311804411339139,-0.11548890272330173,-3.776746049580047,-0.36447133741973936,-0.4267330096713316,-0.007301784110858635,-0.12213982965977777,0.4979932977603381,0.10054295295216016,-7.680033459807061,True
tolylfluanid,0,0.4559359417779602,4.28294144233648,235.19546174655,0.58367854,3.314420000000002,8,0.005294091646036,347.24440316299984,-0.8609333569115966,-6.15,-6.495795658612915,0.14921632635509602,-3.8677048876937663,alpha,0.36121517608324305,0.35328819776112624,0.13655366354665563,-1.4671592612808815,-6.125538340150584,-1.0994298623067427,1.4075127025433478,2.2126374101421495,0.007730338484828614,1.6949170044480308,0.2513973758929199,-2.6280907709191506,True
flubenzimine,0,0.6146525465525113,4.16502385873061,303.6134936992939,0.36626574,5.764100000000003,2,0.4676350190853461,416.3454189779999,-1.0375439249552214,-5.076,-6.390764645890194,0.25167604390236087,-3.8677048876937663,alpha,0.5607116787994644,0.3322369168229645,-0.4025870219460086,-1.4922794762682854,-10.1696697863489,-0.9824000945428534,5.702252618739881,-0.05407064645524686,0.6313003680170508,2.5232468266700963,1.388910537114873,-2.5230597581964282,True
norflurazon,1,0.4456706734167205,4.3005460898081465,227.1576109992133,0.73147833,2.946400000000001,3,0.2224515465916031,303.66920948899974,-0.6993973784976535,-10.7,-12.728133802917775,0.3497913741594241,-3.8677048876937663,alpha,0.40243607988784524,-0.5897853034381532,-0.9287459100139062,-2.219487704939632,-5.515131013000078,-2.2047115271956126,1.0716878913807335,0.0005203362768322589,0.131934985090907,1.0109682141874212,0.3823211164274777,-8.86042891522401,True
ferimzone,1,0.4387726068496704,4.893013048171997,256.6418228149414,0.39406356,2.659860000000001,6,0.3626920774579048,254.33700000000013,-0.8285715192556381,-11.7,-11.98544512524881,0.36097584669776894,-3.8677048876937663,alpha,0.2883867799655576,-0.6160669814634303,-0.8180534977440759,-2.116261113533512,-7.338273667698151,-0.669830970704853,0.7951563289290927,1.0822938175249601,0.3022826690814755,0.7188483781821506,0.5421647998712988,-8.117740237555044,True
metalaxyl,0,0.3865803014009427,6.300153927925305,241.16710095527844,0.5710748,1.84434,10,-0.0184975955157707,279.3359999999996,-1.0860963326234083,-9.43,-9.748279680214115,0.20825704909022752,-3.8677048876937663,alpha,0.3994347759670401,0.5321396653166695,-0.9495804206392302,-0.5117937211823842,-7.507081296375762,-1.884295628553534,-0.045619816761846226,2.9985893357842093,0.0674066386141264,1.2156586664371654,0.20400178484023596,-5.88057479252035,True
methyljasmonate,0,0.3222383284433321,6.508431361480192,211.37380582636047,0.28081882,2.501100000000001,7,0.0277699887202205,224.30000000000013,-0.8019771006974307,-6.95,-7.219797522499779,0.14990259694370414,-3.8677048876937663,alpha,0.25900091816051474,0.5538971873667435,-0.9368841508133208,-0.11820292170225428,-5.439904571581545,-0.4940049708374635,0.8631902970563881,1.4089402787452017,0.04656718439080408,0.6399391276213079,0.12436990494812614,-3.3520926348060125,True
diacetylmorphine,0,0.2773341485432216,5.611869035448347,318.6965811593192,0.43732437,1.9886,5,-0.0345245851469891,369.4169999999997,-1.579655609812055,-14.5,-13.568093078499189,0.7790638066107114,-3.8677048876937663,alpha,0.18258063542128208,0.4491185992312802,-0.3446804907790713,-1.0498613796812062,-11.965014955385557,-1.196471672040143,0.0386909200250058,0.6747672745579609,0.05199693221371153,1.4564865476731614,2.1845800333794383,-9.700388190805418,True
penoxsulam,1,0.8213856537765432,4.195289112697138,328.148627165322,0.8134825,2.6050000000000004,10,0.250743426138831,483.3700158149999,-1.2569672548882316,-22.3,-11.207924032943204,0.5237657040165693,-3.8677048876937663,alpha,0.3114305789125936,-0.5642370783203022,0.8799412162128496,-2.8258728859152025,-12.880409186913576,-1.847212017131649,0.6779756212466901,3.5888668082621877,0.16398657533569358,4.011353289711584,1.4553885122622858,-7.340219145249439,True
trans-ethylcinnamate,0,0.1988388498624166,5.013132148318821,174.5805409749349,0.20630357,2.2629,4,-0.0432656506697336,176.2150000000001,-0.4660361674096849,-5.12,-6.2282914334551425,0.09415786868205354,-3.8677048876937663,alpha,0.2924419928999849,0.39170681415478176,-0.07064969949102594,-0.7230301451608907,-2.472388243531656,-0.0763647247875655,0.24867672468659582,0.29814300071539573,0.0606745376901329,0.08833347170241215,-0.1056882817395566,-2.360586545761376,True
kappa-bifenthrin,0,0.2595221419818699,5.808236849308014,371.0657562255859,0.318421,6.6624200000000044,8,-0.1188003202783875,422.87220948899954,-1.3631791934370994,-5.99,-6.3959809254806945,0.5354900499315134,-3.8677048876937663,alpha,0.4676725421236125,0.4633729082861676,-0.2837190244562632,-0.26725837906427957,-15.778900511828633,-0.3560839359686993,7.379358514282467,2.07511838636022,0.23152798196931887,1.5762833238451825,2.4320246987875906,-2.5282760377869273,True
pentaerythritol,4,0.4446226490868462,8.604307492574057,97.91127098931209,0.2667738,-2.058,8,0.7089298764864603,136.14700000000005,-0.4244560466872321,-19.4,-18.28712743180519,0.6602504679298343,-3.8677048876937663,logP,0.6816656215091854,-3.6858674889974194,-2.698734275077541,-3.0548824196264617,0.3360534499374125,-0.480703571299652,-5.407148861104407,1.424109384301778,-0.737617813300279,0.02212656089718234,-0.1367575098420353,-14.419422544111422,True
phenmedipham,2,0.4781966543019707,5.436492215341596,278.4664716578242,0.33999538,3.784220000000001,5,0.0218235062185063,300.31399999999974,-0.8273482082495048,-14.3,-13.747559828307763,0.39428128227293885,-3.8677048876937663,alpha,0.2626396087902386,-2.349406852589429,-1.705459511913336,-1.3783777194257099,-8.945363813977583,-0.2041853650497162,2.2522566760450866,0.8048662654700547,0.031662720742962815,0.6872649704680883,0.9268876896155834,-9.879854940613997,True
sulfathiazole,2,0.5500228106975555,4.066576957702637,190.8547096252441,0.57377815,1.5260999999999998,4,-0.1937349997460842,255.3100000000001,-0.6006085574626923,-15.9,-13.912489042964376,0.20343714091997092,-3.8677048876937663,alpha,0.8260573943699204,-2.0813177538671312,-1.8759075061649078,-2.778463536943852,-3.3635235951893385,-0.5729759837550965,-0.2599441774212783,0.3558248319245111,0.12111194643763704,0.304438602067565,0.10597301764128116,-10.044784155270609,True
dibenzylether,0,0.1456111876500977,6.070127964019775,193.9263916015625,0.14050418,3.403400000000002,4,-0.1282719266083505,198.2650000000001,-0.6272337767812941,-4.87,-4.291017114606349,0.092751000764643,-3.8677048876937663,alpha,0.4716845099120573,0.5190992954211971,0.07225768319351303,0.1816847216495176,-3.605967729017974,0.11411081479474142,1.7008791210205374,0.18710212277015473,0.25467708836754777,-0.0002044378150407214,0.15304909270322348,-0.4233122269125827,True
metofluthrin,0,0.2564804980629369,6.413778287486026,296.4342551783512,0.24746762,4.280900000000004,10,-0.3454526318531287,360.3486126519996,-1.0489129963674044,-4.721,-5.757531972027822,0.4095966075820747,-3.8677048876937663,alpha,0.3199090260335466,0.556679805126327,-0.5417145463598076,-0.11352831410632624,-10.785993896348117,-0.2278043554588347,3.450536802184504,3.0049215401489215,0.729511543857549,1.1119131636265176,0.925651172995211,-1.8898270843340546,True
syringylacetone,1,0.3302485346794128,5.00434210425929,197.39455694901315,0.24615428,1.931,9,0.1677007549687435,224.2560000000001,-0.6975439786911011,-12.9,-8.033318203976386,0.2522741255809524,-3.8677048876937663,alpha,0.5957565275976375,-0.6712286380117811,-0.5402004152057726,-1.9991279230018288,-3.7628717359337016,-0.12702359363413204,0.008576204941378762,2.2417553991951564,0.08074813348064278,0.38292212080939897,0.2208371310780211,-4.165613316282618,True
thujone,0,0.1231445698783947,6.350688604208139,142.7274169921875,0.25691488,2.2576,4,-0.029847222738541,152.23700000000014,-0.636058087532337,-3.27,-4.070379878199349,0.06678202089306051,-3.8677048876937663,alpha,0.44278248190709635,0.5812516615462153,0.29447867875055117,0.03634911089764313,-1.3127250632019636,-0.39316253143706914,0.3651577861817739,0.18961918975988634,0.11116847054429432,-0.010034961108055034,-0.06477733243885811,-0.2026749905055818,True
"2,2-dimethyl-3-hexyne",0,0.0552193969488143,7.95186448097229,125.98950958251952,0.0042798426,2.445900000000001,1,0.3188855051994324,110.19999999999992,-0.381534993648529,0.627,-1.0291106905354286,0.07183936234484414,-3.8677048876937663,gap,0.5350051706043594,0.4133344542787933,0.6534466758398382,1.303343814312583,-0.3435111854197036,0.69729567973244,0.536427989708149,-0.40225403519960823,0.057034847334608826,-0.013778466624908683,-0.062745576803854,2.8385941971583377,True
kepone,0,0.4180622696876526,5.666783332824707,272.4754333496094,0.13309234,4.618199999999999,0,-0.4522191882133484,490.6089999999999,-1.0398006439208984,-7.368,-8.50432170903443,0.7646950475713847,-3.8677048876937663,alpha,0.329746406291283,0.38743408919326,-1.8364496400895889,-0.23499527077820526,-8.076432316817975,0.13093828330504745,2.663174532125508,-0.5311420127515497,0.1257254387520519,0.8451549844635066,1.8899750912572788,-4.636616821340666,True
pcde-187,0,-0.0189787745475769,5.346259021759034,273.40748901367186,0.15449981,8.052699999999998,2,-0.150991204380989,411.3049999999999,-0.7735870122909546,-1.72,-1.6365031931928073,0.19272010421703376,-3.8677048876937663,alpha,0.9907534310603003,0.33372716109673034,1.4544288682726103,0.6387538541081568,-7.274993768283795,0.04328254593149878,7.207725036869474,-0.2059269666626215,0.2573504381004634,-0.9378063221487863,0.7146608472172307,2.231201694500961,True
camphene,0,-0.0305884033441543,6.757196664810181,133.16345977783203,0.1166731,2.9987000000000013,2,-0.0945611149072647,136.23800000000003,-0.6638863980770111,0.333,-0.28087908742660195,0.10348454783083182,-3.8677048876937663,delta_eat,0.7592504966479646,0.6104780048346492,1.830664669645125,0.11308076241315494,-0.8081315081020802,0.1717974486652707,1.3899330596239432,-0.2239604969541289,0.283243761244761,-0.02282329202906037,0.24254339092553043,3.586825800267165,True
indoxacarb,0,0.5180438791053841,4.767841893506337,404.9904772287392,0.6241149,4.093300000000004,5,0.2805065964629133,527.8372094890008,-1.477599727820201,-10.3,-15.89924897598479,0.7827206536052189,-3.8677048876937663,alpha,0.22275229513838804,0.37377167727614946,-0.0188909104512901,-1.523912537460646,-18.8353810009583,-2.2677778567337357,3.080253135178421,0.6209129381314369,0.015439588416318562,4.19562434776945,2.3284165305411704,-12.031544088291026,True
alpha-neoclovene,0,0.015271320939064,6.649622917175293,201.36165618896484,0.102113396,4.559100000000004,4,-0.1492954790592193,204.3570000000002,-1.2196598649024963,0.196,0.4085775651422258,0.273402467001232,-3.8677048876937663,alpha,0.9054223440032013,0.6075651569421904,1.4883918603220354,0.03386302343839874,-4.109252205465746,0.3161145328320502,3.7206087639731207,0.02651308162244164,0.4164791008896449,-0.2096625308259979,1.985661669107854,4.276282452835992,True
alpha-pinene,0,-0.0140004120767116,6.725793361663818,135.86105346679688,0.062542416,2.9987000000000013,3,0.002481073141098,136.23800000000003,-0.634563148021698,1.04,-0.30838468760033233,0.07285174502099069,-3.8677048876937663,delta_eat,0.9482245716189919,0.6173453842961173,1.597684948599651,0.03775091955660283,-0.9156355511797288,0.4150015794625862,1.514964125968015,-0.024456338605425416,0.13961692420085706,-0.011434680183496594,0.18848288797825546,3.559320200093434,True
disperseblue1,4,0.3387529253959656,2.35095763206482,232.6287841796875,4.3076587e-05,0.7908,4,-0.540584146976471,268.2759999999997,-0.8718230128288269,-6.91,-16.420865203654483,0.6194037977647917,-3.8677048876937663,H_donors,0.7504489425238777,-5.3300484365515715,-0.8944132194679527,-2.5328596602606046,-3.9999292128111748,0.492463725342504,-0.8949534529607683,0.19771026243483888,-0.22846096372066144,-0.5892666550019198,1.226597297036595,-12.553160315960715,True
metominostrobin,1,0.3919973014568796,5.569819537960753,254.34250282754704,0.3354322,2.5754,7,-0.1599238485249937,284.3149999999997,-0.8657751545614126,-10.6,-11.167309722854831,0.278871831009688,-3.8677048876937663,alpha,0.240858461390235,-0.9596184173912377,-1.1289866717469994,-1.287207211516553,-7.482374701895847,-0.18029518373401712,0.5434880261600152,1.802193258243852,0.15192047760618102,0.5735918977645664,0.6676836913489719,-7.299604835161068,True
3-methoxyphenylmethylketone,0,0.2262202091515064,5.075674414634705,133.9587745666504,0.3007656,1.8978,4,-0.0667156502604484,150.17700000000008,-0.4113751575350761,-6.37,-5.4401844791385185,0.035996477536300815,-3.8677048876937663,gap,0.8216594046658379,0.4107653841213871,-0.14371617756114347,-0.9154654712301806,-0.7522008140831209,-0.4062606740290824,-0.024611526082916196,0.3184110624577671,0.04714406644864222,0.04561998945129758,-0.1521654309374034,-1.572479591444753,True
2-adamantanone,0,0.1430601477622985,5.889011383056641,129.62928771972656,0.29998052,2.0116,0,0.1596134752035141,150.22100000000012,-0.68449866771698,-4.83,-5.627144757080991,0.14404323470892613,-3.8677048876937663,delta_mu,0.743838881196238,0.5566590414838084,0.06986274624223615,-0.362217166144188,-0.5859245597634409,-0.9631264444063772,0.07950053442524396,-0.7164108968577503,0.040702945842135255,0.000507153514488695,0.12100677627661986,-1.7594398693872242,True
4-ethenylcyclohexene,0,0.0603840333573958,6.966456497416777,109.14856226303998,0.058347087,2.5287000000000006,1,0.0544608948642716,108.18399999999993,-0.4010063848074744,0.359,-1.015714245755441,0.052402355735472556,-3.8677048876937663,delta_eat,0.8513766178678497,0.5080945213701635,0.8605208909538611,0.4871948070711907,0.10090517257380756,0.5787782714482322,0.7326273657449269,-0.3621683917766068,-0.008504721175802954,-0.005100481082574748,-0.040356793188871774,2.851990641938326,True
endrin,0,0.2266170233488083,6.136300086975098,240.09234619140625,0.20547573,4.481400000000002,0,0.2781901657581329,380.89499999999975,-1.0865075588226318,-4.87,-4.696463043157826,0.3534267386430772,-3.8677048876937663,alpha,0.6103884145925501,0.48281415891143215,-0.5255811748430863,-0.2831859994828282,-6.567494743121713,-0.25397563618474384,4.00872270409897,-0.6209028149685327,0.03942083103777549,1.175379552329005,1.716044966759662,-0.8287581554640597,True
piroxicam,2,0.5300883948802948,4.320182694329156,277.3969455295139,0.57387424,1.5810000000000002,4,-0.0182620603591203,331.34599999999983,-0.976343744330936,-15.8,-18.005663648345177,0.39004925475856944,-3.8677048876937663,alpha,0.34274579634846414,-1.8698315642865815,-1.70020857859572,-2.9354738756055037,-8.564580242498597,-1.0529693776415097,-0.20156565932828197,0.342343830902237,0.034582493867882966,0.863557829278415,0.9461863832562487,-14.13795876065141,True
pyrametostrobin,0,0.4238734861708575,5.4156994227296815,358.9985055864228,0.49172056,4.108720000000004,10,-0.001724993983596,381.4319999999997,-1.284783891269139,-10.553,-11.15407555836054,0.5549442188783148,-3.8677048876937663,alpha,0.21335276759775607,0.4078637562219597,-0.2750943416393301,-0.8155432435350921,-15.278506873408286,-0.9783684371859229,2.9330782256588632,3.2597117262029967,0.034348233434467225,2.069530974370849,1.3566093092127214,-7.2863706706667735,True
pentylcyclopentane,0,-0.0377425085263032,8.040744141528481,149.66181745027242,0.040095564,3.7569000000000026,5,0.01211021521962,140.27000000000007,-0.6256512521128905,2.57,1.7445946424862366,0.04199694356579034,-3.8677048876937663,logP,0.9077743889876818,0.41481440310901635,1.4937558018276966,2.1004071162482796,-1.3433835190140833,0.45957844202219417,2.313798606491399,0.029278216037026544,0.011735077016636095,-0.047191899806833144,0.17950728624867124,5.612299530180003,True
fluoxastrobin,0,0.5114515138955056,5.935665245297589,366.3918694604801,0.43617016,4.564500000000002,8,0.0830484382112663,458.8304031629999,-1.2500766063038309,-14.1,-10.903123476661499,0.5641061970314744,-3.8677048876937663,alpha,0.26326420926015986,0.4225944249834489,-0.6059542964355948,-0.5238021795072885,-16.39520294041123,-1.0126695488314403,4.31627013776721,2.103144231164113,-0.051445362031925145,3.2026085040845027,1.5090384402504688,-7.0354185889677385,True
bendiocarb,1,0.3100403036390032,5.552287306104388,184.65242440359933,0.26244166,1.9121,4,0.304997512272426,223.2280000000001,-0.6070272156170436,-7.9,-9.59598693254899,0.18114881085026743,-3.8677048876937663,alpha,0.5194200871445457,-0.7279294322145667,-0.7685030818733279,-1.68877667952474,-3.2512733360171007,-0.27265572716195363,-0.007445662537984924,0.2933431629998199,0.15822132519835758,0.40047651982373134,0.13626086645254126,-5.7282820448552245,True
picoxystrobin,0,0.3971210930496454,6.183671361207962,291.1708917617798,0.41530687,3.8397000000000014,8,-0.1035901516326703,367.3242094889997,-1.0220859207212925,-8.91,-8.381614112376976,0.3090453527114485,-3.8677048876937663,alpha,0.25549663090387137,0.49340102620514753,-0.8658321847775914,-0.2785011235791612,-10.74211407152662,-0.7958305408632809,2.7445739540601197,2.1958623445344445,0.24056839817953007,1.7971181713021847,0.6968448017820184,-4.51390922468321,True
dioxydimethanol,2,0.3639181542855043,8.904848172114445,53.90183903620793,0.16659361,-1.1658000000000002,5,0.4197175181829012,94.06599999999996,-0.1306649804688417,-9.6,-12.122513348281919,0.14930587488060515,-3.8677048876937663,logP,0.6571695472527926,-2.366646986471617,-2.094136488098933,-2.2033729857707978,1.895262432482332,0.01704292298912629,-3.6012730601487255,0.47657552905068246,-0.5462335449994656,0.12073082336393766,0.04724289701530883,-8.254808460588153,True
"2,4-dinitro-n-phenyl-benzenamine",1,0.3190521238481297,2.988923521602855,207.6792485854205,0.6576878,3.2466000000000017,4,-0.7915272852953743,259.22099999999995,-0.6742948837140027,-10.2,-8.676582826059839,0.4580069575123592,-3.8677048876937663,alpha,0.4414179366401102,-0.7627507274444945,-0.4257173979965727,-1.78168716625113,-4.03628176012192,-0.06308970703413394,0.8156432964149614,0.40275906030103326,0.5616405784317354,0.1141147487680374,0.36649113656640986,-4.8088779383660745,True
pyrene,0,0.2348527461290359,4.192914962768555,199.064697265625,2.32126e-08,4.584000000000002,0,0.1239974424242973,202.25600000000009,-0.7196020483970642,-4.32,-3.926769728320079,0.0852426207531672,-3.8677048876937663,alpha,0.858175314873107,0.3794912718892617,-0.35681617920273634,-0.4492968842327138,-2.869214165002326,0.5928588126514757,2.46228876948925,-0.5517308770382845,0.0068935382213399805,-0.06244530047753446,0.7889061730759549,-0.0590648406263129,True
fenpropathrin,0,0.3478649729176571,5.810666781977603,333.291112317537,0.36225545,5.268980000000004,9,0.0310116852780706,349.42999999999967,-1.25721025215952,-2.91,-7.062504908244604,0.4469382832287373,-3.8677048876937663,alpha,0.40253942742403453,0.4325498290539026,-0.42990132113116636,-0.4453067964943303,-13.261137590461283,-0.5995437419311875,5.3381307326556255,2.528974322656114,0.004740352013246486,1.6161613849191891,1.6205328081690547,-3.194800020550835,True
isosativene,0,-0.0458920023271015,6.643405471529279,204.28733498709545,0.1427254,4.270900000000004,4,-0.1140898684305804,204.3570000000002,-1.1632746032306127,0.02,-0.2543946749734931,0.2460634047792228,-3.8677048876937663,alpha,0.7798820323632459,0.5701583241900197,2.0404284408543605,0.040152774806422466,-4.33538844622556,0.1302919172320775,3.3810915525265246,0.03879942678628777,0.3958066190424975,-0.19287435175948414,1.5448439552671267,3.6133102127202736,True
diphenylmethane,0,0.1222732812166214,5.882228851318359,168.54859924316406,0.06956894,3.277400000000002,2,-0.0111085698008537,168.2390000000001,-0.5557996034622192,-3.11,-3.4111469004830903,0.05366339768331719,-3.8677048876937663,alpha,0.6479192462081382,0.4859815814500312,0.21859315099955506,0.27528321419179524,-1.9898407672745115,0.328386470294726,1.289256130006725,-0.22102083208128653,0.06141887992667154,-0.1756671365903819,0.18416729628735212,0.45655798721067614,True
spirodiclofen,0,0.2911754308911095,5.773095568718269,347.74935930932475,0.86541927,5.943600000000005,7,-0.0563209239850964,411.3189999999996,-1.50632455544165,-7.67,-9.20474520702317,0.47691657901259765,-3.8677048876937663,alpha,0.4283759011171781,0.4664472707572342,-0.3473652389628267,-0.3988065642784373,-15.089430317720211,-2.82014859299418,6.463948309698263,1.6897743739049704,0.1242665547268352,2.197833992324866,2.3764398932140827,-5.337040319329404,True
15-crown-5,0,0.3621604060193142,5.933704367603164,180.49464416503903,0.41120774,0.0830000000000008,0,-0.2736738142164716,220.26500000000016,-0.7502412839108202,-12.82,-12.914682169494705,0.3727375350558105,-3.8677048876937663,alpha,0.5995287082434659,0.4683406694909106,-1.9167386575852015,-1.1176129014616645,-3.2035650587000974,-1.8244424777647166,-1.9206292214163725,-0.4675968811048056,0.7575432039938699,0.28511620276691263,-0.1073921600197731,-9.046977281800938,True
carbazole,1,0.2613023221492767,4.722203731536865,165.33370971679688,0.25149494,3.3211000000000013,0,0.0287328660488128,167.21100000000007,-0.5097048878669739,-7.32,-8.08739953035615,0.10110543030149999,-3.8677048876937663,alpha,0.6027244318039479,-0.8431541024140967,-0.7854444879916428,-1.1718928026929665,-1.960727790375845,-0.26029697466445123,1.1817785433764914,-0.5615621538366251,0.01314513922339119,-0.04521304876520257,0.21367303547856512,-4.219694642662383,True
bitertanol-b,1,0.2987287436212812,5.506107820783343,322.8363970075335,0.36865243,3.929700000000004,6,-0.0114211385803563,337.4229999999996,-1.2736528975622994,-13.1,-11.860696123203233,0.4829819686137878,-3.8677048876937663,alpha,0.2073561679398883,-0.87855233731174,-0.6278605815056248,-1.074595213740475,-11.964618637650396,-0.3288281734568782,2.480937471565353,1.2360395040335646,0.05663592143371288,0.8483538335062691,2.2594969776167497,-7.992991235509463,True
6-2ftoh,1,0.4470688832270634,9.203320670437504,154.63576051786347,0.19827567,4.107600000000001,7,0.443346339386779,364.1062411189998,-0.6006810676741909,-0.873,-1.0877420403692994,0.37239624091897117,-3.8677048876937663,logP,0.5556937923646698,-0.8248311127859151,-1.5679941268962947,-0.4469674272638177,-2.086619551724636,-0.06955620990730368,3.7549808552752517,1.4517844115956957,0.37602102907401513,1.9122889465624613,0.2808560333950112,2.7799628473244686,True
fludioxonil,1,0.4549354953425271,4.8305544172014505,189.7420894077846,0.728901,2.87488,1,-0.1621790879539081,248.188806326,-0.5778583117893764,-10.5,-12.863178028037984,0.3002935016877491,-3.8677048876937663,alpha,0.5954766493103524,-0.9284729350465222,-2.044367217973888,-1.6687301047170358,-3.4331610153673693,-1.9340056162895185,0.6260840387811399,-0.1381376344549189,0.009332599754968035,0.22777050815294592,0.288214236815982,-8.995473140344219,True
alpha-longipinene,0,-0.0458198115229606,6.539250453313191,205.5308430989584,0.05199535,4.415000000000004,4,-0.1108458290497462,204.3570000000002,-1.1658843557039895,0.101,0.42363048655336505,0.2258900343704542,-3.8677048876937663,alpha,0.8099121765286978,0.5662325447220357,1.999737150316236,0.16262915556812568,-4.035311147317781,0.5050610918421794,3.268247634294661,-0.005004586702862554,0.3130631237739892,-0.3161777596154797,1.832858167366029,4.291335374247133,True
picloram,2,0.4325029850006103,4.925078392028809,152.05780029296875,0.45868558,2.3222,2,-0.1774006336927414,241.45200000000003,-0.3905597031116485,-11.96,-11.822445144769919,0.21145281472654118,-3.8677048876937663,H_donors,0.7729655064810421,-2.565281020060552,-1.982873742937309,-1.7583833989331517,-1.5250066413218644,-0.4732280648371761,0.180684005159984,0.019888181897164597,0.04386745366004697,0.12418378278931541,-0.018590812492611047,-7.954740257076152,True
18-crown-6,0,0.4167177090519353,5.340734673801221,221.3972794382196,0.3646969,0.099600000000001,0,-0.4070109176792597,264.3179999999999,-0.8749851750700097,-15.59,-14.376312689842894,0.5930270821965268,-3.8677048876937663,alpha,0.3954136437179002,0.40977036705596426,-2.0658207085379314,-1.6615199474905964,-5.224454799065429,-1.3345881463919427,-1.7217958069048316,-0.47249683856386826,1.0628879409653733,0.40486218033022325,0.09454795645391169,-10.508607802149125,True
pfhxsa,1,0.3518036668950861,8.348715361681851,153.75539453679866,0.3995437,2.9712,6,0.2634462286802855,399.1262411189998,-0.6044902703978798,-5.376,-4.402228519012661,0.34565635685609053,-3.8677048876937663,mol_mass,0.9597441862833203,-0.8720181340699377,-1.2283548800395807,-0.637188107729615,-2.138614127924311,-0.8092397108531341,1.6188292775414308,1.0857817684378805,0.036435302405206496,2.228316835349898,0.1815281455632668,-0.534523631318896,True
trans-decaline,0,-0.0161017958074808,7.523140621185303,137.91055908203126,0.00027289786,3.3668000000000022,0,0.0229364592581987,138.25400000000005,-0.6740654230117797,0.238,0.9507297062185487,0.11754459682911195,-3.8677048876937663,logP,0.9243881147146127,0.47207136225628227,1.4855803896258755,1.440304312699453,-0.823200965880693,0.7054582862829981,1.6070959437687278,-0.5193770010267008,0.012756675419444852,-0.0463097887308783,0.4840553794978061,4.818434593912316,True
milbemycin-a4,2,0.481881743428683,5.4206418316773695,526.5699248651061,0.35857746,4.924300000000005,8,0.147095632109076,542.7130000000012,-2.5836558799551,-16.456,-15.042234075044579,2.06467983585476,-3.8677048876937663,alpha,0.45300720692227664,-1.9957479502553575,-1.1166310740076042,-1.489674157177625,-28.899067487289187,-0.29156513230198844,4.587673843317672,2.258157950814831,-0.006323045757860168,2.687162020231061,13.09148584507525,-11.174529187350812,True
triflumizole,0,0.3088828693417942,5.485925490560096,266.81370035807294,0.3765378,4.560200000000004,6,0.0285793426111827,345.7502094889998,-0.9426342291769638,-11.8,-6.489584030916303,0.19354279675120722,-3.8677048876937663,alpha,0.4439908123044947,0.4051932427443366,-0.3064764378996543,-0.568722450892462,-8.360413891837918,-0.6572902315046321,3.7119469550388993,1.0977151003657606,0.0034595738166267945,1.3954993147655381,0.657209682180968,-2.6218791432225372,True
coumarin,0,0.2626087665557861,4.709938049316406,121.12672424316406,0.47962067,1.7929999999999997,0,-0.0081959357485175,146.14500000000004,-0.3580263257026672,-7.35,-7.947737162807101,0.1719947879915558,-3.8677048876937663,delta_mu,0.6467125015732615,0.3765171354092649,-0.595883063357035,-1.1357456531655457,-0.23389275970969922,-1.7561832350582525,-0.11511549103577227,-0.5049049535665604,-0.01888995927358844,0.011216942856491581,-0.10715123821263724,-4.080032275113334,True
diclosulam,1,0.7513123328487078,4.602125505606334,285.2816937764485,0.5153586,2.769700000000001,6,0.5304469006756941,406.2134031629999,-0.9227946177124976,-18.83,-11.961582850079399,0.4682917831135853,-3.8677048876937663,alpha,0.2814337052661959,-0.5721461726808245,-0.5497407579461084,-2.501320573993914,-9.495155257577736,-1.166372217073477,0.920751726061819,1.128576298793797,0.6858565993376715,2.6722567262179027,0.7834156664752367,-8.093877962385632,True
flurazole,0,0.2741526237555912,4.860102789742606,223.7356305803572,0.3678611,4.172300000000002,3,-0.0310203729729567,321.6982094889998,-0.6318432262965611,-6.82,-6.740408889877718,0.13954627506876668,-3.8677048876937663,alpha,0.47772981751259247,0.35435082703305254,-0.25011410738221185,-0.6636856437200218,-5.273190468515964,-0.6237434255478211,2.5191603202332735,0.0008612335191694569,0.08579286091052393,0.8451787937210259,0.13268560756502273,-2.872704002183951,True
perchlordecone,0,0.6757500767707825,6.541325807571411,299.9389343261719,5.2730236e-05,6.222999999999999,0,0.2112822830677032,545.5099999999999,-1.112971544265747,-2.019,-4.143499458870592,0.5440541268545309,-3.8677048876937663,alpha,0.6964620839504483,0.5417717856613578,-3.4520783690643277,-0.07242067886278471,-10.286335064446487,0.8327167229595289,7.164042355196969,-0.3799697009656182,0.00599959379131538,2.698680426762851,2.6717983577903723,-0.27579457117682304,True
acenaphthene,0,0.2880964279174804,4.991553783416748,149.57594299316406,0.04043894,2.938400000000001,0,0.092703528702259,154.21200000000007,-0.51796555519104,-2.9,-5.0127614786653,0.06428928926650881,-3.8677048876937663,alpha,0.7641282666748255,0.3809662840361109,-0.7814684753604821,-0.5585726694220032,-1.0702819711333154,0.45716695506542326,0.8178327074554158,-0.5391118308118228,-0.02305737218334194,-0.01617533734130894,0.18764511872379083,-1.1450565909715338,True
6-2-ftoh,1,0.4470688832270634,9.203320670437504,154.63576051786347,0.19827567,4.107600000000001,7,0.443346339386779,364.1062411189998,-0.6006810676741909,0.119,-1.0877420403692994,0.37239624091897117,-3.8677048876937663,logP,0.5556937923646698,-0.8248311127859151,-1.5679941268962947,-0.4469674272638177,-2.086619551724636,-0.06955620990730368,3.7549808552752517,1.4517844115956957,0.37602102907401513,1.9122889465624613,0.2808560333950112,2.7799628473244686,True
bixafen,1,0.4918408205802428,5.217328918171439,324.9658168853923,0.5681467,5.722900000000003,5,-0.1805528690789472,414.2092094889999,-1.0728729810306732,-10.165,-11.068531568757212,0.2124265933463623,-3.8677048876937663,alpha,0.3939091235677072,-0.9081264991420305,-1.2376537744522729,-1.2155986945247101,-12.577591713366589,-0.5068262808374997,4.95442812840469,0.8726298294188103,0.13076354455328337,1.5851589890746562,1.701989789808214,-7.200826681063448,True
cis-beta-ocimene,0,0.0859276242554187,5.975236455599467,157.1340357462565,0.047270674,3.4750000000000023,6,-0.0037076071215172,136.23800000000003,-0.4786852995554606,0.00501,-1.4355318974991689,0.047515355546972705,-3.8677048876937663,logP,0.8883136285056984,0.5040221059209083,0.5695912953996116,0.3261412921101568,-1.4829957094654695,0.49870786473693257,1.6694505880317656,0.3459092595859168,0.039309527109861,-0.03242886370946338,-0.005534369525622853,2.4321729901945965,True
cymperator,0,0.3995349286970767,5.371135828169909,368.7242566888983,0.42401198,6.177980000000003,8,-0.0295642568168907,416.29799999999966,-1.2367802946404978,-7.014,-8.15486233039971,0.46769000968723945,-3.8677048876937663,alpha,0.41291085667507804,0.4026765191571487,-0.29241240230164084,-0.6330248624991408,-15.78605618353806,-0.6412023668553435,6.518233982265613,2.218740909860392,0.07657825596358023,2.141673504769746,1.7076352004717616,-4.287157442705943,True
2-methylisoborneol,1,0.0112826228141784,7.273022651672363,154.2861328125,0.107034355,2.583600000000001,5,-0.0304511711001396,168.28000000000017,-0.924437403678894,-3.2,-2.6545215533485376,0.17847270002191526,-3.8677048876937663,alpha,0.7408277931871027,-1.0518065432538175,1.2554544267409742,0.5749165133870439,-1.6946643177895702,0.2861501326244868,0.7258901139062484,0.21148802629816538,0.10406190515130391,-0.2223796830215638,1.0240727603019582,1.2131833343452294,True
galaxolide,0,0.0141237067679564,5.895716428756714,262.212766011556,0.18781716,4.525200000000004,6,-0.292712648709615,258.40500000000014,-1.3206741710503895,-3.1,-3.0717054015849876,0.3956838063973966,-3.8677048876937663,alpha,0.42139240349183,0.4291225980391273,1.3232150999184997,0.3516732080871845,-7.262667893465317,-0.04059136922293595,3.060433079390296,0.5571652374991315,0.5756891067586525,-0.23940852768478083,2.0413689467889213,0.7959994861087796,True
benzo-15-crown-5,0,0.3385321867847165,5.056512036988901,230.0642764956452,0.36176702,1.5076,0,-0.2562302075499712,268.3089999999998,-0.9200001255024312,-14.39,-12.509273498549808,0.46734046180769473,-3.8677048876937663,alpha,0.2739397195316742,0.4076848009181172,-1.2002251969357716,-1.5283470678109512,-5.579136426159028,-1.100027697400784,-0.29280654959642805,-0.5416636073598402,0.3273326004215337,0.3714081370858227,0.49421239598128774,-8.641568610856043,True
"1,4-dihydroxy-9,10-anthraquinone",2,0.3622530996799469,3.475855588912964,199.67581176757807,0.12738657,1.8732,2,0.0574290230870246,240.21400000000003,-0.6893021464347839,-7.47,-11.878675622513024,0.2903741249671624,-3.8677048876937663,alpha,0.759502372320367,-1.9774859316648825,-1.128853476166845,-2.3509915147559104,-3.0954366970222376,0.13055927286377494,-0.035547395326536856,-0.13088221998525637,0.009253302358643174,-0.0851535673352527,0.6535674922152441,-8.01097073481926,True
methylal,0,0.136771069218715,8.53561019897461,58.54874610900879,0.16537358,0.2367,4,0.1191011232634385,76.09499999999997,-0.1569656754533449,-2.97,-2.9702891580298987,0.03131072405898005,-3.8677048876937663,alpha,0.8920407799044564,0.36608909877184115,0.059420687973864704,0.4602112427560992,1.855917759948974,0.015211996295480793,-1.6555543260234145,0.06897602689708536,-0.15572934405683436,-0.04635654683539122,-0.07077086606383758,0.8974157296638676,True
diofenolan,0,0.2369280083675605,5.841415261946661,284.8177375572954,0.18179598,4.009200000000003,7,-0.1196308199725399,300.35399999999964,-0.9546308234936928,-7.6,-7.330405973311251,0.3241542397397426,-3.8677048876937663,alpha,0.28962042890479467,0.42800800661684296,-0.2501403927558409,-0.21425363373365786,-9.140986071521708,-0.017078437734584076,2.6474163066468708,1.4238729753489512,0.24585047402126312,0.6380797070565205,0.7765299804378565,-3.4627010856174874,True
gamma-neoclovene,0,-0.0431937240064144,6.66041111946106,198.3007049560547,0.07884069,4.415000000000004,4,-0.141551211476326,204.3570000000002,-1.2467364072799685,0.196,1.0531192786485013,0.2803843378291123,-3.8677048876937663,alpha,0.8922737414652727,0.6083634211835235,2.048511696076411,0.020901274576333888,-3.84898218226724,0.41791578106731836,3.4343457326047604,0.002496061165746552,0.4014214403210932,-0.2751852176226076,2.111036159236928,4.920824166342268,True
benomyl,2,0.4179977245476781,5.48675645614157,258.9402221368284,0.5848729,2.5724,6,0.1399161440453359,290.3229999999997,-0.9006154403394583,-12.4,-14.316122084422654,0.42696878611716493,-3.8677048876937663,alpha,0.23938688465297872,-1.9112209473694501,-1.2737119802648624,-1.7310491029422905,-7.98381644900891,-1.1893091687579962,0.7273361239239347,1.1871163017275879,0.017804576303208506,0.8874706660999457,0.8209627835599458,-10.448417196728888,True
furconazole,0,0.4829030684271796,5.986657607750814,276.2599389748495,0.4849135,4.195800000000003,5,0.1244860315603799,396.1912094889999,-1.133221514889451,-9.497,-8.121783756499989,0.29485743640636686,-3.8677048876937663,alpha,0.3801728730940539,0.4376592703166867,-0.9333229760475694,-0.532336752229457,-9.686908698535454,-1.4599706575015599,3.6826999113220062,0.6395928475430661,-0.07193538913419464,2.515100863246626,1.1553427122136273,-4.254078868806221,True
difenoconazole,0,0.4289247939984004,5.664638224575255,337.5998920864529,0.4180951,4.665500000000003,6,0.0171195607981644,406.26299999999975,-1.2200033904777632,-12.9,-10.242593416894866,0.4417771851365905,-3.8677048876937663,alpha,0.2953831734310215,0.40985235345679216,-0.6017207269111182,-0.5957066141322807,-13.665913439386193,-0.8488741308155774,4.0366808795595395,1.1506923979002956,0.023136479112359946,2.1835338327982674,1.533430439216815,-6.3748885292011,True
florasulam,1,0.6437343491448296,4.760981718699138,243.12362755669488,0.64242053,1.3509999999999995,5,0.1631531988581021,359.2832094889999,-0.7833766904142168,-13.1,-15.090442495304307,0.261912278766567,-3.8677048876937663,alpha,0.4109886171008685,-0.6146789061709478,-1.4610036487938167,-2.774288687727733,-6.750281083932897,-1.9192853763912663,-0.2963272631784327,0.632204681664472,-0.02562966229201537,1.7950242047940903,0.19152813441800337,-11.222737607610542,True
flumioxazin,0,0.4509114253520965,3.736503448486328,304.1311206054688,0.27478397,1.9281,2,0.1405536776781082,354.33740316299986,-1.120485405921936,-6.27,-14.15697313685447,0.48698430576682467,-3.8677048876937663,alpha,0.23792046075446222,0.3143394428581656,-0.6417766192522651,-2.259192093357549,-9.495577161348354,-0.5151534433794327,0.0025009365799206354,-0.11222400098520013,0.03423795937971221,1.2664740262600591,1.1171027040842423,-10.289268249160699,True
flurprimidol,1,0.2432275546284822,5.601148440287664,241.0829790555514,0.27656546,3.2671000000000023,7,0.0516594414455959,312.29220948899973,-0.9900579028404676,-9.92,-7.78572645996407,0.32011064660025723,-3.8677048876937663,alpha,0.2501285328222393,-0.836476038273666,-0.37953799476747546,-0.9755887735401438,-6.514112907882077,-0.15810359233382332,1.6293655042869546,1.5272122457069541,-0.013798880715647383,0.6732807133105477,1.129738151938073,-3.918021572270304,True
indanofan,0,0.2927273821778002,3.8503076376113214,294.0385304678858,0.24397478,4.431200000000003,5,-0.1239150206236976,340.80299999999966,-1.220119368713514,-10.3,-7.5780372548091295,0.3859739884175897,-3.8677048876937663,alpha,0.2811144936675963,0.34356251772841406,-0.04992443169951237,-0.9515838494314212,-8.832229292876852,-0.10858478281866299,2.482867665623188,0.7144958629096623,0.12701218652140164,0.7522861505374928,1.8117656063909269,-3.710332367115363,True
"1,2,3,4,6,7,8-heptachlorodibenzofuran",0,-0.0132917165756225,4.497302055358887,285.75567626953125,0.03934774,8.159799999999999,0,-0.3384233713150024,409.289,-0.7449913620948792,-4.42,-4.265917047174049,0.17173324246500807,-3.8677048876937663,alpha,0.7335955943577697,0.36246327531655287,1.383771345789399,0.6810553836764042,-6.8196007678346104,0.485326437850509,5.002829078562334,-0.4796739062135217,-0.0838707562121759,-1.8587221872102575,0.9282099367950842,-0.3982121594802823,True
fluazifop-butyl,0,0.3758427667948935,5.904228067398071,319.0867067125109,0.34332705,5.003300000000004,10,-0.0075219836603436,383.3672094889996,-1.0627875248591103,-7.3,-6.327282353363001,0.39309506275988515,-3.8677048876937663,alpha,0.3872155922250944,0.44243658580582956,-0.5127366944884524,-0.3945126682319572,-12.35909457940132,-0.4939423438791316,4.785634126928836,3.1368315176045796,0.06671476398622378,1.9170156265380232,0.9520761994681315,-2.4595774656692386,True
phtalicanhydride,0,0.292458176612854,4.242736339569092,108.79434204101562,0.41599232,0.9972,0,-0.2066517174243927,148.11700000000002,-0.3021848797798157,-8.43,-7.837058740025157,0.1350801524315884,-3.8677048876937663,gap,0.9980627061951158,0.36795963038345125,-0.8332857686876144,-1.250570590579736,0.1099861570188824,-1.2481478679220355,-0.8037400906087668,-0.4744117196447508,0.25441366183297204,0.02356792365763822,-0.11512518778143141,-3.9693538523313903,True
acticin,0,0.2886451220185291,5.69259346694481,347.6222995665015,0.29322946,6.113300000000003,8,-0.1042286904994398,391.2879999999996,-1.1772400649582468,-7.437,-6.6755910236418,0.441547650058912,-3.8677048876937663,alpha,0.4508733867825228,0.43845612846535226,-0.32391022512494083,-0.3391610635012209,-13.87529327065507,-0.27857502615365737,6.256000469540999,2.082787611683504,0.20187328756595932,1.431383239965934,1.5985527122651064,-2.8078861359480323,True
nitronaphtalene,0,0.2028241519417081,4.079910346439907,141.75566755022322,0.53772855,2.748000000000001,1,-0.3001167433602469,173.17100000000002,-0.4641925309385572,-5.53,-6.463773593293512,0.21917385132226036,-3.8677048876937663,delta_mu,0.6922499604948844,0.4175492421786561,-0.20878601135504454,-0.7278055624713214,-0.9943477346365037,-1.436399843093746,0.46741419308285703,-0.28787176744498766,0.19043042141938699,0.0104359192945193,-0.02668756257356041,-2.5960687055997442,True
vanilin,1,0.3301266431808471,4.732060432434082,122.42637252807616,0.20047444,1.2133,4,-0.1116086170077323,152.14900000000006,-0.3689088821411133,-9.04,-7.877939461944116,0.08831215667339944,-3.8677048876937663,gap,0.5536015175470577,-0.7925213186794472,-0.9285014554889642,-1.677201788757812,-0.2791418213152125,-0.04643266982932688,-0.6426125265581557,0.30952082329643155,0.1462364669993884,-0.01005847520459548,-0.08952180871265557,-4.01023457425035,True
carfentrazone-ethyl,0,0.3882227960576866,4.851221292757141,303.88332943988934,0.35034227,3.2430200000000022,8,0.5057902897372464,412.19020948899976,-1.0068785648055487,-9.442,-9.339434509507106,0.5815489601323424,-3.8677048876937663,alpha,0.2458406285340752,0.38823968337475656,0.0372563445296226,-1.4649233362076532,-10.527514701337847,-0.7169382910410211,1.7167082929082818,1.7189800364555723,0.20123375509303593,2.5880908310786133,0.5871377633332978,-5.471729621813339,True
benalaxyl,0,0.3744807562657765,5.96644937992096,299.89127458844865,0.549307,3.440640000000002,9,0.0257141505634146,325.4079999999996,-1.301455272095544,-7.26,-9.84990788178856,0.367595914464783,-3.8677048876937663,alpha,0.22725415769192225,0.461333246110295,-0.5926183517033042,-0.4873625749850074,-11.33828220480914,-1.5508779627613565,2.1239877120425685,2.576671772127212,0.013668931225783266,1.615664819218324,1.1956116194398319,-5.982202994094793,True
gamma-gurjunene,0,0.0128002696271453,6.131927410761516,214.5210763840448,0.13152851,4.581100000000004,4,-0.066383378225423,204.3570000000002,-1.061482738880884,0.119,-1.3727807333607247,0.17951791553632257,-3.8677048876937663,alpha,0.7556736609794062,0.4536466821419604,1.2863817147904517,0.3871981237540992,-4.478527852525619,0.1555815369681585,3.3843055381162728,0.04406775117602368,0.20764002581658225,-0.23065820064030967,1.285288834735421,2.4949241543330407,True
dienochlor,0,0.3816307239672717,5.293277347789092,277.75857364430146,0.15024076,7.725599999999998,1,-0.3030336551806506,474.6099999999999,-0.8710184412844041,-3.61,-4.277021849492615,0.3823219684070981,-3.8677048876937663,alpha,0.8311032835418976,0.3412783622884545,-1.2123734265107662,-0.18708565715676592,-8.257967973335075,0.06618009319035047,6.86322429802261,-0.2844961542318184,0.11907889255506958,0.8695589138315538,1.273285689547537,-0.4093169617988499,True
cocaine,0,0.2516674024833215,5.662677133405531,263.4874589249894,0.21117444,1.8677,5,-0.0688901354332228,303.3579999999996,-1.1428575193559802,-11.9,-10.123554573958515,0.42872760725702125,-3.8677048876937663,alpha,0.1206478444701347,0.42778602632980717,-0.29123369110222647,-0.9120800553602058,-7.7568010327689665,-0.09410450506343579,-0.03699040698859012,0.6332197241306206,0.11828277834154186,0.720230151629415,0.9358413245872905,-6.25584968626475,True
bisphenol-a,2,0.341906658240727,5.271204675946917,213.52232142857144,0.17900428,3.4237000000000024,6,-0.0879017263650894,228.2910000000001,-0.855179991040911,-12.0,-8.976523480060699,0.3342558183002347,-3.8677048876937663,alpha,0.5384645863593178,-2.459005444097933,-0.9504470798839787,-1.194402067412018,-4.566698546925492,0.019793574305289767,1.4927730242772754,1.2327484377288829,0.12286108361525086,0.10732499996350302,1.0862334260622863,-5.108818592366934,True
famoxadone,1,0.3547824804866036,4.411049501840458,341.64137072895846,0.27111048,4.700000000000004,6,0.1359323322513075,374.39599999999984,-1.1759737002295116,-7.8,-11.030092166692933,0.5609327558819495,-3.8677048876937663,alpha,0.2897288248107412,-0.6271686589714405,-0.41798267202289263,-1.6099301198875562,-12.306028363364485,-0.12520257855707645,3.565411135805241,1.1302926859494513,-0.009411455709652,1.0903836669411209,2.147249080818122,-7.162387278999168,True
alpha-humulene,0,0.0387867250376277,4.9844134436713325,215.2414540608724,0.06468986,5.0354000000000045,4,-0.0134804247981972,204.3570000000002,-1.026968953344557,0.196,-1.2381349603668508,0.16689637145081138,-3.8677048876937663,alpha,0.8559798134985741,0.38275863193671505,0.8914421518106919,0.4023505555764678,-3.756567828512479,0.3490586315471652,3.2155462292448553,0.017629058372467053,0.053883498877022484,-0.3344978062151994,1.4079668046892095,2.6295699273269157,True
quinomethionate,0,0.3367172181606293,3.3376625776290894,193.62578582763672,0.36282533,2.5746200000000004,1,-0.1279234662652015,234.29100000000005,-0.5114011764526367,-7.64,-9.25073603047838,0.18548729896489274,-3.8677048876937663,alpha,0.4688264432986766,0.3336007475090122,-0.6188122591261259,-1.5101672198115268,-3.2211647644828774,-0.7365720678453964,0.34087267733412785,-0.2292295869917998,0.028250952742515423,0.21501329391469196,0.015177083972764741,-5.383031142784613,True
guaiacylacetone,1,0.3161115610599518,5.243929615020752,154.52111206054687,0.1747722,1.5322999999999998,6,0.1744017839431762,180.2030000000001,-0.5198245453834534,-10.2,-7.900200149387963,0.13158188636139817,-3.8677048876937663,gap,0.8887214576950216,-0.6927773785831655,-0.7221745183650354,-1.7957191132666164,-1.595894107953119,-0.008292566531069839,-0.2182466699226751,0.8967776884421351,-0.004834294741525115,0.13216963556114986,-0.023503936334275936,-4.032495261694198,True
beta-ionone,0,0.1426345315926215,5.700179913464715,195.6755021039177,0.2678352,3.6582000000000026,6,0.2017446914139916,192.30200000000016,-0.8434545397758484,-4.74,-3.9827890743877292,0.13503330763285226,-3.8677048876937663,alpha,0.6552996042155386,0.5176861769875207,0.12897995729738942,-0.19377503928988793,-3.8216252516082663,-0.4223781162453399,2.504309514839005,0.7118203354477175,-0.06907597860484936,0.22418012060396536,0.30479409387878464,-0.11508418669396075,True
prothioconazole,2,0.4601326633212912,5.788514605954162,267.0418265579093,0.648361,3.3392900000000023,6,0.4058601474150633,344.25399999999973,-1.1147325640050774,-10.6,-12.276690725146956,0.6378013525619461,-3.8677048876937663,alpha,0.23153390741743876,-1.810873662079255,-1.46010486817238,-1.3518524318939618,-8.891332126401698,-1.7336925909514178,2.0586448693719896,1.148289952611379,0.3703720466236888,1.6511558749070925,1.61040709853137,-8.408985837453194,True
dimethylhexahydroterephtalate,0,0.2580863786595208,7.463017456872123,166.02975507463728,0.25210163,1.1387999999999998,4,0.0344098967100892,200.2340000000001,-0.6632287578923362,-7.36,-7.97975973470885,0.13350073641863658,-3.8677048876937663,alpha,0.26341117013326676,0.4373276709163985,-0.7289022072463507,-0.4005776974781198,-2.7671651391153214,-0.5182246573922017,-0.5540911389427878,0.21880380065990948,-0.006433438217004655,0.41570721117909615,-0.20849925137870146,-4.1120548470150835,True
kappa-tefluthrin,0,0.2650571376719373,5.934004722757543,290.7312204347435,0.31927478,5.551820000000003,7,-0.2284998185668431,418.7358221409996,-1.043894837934075,-1.364,-4.705320591808308,0.3065294908544937,-3.8677048876937663,alpha,0.5121660102662514,0.4753427450127396,-0.3636623787847578,-0.23855886113865904,-10.173421591373346,-0.3569863066723105,5.210480747210225,1.6464649402732694,0.39986193042714274,1.46906377077074,1.0937993001604152,-0.8376157041145416,True
benzo-18-crown-6,0,0.3888888465616987,4.689734215563443,271.8339807381902,0.3734177,1.5241999999999998,0,-0.3883071537153708,312.3619999999996,-1.054798637338253,-17.88,-14.63675623398269,0.7052407466869522,-3.8677048876937663,alpha,0.22534871662367006,0.3891536910115484,-1.4083879977450762,-1.7928886101785442,-7.956063105398771,-1.091756194714613,-0.2766602777100392,-0.5276836909049507,0.5143816277418999,0.5197669785701207,0.8610862330395035,-10.769051346288922,True
anycymidol,1,0.3205833230532852,5.769956710291844,233.7969707414216,0.275986,2.1311000000000004,6,-0.0278161976705579,256.3050000000001,-0.8985150503177269,-12.37,-10.75501587387219,0.23852454982414545,-3.8677048876937663,alpha,0.19870417386567224,-0.9523989039834417,-0.9031651402973677,-1.2270042891655746,-6.175030273873626,-0.15596167348289916,0.1485147130161883,1.1777350628814571,0.05952204452571217,0.4316088389568023,0.7088686352443248,-6.887310986178424,True
triethanolamine,3,0.423895090151189,6.961523034679356,120.432937963685,0.2071068,-1.7347,9,0.5591738328560075,149.19000000000014,-0.4977576692602528,-14.4,-15.36279708432022,0.37128044824066025,-3.8677048876937663,logP,0.5717891374921843,-3.0719462660324366,-2.6306997609566833,-0.604456501522912,-0.4074392772171745,-0.2417027328418319,-5.372515958427815,1.6601887493418523,-0.753812662299769,0.09882921584480817,-0.17153700251449105,-11.495092196626452,True
flutriafol,1,0.3897584048477379,6.067012245590623,240.1200466671505,0.36992273,2.4924000000000013,5,0.0461681816424872,301.2968063259997,-0.9739601740965972,-15.3,-11.409128863052771,0.23934546182604216,-3.8677048876937663,alpha,0.20471314952479613,-0.9800382464872144,-1.427299647588774,-0.8669869901334323,-6.972193290474927,-0.5896778191338993,0.6523961934929179,0.746769948975743,0.0032483988216922785,0.9347806981471551,0.9575767790217359,-7.541423975359002,True
dmba,0,0.2138665467500686,3.6970059871673584,272.1337890625,0.052048743,5.763040000000005,2,0.0561153143644332,256.34800000000007,-1.0381507873535156,-5.2,-4.699347655898761,0.23660984707989724,-3.8677048876937663,alpha,0.6021823030937059,0.3482904397968927,-0.18652489292730018,-0.4376576072570592,-6.377540910904466,0.3293017614334309,3.8404422738027826,-0.14548748519989632,-0.024562890114707057,-0.03282415511040537,1.854920698275734,-0.8316427682049943,True
pyriminostrobin,1,0.38592145498842,5.761736407876015,425.11109431584674,0.46617797,6.285100000000004,10,-0.035456994131285,528.3092094890008,-1.4074323798219364,-9.977,-11.349428613441978,0.8512447953592709,-3.8677048876937663,alpha,0.333625510146644,-0.9451816179471736,-0.8682627849683989,-0.8705365769007859,-20.853349936445532,-0.35645476490258887,6.957209510813127,3.6390144989627045,0.09322793025193087,2.64456027097233,3.0780497444161785,-7.481723725748209,True
paraldehyde,0,0.1131107863038778,8.196316003799438,104.19215393066406,0.12806216,1.0878,3,-0.2396637313067913,132.159,-0.3795002996921539,-4.31,-2.3430889599247307,0.08388333186132357,-3.8677048876937663,gap,0.8105667162578637,0.3974206047496397,0.09425768524804275,0.9283278886905361,0.30075490013500195,0.07768490155708266,-0.7524716883464834,-0.029052596373431473,0.6228427259067122,-0.003685998672730387,-0.1114624951253349,1.524615927769035,True
"3,4,5,6-dibenzocarbazole",1,0.3635046482086181,3.8707348108291626,275.7828063964844,0.22228783,5.627500000000003,0,0.0681735463440418,267.33099999999973,-0.982204258441925,-9.16,-9.33155450194091,0.24875690752884888,-3.8677048876937663,alpha,0.5345550014650514,-0.747315741609916,-1.2158521369286097,-1.3971683929549141,-7.41328433533283,-0.1615464899608767,3.9628082187346836,-0.5155991026908935,-0.041131218442940695,0.13707188624423744,1.928167698694916,-5.4638496142471435,True
sulfometuron-methyl,2,0.7626618408575291,4.797809112362746,295.49050307855373,0.718193,1.39044,7,0.014890269444483,364.3759999999999,-1.0055194918702288,-20.154,-18.712761823206524,0.4015848714277907,-3.8677048876937663,alpha,0.2795344436766873,-1.9092138079960783,-2.054444338431531,-2.908470687553201,-10.404695211432232,-1.4479226635122273,-0.31592180474181164,1.7795626997930836,0.011666141016561878,1.6168602971007011,0.78752244024398,-14.845056935512758,True
phenoxymethyl-oxirane,0,0.1832842015557819,6.143905533684625,132.69661712646484,0.12129194,1.4641999999999995,3,0.0910760776864157,150.17700000000008,-0.3936493860350715,-5.99,-5.159535708481544,0.06243007245326889,-3.8677048876937663,alpha,0.7235446044279523,0.46473514893921875,-0.153504307093278,-0.4854409584733085,-0.6709205700692178,0.09850750877131778,-0.38795203413926815,-0.021901322393177547,-0.04511268930927997,0.024656099050625827,-0.11489769607141023,-1.2918308207877778,True
flufenacet,0,0.4531603578786204,5.085052052834876,262.17574694640655,0.5433486,3.516400000000002,7,0.0195763081844363,363.3306126519997,-0.9300685596645326,-9.04,-8.348190509849902,0.161552808105894,-3.8677048876937663,alpha,0.2335961957936832,0.3772365966352871,-0.2634921242186172,-1.0758145590588764,-8.156576321996935,-1.2285712533281963,1.8770867427000788,1.6541611905565716,0.005879569095410394,1.9053451995193165,0.4242593379398256,-4.480485622156136,True
5-2sftoh,1,0.315885673372113,8.694338623358279,132.651296810228,0.14925948,3.4707000000000003,6,0.4107468900631885,314.0984347929999,-0.518735586380472,-0.205,-1.7450228856455205,0.2811958210448079,-3.8677048876937663,logP,0.4566673567570652,-0.8838046357022199,-1.012709141627926,-0.14658137528179302,-0.8749368865202433,0.10793284664789679,2.43326061545294,0.9005095576151907,0.3186596124701004,1.1111906935599638,0.16916071543433592,2.1226820020482453,True
teflubenzuron,2,0.5485818401492876,5.023245383953226,265.4389416924838,0.8166415,4.5117,2,0.1890831440687179,381.1076126519998,-0.7507813429010326,-11.2,-14.452292326655073,0.4453257381901737,-3.8677048876937663,alpha,0.4138999616457555,-1.9639888091181288,-2.2046363296166396,-1.8227443183813261,-8.301239276829925,-2.1778698359922606,3.435882618292145,-0.0036397295672767676,0.09790211037279561,1.5576596309584765,0.7980865009208308,-10.584587438961309,True
tonalide,0,0.0849902679522832,5.2213753382364905,262.107383219401,0.33182642,4.792620000000004,8,-0.0035881285866101,258.40500000000014,-1.3268032630284627,-3.05,-3.618405751090994,0.34878459849520016,-3.8677048876937663,alpha,0.5012422744242859,0.43312094465051887,0.7084058166606054,0.02839714570333494,-7.359754751284382,-0.47093258459187143,3.689020210738728,1.3027843471279166,0.032157696918884274,0.16408304898164203,1.7220172616973932,0.2492991366027697,True
thiencarbazone-methyl,1,0.6092880725860595,4.361222565174103,279.9531730651855,0.7902967,-0.3064799999999998,8,-0.0270048686303198,390.3849999999999,-1.017389076948166,-14.0,-18.136634409231004,0.373907980648485,-3.8677048876937663,alpha,0.3428804010734904,-0.659818486149045,-1.10456611486745,-3.123056910825811,-9.108298115168264,-2.5137224282046304,-1.9454970192556282,2.0903717909696167,0.05852647413106534,1.9606779990734018,0.07645328875950534,-14.268929521537236,True
7-1ftoh,1,0.4632309304208171,9.451900352426128,157.68043279323447,0.16508679,4.352800000000001,7,0.40780552998692,400.0870474449998,-0.6116292833470974,-0.355,-0.3021787721070229,0.40237916958307923,-3.8677048876937663,logP,0.525040042907775,-0.8323919209279931,-1.619438990608294,-0.30015710845655874,-2.198408849267724,0.02418242368988368,4.1871260658377665,1.4245721711917911,0.34393379528373696,2.19343768402595,0.3426708448181849,3.5655261155867435,True
resmethrin,0,0.2625406471234334,6.046027068850361,343.4708244227156,0.20657535,5.1520000000000055,10,-0.1535862161294569,338.44699999999955,-1.2042318295828904,-2.82,-7.084578245552811,0.5329170825846123,-3.8677048876937663,alpha,0.34952540915926333,0.46605724213108113,-0.38225155919373355,-0.18564900913303942,-13.493477850171416,-0.08026070760169256,4.716313366562622,2.8382451467107885,0.3174218230394916,0.9809966950704216,1.605731494726432,-3.216873357859045,True
pyriminobac-methyl,0,0.4268810722854111,5.551503333416614,300.0747422438401,0.41210523,2.4431000000000003,12,-0.0271127121625365,361.35399999999976,-1.087413075206044,-8.542,-9.463925763180713,0.4319327762940445,-3.8677048876937663,alpha,0.38218490892252177,0.4215494239910872,-0.39416190973158843,-1.0045059495857023,-10.899205854630281,-0.7471164997071147,0.4711398256784391,4.16551199687969,0.050541800883440555,1.8555580466174697,0.484468244117615,-5.596220875486946,True
hexythiazox,1,0.3183227932223907,5.217871158550947,309.0277486947867,0.5014728,4.980700000000004,3,0.1195418750867247,352.87699999999967,-1.1868058015138676,-8.21,-11.17197050236591,0.3771350523758844,-3.8677048876937663,alpha,0.39391618033097203,-0.7321318518484186,-0.7234143885875618,-1.2798823436159437,-11.011819066313452,-1.107078175376601,4.337733705097966,-0.0001820986660887855,-0.03261909343054746,1.0842625903948266,2.1608651076736765,-7.304265614672144,True
etfhxse,1,0.4488559949154757,8.44420337677002,220.96026167577628,0.34920728,3.3267000000000024,11,0.4453525341553043,471.233241119,-0.9869319972943288,-4.121,-3.402172967577088,0.575679809951131,-3.8677048876937663,alpha,0.55766936022968,-0.8464360856005664,-1.3865747548080847,-0.8792210707460126,-6.3528729326122475,-0.6105267903519019,2.3330368136249895,3.474982168464932,0.20203749112465802,3.5428025839503228,0.9883044970705906,0.46553192011667865,True
diisobutylphtalate,0,0.2006425479283699,5.4669406073434015,254.1880367404812,0.4189193,3.3122000000000025,10,-0.0144893935584759,278.3479999999996,-0.9601021441784534,-5.37,-6.743628943667366,0.2630966081587777,-3.8677048876937663,alpha,0.3595029319005836,0.4736855128929502,-0.06914421042568374,-0.5086705640137785,-7.4499003020270225,-0.7669051752018585,1.6194587800264564,2.6782610009457577,0.036281467696666854,0.7563462457881073,0.3546631883448033,-2.8759240559736012,True
heptachlor,0,0.1808312125504017,6.358896017074585,228.7081298828125,0.14470221,5.2415,0,0.1183808632194995,373.29999999999984,-0.8558428585529327,-2.61,-3.2467586693403474,0.24158269373404256,-3.8677048876937663,alpha,0.8848440586702471,0.5288749973879926,-0.22473559764246845,-0.042155957939893,-5.781240016890557,0.05989326387988558,5.115495880692288,-0.6646290625625507,-0.05261427914706094,0.6347064629693681,1.0473505276064152,0.6209462183534197,True
benzyladenine,2,0.4890942627733404,5.103090719743208,205.0326621315696,0.3598599,1.965,3,0.0359476078301668,225.2550000000001,-0.6088606390086088,-15.6,-14.496596348875903,0.22480636699425563,-3.8677048876937663,alpha,0.5154293611426882,-2.196792139160728,-2.135773966989498,-2.15394879987226,-4.2620624760113,-0.43348056409616265,0.02591508548046991,0.009373051414023493,0.023431131957655334,0.25691533648641374,0.2375318796092485,-10.628891461182139,True
octachlorodibenzo-p-dioxin,0,-0.1317094564437866,5.06833553314209,301.1709289550781,2.0248832e-05,8.811800000000002,0,-0.4335276484489441,459.73,-0.8170373439788818,-4.87,-3.4153216833327336,0.28417617404544254,-3.8677048876937663,alpha,0.7461563739901682,0.37766304042599025,2.5741704364063267,0.8484129239221675,-7.659831360601201,0.6762646218742727,5.715431993402369,-0.42481108554714797,-0.11897745394213306,-2.778150890412045,1.2422109788324331,0.4523832043610325,True
dimethylterephthalate,0,0.2671674638986587,5.5600786209106445,167.0382080078125,0.17049623,1.2597999999999998,4,0.0398385729640722,194.1860000000001,-0.4640456438064575,-9.67,-7.563678425189956,0.11423139264371418,-3.8677048876937663,alpha,0.47349716120422125,0.33412225483893826,-0.42663632066334484,-1.0612359914126899,-2.2412721307846963,-0.0011451172610081387,-0.5503156981457288,0.2094101740421054,-0.0012593945242100842,0.23314170625600833,-0.1907830198415636,-3.69597353749619,True
glucose,5,0.5654219248547003,7.199576515417832,121.38441415933464,0.35422772,-3.3787999999999987,10,0.5607396748203498,180.1560000000001,-0.5091284198256639,-16.8,-21.405437724439924,0.8472817929414982,-3.8677048876937663,logP,0.49635573998852994,-4.145485996413678,-3.9069521956759132,-1.109425485678386,-0.45717272902686384,-1.129672929344819,-8.351844579271862,2.366883959277001,-0.9314086905545309,0.3276321861584023,-0.20028637621550627,-17.537732836746155,True
dispersered1,1,0.385465622707537,3.312671586966059,274.7826520591784,0.51084965,3.828800000000004,9,-0.7062846133663396,314.3449999999997,-1.0022813199432032,-15.7,-7.8070809620454,0.40683935867149684,-3.8677048876937663,alpha,0.41472375296625413,-0.7747002718514497,-0.3158457699537885,-1.8722027359140512,-7.994547821335267,0.27724547039329833,1.4221971697110933,3.3155288757323524,0.4302691236883535,0.44803367387781334,1.1246462113000113,-3.9393760743516335,True
heptachlorepoxide,0,0.239322330802679,6.448795855045319,231.63482666015625,0.053980596,4.452700000000001,0,0.1571519915014505,389.2989999999998,-0.9124808982014656,-4.2,-4.190861375634747,0.33853071626575604,-3.8677048876937663,alpha,0.6541882449381988,0.5519336534741961,-0.8051903637850142,-0.08057659092431524,-5.776143039430031,0.5011160473277152,3.778684877476725,-0.5397671533426313,-0.028780884067841222,0.6903064279545613,1.3852605373756532,-0.32315648794098206,True
imiprothrin,0,0.3256109207868576,5.525602110645227,293.8180161860951,0.44604278,1.6229,9,0.0388792763676559,318.37299999999965,-1.0450773772440458,-11.7,-13.148978424872833,0.43090440728469953,-3.8677048876937663,alpha,0.2174396326565087,0.4235510837805597,-0.3881105288098195,-1.3942718877198035,-10.274542209318387,-1.2322760529743246,-0.14678701050520296,2.2340926837079835,-0.016792508028773877,1.3599580864981564,0.1539048061905481,-9.281273537179063,True
