frame_idx,eat_gas_ref,eat_solvent_ref,eat_gas_base,eat_pred_delta_30,eat_pred_direct_30,eat_pred_delta_40,eat_pred_direct_40,eat_pred_delta_50,eat_pred_direct_50,eat_pred_delta_70,eat_pred_direct_70,gap_gas_ref,gap_solvent_ref,gap_gas_base,gap_pred_delta_30,gap_pred_direct_30,gap_pred_delta_40,gap_pred_direct_40,gap_pred_delta_50,gap_pred_direct_50,gap_pred_delta_70,gap_pred_direct_70,mbd_gas_ref,mbd_solvent_ref,mbd_gas_base,mbd_pred_delta_30,mbd_pred_direct_30,mbd_pred_delta_40,mbd_pred_direct_40,mbd_pred_delta_50,mbd_pred_direct_50,mbd_pred_delta_70,mbd_pred_direct_70,pol_gas_ref,pol_solvent_ref,pol_gas_base,pol_pred_delta_30,pol_pred_direct_30,pol_pred_delta_40,pol_pred_direct_40,pol_pred_delta_50,pol_pred_direct_50,pol_pred_delta_70,pol_pred_direct_70,dip_gas_ref,dip_solvent_ref,dip_gas_base_x,dip_gas_base_y,dip_gas_base_z,dip_pred_delta_30_x,dip_pred_direct_30_x,dip_pred_delta_30_y,dip_pred_direct_30_y,dip_pred_delta_30_z,dip_pred_direct_30_z,dip_pred_delta_40_x,dip_pred_direct_40_x,dip_pred_delta_40_y,dip_pred_direct_40_y,dip_pred_delta_40_z,dip_pred_direct_40_z,dip_pred_delta_50_x,dip_pred_direct_50_x,dip_pred_delta_50_y,dip_pred_direct_50_y,dip_pred_delta_50_z,dip_pred_direct_50_z,dip_pred_delta_70_x,dip_pred_direct_70_x,dip_pred_delta_70_y,dip_pred_direct_70_y,dip_pred_delta_70_z,dip_pred_direct_70_z
0,277.569042,278.362676,277.569042,0.6968249679,280.2225036621,0.4932175279,279.712677002,0.4065435529,279.8081054688,0.5693840981,279.6558837891,4.554647,4.669778,4.554647,-0.1845041662,6.2041358948,0.19407925010000002,4.2047405243,0.33548495170000003,4.5137314796,0.0023000147,4.6718349457,-1.611136,-1.536131,-1.6111360000000001,0.0146008227,-1.5600354671,0.0147658847,-1.5725516081,0.0113615356,-1.5784332752,0.0165081583,-1.5830954312999999,400.373248,397.441704,400.373248,0.0348382853,406.269317627,1.0534012318000001,401.2188720703,0.7015359998,400.2129516602,0.8631504774000001,402.9091796875,1.152102,0.925808,-0.9317350245,-0.41629642240000003,-0.5347021978000001,-0.3398970068,-0.8932073116,-0.37790480260000003,-0.977606535,-0.3656898141,-1.0274121761,-0.2821555436,-1.1215704679,-0.0367572792,-1.2049721479,-0.14147597550000002,-0.899367094,-0.5096547008,-1.2663416862,-0.2216447741,-1.0497555733,-0.37652811410000003,-0.8617473245,-0.4184776247,-1.1252641678,-0.153769508,-0.8121678829000001,-0.2537068129,-0.7252183557
1,277.48108,278.334417,277.48108,0.7191679478,279.751953125,0.4834828675,279.3076782227,0.39790925380000003,279.4004516602,0.5630087256,279.4927978516,4.695247,4.987672,4.695247,-0.336532414,6.4472208023,0.22357144950000002,4.8796296120000004,0.2656519115,4.995098114,0.22781844440000001,5.0013728142,-1.551718,-1.519247,-1.551718,0.0140176304,-1.5027265549000002,0.0116569819,-1.5141283274,0.010811951,-1.5130827427,0.0167955644,-1.5300900936000001,405.56647,398.23309,405.56647,-0.7055807114,407.0121459961,0.4545197487,406.5634155273,0.5289530754,406.3229675293,-0.18903160100000002,403.7769775391,1.091861,0.457782,-1.038813982,-0.2733027894,-0.19578488870000002,-0.4126941264,-1.1511465311,0.0753487349,-0.8159862161,-0.2745395601,-0.6683470607,-0.4265879393,-1.261048317,-0.0989957899,-0.8426187038,-0.25044655800000004,-0.48556742070000003,-0.3642000258,-1.4884213209000001,-0.1232362837,-0.6681475639000001,-0.2761668563,-0.38193440440000004,-0.2945913076,-1.5039858818,-0.092422761,-0.4901264608,-0.1924346536,-0.4881244302
2,277.815064,278.367661,277.815064,0.7273060083,279.590637207,0.4649499059,278.9749450684,0.4476774335,279.2852783203,0.5999456048,279.3529968262,4.847343,4.830394,4.847343,-0.2502737045,6.1809396744,0.5035901070000001,4.3493857384,0.3221625388,4.4965949059,0.0878292099,4.8397464752,-1.642487,-1.529269,-1.642487,0.015853388200000002,-1.5999028683,0.0170137063,-1.6180447340000002,0.010411324000000001,-1.6378601789,0.01162122,-1.6394271851000002,399.685017,400.779666,399.685017,-0.105678767,404.4691772461,1.5479621887000001,402.4038391113,0.8055664301000001,400.4333190918,1.3405656815,402.3617248535,1.313744,0.704858,-0.7595819873,-0.47868578600000006,-0.9590715667,-0.4168176651,-0.9971131086,-0.2498672009,-0.7700167298,-0.6874547601000001,-1.5213650465000002,-0.2315384001,-1.1593704224,0.0194600187,-0.9028733969,-0.3741334677,-1.3823013306,-0.22025136650000002,-1.1838581562,-0.152366221,-0.7603867054,-0.3833653033,-1.4142673016,-0.3484363258,-1.0710191727,-0.2258873582,-0.6104070544,-0.3738653064,-1.2452156544
3,277.397329,278.397668,277.397329,0.7307825089000001,279.8247680664,0.49243819710000003,279.3558959961,0.4265498519,279.4443359375,0.5260618329,279.4049377441,4.620148,4.460206,4.620148,-0.2943348885,6.5203061104,0.2286208868,3.7457692623,0.469238162,4.2044382095,0.0983716995,4.6335453987,-1.582437,-1.520069,-1.582437,0.0154243074,-1.53616786,0.0162898153,-1.5454766750000002,0.013365102,-1.569648385,0.017348587500000002,-1.5794373751,402.415778,400.440138,402.415778,0.013074960600000001,407.6841430664,0.5572594404,403.7097167969,-0.4170678854,403.9890136719,1.0163943768,402.6978759766,1.026211,1.781472,-0.2423247644,-0.5826536634,-0.8092604182,-0.14243313670000002,0.1060513034,-0.25203749540000003,-0.8331692219,-0.4282837808,-1.2002629042,-0.27197209,-0.47173368930000004,0.0587755591,-0.6835193038,-0.37531414630000004,-1.036411643,-0.0729377419,-0.5669099689,-0.2360547185,-0.6687866449000001,-0.3746176064,-1.2031970024,-0.2101980597,-0.47426339980000004,-0.1443798691,-0.8153536320000001,-0.40516337750000003,-1.1956853867000001
4,277.371153,278.542943,277.371153,0.7724614143,279.6282653809,0.5669870973000001,279.5152893066,0.4659927189,279.4311828613,0.5537109971,279.5137634277,4.599105,4.747989,4.599105,-0.3074433804,7.1170916557,0.44574913380000003,5.0028424263,0.39820197220000003,5.3073129654,0.2349022031,5.2462081909,-1.525317,-1.546106,-1.5253169999999998,0.015769897,-1.4800812006,0.0170089863,-1.4870631695,0.0173677504,-1.5064965487,0.0211149082,-1.5102126598,401.530698,398.102225,401.530698,-0.8601303697,404.2525939941,1.2533786297,404.661895752,1.2880647182,404.4400634766,1.9178329706000001,401.4417419434,1.359916,1.478616,-1.0430954612,-0.5846842397,-0.6476639911000001,-0.37441349030000004,-0.8974050879000001,-0.2885416746,-0.9797968268,-0.39546254280000004,-1.1348177195,-0.1700600833,-1.4432253838,-0.2781408727,-1.0892660618,-0.26784425970000003,-0.7398384213,-0.4084517956,-1.3581591845,-0.1760096699,-0.90536654,-0.32453125720000003,-0.8148214221000001,-0.4368028641,-1.4399639368,-0.19157847760000002,-0.7875500321000001,-0.2415258586,-0.8444945812
5,278.440448,277.981933,278.440448,0.7440868616,279.6675720215,0.5371109247,279.295715332,0.4342056513,279.388671875,0.5407967567,279.4991149902,5.104929,4.760211,5.104929,-0.3761071265,6.9144496918,0.303034544,4.9391217231999995,0.2367029339,4.8092517853,0.13117024300000002,5.2202663422,-1.507136,-1.545488,-1.507136,0.0105624013,-1.4802429676,0.0088749342,-1.4904556274,0.0047804713,-1.5090409516999999,0.006809622,-1.5177835226,408.208304,409.139401,408.208304,0.38056924940000003,403.1324157715,-0.2882076502,406.5782470703,0.9503536224,410.6733093262,-0.3742220402,409.4828491211,1.250331,1.370005,0.5311416436,-0.5373738364,-0.9962153604,0.1723274887,0.8224365115000001,-0.30696254970000003,-0.4019956589,-0.4072510898,-0.9837735295000001,0.0670062751,0.5514298677,-0.5319871902000001,-0.9804177284000001,-0.3930923939,-1.6288365126,0.2311837524,0.8232871890000001,-0.2974756062,-0.9380943775,-0.48520496490000004,-1.6131309271,0.4491957426,0.8606762886,-0.3410553336,-0.8220540285,-0.4443394244,-1.6443071365000002
6,277.792068,278.075932,277.792068,0.7786458135000001,279.5333557129,0.5878808498,279.0830993652,0.4872096181,279.1259765625,0.5597903728,279.1804504395,5.089458,4.834728,5.089458,-0.1814840287,5.628950119,0.4174242318,4.4328355789,0.4101039171,4.8294563293,0.1453150064,4.741420269,-1.665879,-1.527429,-1.6658789999999999,0.0154745132,-1.6070697308000002,0.019854923700000002,-1.612740159,0.0152810263,-1.6322398186,0.0246832315,-1.6320755482,388.747477,403.107727,388.747477,0.1127988994,401.3162536621,0.19419980050000002,396.5673828125,3.1206860542,394.1691589355,3.5651564598,395.349395752,1.437465,0.832599,-0.5423873069,-1.1411098756,-0.6855576436,-0.1046245992,-0.5645974278,-0.673268795,-1.9945585728,-0.2551019192,-0.9786667824,-0.2804197371,-0.7726870179,-0.5115964413,-1.8378566504,-0.3514237702,-0.5454868674000001,-0.3605529666,-0.8991479278000001,-0.5414209962000001,-1.7821733952,-0.4839569628,-0.7872211933000001,-0.2252009064,-0.8911902308,-0.45866346360000004,-1.7272968292000002,-0.3312930167,-0.8774794340000001
7,277.183205,278.249841,277.183205,0.7501952648,279.6024169922,0.5550392866,279.3228149414,0.4238975346,279.3620910645,0.5562395453,279.2835998535,4.443566,4.504161,4.443566,-0.24400806430000002,6.2997522354,-0.015219584100000001,3.9576926231,0.27676686640000003,4.9099526405,0.2022091597,4.9383535385,-1.548772,-1.598194,-1.548772,0.011738298500000001,-1.5219600200999999,0.0116927009,-1.5406008959,0.0057406332,-1.5537503958,0.004774188600000001,-1.5601086617000002,406.434627,389.758631,406.434627,-0.6880363226,406.2651672363,1.6245619059,405.5635375977,1.5307959318000002,405.2698669434,2.064207077,404.2744140625,1.14224,1.211205,-0.5953172183000001,-0.8179050736,-0.5304152975,-0.0368572213,-0.1821165532,-0.4734297395,-1.5178072453,-0.1029717326,-0.7259555459,-0.0944392458,-0.6629046798,-0.2425684184,-1.5061631203,-0.0890124291,-0.8829126358,-0.0955311134,-0.7738857865000001,-0.4150709808,-1.3461335897,-0.18817293640000002,-0.5641841888,-0.195559442,-0.6321471334000001,-0.4041652083,-1.42332232,-0.2791242003,-0.7718482614000001
8,277.783604,278.03497,277.783604,0.7603087425,279.6422729492,0.4636083245,279.3818359375,0.4883240163,279.4965209961,0.5710600019000001,279.6715393066,4.583136,4.527415,4.583136,-0.2298855633,6.5716133118,0.1563892663,4.4011664391,0.2016884834,5.1686906815,0.1067312062,5.102265358,-1.523703,-1.488712,-1.523703,0.0106951185,-1.4953103065,0.0111737289,-1.5102764368,0.005721123900000001,-1.5294433832,0.015378784400000001,-1.5309388637999999,407.503032,408.680092,407.503032,-1.1801152229,404.9867248535,0.6296945810000001,404.5489501953,2.2832422256,406.7182006836,1.2688416243,407.9205627441,1.00171,0.703882,-0.3746790193,-0.9181393943,-0.1416314926,-0.4537926316,0.1360393167,-0.4747755229,-1.3785452843,-0.2548213601,0.284778446,0.136002928,-0.2171559036,-0.24393290280000002,-1.3569390774,-0.0407858007,0.1573159248,-0.1297512352,-0.1366853267,-0.43016561870000003,-1.535666585,0.0406990983,0.1115366518,0.040753644000000006,-0.37923866510000004,-0.5329922438,-1.4543660879,-0.0643057898,0.2503988743
9,277.475462,278.344156,277.475462,0.7699471712,279.6151428223,0.49140527840000003,279.3197021484,0.2808653116,279.4696044922,0.5341410637,279.6880187988,5.097379,4.731836,5.097379,-0.36412650350000003,5.4116530418,0.3381048739,3.8826730251,0.3970389664,4.7973332405,0.1240136102,4.9602417946,-1.59184,-1.541436,-1.59184,0.0160734393,-1.5490231514000001,0.019156063,-1.5663717985,0.0180081874,-1.5835587977999999,0.0222588871,-1.6002235413,398.837082,394.966715,398.837082,-0.141488567,404.7959899902,1.3229951859,401.2047119141,1.0397526026,398.9349975586,2.6001372337,401.6575012207,0.92109,1.142604,0.4804716244,-0.7361833295,0.2749318738,0.2460299581,0.6991782784,-0.5427963734,-0.7631064653,-0.0020958725,0.8892416954000001,0.2200706601,0.3498753905,-0.29951357840000004,-0.9418958426,-0.0672660321,0.2888578176,0.1787126064,0.6390608549,-0.2096095085,-1.0164265633,0.0758101344,0.2089755982,0.13486395780000002,0.6791814566000001,-0.2039506435,-1.018155694,0.13106696310000002,0.42000645400000003
10,277.839867,278.148314,277.839867,0.7105398178,279.5569458008,0.5266343951,279.208190918,0.4200726151,279.4309692383,0.5627231598,279.5577392578,5.280487,4.921185,5.280487,-0.1670419574,5.0747027397,0.3547957838,3.2750754356,0.568873167,4.4009852409,0.1835626215,4.9245691299,-1.693247,-1.575951,-1.693247,0.020442446700000002,-1.6390455961,0.0257850084,-1.6419399977,0.0269637071,-1.6507453918000001,0.0339550562,-1.6465722322,392.412799,396.461057,392.412799,-0.1733333021,401.3897705078,2.5500614643,396.668548584,0.7622420788000001,395.2536621094,3.8418970108,396.9910583496,1.202774,1.287713,0.11797357530000001,-0.8010021233,0.8894621187,-0.07793925700000001,0.2253773212,-0.752030611,-1.0795630217,0.1421186328,1.2741782664999999,0.1129270792,-0.10173548760000001,-0.1162987053,-1.1723412275,0.0467021093,0.8598780036,-0.0277982205,-0.042297855,-0.44146436450000004,-1.3408190012,0.3087537885,1.0381275415,-0.0267148148,-0.1152861416,-0.5148643851,-1.3384083509,0.262575388,1.1595281363
11,278.039829,278.574524,278.039829,0.7400799990000001,279.9330444336,0.47940588,279.5173950195,0.4404408038,279.6658935547,0.5625759959000001,279.6398620605,5.161842,4.813409,5.161842,-0.318295002,6.0425415039,0.3166615367,4.3990631104,0.4610553086,4.3679747581,0.049314923600000005,4.5892553329,-1.615934,-1.594137,-1.615934,0.0177358538,-1.5698127747,0.0188658535,-1.5824072361,0.0154052339,-1.6065945625,0.0222823136,-1.6153510809,396.25334,404.885308,396.25334,0.7944713235,405.3732910156,1.2129930258,401.4802856445,2.1915061474,399.2155761719,4.2621488571,401.3902587891,1.391303,2.283371,-0.699575766,-1.0293974384,0.6218190701,-0.5821412206000001,-0.99551332,-0.4211546183,-1.2843792439000001,0.5678684115,1.3610528708,-0.0848865286,-1.3365174532,-0.41513398290000003,-1.3349642754,0.1670990735,1.0997881889,-0.3435964584,-1.2932994366,-0.4432122409,-1.4972593784,0.41656002400000003,1.2221066952,-0.19885000590000002,-1.3060663939000001,-0.5405526161,-1.6495240927,0.3471546471,1.032915473
12,277.346279,278.426175,277.346279,0.7133927345000001,279.8379821777,0.5124065280000001,279.5622558594,0.3900484443,279.5643920898,0.5818409324,279.3722229004,4.855453,5.115587,4.855453,-0.3888823688,6.3451328278,0.2656118572,3.9154598713,0.5084232092000001,4.8563642502,0.26682117580000003,4.7185916901,-1.634234,-1.55675,-1.634234,0.0186782889,-1.593047142,0.0189425107,-1.6041309834000002,0.0127204433,-1.6179007292,0.0204179063,-1.6095764637,390.10482,410.435248,390.10482,0.0811496526,401.970916748,0.0769197643,399.9596557617,1.4719235897,397.1955871582,1.4846861362000001,395.3682861328,1.307626,2.384351,-0.8246387975,-1.0061266517,0.13253969640000002,-0.37387889620000003,-0.8674156666,-0.4764120281,-1.4564146996,0.5281706452,0.8737524152,-0.1553460956,-1.2940073013,-0.5352965593,-1.5841485262,-0.022632213300000002,0.2186623514,-0.22847175600000003,-1.1749311686000001,-0.39317408200000004,-1.5929611921,0.1802353412,0.18567438420000001,-0.2578262985,-1.0541226864,-0.5059840083,-1.5610933303999999,-0.0806428567,0.26734519
13,277.061659,277.93845,277.061659,0.7676700354,279.767364502,0.5360585451000001,279.3634338379,0.4009667039,279.4570617676,0.4972837865,279.4975280762,4.53917,4.714782,4.53917,-0.44449168440000003,6.1561613083,0.3821211755,4.3789367676,0.3421284556,4.6913843155,0.16106514630000002,4.8318676949,-1.569094,-1.584108,-1.569094,0.0127178021,-1.5465972424,0.013740398000000001,-1.5558840036000001,0.006409253,-1.5713547468,0.0070693512,-1.5801827908,406.222767,408.772169,406.222767,-0.0330370776,406.2889404297,1.6167470217000002,404.8688354492,2.2344913483,404.5118713379,5.6941957474,404.984954834,1.397094,2.263549,-0.9537720337000001,-0.9768268184000001,0.2966463716,-0.3670867085,-1.1980378628000001,-0.2570655644,-0.9774456024,0.0497309193,0.6684792638,-0.3766872287,-1.4369854927,-0.3673779368,-1.1291115284,0.1786876023,0.3183031082,-0.20623901490000002,-1.4759414196,-0.5912342668,-1.0125106573,0.08362077180000001,0.4362429976,-0.2868894041,-1.3283090591,-0.3268815577,-1.2661384344,0.0555825084,0.4077405035
14,277.414363,278.162171,277.414363,0.7055112720000001,279.5917053223,0.4444006085,279.0827636719,0.41453731060000004,279.4089050293,0.5901774168,279.4909973145,4.804565,4.676974,4.804565,-0.1226427704,5.8306331635,0.3848900497,4.1105470657,0.31716370580000003,4.9123344421,0.054983459400000004,5.204185009,-1.620159,-1.606772,-1.6201590000000001,0.0159094781,-1.5824756622,0.0188416857,-1.6102777718999999,0.0136511112,-1.6349225044,0.014105726,-1.6313134432,394.441448,402.246106,394.441448,-0.6508416533,401.233795166,1.2584366798,397.8661193848,1.3906588554,395.6890869141,4.936873436,396.819152832,1.306657,2.63302,-0.7994635787000001,-0.24087232360000002,1.0050822314,-0.1794199049,-1.1355549097,-0.3137626946,-0.18125818670000002,0.6166898012,1.4997425079,-0.0055288523000000004,-1.2379190922,-0.026077214600000002,-0.4938659966,0.4369297326,1.1657586098000001,-0.3768317699,-1.0638278723,-0.3147488236,-0.4748334289,0.3424442112,1.3081239462,-0.3784016669,-1.2512446642000001,-0.15380474930000002,-0.3369907439,0.42740389700000003,1.2752585411
15,277.538813,278.079425,277.538813,0.7385935187,279.5614013672,0.5079692602,279.0371704102,0.3468385935,279.1543579102,0.5132357478,279.4899902344,4.708747,4.775346,4.708747,-0.25997263190000003,5.9800519943,0.4372112453,4.1037502289,0.18024724720000002,4.5979456901999995,-0.0270543229,5.0881357193,-1.647493,-1.573074,-1.6474929999999999,0.016503945000000003,-1.5872843266,0.0186131932,-1.5981094837,0.0178515911,-1.6046618223,0.022174133000000002,-1.6029158831,393.855252,398.426608,393.855252,0.3940704763,400.8741455078,3.6455311775,398.8569946289,1.4922914505,396.0567321777,2.4950978756,397.6083679199,1.246205,2.681583,-0.8111707088000001,-0.5159128137,0.79300917,-0.2798325419,-1.2362761497,-0.2527246475,-0.6129423976,0.4287818968,1.0790573359,-0.3240716159,-1.3135192394000001,-0.36600556970000003,-0.7056230903,0.5377372503,0.6009504199,-0.27844461800000003,-1.3252744674999999,-0.2346244007,-0.7178130746,0.45490866900000004,0.8034675121,-0.4437080324,-1.2623137236,-0.22917273640000002,-0.6690915227,0.252443552,1.1143479347
16,276.911852,278.670053,276.911852,0.718351841,279.74609375,0.5403982401,279.2532958984,0.4437664449,279.258605957,0.5594162345,279.2210083008,4.517261,4.935806,4.5172609999999995,-0.2676747739,6.2245740891,0.2479399145,4.1941232681,0.3439693153,4.7472600937,0.0631716996,4.9297933578,-1.56546,-1.492216,-1.56546,0.0141915176,-1.5279681683000002,0.0140593564,-1.5320078135,0.0086779185,-1.5375125407999999,0.0200671777,-1.5385323763,407.876027,414.254863,407.876027,0.6630008817,407.8587646484,0.6357505918,407.2688598633,0.0759650469,408.5373840332,-0.30889344220000003,408.7991638184,1.145341,1.683213,-0.0972830108,1.1218751057,0.2091383661,0.1509007514,-0.048351265500000004,0.6562077403000001,1.0168844461,-0.0055456194,0.4695427418,-0.08929053690000001,-0.4539304972,0.3466254473,1.2820825577,-0.0531017706,-0.0759453773,-0.1548615545,-0.6587514877,0.42223948240000003,1.6169615984,0.1402549297,0.1445907354,-0.15891188380000001,-0.5079402924,0.4342069626,1.62370193,0.0420166105,0.4613664746
17,277.367186,278.949778,277.367186,0.7229432464000001,279.7759399414,0.5437169075,279.5056762695,0.45880973340000003,279.5662841797,0.5655604601,279.5749206543,4.969188,4.77117,4.969188,-0.3336876333,6.3444705009,0.24907144900000003,4.2323060036,0.1976035833,5.0321860313,0.0238842722,5.0751056671,-1.56297,-1.629537,-1.56297,0.0116954222,-1.5424910783999999,0.0157094561,-1.5496196747000002,0.0072819954000000004,-1.5786466599,0.006961856000000001,-1.5824973583,402.771329,406.872044,402.771329,-0.3493101299,405.3535766602,0.8210004568,402.4588012695,2.7571759224,403.356262207,1.0825761557,403.0515136719,1.320917,1.553328,-1.0135617277,-0.8445042540000001,0.0657711461,-0.2555806935,-1.4146631956,-0.20082926750000002,-0.8749237061,0.0909561515,0.444786787,-0.25250637530000003,-1.5370903015000001,-0.3757089376,-1.309740901,-0.0675085858,-0.1094355583,-0.31838610770000003,-1.4765379429,-0.36552727220000003,-1.2027673721,0.2371065468,0.0862584263,-0.31723076110000004,-1.4807981253,-0.4281716943,-1.3325983286,0.1072840914,0.0761247873
18,277.65909,278.373227,277.65909,0.824475646,279.7319946289,0.502350986,279.2298278809,0.48923972250000003,279.3890686035,0.6048395634,279.2616577148,4.490623,5.121878,4.490623,-0.4614252448,6.5263566971,0.4844790995,3.9502704144000003,0.45010903480000003,4.8176259995,0.157842949,4.8127493858,-1.599235,-1.482043,-1.599235,0.0140148569,-1.5559830666,0.0124329841,-1.5696077347,0.0055091567,-1.5776298046,0.014124877800000001,-1.586119771,401.776536,403.518083,401.776536,-0.0148627497,404.0303649902,0.9688312411000001,403.1506347656,1.3590002060000002,403.5876159668,0.1707121134,402.4678344727,1.41987,1.549772,-1.0345133806,-0.9723948681000001,0.016157263300000002,-0.4421724677,-1.470644474,-0.2578210831,-0.7499554157,0.1863096356,0.17276388410000001,-0.18317314980000002,-1.4809724092,-0.2232314497,-1.3084542751,0.1650525481,-0.1032513976,-0.37367731330000004,-1.5938792229,-0.28381451960000004,-1.3232886791,0.1571662277,0.175553292,-0.40007522700000003,-1.293479681,-0.3642899692,-1.2157521248,0.1678073406,0.3082438409
19,277.522066,278.425845,277.522066,0.7787111998,279.7758178711,0.5656862259000001,279.302154541,0.4068390429,279.2692565918,0.6666859388,279.5303344727,4.77392,4.745381,4.77392,-0.4913114905,4.9836344719,0.24877539280000002,4.1289539337,0.3466456532,4.6157636642,0.1106664836,4.7249279022,-1.622325,-1.540301,-1.622325,0.0173918325,-1.5663321018,0.0216755867,-1.5809099674,0.0232699774,-1.5826783180000001,0.0336157866,-1.5919542313,392.514033,397.05398,392.514033,0.5121049285,403.789276123,2.3815903664,399.1561279297,1.0419664383,397.2510681152,3.3817167282,397.4177856445,1.073362,0.589289,-0.9209863942000001,0.2138008828,0.508113005,-0.5362722278000001,-1.4473924637,0.077185154,0.5424209237000001,0.48479834200000005,0.4984272718,-0.2839854956,-1.472205162,-0.0392977484,0.0239857659,0.4577695727,0.5802776814,-0.2781014144,-1.4736055136,0.0371931493,0.0003413148,0.2087303996,0.8060024977,-0.2447004318,-1.2798603773,-0.0174884126,0.166334182,0.1429106444,0.6023621559
20,277.873431,278.529489,277.873431,0.76032269,279.7755737305,0.5284321904,279.3366088867,0.3564904928,279.5370483398,0.5631082654,279.6711730957,4.770385,4.929456,4.770385,-0.1528546363,5.2495107651,0.3585605919,3.8184828758,0.46491715310000004,4.6123394966,-0.0150503647,4.8612322807,-1.676301,-1.556833,-1.676301,0.0182175767,-1.6253278254999999,0.020490592300000002,-1.6446207762,0.0207569934,-1.6475328207,0.0252827033,-1.6396343708,392.610184,395.706925,392.610184,0.0430544354,402.7580566406,1.5478622913,398.4776916504,-0.37452542780000003,395.1475219727,2.6064465046,397.2056274414,1.126139,0.825331,-1.0414515719,0.130354004,0.4081355991,-0.3477813005,-1.4078917503000001,-0.050405576800000004,0.3982746005,0.3951616585,0.4610496163,-0.3285495341,-1.5523287058,0.1237682402,0.1813731641,0.17540511490000002,0.42757362130000004,-0.6047817469,-1.6610482931,-0.057504020600000004,0.3306699097,0.2896617949,0.5079563260000001,-0.4510190785,-1.5437488556,0.0286366139,0.35200905800000004,0.1453488469,0.3862343729
21,277.861907,278.202226,277.861907,0.6732282043000001,279.6251220703,0.44516250490000003,279.1504211426,0.2960135937,279.399597168,0.5485884547000001,279.5062561035,5.371634,4.629849,5.371634,0.001157552,5.3386683464,0.5311052799,3.53332901,0.5477271676000001,4.670999527,0.11233367030000001,4.7555770874,-1.74598,-1.542018,-1.74598,0.0169607457,-1.711037755,0.018703023000000003,-1.726788044,0.0161952861,-1.7435240746,0.0205206834,-1.7283703089,391.032898,405.412746,391.032898,0.0953920186,398.7572631836,2.7426214218,395.067779541,0.3416051865,391.6288146973,4.9679002762,394.1307067871,1.232931,0.793596,-1.0962448701,0.4293596182,0.3660824385,-0.6091679931,-1.5661107302000001,-0.0542940497,0.7453899384,0.18275262420000002,0.29918092490000003,-0.29732486610000003,-1.5333732367000001,0.0772532672,0.14904341100000001,0.24795070290000001,0.23537845910000002,-0.6022300124000001,-1.6118732691000002,0.1650896668,0.3376607299,0.1559778005,0.49256819490000003,-0.5197127461000001,-1.7684624195,0.1018150374,0.37253236770000003,0.1759546846,0.4940705895
22,278.057916,278.085539,278.057916,0.7773841619,280.0436401367,0.5731145144,279.5022888184,0.4330630004,279.6111450195,0.6104971766,279.6082763672,4.506429,4.852511,4.506429,-0.2984719276,6.5470085144,0.3316794038,4.7731728554,0.3445163667,4.7522759438,0.0990963653,4.944545269,-1.531397,-1.498763,-1.5313970000000001,0.015562281,-1.4868199825000001,0.0161635894,-1.4903634787,0.0156544745,-1.4991765022,0.0222680606,-1.5121767521,406.977186,412.013733,406.977186,0.23219598830000002,406.3469848633,1.0409036875,405.3106079102,0.9993905425,407.8997802734,-0.0445929766,406.9989318848,1.163215,1.785435,0.5598523082,-0.9919482759,-0.23595068830000002,0.0237601846,0.9044396281,-0.5076168776000001,-1.2074078321,0.0326385796,-0.0078588948,0.132949084,0.4217850864,-0.7717988491000001,-1.3719871044,-0.016815858,-0.0908336639,0.19075977800000002,0.417832762,-0.5773183107000001,-1.5628978014000001,-0.0293731,-0.2558842599,0.1973972172,0.6719479561,-0.5869727135,-1.4565839767,-0.0611314923,-0.2054597139
23,277.533213,278.428734,277.533213,0.8144965172,279.6365356445,0.5517572761,279.2668762207,0.44929790500000005,279.3678283691,0.6212474108,279.3979187012,5.102218,5.022724,5.102218,-0.5498847961000001,5.7060441971,0.22578510640000002,3.8136606216,0.1472996473,4.7475423813,-0.0920591652,4.9735598564,-1.62553,-1.519475,-1.62553,0.0173114799,-1.5725935698,0.01841118,-1.5786005259,0.02097339,-1.5795413256000002,0.030224116500000002,-1.5759726763000002,398.03868,403.646235,398.03868,0.49373552200000004,402.9885559082,1.1634536982,401.6813659668,0.5365704298,402.5524597168,1.2536023855,402.7255249023,1.182739,2.051035,-1.0705170111,-0.49250508400000004,-0.1015064776,-0.24554835260000002,-1.3029670715,-0.15324920420000002,-0.4784145355,0.2109028399,-0.4465554357,-0.5811610818,-1.4172236919,-0.2797588408,-0.7289611697,-0.0514010191,-0.15122938160000002,-0.4437752366,-1.444598794,-0.2279547602,-0.8119593859,0.0632735118,-0.1237553284,-0.38164636490000003,-1.4178577662,-0.19270667430000002,-0.5020959973,-0.013640511800000001,-0.0297160298
24,277.072273,277.784761,277.072273,0.7441564202000001,279.9250183105,0.5428180099000001,279.3248901367,0.43534469600000003,279.2760620117,0.5899639726,279.2831115723,4.610281,4.797958,4.610281,-0.360229522,6.4103136063,0.2550534606,5.1462268829,0.2772037089,4.9412841797,0.16838659350000001,4.7812447548,-1.554111,-1.558891,-1.554111,0.0212938339,-1.5085761547,0.0205520689,-1.5124480724,0.0184667297,-1.5170456171,0.0230478793,-1.5277241468,405.113096,410.724013,405.113096,1.0885021687,405.7931213379,0.6122806072,406.5552978516,1.2144715786,410.1713256836,-0.2610993385,406.8653869629,1.266043,1.390987,0.47889176040000003,-1.1518365929,0.216333185,0.0376239233,0.7869995832000001,-0.5708637238000001,-1.4703549147000001,0.10379075260000001,0.7407079339,0.1645744294,0.6748363376000001,-0.6387967467,-1.474858284,0.033326432100000004,0.4916969836,0.3715514243,0.5209729671000001,-0.5444571376,-1.7100362778,0.0973334014,0.5481317639000001,0.2863663137,0.7883248329,-0.5636879802,-1.7276226282,0.1682527959,0.2676194906
25,277.835466,278.397529,277.835466,0.77897048,279.7803955078,0.5247657895,279.2489318848,0.4066810012,279.3706054688,0.5998747349,279.593536377,4.988717,4.488753,4.988717,-0.1977931857,5.842083931,0.3415722847,4.2806978226,0.1312802583,4.5448694229,-0.0025185328000000002,4.8635187149,-1.607979,-1.609023,-1.6079789999999998,0.014917152000000001,-1.561234355,0.016652304700000002,-1.5696719885000001,0.0116500063,-1.5862272978,0.0142953303,-1.5885578394,398.445374,395.925684,398.445374,0.7320324183,405.2755432129,1.2961399555,401.393951416,0.3253100216,399.3725891113,5.5847859383,400.9346008301,1.277045,1.366431,-1.1453788513,-0.5037122246,-0.2553941635,-0.6995485425,-1.8271176814999999,-0.3185404241,-0.8253101110000001,-0.0639695376,-0.5533450246,-0.523285687,-1.5116301775,-0.0702274665,-0.9061650038,0.0086482493,-0.43425074220000004,-0.5035926104,-1.7036750317,-0.23610642550000002,-0.8848410249,-0.0706386492,-0.3072885275,-0.5363546014,-1.7540178299,-0.2882199287,-0.7688997984,-0.0010020784000000001,-0.2922393084
26,277.216993,278.705353,277.216993,0.6756494045,279.9684448242,0.44626185300000004,279.5538024902,0.347866714,279.4598388672,0.4969203472,279.373046875,4.88647,4.699998,4.88647,-0.2870348096,6.1541643143,0.37020877,4.5641145706,0.23676261310000002,4.694621563,-0.12861698870000002,4.9468665123,-1.59912,-1.581805,-1.59912,0.0203873012,-1.5639522075999999,0.0215297267,-1.5786116123,0.0172410645,-1.5870807171,0.0246513598,-1.5946094990000002,401.198582,394.887429,401.198582,0.7416400313,407.5221252441,1.0755088329,406.2636413574,-0.8164092302,403.751953125,1.90929842,400.7228088379,1.122745,0.956931,-0.8056686707,-0.7353023789,-0.2660550111,-0.3750817776,-1.1972914934,-0.2560680509,-0.8169900775000001,-0.3597148061,-0.8753308058,-0.3553814292,-1.1150727272,-0.2019916326,-1.1772023439,-0.2584257722,-0.3474455476,-0.4068990052,-1.2950401306,-0.23148818310000002,-1.0461336374,-0.0760833472,-0.42565667630000004,-0.4286113083,-1.4515988827,-0.2435592711,-1.0412752628,-0.0725418478,-0.3336195946
27,277.461125,278.11358,277.461125,0.7125918865,279.9202270508,0.4575712383,279.5001220703,0.4222255945,279.6734313965,0.552573204,279.5644836426,4.729906,4.573102,4.729906,-0.3844816089,6.6258611679,0.199426502,4.5699529648,0.4456994832,4.5229454041,0.173374787,4.8247184753,-1.646936,-1.519763,-1.646936,0.025204429400000002,-1.6035763025,0.027490953000000002,-1.6117497683000002,0.0200998522,-1.6369322538,0.0242624842,-1.6288464069000002,395.990904,394.99278,395.990904,1.1692657471,404.8717956543,2.4825325012,400.1025695801,1.2250337601,398.501739502,7.5525527,396.7194519043,1.101493,0.661237,-0.9154394195000001,-0.5124372730000001,-0.3356579462,-0.4488522112,-1.7728536129,-0.0454140492,-0.1795008779,-0.6472115517,-1.0340958834,-0.6872678995,-1.5636996031,0.0078291651,-0.7553132772000001,-0.052378796000000005,-0.5493596792000001,-0.5442350507,-1.3377768993,-0.0746172816,-0.8910310864000001,-0.1193628013,-0.2914802134,-0.48904189470000003,-1.3270972966999999,-0.1206755489,-0.7700790167,-0.1537303925,-0.6306307316
28,277.349434,278.633318,277.349434,0.7194512486,279.7217102051,0.4370278716,279.2784118652,0.40853476520000004,279.5463562012,0.5602419376000001,279.494934082,4.818059,4.832339,4.818059,-0.3998349607,6.3217592239,0.3675503433,4.6556835175,0.6428533196,4.6567335129,0.1603563279,4.9129734039,-1.649002,-1.562367,-1.6490019999999999,0.020777035500000002,-1.610964179,0.0227957014,-1.6322441101,0.0136343557,-1.6590310335,0.0185021572,-1.6516840458000002,397.368952,400.28082,397.368952,1.9898046255000001,405.1219177246,1.2137749195,399.9455871582,1.7392988205000002,399.7630615234,3.9714331627,397.5452575684,1.069144,0.310755,-0.6776581994,-0.7184553875,-0.4094753373,-0.8079419732,-1.341925025,-0.2098392546,-0.8722999692000001,-0.38477516170000003,-1.0859694481,-0.5001720190000001,-1.1762355566,0.0981709957,-1.1380506754,-0.1537186354,-0.6119623184,-0.4910912216,-1.261711359,-0.0714212656,-1.0404815674,-0.076579757,-0.6919348240000001,-0.4458750188,-1.1172399521,-0.17254187170000002,-0.9188771844,-0.18652175370000001,-0.6052253246
29,277.818526,277.971996,277.818526,0.7539178133000001,280.0592041016,0.4536871612,279.5338134766,0.402136147,279.7127685547,0.5098181963,279.6225891113,4.740451,4.612108,4.740451,-0.2602331638,6.4356088638,0.3144153953,4.289372921,0.3059007823,4.5407299995,0.052072525,4.8107452393,-1.619552,-1.479833,-1.619552,0.0164881628,-1.5681731701000001,0.0168793481,-1.5872025490000001,0.0069233477000000005,-1.6074681282,0.0142489607,-1.6059268713,401.806057,408.754496,401.806057,0.0571764149,406.1142272949,0.6243000031,401.9613647461,1.868901968,401.6440429688,1.7286412716,401.6558532715,1.052755,0.534683,-0.7632437165,-0.6776523748000001,-0.25795249670000003,-0.4927332699,-1.2032727002999999,-0.5631368756,-0.7416359186,-0.28892856840000003,-1.2173655033,-0.523851037,-1.1037642956,0.0092360619,-0.9975789785,-0.0692585558,-0.5811238289,-0.2856816947,-1.1966836452,-0.2765284181,-1.1290030479,-0.2888455391,-0.6633743644,-0.482091099,-1.2171401978,-0.1658839583,-1.1354624033,-0.14161883290000002,-0.6161281466
30,278.29402,277.5397,278.29402,0.7554665208,279.9654541016,0.47555625440000004,279.5595092773,0.40853801370000004,279.779510498,0.5233972073000001,279.7430114746,4.876714,4.612967,4.876714,-0.1393653005,6.5895090103000005,0.3249987662,4.5621490479,0.4631382227,4.7938499451,0.26566243170000003,4.9188704491,-1.592239,-1.513584,-1.592239,0.0179151222,-1.5463705063000002,0.0177200045,-1.5631735325,0.0097562447,-1.5838322639,0.0165385455,-1.5805271864,402.771047,407.033097,402.771047,-0.2355325073,405.375213623,0.5398359895,402.1987915039,0.38576149940000004,401.9032592773,2.5045638084,400.4855957031,1.205311,0.244795,-0.8043327152,-0.8912649818,-0.1070963619,-0.5233442187,-1.0725566149,-0.3004515767,-0.9558815956000001,-0.1304183304,-0.8908383846,-0.4133298993,-1.3445427418,-0.1469134241,-1.2170101404,-0.0545147993,-0.369010359,-0.3943439126,-1.3843718767,-0.303042531,-1.0440381765,-0.1979323626,-0.5287595391000001,-0.4381561875,-1.27785182,-0.1937274784,-1.1550220251,-0.1743144542,-0.2902232409
31,277.565405,277.856189,277.565405,0.7473748326,279.9610900879,0.49537411330000003,279.5322265625,0.41544815900000004,279.4456481934,0.4916320443,279.2915649414,4.803991,4.26882,4.803991,-0.36036351320000004,6.8102436066,0.2409009933,4.7186698914,0.2281576097,4.9630403519,0.2635140419,4.9151182175,-1.561544,-1.455506,-1.561544,0.0172424708,-1.5208716393000001,0.0181122869,-1.534753561,0.0122376001,-1.5424898863,0.024364376400000002,-1.5429399014,406.864418,413.986224,406.864418,-0.6944022775,405.6993408203,0.9535000324,404.744720459,0.8827465773000001,404.4700927734,2.9619002342,404.3513183594,1.094829,0.367934,-0.7310030945,-0.8076477074,0.1095010898,-0.2148101926,-0.4820064008,-0.43978080150000004,-1.2330342531,-0.17176020150000001,-0.47828015690000003,-0.0976240039,-0.5852250457,-0.2798027098,-1.6289124489,0.1081476808,-0.07203574480000001,-0.2530540228,-0.7156842351,-0.4271424413,-1.331690073,-0.0648566335,-0.0253410116,-0.3666672409,-0.9515836239000001,-0.2903597653,-1.1712249517,-0.0509600341,-0.1094574928
32,277.691023,278.939136,277.691023,0.7192416191000001,280.1572570801,0.4791556001,279.7014465332,0.4791126847,279.74609375,0.5468875766,279.5794372559,4.730704,4.874779,4.730704,-0.40243810420000004,6.3834600449,0.266181767,4.3649430275,0.42862579230000003,4.5828909874,0.14157697560000002,4.6989545822,-1.582205,-1.487534,-1.582205,0.0198292173,-1.5349388123,0.0194061976,-1.5500304699,0.01304565,-1.5647897720000001,0.020595818800000002,-1.5700829028999999,410.01556,410.965383,410.01556,0.2720368505,408.6562194824,2.0012466908,407.5986633301,0.5490996242,407.7731018066,3.0063948631,406.7897338867,1.07855,0.390222,-0.6399394585,-0.8632907104,0.0920636766,-0.32823324200000004,-0.6984872818,-0.0071481317,-0.9787769318,0.0182977766,-0.5554017425000001,-0.1140229926,-0.8106088638000001,-0.3577409983,-1.4521765709,-0.0432699174,0.06387569010000001,-0.3491235971,-0.8123890162,-0.2866510749,-1.324341774,-0.07868698980000001,-0.0474701598,-0.3072128892,-0.9173163772,-0.1953302026,-1.2060490847,-0.139394179,-0.14248807730000002
33,277.753687,277.924059,277.753687,0.796214819,279.9338989258,0.49710300560000004,279.4996337891,0.5222348571000001,279.5977783203,0.5247781277,279.6084899902,4.39411,4.508063,4.39411,-0.3703665733,6.5976915359,0.3391590118,4.2689361572,0.3883681893,4.8995609283,0.1606274098,4.7911748886000005,-1.552272,-1.46314,-1.5522719999999999,0.0143622383,-1.4974284172,0.014364773400000001,-1.5070202351000002,0.0091447774,-1.5177255869000001,0.0202684999,-1.5227903128,407.237906,415.722443,407.237906,0.23983950910000001,407.4996337891,0.7095178366,405.9725646973,0.7337263823,406.941986084,1.7332686186,408.6075744629,1.192808,0.290855,-0.8205729284000001,-0.8170978006,0.286012779,-0.35406619310000004,-0.8374031186,-0.4053744972,-1.2801272869,0.1354916692,-0.2949299514,-0.24507309500000002,-1.0641793013,-0.113240242,-1.5989693403,0.0305394642,0.1267116666,-0.4070682228,-1.2594989538,-0.54874897,-1.4275624752,-0.0280390959,0.0110268109,-0.3907431066,-1.1463629007,-0.4057158232,-1.4336340427,-0.1112166867,-0.007341906400000001
34,277.685858,278.363231,277.685858,0.7524354458,279.8733520508,0.585873127,279.4706420898,0.4611639678,279.4496765137,0.5342972279,279.586151123,5.052595,4.830664,5.052595,-0.19387206440000002,6.3265347481,0.198734194,4.2759041786,0.2189680189,4.9638471603,0.0350695699,4.8889250754999996,-1.603589,-1.555241,-1.603589,0.013155195900000001,-1.5758832693,0.0159398913,-1.5735265017,0.012480745100000001,-1.5910425186000001,0.0153794605,-1.5984178782,398.223804,409.818367,398.223804,-0.7537260652000001,403.734954834,0.4714385271,402.0791320801,2.569483757,400.8077087402,0.8873603344000001,400.3115539551,1.393923,0.719916,-1.234025021,-0.644432796,-0.07006876570000001,-0.2943539321,-1.481366992,-0.3798130155,-1.143499136,-0.0237597153,-0.4832259715,-0.5139763951,-1.7616267204,-0.23047354820000002,-0.8394514918,-0.2010510117,0.0298571177,-0.5060155392,-1.6718146801,-0.1111828536,-0.9302943349,-0.0155352075,-0.051468912500000005,-0.5683135986,-1.7429656982,-0.1714208126,-0.7635268569,-0.0263977386,-0.0020618178
35,276.926259,278.357292,276.926259,0.7363006473,279.8333435059,0.5454695821000001,279.5501403809,0.4522644579,279.4534301758,0.5987021923,279.5227966309,4.606714,4.910189,4.606714,-0.3483220637,5.9775366783,0.092677094,4.3213949203,0.15393684800000002,4.7964205742,-0.0132869184,4.8647756577,-1.603391,-1.540854,-1.603391,0.013786723800000001,-1.5726410150999999,0.0170531776,-1.5765465498,0.0108033381,-1.5938051939,0.0141469231,-1.6034147739,396.444329,407.764966,396.444329,0.0755725354,402.8159484863,1.1769151688,399.8693847656,2.3878331184,399.7254638672,1.638669014,399.2290344238,1.445126,0.780088,-1.3415401425,-0.5354984622,0.0435849834,-0.2025553286,-1.5531215668,-0.3495899141,-0.7297534943,0.0045500398,-0.24963897470000002,-0.5370573401000001,-2.009598732,-0.1737074405,-0.7885876298000001,-0.1116326824,0.074117735,-0.5616177917,-1.8960227966,-0.1768954247,-0.7694538236,-0.13406229020000002,-0.021321926300000002,-0.6261899471,-1.9839737415,-0.1949502528,-0.6453582048000001,0.0102252001,0.0436003208
36,277.9164,278.249366,277.9164,0.6917466521,280.0952453613,0.5284668803,279.7167663574,0.40453824400000005,279.7397766113,0.6118357778,279.7434997559,4.589848,4.694084,4.589848,-0.2097978294,5.7680978775,0.1572114527,3.9660921097,0.0995789245,4.561568737,-0.008823894,4.5001006126,-1.607424,-1.528015,-1.607424,0.012161083500000001,-1.5655367374,0.0154003613,-1.5717437267,0.010494690400000001,-1.5902321339,0.0137544135,-1.6079779862999999,399.738802,405.624168,399.738802,-1.1058017015,405.506072998,0.8075930476000001,403.2725219727,1.2562336922,401.535736084,0.7976065278000001,399.1499633789,1.507955,0.680377,-1.4126423095,-0.5270921394,-0.023333374100000002,-0.5292624235,-1.8622252941,-0.3963543773,-1.0214668512,0.21426984670000002,-0.2498008162,-0.4920166731,-2.0816819668,-0.3119467199,-0.9151969552,-0.1313086748,0.1074869782,-0.5195051432,-2.0630350113,-0.2644652128,-0.9139482379,-0.0871714354,0.0171848387,-0.6880364418,-2.0273058414,-0.2781937718,-0.7429847717,-0.0682771206,-0.0833925456
37,277.335442,278.520273,277.335442,0.7546439767,279.8760375977,0.5772395730000001,279.5616455078,0.4328779578,279.6663513184,0.5886754394,279.6082763672,4.903079,4.740817,4.903079,-0.3488090038,6.1888303757,0.20626702900000002,4.2264494896,0.2499938905,4.841313839,0.0533116758,4.8170881271,-1.615007,-1.506498,-1.6150069999999999,0.014397939700000001,-1.5858975649,0.0135923792,-1.5946739912,0.006807136300000001,-1.6140036583000001,0.0104305483,-1.6224868298000001,399.424151,401.363895,399.424151,0.096974507,403.9444274902,1.4553743601,401.7848205566,2.6153450012,400.0972290039,1.3205808400999999,399.477355957,1.423961,0.805741,-1.2000209014,-0.7146228912,0.2773610959,-0.11984658990000001,-1.5036560297000001,-0.3985460997,-1.3295189142,0.0690694377,0.0470996387,-0.4440746605,-1.8574742079000002,-0.1468500942,-1.1414136887,0.11851199720000001,0.516884923,-0.5555284023,-1.6999536753000002,-0.13782989980000002,-1.0623559952,-0.1164584458,0.3676009476,-0.3518724144,-1.8160293102,-0.2105594277,-0.9107851982,0.0705371872,0.3005529642
38,278.104366,278.598447,278.104366,0.6834185123000001,280.0918273926,0.4287565649,279.6023864746,0.5129119754,279.6602172852,0.5613502264,279.732421875,4.74747,4.77008,4.74747,-0.2191166729,6.5192298889,0.26540008190000003,5.2174844742,0.0859904513,4.7551593781,0.0720422268,4.9898495674,-1.554209,-1.631503,-1.554209,0.0215421319,-1.5247039795,0.022702541200000002,-1.5414381027,0.021081727,-1.5411087275000002,0.038167953500000004,-1.5399355888000001,403.293109,392.656573,403.293109,-0.1187865287,401.6548461914,2.258441925,403.3851623535,2.963801384,404.3005981445,-0.5058200359,405.1933898926,1.217948,2.131197,0.5524455736,-1.0349120199,0.3273492441,-0.044026553600000004,0.7654635310000001,-0.2919873297,-1.4202382565,0.7400459647000001,0.9872364402,0.1197683066,0.55580163,-0.47763362530000003,-1.6029148102000002,0.5973876715,0.7892169952,0.0491715893,0.44101884960000004,-0.539732337,-1.5846403837,0.3730048239,0.7672989964,0.136279121,0.6566936374,-0.5953665376,-1.6872416735,0.37526202200000003,1.0107560158
39,277.750924,278.129196,277.750924,0.7653000355,279.6797485352,0.49418562650000003,279.4331359863,0.38647133110000004,279.4960021973,0.5278334022,279.6366271973,4.87432,4.448287,4.87432,-0.25121295450000003,6.2337522507,0.26559573410000004,4.4568362236,0.4916627705,4.9791350365,0.10479144750000001,5.1300969124,-1.572911,-1.635774,-1.572911,0.0119008459,-1.5403339863,0.0126537122,-1.5512249470000001,0.0022992343,-1.5803810358,0.009714574600000001,-1.5912619828999999,403.544972,390.813482,403.544972,-0.0855170041,406.1105651855,0.5254857540000001,404.771484375,0.6273112297,401.1924438477,8.7570381165,403.0990905762,1.253131,0.69868,-0.9269853791,-0.8309805041,-0.1431995499,-0.44563421610000004,-1.156224966,-0.4402196407,-1.5325143337,0.046458628,-0.4069135487,-0.2949434221,-1.3869496584,-0.0467359237,-1.2688915729999999,-0.1267949939,-0.0447654538,-0.34698426720000003,-1.3706914185999999,-0.2997539043,-1.1495451927,-0.2043787986,-0.2985858619,-0.37928694490000003,-1.4613138437,-0.2612251043,-1.1435369253,-0.1845325381,-0.23284637930000002
40,277.480673,277.967587,277.480673,0.7433208227,279.8391723633,0.4814060926,279.4085083008,0.4410487115,279.3539733887,0.5551301241000001,279.3817138672,4.979544,4.559008,4.979544,-0.08969046180000001,6.3278279305,0.3105406463,4.1527066231,0.5030627847,4.8551740646,0.214889884,4.9277710915,-1.571552,-1.54232,-1.571552,0.014391508,-1.5235519409,0.011726255500000001,-1.5403414965,0.0073302491,-1.5529242754,0.0109575978,-1.559741497,401.742783,391.446539,401.742783,0.3030669391,406.4310913086,0.5859678984000001,406.0674133301,0.3316656053,403.6755065918,-0.4272683859,403.9707946777,1.237431,0.613067,-0.9874110728000001,-0.7453761875,-0.0258779631,-0.1550196111,-1.0702091455,-0.29170206190000003,-1.1406039,0.018682710800000002,-0.32941386100000003,-0.3891865015,-1.4690469503,-0.1587519944,-1.0205295086,-0.1361739337,0.0108390637,-0.5308973789,-1.4314328432,-0.3391565979,-1.1414774656,-0.29354196790000003,-0.2741667926,-0.3932145536,-1.5130505562,-0.2941557765,-0.826539278,-0.0693335161,-0.2618637681
41,277.123695,278.370362,277.123695,0.7198742628,279.7353515625,0.5481204987,279.4059448242,0.42025551200000005,279.319732666,0.5006847978,279.1710205078,4.983366,4.822158,4.983366,-0.2147488743,6.636200428,0.3313252628,4.6929893494,0.41329351070000003,4.9941005707,0.21314944330000002,4.9749264717,-1.607323,-1.549157,-1.607323,0.014883300300000001,-1.5530363321,0.0187407136,-1.554071188,0.013714553800000001,-1.5674691200000002,0.0219941996,-1.5727343559,397.21468,396.77966,397.21468,-0.9984844327000001,405.1578979492,1.3150207996,403.1756896973,2.8610782623,401.1295471191,1.4295166731,400.3995056152,1.294997,0.561544,-0.9684456695,-0.7441619582,-0.4305266156,-0.5479778647,-1.2350746393,-0.6138003469000001,-1.5747931004,-0.45061594250000003,-0.7758045197000001,-0.4161117077,-1.5681991577,-0.2778101861,-1.2778817415,-0.2417952418,-0.5541437268,-0.35640174150000004,-1.5321218967,-0.4049208164,-1.2626693249,-0.2634931505,-0.5906717777,-0.4849106669,-1.3584340811,-0.431594044,-1.1353963614,-0.3372552991,-0.5750746727
42,277.868627,278.153779,277.868627,0.7756130695,279.9792785645,0.5398625135,279.4788208008,0.4632747173,279.4538574219,0.5843150616,279.4859313965,4.857815,4.619646,4.857815,-0.1323750615,5.1901721954,0.4094969928,3.8168239594,0.4351039231,4.5618133545,0.042129665600000005,4.7160286903,-1.700391,-1.520955,-1.700391,0.0176828392,-1.6379580498,0.020427499000000002,-1.6489319801,0.0201295465,-1.6499466896000001,0.0364257172,-1.6464253664,390.242853,406.814613,390.242853,0.6664355993000001,400.4624938965,1.8525898457,396.7287902832,0.5333328247,394.5974731445,3.1472425461,395.6576538086,1.263169,0.997702,-0.7057389917,-0.9416351135000001,-0.45918473190000003,-0.4166613817,-0.8506560922,-0.5744249225,-1.6805371046,-0.1512197405,-0.9236231446000001,-0.1438792348,-1.3579970598,-0.18335607650000002,-1.3956825733,-0.5764909387,-0.6920248866,-0.42728316780000003,-1.3860111237,-0.3449670374,-1.4866753817,-0.2098194659,-0.9113487005,-0.3559195697,-1.2922207117,-0.4341181517,-1.6536618471,-0.23919686680000002,-0.9063385725
43,277.930356,277.700116,277.930356,0.7301507592,279.7085266113,0.46239396930000004,279.3317565918,0.48237881060000004,279.4994812012,0.5335615277,279.4796142578,4.89656,4.518065,4.89656,-0.6147537231,6.4014921188,0.2411681414,5.3750905991,0.21841907500000002,4.8632760048,0.2856104672,4.9088382721,-1.560123,-1.578731,-1.560123,0.0231461134,-1.5260593891,0.023588761700000002,-1.5250594616000002,0.0189545378,-1.5383712053,0.0460315756,-1.5378146172,405.140284,394.644987,405.140284,0.0763750523,402.7715148926,0.2121214569,404.9354858398,1.056725502,404.3481140137,0.8519555926,404.170715332,1.382153,1.93767,0.23041340600000002,-1.2709373884000001,0.4919079021,0.200186193,0.3848757148,-0.3306382895,-1.6176724434,0.9731007814,1.244345665,-0.0350854546,0.08004271240000001,-0.3965579569,-1.7876590490000002,0.5544337034,0.8572191,0.062011588400000005,0.28703981640000004,-0.608864665,-2.0012750626,0.28938046100000003,0.7617073655000001,-0.0455142558,0.2223538756,-0.7536803484,-1.9888961315,0.4938138723,0.7694697380000001
44,277.360634,278.439585,277.360634,0.7655255795,279.5804748535,0.5650715828,278.996887207,0.4396497607,279.1523132324,0.5904010534,279.2164001465,4.858683,4.853698,4.858683,-0.2468019873,4.8534617424,0.2712620497,3.666656971,0.2496416271,4.3787374496,0.0400053114,4.5810537338,-1.698037,-1.537603,-1.698037,0.0207679477,-1.6500774622,0.021715302000000002,-1.6610608101,0.0264594294,-1.6669868231,0.0259328112,-1.674810648,396.81648,395.946826,396.81648,0.4152930379,403.7643737793,0.9642350078,397.0131225586,0.42001000050000004,397.9449462891,2.4651863575,398.1263122559,1.142839,0.82934,-0.1608904105,-1.1067486313,-0.2351630452,-0.0178537257,-0.05667454,-0.4378803968,-1.3813608885,-0.3672760725,0.1439608335,0.0407039188,-0.5561540723,-0.20275282860000002,-1.5321762562,-0.1056086123,-0.091665484,-0.2234407663,-0.39750027660000004,-0.3369343877,-1.569251895,-0.1124525368,-0.1568895429,-0.23782740530000002,-0.23483233150000002,-0.360432148,-1.4218164682,-0.0229964871,-0.0507208556
45,276.514242,278.162661,276.514242,0.7295359969,279.0358581543,0.4647356272,278.2709350586,0.37472957370000004,278.4391784668,0.5269136429,278.5960083008,4.855286,4.68131,4.8552859999999995,-0.07105991240000001,4.8664302826,0.1370026469,3.689704895,0.2389810681,4.4460401535,-0.012416048,4.6182541847,-1.694301,-1.530649,-1.6943009999999998,0.0216897316,-1.6566264629,0.0247127116,-1.6582999229,0.0290161446,-1.6755008698,0.0354331844,-1.6598794460000001,395.059193,406.105059,395.059193,0.1121626943,398.9466552734,1.6497372389,395.3694458008,1.2187871933,393.8237609863,2.1760504246,394.3369445801,0.833675,0.981701,-0.300133912,-0.7693654198000001,-0.114066391,-0.2225465626,-0.22413206100000002,-0.08435954150000001,-0.9430497289,-0.1532651633,0.5838362575,-0.21619808670000001,-0.5774667859,-0.1816874295,-1.0724151134,0.0221149996,-0.0951549709,-0.1199206859,-0.5740298033,-0.2405055016,-1.1387996674,0.1390861571,0.023798592400000002,-0.11293009670000001,-0.0873960555,-0.2487672418,-1.0453184843,0.0858630687,0.0939510092
46,276.720813,278.283853,276.720813,0.7997825742,279.626739502,0.5165309906000001,279.0583496094,0.45646470790000004,279.1098632812,0.6708635092,279.362121582,4.341271,4.853756,4.341271,-0.3010392785,5.1468524933,0.38808783890000004,4.5650186539,0.2393079549,4.7219352722,0.10909327860000001,4.9078397751,-1.610558,-1.529526,-1.610558,0.0213461742,-1.5718812943,0.0252667759,-1.5737183094,0.028942029900000003,-1.5784674883,0.0311148241,-1.5830564499,398.890503,405.683545,398.890503,-0.1013637334,402.7364196777,1.0677214861,399.451965332,2.4102973938,397.8920898438,-0.1255530119,397.6038513184,0.809628,0.82383,-0.3233530612,-0.7348952377,-0.10425416900000001,-0.1588555723,-0.5171086788,-0.25803536180000003,-0.9990638494,-0.320544064,0.6650106311,-0.19242061670000002,-0.6384851933,-0.2397188097,-1.202652216,0.0748224705,0.0727353692,-0.1107276306,-0.6573573351,-0.3952343166,-1.279493928,0.20898942650000002,0.1301790178,-0.18079206350000002,-0.3477889001,-0.1629583091,-0.95898664,0.0368322134,0.26327624920000003
47,277.12225,278.355663,277.12225,0.7203037143000001,279.4824523926,0.5098275542,279.1217346191,0.4055882096,279.2043762207,0.5955561399,279.3503112793,4.813582,5.22751,4.813582,-0.5144357085,5.3847026825,-0.0031528547000000003,3.8773415089,0.2211790979,4.7449674606,0.0273022261,4.8002781868,-1.632636,-1.548684,-1.632636,0.0181347765,-1.5956035852000001,0.0212748684,-1.6057101488,0.0202654526,-1.616232276,0.0274083801,-1.6111325026,395.69065,397.328157,395.69065,0.7489023209,399.9244384766,1.8206540346,395.5183410645,1.1692678928,392.2455444336,4.8916387558,394.4053649902,0.857974,0.912697,-0.0511507021,-0.8562395974,0.0188895118,-0.256107688,-0.3888673782,-0.48655721550000003,-0.9436317682,-0.27426916360000003,0.6775445938,-0.08883176,-0.8608577847000001,-0.071225509,-0.9617844820000001,0.0585706979,-0.0201231521,-0.1512347162,-0.6737601161,-0.1857189685,-1.0139410496,-0.0037770621000000003,-0.1159645319,-0.1856085658,-0.43614169960000004,-0.23234483600000003,-1.0181151628,0.07024715100000001,-0.0978732035
48,276.931482,278.234552,276.931482,0.7515419722000001,279.4055480957,0.497523576,278.8437194824,0.4646186531,278.9489746094,0.5383925438,279.0290527344,4.635939,4.708341,4.635939,-0.2148540318,5.462474823,0.4131760299,4.2808694839,0.4811561406,4.6764669418,0.0711647123,4.4899220467,-1.710533,-1.560282,-1.7105329999999999,0.0246686488,-1.6425584555000001,0.028436251000000003,-1.6431866884000002,0.0342022181,-1.6350035667,0.0436609015,-1.6294989586000002,383.608466,403.321639,383.608466,1.2611808777,391.9501037598,2.1586036682,385.6448974609,0.22283393140000002,381.7710266113,2.3866910934,384.241027832,0.714445,1.380934,-0.36768465300000003,-0.4353374807,0.4309539357,-0.2157950401,-1.2035686970000001,-0.3893061578,-0.1526916921,0.3175167441,1.1877740622,-0.22786609830000001,-0.9329497814000001,-0.047643534800000005,-0.5629435182,-0.13036102060000002,0.7581368089,-0.35816368460000003,-0.8301242590000001,-0.0283434503,-0.6182305813,0.1547361165,0.7107191086,-0.29416379330000003,-0.6424141526,-0.053608436100000004,-0.1954211146,0.0269830003,0.6545447111
49,277.093932,278.5742,277.093932,0.7373620272,279.869354248,0.5753179789,279.3179931641,0.5013562441,279.212890625,0.6333175898,279.2626647949,4.64419,4.600671,4.64419,-0.2738213539,6.2724819183000005,0.47997251150000003,4.4744548798,0.21373462680000002,4.776157856,0.16605876390000002,4.8570356369,-1.555499,-1.490435,-1.555499,0.0174843576,-1.5147122145,0.018092392000000002,-1.5213543177000002,0.020104304,-1.5178248882,0.0180208497,-1.5108292103,400.851376,407.438,400.851376,0.5277219415000001,406.8126220703,-0.1079623103,405.9373474121,-0.4508794546,406.431060791,2.1070978642,405.6571044922,1.05406,1.755903,0.0457619067,1.0279326038,0.2286990589,0.24494603280000002,0.6583112478,0.5923469663,1.1055191755,0.0285161007,0.2836017609,0.029400683900000002,0.3900983334,0.4066470861,1.1890928745,-0.23023493590000002,0.0463964939,0.2286975682,0.4232774079,0.5778720379,1.5280746222000001,0.0136909448,0.1318806559,0.0705840662,0.06633414330000001,0.4287290871,1.6040602922,-0.0013742782000000001,0.167974025
50,277.556315,277.595207,277.556315,0.76491642,279.8440246582,0.4518395066,279.2798461914,0.4565160871,279.3532104492,0.6205462813,279.2464294434,4.876663,4.582082,4.876663,-0.4477777779,5.4257202148,0.21678754690000002,3.781137228,0.3732568324,4.3849048615,-0.007768258500000001,4.6233177185,-1.715647,-1.543945,-1.715647,0.021928221,-1.6669244766,0.0256614108,-1.680683732,0.0295519736,-1.681245327,0.045406431000000004,-1.678673625,380.201513,411.75856,380.201513,0.8661642671,390.8758850098,1.799567461,386.7318725586,2.0510401726,382.4490356445,2.7341179848,383.7814331055,0.991997,1.144885,-0.7465235717,-0.4914338878,0.43041138040000004,-0.3439872265,-1.4036147594,-0.385899961,-0.2668370008,0.0971291661,0.6297209859,-0.4191253781,-1.1376568079,-0.10109649600000001,-0.7699807882,0.1852262467,0.41468563680000003,-0.3697872162,-1.1394472122,-0.17656326290000002,-0.5895929337,0.1555998623,0.44975996020000003,-0.3513903022,-1.0642843246,-0.0595046543,-0.4960415661,0.0413373038,0.3935326934
51,277.009528,278.010477,277.009528,0.7288447022,279.3129272461,0.46159079670000003,278.7442626953,0.3332746625,278.9658813477,0.5462055206,279.0401306152,4.417443,4.831356,4.4174430000000005,-0.2590204775,5.2264738083,0.0102286115,3.3594493866,0.1558609456,4.5223531723,0.027920106400000002,4.5579533577,-1.706292,-1.551803,-1.706292,0.0188860279,-1.6588405371000001,0.018951511,-1.6728751659,0.0208678469,-1.6776807308000001,0.0218390226,-1.6735255718,388.849421,392.100298,388.849421,0.8821892142000001,398.9248352051,1.0796582699,392.4529418945,0.9029719234,391.012878418,1.451128602,394.5123901367,0.617169,0.967204,-0.1819371296,-0.4406084259,0.3919956395,-0.010362504100000001,-0.7721290588,-0.34872540830000004,-0.2448061407,0.2008946687,1.009834528,-0.3099731505,-0.6177717447000001,-0.32670602200000004,-0.6214805841000001,0.030986500900000002,0.7337234020000001,-0.2411174476,-0.6311600208,-0.3203861713,-0.5919724107000001,0.0601261929,0.5406698585,-0.2585563064,-0.3999316692,-0.1536285132,-0.5747721195000001,0.0402355418,0.6632903218
52,277.78776,278.116859,277.78776,0.7280390859,279.8850097656,0.45153558250000003,279.3869934082,0.4506864548,279.4592590332,0.6233606339000001,279.6616821289,4.863223,4.614627,4.863223,-0.374165833,5.8985109329,0.11080139130000001,4.0636606216,0.025506828000000002,4.3207511902,-0.1279215068,4.8308830261,-1.676152,-1.56974,-1.676152,0.0190790519,-1.6292182206999999,0.0204824358,-1.6427952051,0.0194827877,-1.6435899734000001,0.032805141100000004,-1.630865097,385.00027,392.025044,385.00027,0.21662065390000002,393.5577392578,3.1395950317,388.9579467773,2.9359378815,388.2280273438,2.9089927673,388.9663696289,0.953591,1.077829,-0.4957920704,-0.7699416084,0.26592438620000003,-0.2638983428,-0.9209005237000001,-0.286739558,-0.6363887191,-0.1336121261,0.5716393590000001,-0.38245067,-0.9356737137000001,-0.1799482107,-1.1598060131,0.1293025911,0.2549013793,-0.3070925176,-0.8887091875,-0.28264862300000004,-1.1608116627,0.047876700800000005,0.1919470131,-0.4427964687,-0.7992969751000001,-0.3992150426,-0.9144089222,0.0414265916,0.1863322705
53,278.179856,278.324448,278.179856,0.7450202107,280.018371582,0.44464102390000004,279.4075012207,0.39535251260000004,279.4289550781,0.5901318789000001,279.5516052246,5.065906,4.850395,5.065906,-0.4322759807,6.4744930267,-0.0015765876000000002,4.0227165222,0.4434856474,4.3532876968,0.10735224930000001,4.574385643,-1.573346,-1.557924,-1.573346,0.0136674475,-1.5285584927,0.012584412500000001,-1.5443900824,0.010537245300000001,-1.5541701317,0.0175371896,-1.5520982742,403.517964,402.154587,403.517964,-0.49651488660000004,405.4484558105,0.0227383375,404.5299987793,0.8213782310000001,403.4057312012,0.7596968412,404.8868713379,1.056482,1.17028,-0.33064416280000003,-0.7163322589000001,0.7026350282,-0.4944324195,-0.7029047012,-0.4844168723,-1.1242039204,0.1484183073,1.1188995838,-0.0222657006,-0.3824038804,-0.172063604,-1.2885862589000001,0.2067336887,0.9718331695,-0.2482012659,-0.5491093993,-0.3552342057,-1.1026403904,0.23421446980000002,1.1428120136,-0.17493304610000002,-0.5082645416,-0.35632258650000004,-1.1276792288,0.38405916090000003,0.9669826031000001
54,277.338684,278.075182,277.338684,0.7543102503,279.8656005859,0.5212687850000001,279.4665222168,0.47062888740000003,279.3242492676,0.6901275516,279.5611877441,4.504798,4.862542,4.504798,-0.5576410294,6.7649083138,0.1071576998,5.1089305878,0.15852910280000002,5.0059895515,0.0846115649,5.3535957336,-1.540559,-1.527018,-1.540559,0.016637072000000003,-1.4903894663,0.0177783836,-1.5069828033000001,0.014960040300000001,-1.5030629635000001,0.0213469453,-1.4968694448,400.547268,400.99467,400.547268,-0.24298997220000002,402.7418212891,1.5821166038999999,400.7473754883,0.8212624192,401.213104248,3.7870674133,404.7103271484,0.946386,1.348434,-0.21090003940000002,-0.7432035926,0.5466415412,-0.134277001,-0.9395870566000001,-0.1744774729,-0.5986106992,0.3776982427,0.8689408302,-0.0890090317,-0.6756731272000001,-0.2195926607,-0.9941856861,0.1037527025,0.6985813379,-0.1805872023,-0.6705233455,-0.30739602450000003,-1.0750604868,0.2614546716,0.6906054020000001,-0.2247114778,-0.4792272449,-0.2573729455,-0.9479055405000001,0.0673469678,0.484700948
55,277.552692,278.45216,277.552692,0.7308793068,279.8755493164,0.47033327820000004,279.4016418457,0.49285447600000004,279.4143981934,0.5955532193,279.4396362305,5.172826,5.14412,5.172826,-0.48380419610000003,6.3482995033,0.11397389320000001,4.1914424896,0.2406940162,4.6911768913,0.1322300136,5.0550079346,-1.567562,-1.540827,-1.5675620000000001,0.015350051200000001,-1.5222175121000001,0.0179597158,-1.5277085304,0.0154993851,-1.5397349596,0.0196981691,-1.5363788605000002,397.781214,400.978045,397.781214,-0.6470760703,402.0092163086,0.626783669,400.7093811035,1.8192154169,400.6041870117,2.1073179245,402.2010192871,0.823335,1.475449,-0.16305982530000002,-0.5519058695,0.5888059559000001,-0.16957594450000002,-0.6611844897,-0.2373592705,-0.6193070412,0.1048460007,0.6705016494,-0.1515942067,-0.33174616100000004,-0.0138009312,-0.7555757761,0.23972222210000002,0.6368699074,-0.0305411145,-0.4752099812,-0.19628079240000001,-0.8366273046,0.2338843048,0.7660102248,-0.1387866884,-0.3400671482,-0.20572865010000002,-0.8599194288,0.1152001768,0.5875930786
56,277.453,277.933682,277.453,0.7702323198000001,279.7930297852,0.5215710998,279.2807617188,0.45409417150000003,279.4348144531,0.6086754203,279.6000061035,4.985518,4.464568,4.985518,-0.4446384311,5.8789038658,0.45463940500000005,3.6115164757000002,0.2676769197,4.2975683212,0.0146475323,4.7616786957,-1.657628,-1.5339,-1.6576279999999999,0.0177470371,-1.619017601,0.0186222978,-1.6328086853000001,0.02117767,-1.6310981512,0.020716065500000002,-1.6301985979,395.020084,400.865187,395.020084,-0.036401610800000005,399.0244140625,1.0107684135,395.8922119141,2.766520977,394.2005615234,2.4304358959,395.6705932617,0.999231,0.717935,-0.4834490911,-0.5287558918,0.6965313264,-0.4207263291,-0.7601058483,-0.1352772862,-0.678640008,-0.0614396147,1.0526403189,-0.1915949136,-0.8067969084000001,-0.0790247023,-1.0529108047,0.1017907113,0.8292208910000001,-0.0692352727,-0.7621721029,-0.2481952906,-0.8870705962000001,0.1640959382,0.7706090212000001,-0.23671811820000002,-0.587790966,-0.3367281556,-0.7545900345000001,0.145598039,0.8577196598
57,277.996919,278.020727,277.996919,0.7970950603,279.821472168,0.5047885776000001,279.3808288574,0.4728013277,279.5338134766,0.5710166097,279.6404418945,5.074074,4.826789,5.074074,-0.2660218775,5.6239891052,0.2193205655,3.8836088181,0.1590745896,4.6168699265,-0.0669626594,4.8221082687,-1.734007,-1.567783,-1.734007,0.023631790700000002,-1.6800340414,0.0274210125,-1.6841278076,0.032361161,-1.6884086132,0.038722701400000004,-1.6941525936000001,383.281499,400.773186,383.281499,-0.10914416610000001,390.2793884277,1.8248603344,384.7443847656,1.8441215754,385.8728027344,1.1343419552,384.4467773438,1.337961,0.697746,-0.7437808538,-0.8843755354,0.6743966199,-0.4459531903,-1.4831675291,-0.7176102996,-1.3295741081,0.2783014774,0.9104884267000001,-0.33552637700000004,-1.0863800049,-0.339956969,-1.8646640778,0.3306740224,0.8507554531,-0.2809249163,-1.1976120472,-0.5768239498000001,-1.5378258228,0.1843319535,0.779402256,-0.4419704378,-1.1797511578,-0.5974581838,-1.6285587549,0.3422535956,0.8415310979
58,277.643621,278.034975,277.643621,0.8324381709,279.8790283203,0.575047791,279.3604125977,0.43239218,279.3709411621,0.6098829508,279.5578613281,4.904694,4.808013,4.904694,-0.41675198080000003,5.9964270592,0.1253972352,4.0474123955,0.24140447380000002,4.9242606163,-0.0249834117,5.0082235336,-1.741149,-1.566415,-1.741149,0.0250116438,-1.6679375172,0.028415713500000002,-1.6760284901,0.0359742232,-1.6681295633,0.045941744,-1.6590626240000002,379.967311,398.602954,379.967311,0.0712157488,388.6010742188,2.0161046982,383.2295532227,1.5642968416,384.2926940918,0.9666802287,382.6655578613,1.37828,0.595368,-0.7128457845,-1.0315800172,0.572145593,-0.1187016144,-1.1190575361,-0.45980861780000004,-1.3502513170000001,0.3046093285,1.0510641336,-0.325582087,-1.1334830523,-0.2557733357,-1.8021583557,0.2843147516,1.0614866018,-0.17552736400000002,-1.0434886217,-0.5173922777000001,-1.5760480165000001,0.1542717814,0.8010573983,-0.2812161148,-0.8179137111,-0.3576943278,-1.3634740114000001,0.1104627922,0.7473703027
59,277.861642,277.785863,277.861642,0.7941963673,279.7418823242,0.5746170282,279.4198303223,0.6155123115000001,279.3464355469,0.6850490570000001,279.4852905273,4.733368,4.637019,4.7333680000000005,-0.3593530059,6.5896959305,0.35124000910000003,5.3226623535,0.2489796877,5.0682444572,0.0317174345,5.1597309113,-1.604823,-1.554957,-1.604823,0.0228543766,-1.5642451048,0.0223061386,-1.5724179745,0.0174796078,-1.5868889093,0.0280385315,-1.5897794962,395.560123,400.844296,395.560123,1.886122942,401.0766906738,0.5119085908000001,399.2278747559,0.2761784196,398.7884216309,1.7749786377,399.9047546387,1.065509,2.375387,-0.31770657490000004,-0.8371933967,0.5774761253,-0.30649799110000003,-0.8240677714,-0.3458467722,-0.8841183186,0.4722405076,1.5443403721,-0.4325914979,-0.9172228575,-0.2497835457,-0.9099986553,0.0895492807,0.7915968895000001,-0.38627520200000004,-0.5268101692,-0.3378891945,-0.8679385185,0.2995574474,0.9505739212000001,-0.3739298284,-0.5981677771,-0.5011366606000001,-1.1784390211,0.31477165220000003,1.0870919228
60,276.926322,278.25417,276.926322,0.7826743126,279.8058166504,0.5560182333,279.3542785645,0.49432817100000004,279.3491821289,0.5193580389,279.4355163574,4.731561,4.334757,4.731561,-0.3407705426,6.0037398338,0.1428039372,4.2605686188,0.23886202280000002,5.1669120789,0.1071711481,5.1875619888,-1.698145,-1.500802,-1.698145,0.0253390353,-1.6494046450000002,0.0316814557,-1.6548724174,0.0386456102,-1.6569159031,0.047083661000000006,-1.6551115513,384.98573,403.395581,384.98573,-0.3697472513,389.7324523926,1.5882664919,385.4060668945,3.1121902466,385.9576416016,1.7760186195,383.5110168457,1.46499,0.763621,-0.7720774247000001,-1.1765506245,0.4072122033,-0.3572789431,-1.2891185284,-0.5478875041,-1.2641215324,0.0022908524,0.5876896381,-0.3750645816,-1.0304987431,-0.3035276532,-1.9179896116,0.1078792959,0.4654046893,-0.2366312295,-1.0297672749,-0.4513210058,-1.6306387186,0.34467214350000003,0.5089294314,-0.3747690916,-0.8719989061000001,-0.5275332928,-1.5306632519,0.042033132200000003,0.5558904409000001
61,276.904084,278.453009,276.904084,0.8215340376,279.5245056152,0.602165103,279.1445922852,0.5289283395000001,279.2144775391,0.6958274841000001,279.3406677246,4.289452,4.763387,4.289452,-0.3091613352,5.3935523033,0.3576492667,4.4714250565,0.1884446442,4.8081774712000005,-0.046510346200000004,4.9040575027,-1.760303,-1.568278,-1.760303,0.028318779500000002,-1.7159843445,0.0336348899,-1.719447732,0.042724099,-1.7108529806,0.0500012077,-1.6994235516,369.824235,399.970937,369.824235,1.0183540583,384.5935058594,2.1520745754,377.6144714355,1.9725424051,374.8166809082,3.6036496162000002,371.2332763672,1.192418,1.02217,-0.8092549738,-0.6492228225000001,0.5877733431000001,-0.7016685605,-1.4343802929,-0.30966934560000003,-0.9372318983000001,0.1258367002,0.8843977451,-0.5206854343,-1.4580117464,-0.2931775153,-1.1990460157,0.18608230350000002,1.1741573811000001,-0.5072702169000001,-1.5324540138,-0.1591739953,-1.1107153893,0.432482034,1.0846172571000001,-0.3236484826,-1.3323020935,-0.3472726941,-1.0056103468,0.2539007366,0.9222390652
62,277.998765,278.418668,277.998765,0.7150714993,279.895690918,0.4928282499,279.4012756348,0.3514054418,279.4393615723,0.5676388144,279.5875244141,4.882938,4.91259,4.882938,-0.29425144200000003,6.5141019821,0.12464330350000001,4.2385225296,0.2913757563,4.7209968567,0.19692839680000002,4.8545942307,-1.571946,-1.55885,-1.571946,0.0145054124,-1.5286874771,0.0156553127,-1.5395699739,0.0148629276,-1.5498470067999999,0.0184385814,-1.5500130653,397.741893,406.172936,397.741893,-0.48158648610000004,401.5776977539,1.6720975637,398.6904602051,1.990422368,396.6589050293,4.2639360428,398.5088500977,0.85271,1.214521,-0.7917240285,-0.15861673680000002,0.2740964985,-0.3280010223,-1.4962413311,-0.37415874,0.1333687901,-0.1170716435,0.0970760584,-0.2752291262,-1.3583445549,-0.1412556469,-0.3811410069,0.11513752490000001,0.41664117570000003,-0.3625407815,-1.3379116058,-0.1088065282,-0.3226222098,0.1409309655,0.4499391317,-0.2652534842,-1.0202287436,-0.17866748570000002,-0.2168605328,0.0996977612,0.5369464159
63,277.039316,277.782018,277.039316,0.7347844839000001,279.8791809082,0.4821703732,279.3005371094,0.38608166580000003,279.3954772949,0.5636584759000001,279.2719726562,4.716163,4.668446,4.716163,-0.30117568370000003,5.5854449272,0.3756367862,3.8488070965,0.5098514557,4.7418804169,0.0383568332,4.7477207184,-1.706753,-1.539647,-1.706753,0.0194048304,-1.6720106602,0.0210401323,-1.6921499968,0.0172269586,-1.6855378151,0.0187557377,-1.6788073778000001,392.871326,395.674711,392.871326,1.5910922289,399.5801696777,0.8370206356000001,392.6477661133,0.660346508,392.4561157227,1.2323478460000001,396.2210083008,0.789035,0.782297,-0.7365642978,0.10940574980000001,-0.26092203210000003,-0.3391022682,-0.6500540972000001,0.1335169077,-0.2657526135,-0.15269628170000002,-0.8954252005000001,0.039492063200000004,-0.9972452521,-0.2858244777,-0.5174878836,-0.2006404102,-0.437705785,-0.4452001452,-0.9027507901,-0.044693153400000005,-0.3351301551,-0.21614483,-0.4610848427,-0.2691139281,-0.9918015599000001,-0.0502991676,-0.1808633506,-0.12588432430000002,-0.5741224885
64,277.330468,277.951529,277.330468,0.7353976369,279.4081420898,0.4757627547,278.9988098145,0.3956632912,279.275177002,0.571880579,279.2867431641,4.911248,4.73129,4.911248,-0.2330219597,6.1183023453,0.32403108480000004,4.0138101578,0.36245611310000003,4.7257614136,0.15454429390000002,4.890253067,-1.619998,-1.559908,-1.6199979999999998,0.018438398800000002,-1.5751833916,0.0206471607,-1.5802652836000002,0.0205310546,-1.5961762667000001,0.029515991000000002,-1.5970282555000002,388.9654,399.080172,388.9654,0.1377466172,396.6570129395,1.4202582836,394.2818908691,0.8816749454,391.782409668,0.9721906185,393.4740600586,0.629145,0.913553,-0.5288540677,0.0545946735,-0.33638653900000004,-0.39284127950000003,-0.6932504773,-0.1150633097,-0.1090417057,-0.11803807320000001,-0.9486948848000001,-0.058419764000000006,-0.6278211474000001,-0.1666305512,-0.49688726660000004,-0.0894095376,-0.5100165009000001,-0.1893225163,-0.6986069679,-0.11502011120000001,-0.23488724230000002,-0.10177671910000001,-0.4332234561,-0.2208189964,-0.7201223373000001,-0.1148575544,-0.2310025245,-0.17635880410000002,-0.6516757011000001
65,277.633511,278.714499,277.633511,0.7949284315,279.7438964844,0.5313648582,279.1877746582,0.4043303728,279.2687988281,0.5713844299,279.402130127,4.675497,5.009119,4.675497,-0.258718133,6.520532608,0.2764018178,4.2815890312,0.3225878775,5.0090475082,0.0761751458,5.2156262398,-1.635342,-1.511505,-1.635342,0.0206421278,-1.5668387413,0.0224030726,-1.5722328424,0.0245950427,-1.578192234,0.0347787142,-1.5653041601000002,381.10078,406.138085,381.10078,-0.08957639340000001,390.7273254395,2.3391900063,387.5742797852,2.771838665,383.808013916,3.2120449543,384.3096313477,0.914822,0.96722,-0.7420865680000001,-0.5293642120000001,-0.0773278823,-0.2581999302,-1.0146569014,-0.24153619999999998,-0.8132872581,-0.0133877024,-0.6514598131,-0.19377283750000002,-1.1076574326,-0.2733669877,-0.8593018055,-0.0192959514,-0.0693314448,-0.18378342690000002,-1.0366075039,-0.2116603702,-0.7620065212,-0.0484715477,-0.2316721082,-0.132863149,-0.9316894412000001,-0.3512535095,-0.6168847084,-0.1107773036,-0.2622398734
66,276.981773,278.202965,276.981773,0.6869028807,279.4917297363,0.4755277634,279.2531738281,0.40691491960000004,279.3407287598,0.6018184423,279.4960021973,4.005321,5.026971,4.005321,-0.5762940645,5.4109153748,0.043866626900000004,4.2720718384,0.28588560220000003,4.6341381073,0.0572298914,5.0043053627,-1.650062,-1.519997,-1.650062,0.0178917702,-1.6048744917,0.0202831961,-1.6179397106,0.0229227431,-1.6121221781,0.0383845866,-1.6246055365,384.604624,405.723216,384.604624,0.46875754000000003,392.8537597656,1.6980553865,388.9754943848,2.2631635666,384.8161010742,1.7982097864000002,387.5872497559,1.046681,0.879237,-0.8693765011,-0.5766389435,0.08492874710000001,-0.2838883102,-0.8728743196000001,-0.26555827260000003,-1.0570608377,-0.0589732304,-0.4271280169,-0.19849014280000002,-1.2541953325,-0.3234295249,-1.2545074224000001,-0.08892712,0.0695975721,-0.4516229033,-1.1051656008,-0.1970819533,-1.0607008934,-0.1251610219,-0.1420136541,-0.1789761782,-0.9931665659000001,-0.3124301136,-1.0177288055,-0.0296814572,-0.1609576494
67,277.741656,278.297237,277.741656,0.8027990460000001,279.9517822266,0.4930573702,279.4114990234,0.4382150769,279.4457092285,0.640013814,279.575958252,5.279918,4.225333,5.279918,-0.4221909642,5.7053146362,0.1080286577,4.1604633331,0.204928413,4.5003886223,-0.0412874892,4.7989768982,-1.683302,-1.534585,-1.6833019999999999,0.020292779400000002,-1.6445641518,0.0236649215,-1.6619666815,0.0296884179,-1.662914753,0.0319674574,-1.6566299199999999,379.259421,404.707907,379.259421,0.4732181132,392.1370239258,1.0960719585,387.8502807617,2.4159994125,384.0370178223,5.2554335594,384.5440979004,0.919622,0.993238,-0.6695729257,-0.4368321282,-0.45448279810000003,-0.4428438544,-0.7251281738,-0.28293311600000004,-1.0390137434,-0.2037942857,-0.9851765633,-0.1100514531,-0.9650006294000001,-0.29045042400000004,-0.9856575131,-0.19412973520000001,-0.6158902049,-0.2807465494,-1.0619539022,-0.3547318578,-0.9233714342,-0.1332671642,-0.6873388290000001,-0.2699956894,-1.0327244997,-0.37145364280000004,-0.7902947068,-0.2427526414,-0.8490514755
68,277.216003,278.296424,277.216003,0.7840001583,279.5584106445,0.5105170012,279.0401306152,0.4271046519,279.1073608398,0.5923413038,279.203704834,4.32096,4.458014,4.32096,-0.2750133872,5.4466147423,0.2117752135,3.8970215321,0.3794513941,4.5459928513,0.16193605960000002,4.588019371,-1.675071,-1.568998,-1.675071,0.019818633800000002,-1.6257171631,0.0234975405,-1.6276004313999999,0.0252783708,-1.6305562258,0.041965924200000004,-1.6286785603,386.307594,395.132299,386.307594,0.7472609878,396.7822570801,1.5866587162,392.0499267578,1.7250841856,388.1626586914,3.0684833527,390.1178894043,0.618436,0.591936,-0.5517394091,-0.1416259407,-0.2408084291,-0.4627594948,-0.2409739643,-0.2439898252,-0.5294561386000001,-0.2497149259,-1.0217174292,-0.0173809454,-0.5560030937,-0.2774497271,-0.8839425445,-0.0951552987,-0.299569428,-0.1519128531,-0.7937917113,-0.1915446073,-0.6629964113,-0.2363465726,-0.4100707173,-0.1588844955,-0.7497332692,-0.3111755252,-0.49621707200000004,-0.08133509010000001,-0.5652071238
69,277.464603,278.003813,277.464603,0.7900685072,279.8142700195,0.5104694366,279.3061828613,0.4440334439,279.5115661621,0.6231349707,279.479675293,4.478803,4.630261,4.478803,-0.20888485010000002,5.1842451096,0.4506517351,3.7890067101,0.32699519400000004,4.6411685944,0.1024658978,4.7450852394,-1.623327,-1.58762,-1.623327,0.0183791425,-1.5846164227,0.0211754479,-1.5980317593,0.020172931300000002,-1.6001982689,0.0352619849,-1.5934599638,394.53992,388.283494,394.53992,1.0771905184,399.3688659668,1.6153008938,395.2909240723,0.0726667643,394.5631713867,0.051589489,395.0960998535,0.57598,1.302297,-0.5033138283,-0.1298768146,-0.2481139648,-0.240028128,-0.26893362400000004,0.1015300304,-0.5152471066000001,-0.3741925061,-1.0363378525,-0.0111723877,-0.4332094789,-0.2188036293,-0.6019348502,-0.2481256276,-0.3120514452,-0.20068255070000002,-0.5165449977000001,-0.1114302576,-0.6200483441,-0.25531923770000003,-0.3818998337,-0.0590759926,-0.3998721242,-0.16253827510000002,-0.4767998457,-0.15284302830000002,-0.6499256492000001
70,276.999915,278.166672,276.999915,0.7706640363,279.5776367188,0.5464175344000001,279.0752258301,0.5002691746,279.1759643555,0.6538606882,279.2107543945,4.646049,4.899241,4.646049,-0.6313858032,5.5213661194,0.10396271200000001,3.8032259941,0.33743652700000004,4.6890640259000005,0.0857918859,4.7816314697,-1.72312,-1.575722,-1.7231200000000002,0.0237645637,-1.6671862602,0.0261851419,-1.6694824696000001,0.0283843204,-1.6688268185,0.0368486904,-1.6495610476,379.608377,389.837296,379.608377,0.5264636874,394.0621948242,2.7331008911,386.3798217773,1.2766115665,384.3419494629,1.798176527,387.8947753906,0.873931,1.597604,-0.6495548092,-0.2557231218,-0.5257756039,-0.725335896,-0.6644056439,-0.1010755301,-0.6218852997000001,-0.2828075886,-0.7879446149,-0.23287077250000002,-1.083532691,-0.3750569522,-0.7315337658000001,0.0287024472,-0.3431400061,-0.2913152277,-1.0996437073,-0.2322644889,-0.5004101992000001,-0.2324550152,-0.451946795,-0.1881353259,-0.9105111361,-0.22888670860000002,-0.6060505509,-0.028146155200000002,-0.49123272300000004
71,277.443243,278.19741,277.443243,0.6806471348,279.5399169922,0.44652575250000004,279.0858459473,0.3589239419,279.4132385254,0.5098691583,279.5194091797,4.653657,4.532262,4.653657,-0.2373169363,5.4360070229,0.2228213251,4.4396343231,0.3138502836,4.7090525627,-0.0096219685,4.7767972946,-1.612951,-1.513841,-1.612951,0.0158481188,-1.5761109591,0.0174047276,-1.5843076705999999,0.0156407952,-1.5950834751,0.0250514485,-1.6034587622,388.814674,403.283532,388.814674,0.05007926,397.0001525879,1.9603765011,393.2393188477,3.0398974419,390.1322937012,3.577239275,392.7449035645,0.669175,1.233169,-0.5021166216,-0.313931512,-0.3116428529,-0.4114627838,-0.2815407217,-0.0055876449,-0.7097290754000001,0.030434735100000002,-0.9183471203,-0.10515727100000001,-0.6876806617,-0.16904410720000002,-1.1156926155,-0.1184220389,-0.4398236871,-0.2670775354,-0.6661415696,-0.1484745741,-0.7338104844000001,-0.1620222926,-0.5953288078,-0.0807281807,-0.3653998375,-0.24357999860000001,-0.6600507498,-0.1178272441,-0.5711448789
72,277.462937,278.334127,277.462937,0.7325166464,279.6128845215,0.4963500202,279.3176574707,0.4358010888,279.5049438477,0.5919466019,279.6528625488,4.939586,4.716955,4.939586,-0.2590556741,5.6135625839,0.2840548158,4.4489450455,0.2716859877,4.969666481,0.1653291285,5.1228051186,-1.621826,-1.514728,-1.621826,0.0202081632,-1.5791252851,0.0244694594,-1.5878818035,0.027801822900000002,-1.6009690762000002,0.038097992500000004,-1.5909154415,385.643177,412.245671,385.643177,0.3741458952,393.775177002,1.9803262949,390.2375793457,3.3784279823,385.6181640625,0.5252025723,388.1884765625,0.75124,0.540093,-0.20645384700000002,-0.5218422890000001,-0.4994179139,-0.26483526830000004,0.133856833,-0.3541155756,-0.9371343255000001,-0.3251989186,-0.8731898069,0.2518749833,-0.23353295030000001,-0.2220603526,-1.0311821699000001,-0.19632458690000001,-0.2338394523,-0.0501107126,-0.1530026048,-0.3579608798,-1.0478254557,-0.1658032089,-0.4668882191,0.0155137256,-0.1721359044,-0.318775028,-0.821421802,-0.1333714426,-0.6466600299
73,277.493736,277.637634,277.493736,0.7988485098,279.8787231445,0.5239126682,279.4177246094,0.4061034322,279.554901123,0.609895587,279.6905822754,4.557186,4.692542,4.557186,-0.3826767504,4.7646193504,0.5006852150000001,4.1826496124,0.3021467626,4.7224855423,0.0036125313,4.8843040466000005,-1.665469,-1.575232,-1.6654689999999999,0.0204480421,-1.6401610374,0.0239343718,-1.6582493782,0.0261883698,-1.6624574661,0.032484069500000004,-1.6592239141,390.625549,396.686024,390.625549,2.6275649071,397.6719055176,1.3773732185,391.5486450195,0.15180224180000002,389.0736999512,0.8365855217,390.8808288574,0.751917,1.174735,-0.4574490451,-0.4424505146,-0.4004462227,-0.46308290960000004,-0.008671820200000001,-0.1737754941,-1.1282258034,-0.14110523460000002,-0.4191084504,0.10860536250000001,-0.3533174396,-0.26134988670000003,-1.1183850765,0.0058903992,-0.2016496956,-0.21593837440000002,-0.39848589900000003,-0.3301728964,-0.9685899615,-0.17136199770000002,-0.2678954005,-0.0332292132,-0.373293817,-0.3304966092,-0.9891098142,-0.0250885487,-0.4449855089
74,277.154229,277.890109,277.154229,0.7472697496,279.7047424316,0.5029773116,279.0939331055,0.4153572023,279.3070068359,0.6011258364000001,279.5289916992,4.822629,4.832352,4.822629,-0.3987239897,5.5126757622,0.2671254575,3.8640589714,0.2932786047,4.3952775002,0.124048844,4.4939241409,-1.705373,-1.588692,-1.7053729999999998,0.0206199214,-1.662637949,0.0222133249,-1.6714425087,0.0263509639,-1.6771914959,0.028139865000000003,-1.6931595802000001,383.031665,402.599344,383.031665,-0.0909000784,392.5743408203,1.0774166584,385.1831359863,1.5618972778,380.9764404297,0.8606226444,383.79296875,0.822486,1.613156,-0.23397947730000002,-0.7286249273000001,-0.3014006634,-0.27476963400000004,-0.0123159885,-0.333316952,-1.4064286947,-0.019330645,0.2745797038,-0.19483336810000002,-0.4468018413,-0.21023356910000002,-1.412334919,0.1561311185,0.2847129405,-0.11383332310000001,-0.31376478080000003,-0.2933217883,-1.2797678709,0.1232744902,0.0787519887,-0.0769201145,-0.261723578,-0.3505588174,-1.0834001303,0.2358210236,0.0092071593
75,277.924599,278.28349,277.924599,0.6711124778,279.7901000977,0.4893226624,279.442199707,0.41775560380000004,279.5204772949,0.5546004772,279.5888366699,4.803677,4.63966,4.803677,-0.2370753288,6.4432296753,0.1764283478,4.7230701447,0.457622081,5.0092430115,0.1684762985,5.1127200127,-1.49812,-1.590856,-1.4981200000000001,0.0112242829,-1.4737945795,0.0109932423,-1.4761704206,0.0095896581,-1.485992074,0.0207927506,-1.4948837757,414.065158,401.475391,414.065158,-0.6673125625,410.09765625,1.0847446918,413.7893981934,0.1308926344,414.7431945801,-1.2797944546,414.2089233398,1.221676,2.667757,-0.5159416468,-0.4386900107,1.016783459,-0.3407443464,-0.5797021389,-0.2983059287,-0.2870537043,0.2611533105,1.1074038744,-0.20617504420000002,-0.7139824629,-0.0367253944,-0.5675851703,0.1676074564,1.0162183046,-0.3845716119,-0.5834333301,-0.12725792830000002,-0.474945575,0.30043929820000004,1.189797163,-0.3078913987,-0.7756845951,-0.1009011865,-0.6556481719,0.382301867,1.3686051369
76,277.20059,277.861101,277.20059,0.6931129098000001,279.6618652344,0.4880684018,279.1627502441,0.4541161656,279.3372192383,0.5974105,279.1779174805,4.476914,4.79539,4.476914,-0.5309531689,5.6502761841,-0.0581086166,4.2829189301,0.23763212560000002,4.9273576735999995,0.0169492941,4.8032493591000005,-1.665937,-1.566394,-1.665937,0.021228626400000002,-1.6257479191000002,0.0256783217,-1.6380681992000001,0.0258026905,-1.6378283501,0.0332493223,-1.6385134459000001,385.437496,391.737146,385.437496,0.1639150381,392.9146728516,1.5290164948,386.9533691406,1.8679453135,384.0242614746,3.7240500450000003,388.7820739746,0.958927,0.680406,-0.2313584709,-0.8615078555000001,0.35187927280000003,-0.3660975099,-0.2043896765,-0.5053933263,-1.1841888428,0.053974717900000004,0.8530745506,-0.174293831,-0.9428998828,-0.2306466103,-1.0106004477,0.20679534970000002,0.6092451215,-0.1854511648,-0.6140859127,-0.4745135903,-1.1200294495,0.2403866053,0.6630145907,-0.2408873886,-0.559196651,-0.2345638871,-0.9936252832,0.2354923934,0.5117468834
77,277.484116,278.140661,277.484116,0.7646411657000001,279.4859313965,0.4542392194,278.9438781738,0.3339995146,278.9750366211,0.5475128889,279.2538146973,4.542037,4.487515,4.542037,-0.2623657584,5.6724700928,0.3576441407,3.7145688534,0.5130232573,4.5661387444,0.09378690270000001,4.8809757233,-1.674253,-1.496696,-1.674253,0.019184554,-1.6179809569999999,0.018828399500000002,-1.6379745007,0.0209689867,-1.6451747417,0.0298946481,-1.6403378248,393.115371,396.106137,393.115371,0.4477719665,398.3011474609,0.8130909204000001,395.2814941406,1.8066958189000002,394.1059875488,1.0257288218,395.1301269531,0.781401,0.964546,-0.6243310458,-0.4328424339,0.1828822293,-0.39575582740000004,-0.3011797965,-0.45679458980000004,-0.8336718082,-0.0698290542,0.3998484015,-0.0052451394,-0.9457515478,-0.0421923399,-0.5842185616000001,0.08998682350000001,0.5358968973,-0.1321005076,-0.78665483,-0.1516442895,-0.7190261483,0.20978121460000002,0.30010324720000003,-0.1319452375,-0.3988369107,-0.1449667215,-0.6902521849000001,0.1427413523,0.2225509584
78,277.380746,278.235083,277.380746,0.7333536148,279.5764770508,0.5223320127000001,279.0750427246,0.4493714273,279.2422180176,0.6542223692,279.3786010742,4.53272,4.535013,4.53272,-0.4282405972,5.6258759499,0.36751812700000003,3.5602736473,0.2342039645,4.3778619766,0.0254548248,4.625254631,-1.701802,-1.521294,-1.7018019999999998,0.0197551753,-1.6497441529999999,0.0207916293,-1.6636375189,0.0258297473,-1.6618579626,0.026365563300000002,-1.6508519650000002,389.38327,399.392336,389.38327,1.1107304096,398.3508605957,1.7042748928,392.4022521973,1.0471639633,389.9484558105,1.9995895624000002,390.5777893066,0.774539,1.270719,-0.3248171903,-0.6729503495,0.2038204615,-0.4124678969,-0.3775506616,-0.5925770998000001,-0.7797073126,0.2017212361,0.8303577304,-0.36557385330000003,-1.0560922623,-0.3268453777,-0.9895897508,0.1486041844,0.4292359948,-0.3179194033,-0.7528953552000001,-0.2514763772,-0.9353916645,0.11845323440000001,0.3938156068,-0.36346849800000003,-0.8051424623000001,-0.1469091922,-0.8222187757,0.1725096405,0.3072642088
79,277.00923,278.241419,277.00923,0.7634571195000001,279.6422729492,0.4877896309,279.1112365723,0.3545132875,279.2521972656,0.561408639,279.143371582,4.596585,4.564383,4.596585,-0.4343056679,5.3136696815,0.2401746511,4.1875658035,0.360304296,4.727414608,0.0352238119,4.8665180206,-1.689831,-1.538361,-1.6898309999999999,0.0210884213,-1.6438212395,0.024133414000000002,-1.653908968,0.0289321579,-1.6544225216,0.0445697457,-1.6495643854000002,393.349469,392.635516,393.349469,0.9495904446000001,398.8584289551,0.8252874613000001,395.9311523438,3.4602003098000003,393.3311157227,1.7110841274,393.7477416992,0.774442,1.48414,-0.5047275565,-0.4548241257,0.3716789333,-0.4129815996,-0.4315764904,-0.1392834634,-0.5838429928000001,0.1314833164,1.0213509798,-0.07827419790000001,-0.7943642139,-0.1090513766,-0.4731933773,0.4973241687,0.9578545690000001,-0.1635491252,-0.9207876325000001,-0.2608774602,-0.5620023012,0.2524560094,0.7718636394,-0.2346384674,-0.6627216339,-0.1469802111,-0.48567944770000004,0.2826247811,0.6637414694
80,277.467991,277.781002,277.467991,0.7213723063,279.4208984375,0.46691834930000004,278.8320007324,0.3314087987,278.81640625,0.5687273145,279.0150756836,4.822071,4.370133,4.822071,-0.24035866560000002,5.3213553429000005,0.1827002764,4.2138404846,0.2022909075,4.7140479088,0.0943020061,4.8878340721,-1.700004,-1.54988,-1.7000039999999998,0.021557791200000002,-1.6471326351000002,0.023571442800000002,-1.6510834694,0.0288624112,-1.6548362970000001,0.047092661300000005,-1.6527539492,388.917528,393.088004,388.917528,1.1748087406,396.1254577637,1.827205658,392.8503723145,4.1211571693,391.5155029297,2.3975973129,391.4444274902,0.845047,1.517774,-0.382831075,-0.6360023621,0.40378998250000003,-0.2901227474,-0.13880077,-0.2087636441,-0.8330120444,0.025818288300000002,1.0502066612,0.076982908,-0.6300094724,-0.0688848868,-0.5411023498,0.35867321490000004,0.7573203444000001,-0.0193691067,-0.6161194444,-0.1019365191,-0.5841567516,0.3321124613,0.7008629441,-0.2075803131,-0.29658579830000004,-0.1969838887,-0.8256781101,0.3028741479,0.7303175926000001
81,277.448873,277.97918,277.448873,0.7716957331000001,279.7529602051,0.49020406600000005,279.2973022461,0.4723938107,279.4169006348,0.663117528,279.6455688477,4.453332,4.425021,4.453332,-0.352288723,6.1710186005,0.3112556636,4.1909346581,0.39172127840000004,4.8905100822000005,0.0847643837,4.9983410835,-1.671772,-1.539018,-1.6717719999999998,0.0201273989,-1.6230237484,0.0223930404,-1.6410757302999999,0.0271691233,-1.6431331635,0.0282945707,-1.638928175,388.328008,398.938007,388.328008,-0.11396433410000001,393.7588500977,1.6256376504999999,392.2914123535,2.8332982063000003,389.6412963867,5.3161196709,390.4682617188,1.273171,0.901225,-1.0643901548,-0.6983797415,0.0174574752,-0.7721326351000001,-1.5247378349,-0.09065034990000001,-0.8338235021,0.2204311192,0.7296917439,-0.1681930423,-1.8121839762,-0.1637891531,-0.729465723,0.21592402460000001,0.32376435400000003,-0.5207570791,-1.7670005560000002,-0.15128390490000002,-0.6822064519000001,0.0453261212,0.4059964716,-0.6396378279,-1.4896228313,-0.14254409070000001,-0.7965935469000001,0.1123299375,0.3120368421
82,278.006759,278.176374,278.006759,0.7493842244000001,279.8482971191,0.5038809776000001,279.5317382812,0.4276881516,279.5323181152,0.5503544211,279.5796813965,5.064564,4.644646,5.064564,-0.39874100690000003,7.2301015854,-0.0686760694,4.0480670929,0.3985123336,4.9371347427,0.1784231216,4.9506087303,-1.580937,-1.562684,-1.580937,0.014990534600000001,-1.5375094414000001,0.013572551300000001,-1.5531030893,0.009693125300000001,-1.5726115703999999,0.013927695300000001,-1.5605213642,399.777738,395.616241,399.777738,-0.5384731293,402.2041320801,0.6899936199000001,402.4121398926,0.3138885796,399.71484375,0.5356733799,402.0474243164,0.826834,1.670365,-0.6423812135,-0.4307975925,0.2922559071,-0.6274856329,-0.9695068598000001,-0.22464710470000002,-0.5627543926,0.3163380623,1.0639989376,-0.3116586804,-1.4086904526000001,-0.0745561346,-0.5865914226,0.2290322334,0.3850951493,-0.3940849602,-1.2732306719,-0.22818583250000002,-0.4705070257,0.1977982074,0.46189004180000004,-0.34494519230000004,-1.2210918665000001,-0.26430118080000004,-0.623999238,0.1944220662,0.35241320730000003
83,277.755721,278.092796,277.755721,0.7581245899,279.7974243164,0.42103040220000004,279.1805419922,0.4393433332,279.452911377,0.5715454817,279.3654174805,4.779345,4.729068,4.779345,-0.2756470442,6.9116792679,0.2056641877,4.2477083206,0.2595635653,4.5360646248,0.0476471931,4.8517689705,-1.564577,-1.590636,-1.5645769999999999,0.012974498800000001,-1.5281386375000001,0.0130391028,-1.5338246822000001,0.0074238773,-1.5561087132,0.014263154,-1.5605924129000002,399.47281,393.781922,399.47281,-0.0278427191,400.7236328125,0.7379139662,400.2988586426,1.1914167404,400.0269775391,0.0739812851,401.5044555664,0.920322,1.74808,-0.8330965889,-0.37796366470000003,0.10042921810000001,-0.6871261001,-1.0342774391,0.035748533900000004,-0.406218648,0.0060298992,0.6850786805,-0.2984226048,-1.4276165962,-0.2264476866,-0.6475372314,-0.0747036636,0.3765666783,-0.3960160911,-1.3488488197000001,-0.2987111807,-0.7711085081,0.2126930356,0.3387788832,-0.3300269246,-1.3716255426,-0.28227943180000004,-0.6218115687,0.1289700568,0.4238796234
84,277.704803,278.256939,277.704803,0.7493485212000001,279.9024658203,0.5122856498,279.4767150879,0.5283852816,279.42578125,0.5940542817000001,279.5941467285,4.7674,5.047765,4.7674,-0.1777813435,6.2777767181,0.13371622560000002,4.5919828415,0.1764497459,4.5418362617,0.05747509,4.7962574959,-1.594408,-1.5611,-1.594408,0.014778284400000001,-1.5643584728,0.0168498792,-1.5730404854,0.0163567867,-1.5901930332,0.0164274666,-1.5995656252,393.64385,393.597982,393.64385,-0.7300905585,400.409942627,0.5922215581,398.2448425293,1.6653348207,396.9338989258,1.0476480722,399.3447875977,1.250228,0.778081,-1.0410814208999999,-0.6767771383,-0.1455729315,-0.5130508542000001,-1.2981318235,-0.05586721,-0.8143625259,0.052851516800000005,0.37277275320000003,-0.45385116340000003,-1.6345415115000002,-0.16042965650000002,-0.9518274665,0.0213616714,0.058024644900000005,-0.4942609966,-1.5500344038,-0.32298314570000003,-0.8730077147,0.0409010909,0.09594587980000001,-0.3697640896,-1.4308452606,-0.28386449810000003,-0.8678754568,0.0011162842,0.0140791684
85,277.722939,278.393638,277.722939,0.7789194584,279.7705383301,0.5328969359,279.2933654785,0.4148235321,279.3061218262,0.4866217077,279.415222168,5.274944,4.651682,5.274944,-0.23961077630000002,5.7510023117,0.17615416650000001,4.3089838028,0.2854382098,5.3301615715,0.1654697806,5.3971796036,-1.677535,-1.569868,-1.677535,0.0285774227,-1.6440608501,0.0382252596,-1.6304910182999999,0.045861683800000004,-1.6362886428999999,0.06297536940000001,-1.635758996,392.179379,395.404754,392.179379,1.0827722549,396.686340332,1.7498176098,392.8035583496,2.1389093399,395.3252258301,0.8779837489000001,393.4561462402,0.941392,1.47692,-0.6712213085000001,-0.5988823111,0.2775249338,-0.3531658649,-0.9668019414000001,-0.5457666516,-0.5941385627,-0.4459967017,0.5101408362000001,-0.3250418007,-1.0749255419,0.0106920609,-0.8187428713,0.0690762177,0.1104043648,-0.2647139132,-1.0374571085,-0.2821193039,-0.7090097666,-0.0586590543,0.2372187078,-0.3097434342,-0.8489536047,-0.2604114711,-0.7129632235000001,-0.0100273192,0.1457253098
86,276.576804,278.677905,276.576804,0.7199093103,279.5490722656,0.5179413557,278.950012207,0.41590288280000004,279.0874633789,0.5651057363,279.1377563477,4.456277,4.671412,4.456277,-0.2859065831,4.8548331261,0.3427173793,3.8312597275,0.1249201298,4.6912918091,0.0198329818,4.7854766846,-1.766804,-1.547621,-1.766804,0.02923177,-1.7381203175,0.0349446647,-1.7321913242,0.0398365036,-1.7264668941,0.0498568751,-1.7231106758,393.009279,397.968598,393.009279,0.8080524802,398.4286193848,0.9266188145,391.7653503418,0.7685568333,395.1560974121,1.0746514797,393.429107666,1.190056,1.008005,-0.8373566835,-0.7164923336,0.4491167663,-0.52233392,-1.0917950869,-0.22594577070000002,-0.921014607,-0.12843686340000002,0.7262793779000001,-0.1405743659,-1.248763442,-0.34203583,-1.2866715193,0.2254522294,0.5352714658000001,-0.4379312992,-1.2727906704,-0.33651220800000003,-1.0354464054,0.09325309100000001,0.38499578830000003,-0.2059840858,-0.9111126065,-0.4050216079,-1.207313776,-0.0357033461,0.39810064440000004
87,277.825153,278.425653,277.825153,0.824557066,279.6031188965,0.5765252709,279.0171203613,0.4854772389,279.1536254883,0.5519983768,279.2045288086,4.944968,4.935126,4.944968,-0.27119666340000004,5.1263341904,0.3828735352,3.9500124454,0.2840453684,4.6853694916,0.054491840300000004,4.8080611229,-1.720562,-1.539754,-1.720562,0.0232210588,-1.6877444983,0.028882298600000002,-1.7026052475,0.0327430665,-1.7148119211,0.036301046600000005,-1.7164087296,393.237849,400.793684,393.237849,-1.1197367907,398.5473327637,0.7939305305000001,394.2532043457,0.8018147945,393.2253723145,0.43811917300000003,394.4073791504,1.164838,1.362863,-0.8621014392,-0.7820875213,-0.0443655889,-0.3835866153,-1.147654891,-0.5727875233,-1.0321308374,0.13821466270000002,0.379342854,-0.2432292402,-1.1940943003,-0.1442210823,-1.2098616362,0.18081383410000001,0.0166171752,-0.3312387466,-1.0974490643,-0.5065883398000001,-1.0358964205,-0.07400336860000001,0.11061132700000001,-0.36519753930000004,-1.1511102915,-0.3882704377,-1.1403336525,-0.14403983950000002,0.1755516678
88,277.367514,277.885411,277.367514,0.7762902975,279.6725463867,0.5644603372,279.1604614258,0.4959014654,279.306060791,0.5759138465,279.3305053711,4.660758,4.525499,4.6607579999999995,-0.3838989735,5.536465168,0.30210474130000003,4.2857761383,0.185262233,4.5973601341,-0.1156696975,4.9195280075,-1.642379,-1.546774,-1.642379,0.0231504813,-1.6079981327000001,0.026778284500000003,-1.6248654127000002,0.034416154000000004,-1.6194932461,0.0254389327,-1.6233227253,395.700335,395.127096,395.700335,-0.0013353117,399.4452209473,1.1561095715,395.2788696289,1.3301985264,395.7422180176,2.7518358231,395.5032653809,0.986795,1.430025,-0.8694419116000001,-0.42400457820000004,0.1950797758,-0.2919576466,-1.3828523159000001,-0.24933518470000002,-0.1731337607,-0.1524672061,0.5404812694000001,-0.18949566780000002,-1.4936820269,-0.1217221171,-0.70279181,-0.08388104290000001,0.2706984878,-0.3772526979,-1.3198070526,-0.24304977060000002,-0.5363603234000001,-0.043465703700000004,0.2270053327,-0.2723437846,-1.1116861105,-0.2675927877,-0.6532338262,-0.0684017688,0.4659448862
89,277.020325,277.797438,277.020325,0.7838706374000001,279.8004150391,0.47428569200000004,279.1368713379,0.42404490710000003,279.2103271484,0.599306345,279.4484863281,4.32909,4.700668,4.32909,-0.5212740898,5.4466748238000005,0.2871367931,4.2533626556,0.1122287363,4.5784831047,-0.0922334045,5.0193624496,-1.581461,-1.531151,-1.581461,0.0175312422,-1.5465649366,0.0208012275,-1.565130949,0.0190061219,-1.5698161124999999,0.0200269632,-1.5718313456000002,399.013571,402.785848,399.013571,0.386077404,402.8291320801,2.2014751434,400.2043762207,1.0743405819,399.1584472656,2.3888738155,401.7411193848,1.052527,0.704961,-0.532121678,-0.7979337682000001,0.4335452108,-0.2247821391,-0.9918435216,-0.450422138,-0.8644082546,0.10406319800000001,0.5616810918,-0.10642365370000001,-1.0518850088,-0.2460251004,-1.0519953966,0.1640855372,0.4932276607,-0.3030113578,-0.8746473193000001,-0.47600233550000004,-1.0919784307,0.13493278620000002,0.4581176639,-0.33062765,-0.8148785233,-0.4316592515,-1.095531702,0.030077718200000002,0.3892306685
90,277.023952,278.512135,277.023952,0.7022517920000001,279.6508483887,0.4810796678,279.2348022461,0.3758046329,279.382232666,0.5651194453,279.4367980957,4.508251,4.987127,4.508251,-0.3993316591,6.6002283096,0.3914220631,4.6765398979,0.428665936,4.9330267906,0.0657497495,5.1228628159,-1.557055,-1.56532,-1.557055,0.014011399800000001,-1.5091855526,0.0142386258,-1.5263769627000001,0.0073967446000000004,-1.5442824364,0.014412701100000001,-1.554769516,411.065547,396.002053,411.065547,0.9056410193000001,407.5146484375,0.9408711195,409.5665283203,0.5350192785,407.4635314941,2.6528353691,406.7124633789,1.268213,1.23405,-0.8036053418,-0.9711968542,0.139137439,-0.2735898793,-1.4425026178,-0.7324698567,-0.6958837509,0.2508819699,0.6887097359000001,-0.0622560568,-1.4730081558,-0.2844142616,-1.0332688093,0.26623269920000003,0.2827948034,-0.3345552385,-1.3062926531,-0.4349643588,-1.2191261053,0.1984517425,0.5152787566,-0.3326893449,-1.3187935352,-0.34626835580000004,-1.3307714462,0.25283923750000004,0.5815604925
91,277.349335,278.643167,277.349335,0.7282807827000001,279.6701049805,0.5108858943,279.2497253418,0.388569355,279.3079528809,0.5470596552,279.2542419434,4.995052,4.76313,4.995052,-0.23576070370000002,6.3389077187,0.5543711185,4.4812560081,0.2203431427,4.943526268,0.20058795810000002,4.9762625694,-1.5639,-1.562719,-1.5639,0.0147466548,-1.5172027349000001,0.0143405488,-1.5284868479,0.0080210622,-1.5378556252,0.0164466593,-1.5477271080000001,408.811144,399.141879,408.811144,0.7836890817000001,407.262512207,0.9244282246000001,408.9076843262,0.20688194040000002,405.1683959961,1.3065136671,404.6186828613,1.176166,1.049109,-0.8430312861,-0.7718192582000001,0.2774160947,-0.4119866192,-1.4444355965,-0.3454318047,-0.5056709051,0.3856203556,0.9485281706,-0.17400738600000001,-1.3727481365,-0.14607983830000001,-1.0730776787,0.17868065830000002,0.38506355880000004,-0.3290547132,-1.250025034,-0.32244056460000003,-1.0616147518,0.2941757143,0.8557257056,-0.3747499287,-1.1877137423,-0.3750334382,-1.3185949326,0.29956007,0.7030818462
92,277.744733,278.152414,277.744733,0.7627131343,279.854675293,0.5354662538,279.3826293945,0.45996826890000003,279.4672546387,0.5046792626000001,279.3648376465,4.510583,4.708664,4.5105830000000005,-0.1305710673,6.5987868309,0.26459333300000004,4.3411903381,0.3601011336,4.8240194321,0.174971059,4.9929337502,-1.600718,-1.587561,-1.600718,0.0195420124,-1.5482871532,0.0223740451,-1.5602608919,0.0142033882,-1.5749808550000002,0.030776009000000003,-1.5693619251,398.523912,399.109112,398.523912,0.0737566501,404.2680664062,0.5257568359,401.7331542969,1.1497130394,400.4389953613,4.5009841919,401.0378723145,1.117629,0.599393,-0.8852615752,-0.673938887,0.1058895307,-0.6422703266,-1.4052182436,-0.1751542389,-0.32842114570000003,0.13069827850000001,0.4644756615,-0.18552596870000002,-1.4239213467,-0.2319895625,-0.806080699,0.23340302710000002,-0.1228156611,-0.33218303320000003,-1.346196413,-0.16691142320000002,-0.8707084656,0.0899552554,0.1182446629,-0.2923084199,-1.2182614803,-0.20807032290000002,-0.9520128965,0.1934099495,0.3382864296
93,277.013045,278.171426,277.013045,0.7626416683,280.0731811523,0.5378829241,279.5916748047,0.3592627048,279.4763183594,0.5674698949,279.465057373,4.507742,4.732991,4.507742,-0.2613105774,6.3003668785,0.2367755473,4.5953884125,0.0095694037,4.8168010712000005,0.052152425100000004,4.89453125,-1.567364,-1.569737,-1.567364,0.015308398800000001,-1.5333278179,0.0171111189,-1.5424382687,0.0109439436,-1.5572682619,0.0181094073,-1.5712674856,407.740168,397.028241,407.740168,-0.6293734312,406.6601867676,-0.1921469569,406.7086181641,-0.9236344099,406.0108947754,0.1571919918,407.0316162109,1.36873,1.763656,-1.0652456394,-0.25401317770000004,0.8210673588,-0.4460741878,-0.7828552723000001,0.2989275455,0.42425471540000004,0.299831599,1.1078730822,-0.47220107910000003,-1.2086211443,-0.08527860050000001,-0.09818689530000001,0.2286718637,1.0634572506,-0.2894026339,-1.2475334406,-0.15979065,-0.0919463038,0.377882123,1.0606868267,-0.41353425380000003,-1.5547020435,-0.023368189100000002,-0.2516429424,0.4832509458,1.2395819426
94,277.277022,278.06474,277.277022,0.7536242008,279.7518310547,0.5393841863000001,279.3353271484,0.4531828463,279.5848693848,0.5933365226,279.3289489746,4.687741,4.643498,4.687741,-0.5186553001,6.3462409973,0.0485264882,4.5423541068999995,0.0794386864,5.0838065147,0.026925170800000002,4.8512182236,-1.574492,-1.53175,-1.574492,0.0131981652,-1.5479586124,0.0168249179,-1.5657640696000001,0.011748944400000001,-1.5796823502000001,0.0068525672000000004,-1.591330409,406.979689,398.89185,406.979689,-0.7272507548,405.9755554199,1.7870749235,405.1343994141,0.6205536127,407.6541442871,0.8982651234000001,404.7210998535,1.311113,1.370852,-0.6019289397,-1.1647637205999999,0.0050328890000000005,-0.1581478715,-1.0496605635,-0.2096857131,-1.1331225634,0.33135813470000003,0.4359154403,-0.2964513898,-1.0648776293,-0.3420505524,-1.6814422607,0.0020911745,0.0007218793,-0.1502822638,-0.8284077644000001,-0.5068374872,-1.6579892635,-0.0077843787000000005,-0.032117653600000004,-0.1896651685,-0.8011282682,-0.4269440472,-1.6274847984,0.008426116800000001,0.075395368
95,277.204201,277.813835,277.204201,0.795240283,279.8316955566,0.5070783496,279.5283203125,0.4646669626,279.3314208984,0.6264741421000001,279.3690490723,4.600906,4.954223,4.600906,-0.5010371208000001,6.6520986557,0.3309164941,3.9951305389,0.3417042494,4.9854302406,0.1388773471,5.0688529015,-1.587431,-1.543672,-1.587431,0.0121961776,-1.5545970201000001,0.0142015778,-1.5632860660999999,0.0103887282,-1.5709174871,0.0115579814,-1.5669846535,403.362452,401.298931,403.362452,-0.1533760726,403.3845825195,0.8128206134,401.4202270508,2.377061367,402.0389404297,-0.16693258290000001,403.0734863281,1.288517,1.183452,-0.8352303831000001,-0.9640958805000001,0.1821712579,-0.3339025378,-1.2575834989999999,-0.2898682654,-1.0317617655,-0.0535670891,0.2537339032,-0.30111289020000004,-1.3089139462000001,-0.24656194450000002,-1.455385685,0.0449340902,-0.0071248375,-0.2418705374,-1.1714491844000001,-0.4574468732,-1.3542528152,0.049715422100000004,0.0579390377,-0.3411252797,-0.9871978760000001,-0.48908239600000003,-1.2529091835,0.0508528277,0.0307245776
96,277.733651,278.370295,277.733651,0.7356187105,279.8969421387,0.4588912725,279.4258422852,0.437774241,279.6292114258,0.5802641511000001,279.4938659668,5.292162,4.939717,5.292162,-0.3521865904,5.7685146332,0.4512287676,3.2594099045,0.267270565,4.4585590363,0.055186092900000004,4.8483257294,-1.636719,-1.515378,-1.6367189999999998,0.0160273202,-1.5992072821,0.0175335594,-1.6207609177,0.0164588019,-1.6333589553999999,0.0173819326,-1.6268159151,401.589133,400.13258,401.589133,0.3499060571,406.8554992676,0.33411788940000003,401.7529296875,0.9566800594,404.0956726074,0.9638673663,407.2961120605,1.030212,0.714618,-1.0108441803,0.142369867,0.1387849231,-0.2220867574,-1.5253567696,-0.1067431197,0.1747169197,0.0691775605,0.0211829282,-0.10202523320000001,-1.5704602002999999,0.010247556500000001,-0.22137333450000002,0.1339606047,-0.0462352633,-0.44332650300000004,-1.2820843458,-0.055302888200000004,-0.1780025512,0.147075966,0.0591809899,-0.4680347145,-1.1542356014,-0.11393711720000001,-0.1047617197,0.13120691480000002,0.0582689121
97,277.510057,277.862833,277.510057,0.7200658321000001,279.9941101074,0.49502646920000004,279.587890625,0.47024497390000003,279.607208252,0.5662339926000001,279.5452880859,4.880694,4.946473,4.880694,-0.164784655,6.0772190094,0.2822360098,3.5492525101,0.42375326160000004,4.917142868,0.2347667068,4.79986763,-1.6654,-1.53727,-1.6654,0.0211089998,-1.5928164721,0.0225837883,-1.6034328938,0.0244531594,-1.5989288092,0.0287754349,-1.5990672112,394.836725,395.742047,394.836725,0.6922122836,404.0266723633,0.8992085457000001,400.3717956543,2.5564217567,398.3973388672,2.8605613708,398.3717651367,1.065013,1.500612,-0.9387839409000001,-0.3271876865,0.3819487599,-0.4881906211,-1.3178160191,-0.3128582239,-0.17754215,-0.06845626240000001,0.5488066673,-0.34095403550000003,-1.36808002,0.1423842609,-0.4546346068,0.32584726810000003,0.2652192712,-0.4116738439,-1.4986414909,-0.1412977278,-0.5123573542000001,0.23757493500000001,0.425080508,-0.31256178020000003,-1.2818081379000001,-0.1841120273,-0.569519043,0.1382603496,0.5835733414000001
98,277.552257,277.955864,277.552257,0.7392193675000001,279.6654968262,0.5239795446000001,279.3152160645,0.44015103580000003,279.2995910645,0.5933380723,279.171295166,4.899075,4.859629,4.899075,-0.2450900972,5.9991393089,0.24966230990000002,4.4952764511,0.2890876234,4.938185215,0.212316528,4.9252796173,-1.533813,-1.593702,-1.5338129999999999,0.0109331571,-1.4923489094,0.0106513808,-1.5057464837999999,0.0056713223,-1.5179450512,0.0141108828,-1.5274939537,408.512409,400.318324,408.512409,-0.9173082709,409.2776489258,0.170029223,409.8729248047,0.3706007302,407.5983581543,1.9163253306999999,408.0160522461,1.148154,0.590835,-1.074764292,-0.2752161843,0.29562891420000004,-0.5243195891,-1.4955122471,-0.0794644654,-0.1499153376,0.1426522732,0.0293086879,-0.28945204620000003,-1.5978863239,0.1120741516,-0.2987226248,0.0835618898,0.1636294127,-0.47820788620000004,-1.6031103134,-0.1002442613,-0.3430835009,0.1361170709,0.2185762823,-0.4722410738,-1.4980427027,-0.0215299353,-0.34751737120000004,0.1309645027,0.38015595080000003
99,277.389836,278.007163,277.389836,0.7197741270000001,280.1728515625,0.558057785,279.7942504883,0.3882604837,279.8011169434,0.5517885089,279.7979736328,4.583868,5.027341,4.583868,-0.41772174840000004,6.6684203148,0.1813201308,4.3482513428,0.2606064379,4.6883621216,0.0626910925,4.8397707939,-1.567236,-1.546173,-1.5672359999999999,0.012355612600000001,-1.53794837,0.0149612548,-1.5416386127,0.006201949,-1.5699871777999999,0.0107454313,-1.5843878984000002,407.181753,400.715889,407.181753,-0.3141134083,406.4620361328,0.5432219505,404.9112548828,1.3495137691,405.5442810059,1.5806564093,404.8003540039,1.377507,1.34886,-1.0344729589,-0.7631455161,0.49497407320000003,-0.2663840353,-1.3806346655000001,-0.28859815,-0.5930331349,-0.0734477565,0.3476691246,-0.30006125570000003,-1.4140639305,-0.1149673685,-1.4516819715,-0.135572657,0.5039982796,-0.4261963964,-1.3213279247,-0.2812925577,-1.2818832397,0.28744801880000004,0.4784201086,-0.4078335166,-1.4587181807,-0.3157228529,-1.3510806561,0.1570364088,0.5675101876
100,277.59882,278.206152,277.59882,0.7695662975,279.8475646973,0.5026972294000001,279.4364624023,0.4233430922,279.5565795898,0.6106550694,279.5972290039,4.667874,5.057744,4.667874,-0.2642843127,5.9241132736,0.2080693543,4.2487192154,0.2954438925,4.5677900314,0.119125478,4.4574785233,-1.567829,-1.544636,-1.5678290000000001,0.0148152262,-1.5310637951000001,0.014427983200000001,-1.5383388996,0.012339472800000001,-1.5537339449,0.0163074993,-1.5717128515,407.023494,401.17289,407.023494,-1.1973794699,407.6622009277,1.299973011,405.8998718262,1.2386872768,407.8430786133,1.1206115484,408.3365783691,1.400693,1.690701,-1.1194544273,-0.6902711525,0.48196342700000006,-0.3814352453,-1.5690841675,-0.3639355898,-0.4355334938,-0.07622165980000001,0.30774822830000004,-0.3052042723,-1.6629345416999999,-0.09670227020000001,-0.9050100446,0.1020737067,0.4125767052,-0.6136610508,-1.7424627542,-0.2170701325,-1.0011758804,0.1236928776,0.4450797141,-0.5635864139,-1.7494455576,-0.1339972168,-0.886207819,0.1106630713,0.4798147976
101,277.52338,278.370004,277.52338,0.7442343235000001,279.8099975586,0.4828193784,279.3585205078,0.44805791970000003,279.4057312012,0.6198143959,279.3844909668,4.848427,4.66281,4.848427,-0.5968651772,6.2421693802,0.23781394960000002,4.7578134537,0.32840827110000004,4.8999257088,0.2201525122,4.8320531845,-1.564011,-1.553211,-1.5640109999999998,0.015959236800000002,-1.5285496712,0.0157973263,-1.5536836386,0.0091531333,-1.5619417429,0.0109071992,-1.565184474,410.436509,400.674284,410.436509,0.556032598,408.6724243164,0.5951069593,407.0413818359,1.3884751797,408.8299255371,1.2432429790000001,407.5552978516,1.126902,1.524263,-1.0522996859,-0.3839617879,0.12306992530000001,-0.40712761880000004,-1.6425085068,0.08984474840000001,-0.49371546510000003,-0.0499122217,-0.35214456920000003,-0.5158673525,-1.5749721527,-0.1209282503,-0.8421711922,0.33210337160000003,-0.0705376416,-0.561062634,-1.8066598177,-0.1573918313,-0.7406399846,-0.0092110727,0.1930397004,-0.6030394435,-1.7557553053000001,0.010073065800000001,-0.5583289266,-0.0314284228,0.2669149339
102,278.083821,277.287239,278.083821,0.7726528645,280.0613098145,0.5410369635,279.7002258301,0.36086899040000003,279.5813598633,0.6067109704,279.7019042969,4.789526,4.64979,4.789526,-0.1926617622,6.2527017593,0.45274403690000004,4.777182579,0.5545036793,4.9456114769,0.1950525343,4.784526825,-1.590285,-1.511877,-1.590285,0.0182013661,-1.529822588,0.0169634093,-1.5405516624,0.015202044500000001,-1.5403118134,0.0160085801,-1.5493985415,403.508357,400.303219,403.508357,-0.4638963044,406.6338195801,0.5881266594,404.587677002,1.0012925863,404.9354553223,1.3393716812,403.5248413086,1.438343,1.819653,-1.2971747662,-0.4242038856,0.4541148251,-0.32898151870000003,-1.9950014353,-0.14496962730000001,-0.29028755430000003,-0.24434059860000001,-0.0428172015,-0.5304293633,-2.0068075657,-0.0983412042,-0.7503266931,0.3332228661,0.0500022918,-0.4896772802,-2.0568954945,-0.08124204730000001,-0.8249434233,0.17932361360000001,0.5775191784,-0.5132738352,-1.8787840605000001,-0.1031315997,-0.5092496872,0.1203347892,0.5333374739
103,277.641631,278.240136,277.641631,0.7158779502,279.965637207,0.5305207968,279.4458007812,0.4607421756,279.5184020996,0.6910194159,279.3743591309,4.630522,4.944885,4.630522,-0.303765595,6.6972150803,0.0617554113,4.9218959808000005,0.0742765963,4.8214488029,0.0819957182,4.6381263733,-1.565698,-1.541812,-1.5656979999999998,0.015913805,-1.5351910591,0.0170045495,-1.5354864597,0.0099983886,-1.554123044,0.0159756504,-1.5607323647,403.024309,400.412698,403.024309,0.36232215170000004,405.8847045898,1.4800634384,402.571105957,1.4509810209,401.4958496094,3.7382800579,401.9262084961,1.328454,0.447216,-0.8256076661,-0.9193083932,0.48788751550000004,-0.1019741893,-0.8738812804,-0.21027944980000002,-0.8530621529,0.1664814651,0.026856150500000002,-0.2039348185,-1.1845371723,-0.1375651956,-1.4566150904000001,0.31444460150000003,0.7391486764,-0.31504321100000005,-1.0604212284,-0.0728525966,-1.098307848,0.24517048900000002,0.5763965249,-0.2368863076,-1.0088797808,-0.2457690686,-1.092823267,0.2981539369,0.7528377771
104,277.173288,278.638614,277.173288,0.7748254538,279.7688293457,0.5820227265,279.4853820801,0.5045641065,279.563079834,0.7124324441000001,279.493560791,4.63056,4.910053,4.63056,-0.35803765060000003,6.3838505745,0.3256284297,4.3633050919,0.2879096568,4.714761734,0.0537720472,4.6717853546,-1.610574,-1.540886,-1.610574,0.0143221058,-1.5849387646,0.0194010101,-1.5939782858,0.0105357813,-1.6168370247000001,0.0192213319,-1.6199615002,396.736461,398.261208,396.736461,0.6599552035,404.2831420898,0.5130118132,401.5066833496,1.5940043926,400.3240966797,2.4148569107,399.1960144043,1.434661,0.64563,-1.3108742038,-0.5688523726,-0.12754787680000002,-0.5006941557,-1.8270596266,-0.2795841396,-0.4741560221,-0.2674283087,-0.676617384,-0.5501113534000001,-1.9895955324,-0.2847360075,-1.1325918436,-0.2781247497,-0.3068477511,-0.7070556283,-1.9306229353000002,0.1067667603,-0.9873703718000001,-0.1720716357,-0.41850918530000003,-0.5915505886,-2.0238933563,-0.2315220684,-0.8308948278,-0.0107263792,-0.0538646579
105,278.276195,277.971843,278.276195,0.7585797310000001,280.2320251465,0.550086081,279.9270629883,0.3988861442,279.8391113281,0.5512673855,279.7095031738,4.862636,4.74712,4.862636,-0.2333915383,6.4985790253,0.0692933276,4.4797554016,0.4280166328,4.8333497047,0.112561509,4.9073424339,-1.548357,-1.546911,-1.548357,0.0157551579,-1.4898933172,0.0163596347,-1.4932020903,0.015362082,-1.5070803165000002,0.0248716176,-1.5190669298000001,404.526595,395.981264,404.526595,-1.1896263361,406.8704223633,1.7033609152,406.1344909668,0.7498106956,405.4785766602,2.9775195121999998,403.5247192383,0.997918,0.764253,-0.8099320555,-0.4760732192,-0.3364604399,-0.2390461415,-0.8338031173,-0.4210836589,-0.5746005774,-0.3629897535,-1.1885479689,-0.21308521930000002,-1.1622501612,-0.0798556805,-0.8976402879000001,-0.2308342308,-0.6331236959000001,-0.22634087500000002,-1.2987101078,-0.18986764550000002,-0.7890958786000001,-0.3369657099,-0.7325488925,-0.4367442429,-1.3960512877,0.0161756836,-0.6544924378,-0.2229744941,-0.8787528276000001
106,277.879738,278.17646,277.879738,0.7065349817000001,280.0564575195,0.49367484450000004,279.6243286133,0.5175233483,279.7424316406,0.5594044924,279.6734924316,4.879083,4.679563,4.879083,-0.4307995737,6.2042279243,0.2187624574,4.3635511398,0.434586674,4.5140419006,0.1998185962,4.9907264709,-1.560365,-1.537877,-1.560365,0.0160768181,-1.5220103264,0.0157815628,-1.5360050201000002,0.0115101766,-1.5463415384,0.0165693611,-1.5467606783,403.388564,397.125462,403.388564,1.5988683701,406.0793457031,1.5205850601000002,405.5778808594,0.9187342525000001,405.5064086914,1.1081893444,406.3463134766,1.039298,0.823508,-0.8700032224,-0.2620701051,-0.5045333969,-0.2337930202,-0.7071235776,0.1045902073,-0.3560784161,-0.20012080670000001,-1.1590137482,-0.3385097682,-0.8525347114,0.1410052627,-0.7413136363,-0.17628616090000002,-0.5035413504,-0.3200717568,-1.319786787,-0.047713697000000006,-0.4738101959,-0.13963702320000002,-0.6846920848,-0.26939442750000003,-1.2792534828,0.0382991172,-0.46276336910000004,-0.3034694493,-0.7555397749
107,277.672748,277.977354,277.672748,0.8131267428000001,279.5412597656,0.5553845167,279.2844238281,0.46088308100000003,279.3444519043,0.5455427766000001,279.4427490234,4.618505,4.852834,4.618505,-0.0477784574,6.4791917801,0.2769743502,5.0843572617,0.3693853915,5.2824397087,0.0882636234,5.231256485,-1.579285,-1.557137,-1.579285,0.016844634,-1.5345813036,0.0219647419,-1.5310146809,0.0198977161,-1.5470445156000001,0.016218509500000002,-1.5573978424,397.675108,392.191537,397.675108,0.0075113662,402.2589416504,1.4063467979,399.7500915527,0.9845998287000001,401.0490112305,1.3048115969,397.7729492188,1.26104,1.741053,-1.0119152253,0.07565459270000001,0.7486827056,-0.34633079170000003,-1.1428437233,-0.1573960781,0.4133713841,0.4597063363,1.1176762581,-0.30273759370000003,-1.8589160442,0.1924260408,0.011207863700000001,0.3004586101,1.1539473534,-0.363181591,-1.4582583904,-0.0488163047,-0.015146201500000001,0.5742416382000001,0.8708992600000001,-0.4628884494,-1.3685450554,-0.0575983226,-0.037820518000000004,0.3994905353,0.9415330291
108,277.202585,278.136474,277.202585,0.7757924795000001,279.8744812012,0.5665660501,279.4329833984,0.5298247933,279.397857666,0.7243037224000001,279.3071289062,4.602152,4.715045,4.602152,-0.43867430090000004,5.8883829117,0.2409451306,3.9392139912,0.26009896400000004,5.0955033302,0.1183023453,4.9737691879,-1.558382,-1.584939,-1.558382,0.0135518322,-1.5218721628,0.0149618369,-1.5413175821,0.0156313945,-1.54428339,0.0185275711,-1.5412408113,402.211264,398.348655,402.211264,0.2119998783,408.7442932129,1.0632517338,409.0725097656,0.2114434242,406.7749023438,3.8331580162,408.0296325684,0.731945,0.541267,-0.19756867700000003,0.11994693440000001,-0.6944947678000001,-0.1411780119,0.1224953383,0.338650614,0.055509537500000004,-0.2965190709,-1.4266402721,-0.1201030985,-0.5783868432,0.1421293616,-0.037676289700000004,-0.46928781270000003,-1.3117212057,-0.1706124097,-0.5034745932,0.1590283215,0.1750003994,-0.3521544635,-1.3380314112,-0.16766949,-0.5419896245,0.13622067870000001,0.061143592000000004,-0.1616315395,-0.9965589046000001
109,277.107593,279.388842,277.107593,0.8120759726000001,279.8738098145,0.562146008,279.5131530762,0.48118147250000004,279.4117736816,0.5631061792000001,279.2592468262,4.656758,5.22519,4.656758,-0.22329862420000002,6.5986251831,0.336800009,4.5216183662,0.2209657133,5.0624804497,0.1063091233,4.7432832718,-1.609538,-1.581878,-1.6095380000000001,0.0154395867,-1.56762743,0.0165705662,-1.5716369152,0.015600306000000001,-1.5812513828,0.0141743682,-1.5789625645,401.046051,396.484898,401.046051,0.3585369289,404.4350280762,1.599211812,402.0613708496,1.6928231716000002,401.2492980957,2.5244045258,398.1563415527,1.305301,1.683894,-1.0097180999,0.1456812984,0.8142825396000001,-0.28502452370000003,-1.4101917744,0.2526678741,0.5683168173,0.1974132657,1.1718506813,-0.425627619,-1.6911917925000002,0.15269744400000002,0.0070875734,0.30313122270000004,1.1885089874,-0.33167365190000003,-1.5329767466000002,-0.0245050061,0.0684841722,0.3565211296,1.0770446062,-0.3549640477,-1.2835327387,-0.09309207650000001,-0.0628553182,0.2760111988,1.069236517
110,277.160924,278.807657,277.160924,0.7158777714,279.7833862305,0.5145953298,279.4520263672,0.4767883122,279.4517822266,0.5745398998,279.6917114258,4.566256,4.939671,4.566256,-0.2309412807,5.9393768311,0.1754533052,4.0835590363,0.2299464047,4.6351537704,0.1180202216,4.5859932899,-1.526715,-1.54046,-1.5267149999999998,0.0092729917,-1.5031204223999999,0.009996453300000001,-1.5162783861,0.0061576692,-1.5187929868999999,0.0204775222,-1.525449276,408.819908,401.624996,408.819908,-1.3116693497,408.1688537598,0.030057549500000003,408.8616943359,0.6089511514,407.573425293,2.3517024517,407.3149719238,0.193879,1.246182,-0.1335064976,-0.1404727807,0.0056957117,0.0233196281,0.025737648800000002,0.006449195600000001,-0.48779448870000003,-0.3618758321,-0.4114932418,0.1618510634,0.0222524554,0.0067419857000000005,-0.3175588548,-0.05952131,0.052841737900000005,0.08844006060000001,0.1760343909,0.0168118961,-0.5486062765,0.0841903016,-0.138815701,0.12197656180000001,0.2574441433,0.053500182900000005,-0.0974440724,-0.056213796100000005,-0.0646299794
111,277.666269,278.143233,277.666269,0.8289250135,279.8859863281,0.5501672626,279.6972351074,0.49603608250000003,279.7359313965,0.5732466578000001,279.7540588379,4.953427,5.189061,4.953427,-0.4254608154,6.4027199745,0.1519633532,4.0887522697,0.1328789443,4.8854012489,0.0051741842,5.1986303329,-1.576084,-1.542014,-1.5760839999999998,0.014177952,-1.5453256369,0.0159270223,-1.5567516088,0.0118349623,-1.5761586428,0.0127322786,-1.5812146664,401.641604,402.159831,401.641604,-0.5479832292,404.2720336914,1.029610157,401.8400268555,1.796423912,401.6100769043,-0.5273225307,402.3637084961,1.28572,1.408147,-0.9321953247,0.1702771199,0.8689615445000001,-0.5439261794,-1.4265062809,0.1416197866,0.6194350123,0.4792561531,1.1298466921,-0.3754852712,-1.6033957005000001,0.11497105660000001,0.1781242639,0.37091061470000003,1.0224701166,-0.45867407320000003,-1.6925810575,-0.0024823984,0.2462525666,0.4437514246,1.1932009459,-0.517228961,-1.5567023754,0.10268309710000001,0.28424465660000003,0.46811801200000003,1.3569087982
112,277.810782,278.493914,277.810782,0.7496291995000001,280.1356201172,0.5116504431000001,279.4745178223,0.5001273751,279.4539489746,0.627555728,279.6249084473,4.729805,4.735722,4.729805,0.100359112,6.5653448105,0.3282231688,4.2036557198,0.2744190097,5.1144967079,0.2523361444,4.8734164238,-1.56373,-1.578358,-1.56373,0.012255537300000001,-1.5121910572,0.0147575336,-1.5250624418,0.0106941946,-1.5356849432000002,0.0184231903,-1.5320496558999999,397.760707,392.346928,397.760707,0.2057121694,405.8232421875,2.1393768787,403.7106628418,0.6045023799,400.9803771973,5.3151197433,405.745513916,0.683883,1.380172,0.31270089560000003,-0.12229242800000001,-0.5957842904,0.0771773458,0.2117243409,-0.0964410901,-0.602828145,-0.5155033469,-0.9030078053,0.2633705735,0.6807062030000001,0.20845426620000002,-0.432533741,-0.3483601213,-0.9356850982,0.1822814196,0.5977069736,-0.08103296160000001,-0.36554723980000003,-0.32262501120000003,-0.9406736493000001,0.1790404469,0.5639486313000001,-0.0409601666,-0.3402950168,-0.23186992110000001,-0.7444405556
113,277.399136,278.491924,277.399136,0.7205719948,279.8522338867,0.5080028176,279.4701843262,0.5004469752,279.6257324219,0.6452667117,279.4958190918,5.018376,4.996353,5.018376,-0.11477214100000001,6.0295629501,0.4672069848,4.0842723846,0.3220609128,5.1930618286,0.101051338,5.0196080208,-1.570138,-1.559475,-1.570138,0.0157243982,-1.5384852886,0.019976317900000002,-1.5485260486999999,0.0207365584,-1.5576738119,0.0269446801,-1.5581977367,395.324564,392.234736,395.324564,0.17090174560000002,403.921875,1.3821269274,400.6289672852,3.7666482925,400.056427002,5.0571098328,401.6152954102,0.896618,0.887704,0.2198461221,-0.4824864083,-0.7230474804,0.1334766597,0.014359898900000001,-0.0905466899,-0.8026840091,-0.8220771551,-1.1208610535,-0.0431458205,0.08987792580000001,-0.034280862700000005,-0.357886523,-0.5576311946,-0.9110446572,0.0963020697,0.1385813355,0.0534965731,-0.5660541654,-0.5025607347000001,-1.0550870895,0.065414764,0.20852008460000002,-0.0081542395,-0.4071136117,-0.3326685727,-1.1241002083
114,277.612519,278.276818,277.612519,0.7011698484000001,279.7137145996,0.530549705,279.3377075195,0.44962239270000004,279.3913269043,0.6637887955,279.3912963867,4.824422,4.68715,4.824422,-0.16107785700000002,6.2514352798,0.2248630822,4.1765494347,0.22992441060000002,4.8697290421,0.2079232335,4.9750266075,-1.512606,-1.484429,-1.512606,0.0122660715,-1.4867861271,0.0115035009,-1.5078793764,0.007556777000000001,-1.5123002529,0.0142573649,-1.5210597515000002,405.918223,405.776847,405.918223,-0.7279087901,408.7592163086,1.1464909315,407.4217529297,1.6949834824,405.7587585449,0.9424143434000001,409.2264709473,0.461803,1.134703,0.0279056588,-0.4581009488,-0.051256337400000004,0.11526452000000001,-0.014546528500000001,0.16939353940000001,-0.7458686233,-0.2758839726,-0.42890399690000003,0.0996332318,0.1623711884,-0.0344955698,-0.3658071458,-0.30602437260000004,-0.32489684220000004,0.1152604073,0.19292230900000001,-0.1165009513,-0.4937268496,-0.3027493656,-0.5353980064,0.11466962100000001,0.1339223087,-0.0623960122,-0.4160009921,-0.1898464411,-0.416310817
115,277.41586,277.907196,277.41586,0.7707172036000001,279.8269958496,0.4812069833,279.3073730469,0.41493466500000004,279.2055969238,0.5937684774,279.2621459961,4.609949,4.906753,4.609949,-0.3999276161,6.4286708832,0.3871629536,4.0817708969,0.2995590866,4.9638624191,0.1226782426,4.8270711899,-1.575427,-1.562001,-1.575427,0.0143602546,-1.5402849913,0.0147102997,-1.5590844154,0.0053484868,-1.5752373934000001,0.0147466799,-1.5783965588000002,398.770029,401.870639,398.770029,-0.1774733216,403.9040527344,1.1776268482,402.1637878418,2.8375611305,401.8759155273,-2.0292744637,400.4154968262,1.363803,1.280656,-1.045431651,-0.8591536190000001,-0.1699608266,-0.2677744031,-1.0521605015,-0.6181225181000001,-1.7155066729000001,0.0337423757,0.0186664872,-0.31780591610000003,-1.3122030497,-0.30399271850000004,-1.1815989017,-0.11976236850000001,0.25606483220000004,-0.2630273998,-1.3185907602,-0.4111700058,-1.3214306831,-0.1471779644,-0.0471053533,-0.3539065719,-1.2884913682999999,-0.4257036448,-1.2318867445000001,-0.030733330200000002,-0.1518470049
116,277.769212,277.886423,277.769212,0.7756686211,279.5688476562,0.6061655283,279.076965332,0.49182671310000003,279.2738037109,0.6401595473,279.3441162109,5.078836,5.067087,5.078836,-0.26404196020000004,5.9332919121,0.29369413850000003,4.6544837952,0.047895636400000004,4.8883123398,0.18654827770000001,4.8115720749,-1.659873,-1.512427,-1.659873,0.0175018478,-1.6295642852999999,0.0222649258,-1.6251598597,0.0213961713,-1.6365988255000001,0.0244704708,-1.6492358446000002,394.764705,409.983307,394.764705,-0.3689613342,399.3233642578,0.5470980406,396.7000427246,2.4532461166,397.7669677734,1.2956956625,399.3239135742,1.101323,1.355981,-1.051468873,-0.2344737611,0.22879429080000002,-0.2913443446,-1.5968643427,-0.0294520445,-0.7162466049,0.2790435255,0.3735835254,-0.2872597277,-1.686383009,-0.0453082994,-0.5118774176,0.1361501068,0.2720627785,-0.5724605322,-1.6077570915,-0.047393731800000005,-0.290800184,0.0406381823,0.1916490048,-0.5878241658000001,-1.7111566067,-0.0951653942,-0.5973017216000001,-0.07257998730000001,0.3753844798
117,277.804879,278.466111,277.804879,0.8337726593,279.8670349121,0.556522131,279.4093017578,0.4322011471,279.3677978516,0.5695726275,279.5223693848,4.892989,4.915003,4.892989,-0.3947027624,6.2809972763,0.2058880627,4.1173315048,0.2460901439,4.8801736832,0.025537321300000002,4.9988946915,-1.627849,-1.598009,-1.6278489999999999,0.013777609900000001,-1.5808646679,0.015147578,-1.5916609764,0.013103568000000001,-1.6032905578999999,0.0213666204,-1.6042041779,398.002418,402.921261,398.002418,-0.7965570688,401.3446350098,1.0660481453,399.1788635254,1.0295882225,399.3021850586,2.223088026,400.4913635254,1.106125,1.626239,-0.9059696220000001,-0.6346120767,-0.0002908017,-0.3342041075,-1.3253753185,-0.022220958000000002,-0.7617515922,0.18931956590000001,0.3370980024,-0.37504154440000004,-1.613098979,-0.1626775861,-0.6967836618000001,0.0712641776,0.3003947437,-0.5144924521,-1.5039030313000001,-0.140444845,-0.7845861912000001,-0.0349716619,0.1869621277,-0.5267335176,-1.5120509863,-0.2272863686,-0.8406485915,0.0296332836,0.1987260878
118,277.135182,278.638141,277.135182,0.7835384607,280.0480957031,0.5243368745,279.598449707,0.49499469999999995,279.7827148438,0.662759006,279.6734313965,4.79974,4.935571,4.79974,-0.4287406206,5.7501955032000005,0.26100251080000003,4.2541160583,0.4408407509,4.8436903954,0.0547981784,5.1450095177,-1.562004,-1.564556,-1.562004,0.0159020778,-1.5267542601000001,0.0193156097,-1.5459519625,0.019341005,-1.5482780933,0.0189746413,-1.5530308485000002,405.430534,408.187858,405.430534,0.2675516307,408.7310791016,0.32390314340000004,406.6055297852,0.23542883990000002,406.7249145508,3.386220932,407.369140625,0.95469,1.805735,-0.3788596762,-0.8758278650000001,-0.028690168800000002,-0.2861292958,-0.36570209260000003,-0.5901862383,-1.4162082672,0.0330725163,0.9287311435000001,-0.06287366900000001,-0.7468739748000001,-0.5150646567,-1.2779721022000001,-0.0620914996,0.3964417577,-0.2154440433,-0.7329643369000001,-0.5020089149,-1.4310324192000001,-0.0412265211,0.3884481192,-0.23974084850000002,-0.6123476028,-0.39526450630000004,-1.2319931984,0.0173266567,0.16487209500000002
119,277.711937,277.771265,277.711937,0.6866234541,280.0981445312,0.41497001050000004,279.6052246094,0.3675590754,279.6852722168,0.5796837807,279.7212219238,4.929627,4.491184,4.929627,-0.4087900519,6.2842025757,0.3400714695,3.2217264175,0.4062004387,4.4992809296,0.0537367761,4.9217977524,-1.624165,-1.520749,-1.624165,0.0153031107,-1.5692136288,0.0169874113,-1.586843729,0.0113686677,-1.5994594097000001,0.017852122,-1.6019207239000002,403.730453,402.756673,403.730453,0.6611997485000001,406.0089111328,1.2551510334,403.4170227051,1.9470745325,402.2607421875,2.6561889648,404.9573974609,1.230559,1.913167,-0.3848344938,0.8750704574,0.7748736933,-0.4025655687,-0.8556548953,0.2775300443,1.42897892,0.2387783974,0.7991775274,-0.1245006397,-0.8796970844,0.4403149784,0.9665131569000001,0.20279800890000002,0.7495599389000001,-0.3545920551,-0.8027146459000001,0.2509284019,1.2117329836,0.2024753988,0.9725301862000001,-0.2841178775,-0.9081625938000001,0.43445792790000004,1.2602155209,0.2629627883,0.8181933165
120,277.158402,278.5143,277.158402,0.7349117994000001,279.9342346191,0.4855569303,279.3600463867,0.3548960984,279.4721374512,0.5719531178,279.375579834,4.785044,4.844474,4.785044,-0.3404841125,4.9625182152,0.29977521300000004,4.109588623,0.3136146963,4.6947584152,0.1284765154,4.762298584,-1.700718,-1.551329,-1.700718,0.0193181746,-1.6341712474999999,0.0224416573,-1.6554012299,0.024360097900000002,-1.6460728645,0.038596019100000004,-1.6496844292000001,386.804549,414.281352,386.804549,0.6269188523,403.0868225098,0.6109009981,394.136505127,-0.8445111513,390.4791870117,3.5237071514,392.5818481445,1.256846,1.361108,-0.17398237860000001,-1.2433328114,0.059285591900000004,-0.08322249350000001,-0.09603038430000001,-0.8794749379000001,-2.0322051048,0.0648031384,0.5998873711,-0.2200635225,-0.581363976,-0.6003446579,-1.7041893005,-0.1904524267,0.1464820355,-0.1757183671,-0.5057313442,-0.5591843128,-1.8351148367,0.0122274701,0.0530808866,-0.0966326445,-0.362460196,-0.3758815229,-1.7606128454,0.0655601844,0.22215935590000002
121,277.429474,278.13516,277.429474,0.6520273089,279.6619262695,0.4496691525,279.1392822266,0.25984787940000004,279.413269043,0.479138881,279.3134155273,4.750555,4.825272,4.750555,-0.1827452183,4.3089447021,0.45429554580000003,3.5652885437,0.5137645602,4.6607627869,0.1332671791,4.8938522339,-1.723668,-1.504999,-1.723668,0.0175208095,-1.6761914492,0.020174739900000002,-1.6947784424,0.0150789674,-1.6982312202,0.0277360268,-1.6753662825,395.798222,406.200336,395.798222,1.1833992004,401.7460327148,0.375410974,397.7047729492,0.09011054040000001,395.9252319336,-0.2721170187,398.0970458984,1.318629,1.064326,-0.2352137796,-1.2890868202,0.1473532997,-0.20097979900000001,0.0589921325,-0.6754948497000001,-1.8313509226,-0.1839276403,0.5933242440000001,-0.0037496574,-0.42388767,-0.30410495400000004,-1.6273875237,-0.21278458830000002,-0.0708791316,-0.13749197130000002,-0.37492096420000004,-0.5137568116,-1.7337580919,0.0694900826,-0.0978683457,-0.11850731070000001,-0.2720401883,-0.3999056816,-1.8570692539,0.0003433935,0.08956685660000001
122,276.925951,278.164032,276.925951,0.7130867243,279.625,0.45933306220000003,279.1631469727,0.4531695247,279.115234375,0.535852313,279.1763305664,4.645153,4.700938,4.645153,-0.1129176915,5.8270740509,0.45545068380000003,4.4666585922,0.31805720930000003,4.9608569145,0.016042884400000002,5.1406874657,-1.596047,-1.627841,-1.596047,0.0215528533,-1.5393548012,0.0252943449,-1.5349268913,0.026043131900000002,-1.5488375425,0.037880756,-1.535423398,398.499098,403.950121,398.499098,-0.2767246664,402.5495605469,0.9914734364000001,399.9331359863,2.3968133926,400.4036254883,1.2405767441,402.2329406738,0.527301,1.377817,0.07552371370000001,-0.494789213,0.1659101322,-0.2085503638,0.0121045187,-0.3191237152,-0.5781172514,-0.21877062320000001,0.5609456301,0.1235700026,-0.4075817466,0.0407641344,-0.49581998590000004,0.1417391896,0.3152997792,-0.0496290699,-0.23962521550000002,-0.0223393422,-0.4541030824,0.1401151866,0.3036023378,-0.0691867173,0.0990916938,-0.2685805857,-0.5599673390000001,0.20119300480000002,0.45908361670000003
123,276.770086,278.034572,276.770086,0.7826668024000001,279.3117370605,0.5076412559,278.784942627,0.40189048650000003,278.6722412109,0.5639088154,279.1219177246,4.623772,4.504361,4.623772,-0.1784585565,5.3242144585,0.4636510909,4.0771474838,0.2576902211,4.5970516205,-0.0083502252,4.6897172928,-1.665284,-1.53759,-1.665284,0.0198162403,-1.6311190128000002,0.0228110496,-1.6340870857,0.0245568622,-1.6518987417000002,0.033467128900000004,-1.6539011002000001,394.491378,411.078959,394.491378,0.1397548914,400.3760070801,1.2030060291,396.2391357422,0.28135201330000004,394.202331543,0.2842234373,394.5206604004,0.975438,1.089064,-0.3430419736,-0.8987070380000001,0.161638848,-0.28448143600000003,-0.7163270712,-0.4838145971,-0.9949755073000001,-0.261347115,0.7632079124000001,-0.026358060500000002,-0.8729622364,-0.2588671744,-1.1438506842,0.1051111668,0.4002020061,-0.23503515120000001,-0.7385694981,-0.3211424947,-1.2628474236,0.1545087397,0.4836928844,-0.1547592133,-0.4670339525,-0.2248157561,-1.086258173,0.1106672809,0.6087602377
124,277.715708,278.780435,277.715708,0.7365528345,280.1203613281,0.4520429671,279.5833740234,0.3841772377,279.5857543945,0.5166293979000001,279.6315917969,5.127511,4.931095,5.127511,-0.1343654692,5.3562002182,0.33602038030000003,4.251958847,0.36585184930000003,4.8689332008,-0.021143036,5.0153155327,-1.611923,-1.547732,-1.611923,0.0183339361,-1.5623061657,0.022851821,-1.5739187002000001,0.0214539804,-1.5864367485000002,0.0338434726,-1.5884088278,400.269634,406.99038,400.269634,0.2404773235,405.1559448242,0.9021642208,402.151763916,1.6154199838999999,399.798828125,3.5070526600000003,402.8291625977,1.027404,1.349419,-0.22798709120000002,-0.9625796709000001,0.27752812590000003,-0.042719759,-0.167283386,-0.3753148019,-0.9352931976000001,-0.0972810313,0.9297341108,-0.0828686208,-0.49733284120000004,-0.1359113753,-1.1229994297,0.2349187136,0.2365232706,-0.2602586746,-0.47534900900000004,-0.3931452036,-1.2103047371,0.194676131,0.5656377673,-0.0747482851,-0.3421556354,-0.2480212599,-1.045768261,0.1720995009,0.5821156502
125,278.033107,278.159563,278.033107,0.784003377,279.8817749023,0.5463225842,279.4548339844,0.4904147089,279.4218444824,0.5983489156,279.3258361816,5.094919,4.857223,5.094919,-0.2275328487,6.6303110123,0.48942270870000004,4.7217645645,0.0767251551,4.8883090019,0.1397041231,5.0801653862,-1.557014,-1.495263,-1.5570140000000001,0.0153034478,-1.5080450773,0.0140705928,-1.5265442133,0.007599142400000001,-1.5442821979999999,0.0149187986,-1.546214819,413.740361,406.646664,413.740361,1.5924770832,410.1006774902,0.5292564034,410.5159606934,2.6724853516,410.6621398926,0.6910131574,410.1947021484,0.835902,1.493377,-0.8342273108,-0.0401339441,0.0344449999,-0.47179004550000003,-0.8728604317,-0.2348934561,-0.1880962849,0.2940664887,0.7395851612000001,-0.3312574029,-1.3808295727,0.2464140505,0.0752889514,0.070119217,0.13201326130000002,-0.32475706930000003,-1.2365463972,-0.0447803624,-0.013127565400000001,-0.0300885085,0.2366320193,-0.3820523918,-1.2567243576,-0.2413844168,-0.16039726140000002,0.1210663691,0.19818913940000002
126,277.717655,277.911934,277.717655,0.7807102203,279.8520812988,0.4467251897,279.3699035645,0.39832276110000003,279.4552612305,0.5623218417,279.5164794922,4.58571,4.979929,4.58571,-0.26703011990000003,6.4212799072,0.3537794352,3.767570734,0.4969246686,4.6395311356,0.3497333825,4.6889219284,-1.606518,-1.543307,-1.606518,0.0161619242,-1.5701382160000001,0.017908539600000002,-1.5832197666,0.0118846186,-1.5974326134,0.016949337000000002,-1.609865427,404.504616,404.401577,404.504616,0.4649575353,405.6242370605,0.7887611985,402.6703186035,1.9074482918000002,402.1551818848,7.6733522415,402.0336303711,0.787177,1.423192,-0.7082884586,-0.29472900620000003,0.176379065,-0.5148875713000001,-1.088183403,-0.2111144811,-0.3099661171,0.1254483908,0.7008413672,-0.3236687183,-1.27942276,-0.2485878468,-0.35828682780000004,0.1440934092,0.3453922272,-0.3866824806,-1.2029210329,-0.2273260057,-0.4650202692,0.1748931408,0.0695317015,-0.4809857011,-1.2837959528,-0.1821155399,-0.17914843560000002,0.15731753410000002,0.1775917113
127,277.258373,277.887385,277.258373,0.8102815747000001,279.6737976074,0.5578486919,279.1487426758,0.5121770501,279.2802124023,0.6050437093000001,279.2183837891,5.038375,4.617651,5.038375,-0.0283122957,5.0329022408,0.5533286333,4.1754150391,0.4300741851,4.8748459816,0.1913226694,4.8448319435,-1.634123,-1.530736,-1.634123,0.0194125269,-1.581610322,0.0245288666,-1.5880768298999999,0.0267401692,-1.5853185654000002,0.0317152143,-1.5801731347999999,396.42669,410.036233,396.42669,-0.6608549356,404.1842041016,2.5280668736000003,402.6498413086,3.9837284088000002,398.6814575195,5.673157692,399.3576965332,1.059871,1.301929,-0.5972091338000001,-0.1420529576,0.863995511,-0.4065952599,-0.8153843284000001,0.06504412,-0.283987999,0.8525452018,1.1947600842,-0.2197332233,-0.6193954945,0.1201676503,-0.0913533047,0.5674860477,1.0499513149,-0.21345461910000002,-0.8485310078,0.0294762626,-0.0935153514,0.43563982840000004,1.3566442728,-0.2148972154,-0.6922624111,0.0514794067,-0.18381440640000002,0.43760314580000004,1.3653960228
128,277.100471,277.7256,277.100471,0.6951963902,279.3180541992,0.4721415043,278.8071899414,0.37808239460000004,279.1030273438,0.5587474704000001,279.1064758301,4.93319,4.754124,4.93319,0.0067262948,5.0963468552,0.420119673,4.0307950974,0.2589296997,4.5853433609,-0.1622340232,4.8307738304,-1.712947,-1.496301,-1.712947,0.021652067100000002,-1.6763298512,0.0237167962,-1.6960145235000001,0.020069275100000002,-1.7194364071,0.026710651800000002,-1.7078711987,399.290615,412.527577,399.290615,0.0149623267,402.9289550781,1.5698316097,398.6718444824,1.336666584,399.1177978516,0.9283896089,398.7922058105,0.918755,1.433342,-0.6221501465,0.25593385890000003,0.6257303162,-0.3881399035,-1.1634993553,0.0159007888,0.7326306701,0.4986714125,0.8998233080000001,-0.07283268870000001,-1.0041885376,0.3387916386,0.5910089612,-0.033869516100000004,0.9429230690000001,-0.47397726770000004,-1.0695621967,0.1379439235,0.3381618857,0.1979535818,1.0033677816,-0.3477173746,-1.0211007595,0.11102200300000001,0.43415373560000003,0.28958481550000004,1.1662963629
129,276.570302,278.543374,276.570302,0.7248408198,279.3635253906,0.4815431833,278.838104248,0.3573821485,279.0566711426,0.5300152302,279.1448059082,4.374398,4.932518,4.374398,-0.1162320673,5.363576889,0.3962474167,4.2537174225,0.3936862051,4.9133110046,-0.0758889019,4.9162931442,-1.689041,-1.472852,-1.689041,0.0239406321,-1.6425710917,0.0254181325,-1.6538604498,0.019901834400000002,-1.6678259373,0.0284007993,-1.6612801552,397.757277,409.446987,397.757277,0.6245028973,401.2545776367,1.640384078,397.0045471191,1.556532383,399.3670654297,2.4060456753,399.161529541,0.862851,1.543153,-0.40276459880000004,0.1558576515,0.7469950933,-0.2518652081,-1.0167150497,0.074719429,0.6320021749,0.3032971323,0.6468098760000001,0.1586817056,-0.7809376121,0.3127225041,0.3750124872,0.2270021439,0.9754598141,-0.2179282904,-0.9392688870000001,0.1980925947,0.3310561776,0.2048473507,0.8740439415,-0.0862077698,-0.6246072650000001,0.147363022,0.4446255267,0.2263127863,0.7573187351
130,277.820763,278.049183,277.820763,0.7266370654000001,279.5859375,0.4626793563,279.2104797363,0.33656361700000004,279.3124694824,0.517280221,279.4685668945,4.934203,4.91241,4.934203,-0.1450980604,5.6520237923,0.39491179590000003,4.1359214783,0.2745244503,4.7845993042,0.0834724382,5.0336856842,-1.621888,-1.525394,-1.621888,0.0167717468,-1.5657993555,0.0187159814,-1.5757088661,0.0170108322,-1.5841519833,0.0284378957,-1.5789288282,394.192344,408.711167,394.192344,0.1310478747,402.8479919434,2.6906194687,401.6219787598,1.9229073524,396.101348877,1.2094284296,399.9063415527,0.906259,0.848735,-0.6221340464,0.1305502298,0.6459195418,-0.2313542664,-1.0078622103,0.1426049173,0.1106319204,0.48422953490000004,0.6575940251,0.0895985961,-0.809599936,0.21647289400000003,-0.0123217823,0.1488403082,0.730027616,-0.4477066696,-0.8747013807,0.0859758779,0.1522425413,0.3866469562,0.8915729523,-0.2331276834,-0.8746384978,0.2335310727,0.09924974290000001,0.15820452570000001,0.8839676976
131,277.348346,278.077461,277.348346,0.8234018087,279.7640380859,0.5531046391000001,279.1684265137,0.4621618092,279.4006652832,0.6021538973,279.3595581055,5.323362,4.472584,5.323362,-0.36472707990000003,4.7232785225,0.27941402790000003,3.6143524647,0.1974296123,4.6416254044,-0.0346741676,4.5177259445,-1.689832,-1.527014,-1.689832,0.018173553000000002,-1.6320118904,0.0217786431,-1.6445273161,0.0288350824,-1.636916995,0.0381526574,-1.6251612901999999,399.356239,413.624448,399.356239,1.4452885389,407.6527404785,1.2481347322,398.8772583008,0.7002872229,397.3726806641,1.3935616016,406.5346374512,1.41477,1.67901,-0.9762283741000001,0.7327735759,0.7152584163,-0.2365225852,-1.4760600328,0.279060483,1.0720255375,0.245990634,0.8015906215,-0.32395687700000003,-1.5177618265000001,0.2157455385,0.7716460228,0.5234855413,0.7212665081,-0.5038985014,-1.4074921608,0.0623367354,0.6531146169000001,0.35080909730000004,0.6628518701,-0.41110885140000003,-1.465362668,0.0593425594,0.8435477614,0.2168051749,0.8540210128
132,277.917054,278.286376,277.917054,0.7467173338,279.7595825195,0.5118165016,279.3910217285,0.35818046330000003,279.4923400879,0.5851323605000001,279.5581054688,5.02261,4.926935,5.02261,-0.3451060653,4.6921024323000005,0.1538232863,3.2844910622,0.3311904967,4.4365873337,0.126024574,4.7583351135,-1.639741,-1.530617,-1.639741,0.0168601703,-1.5844858885000002,0.0191802643,-1.5949602127,0.0201490428,-1.5970717669,0.028037101000000002,-1.6059632301,396.750131,408.522775,396.750131,0.8059805036000001,405.8865661621,1.5732741356000002,399.8893737793,0.9103842378,398.4404296875,2.6749756336,401.5862121582,1.091257,1.452241,-0.6822812022,0.7021513804,0.4819928566,-0.2346844226,-1.1847020388,0.2897144258,1.1678922176,0.5051778555,0.23248983920000002,-0.0933837965,-1.1139518023,0.1847653836,0.8052196503,0.2669707537,0.5945175886,-0.3525438011,-1.0794436932,0.138103947,0.6507159472,0.2381190062,0.7234981656,-0.2334533781,-1.1391131878,0.2044840604,0.7309113741000001,0.1845956892,0.6404639482000001
133,277.160876,277.794404,277.160876,0.6944476962,279.782409668,0.4951845407,279.3602600098,0.3805932403,279.5148010254,0.5419404507,279.5186157227,4.929867,5.030047,4.929867,-0.3008698225,5.2127099037,0.348749727,3.7130656242,0.25935080650000003,4.6322035789000005,-0.0238250103,4.876718998,-1.65158,-1.58994,-1.65158,0.0157681927,-1.6185903549,0.0179006718,-1.6426723003,0.018173417100000002,-1.6502361298000001,0.024483300700000002,-1.6594744921,396.578389,403.739287,396.578389,-0.2225186676,404.9857788086,1.9124726057,400.5432128906,0.8401322365,397.7514343262,1.8953835963999999,399.2018127441,1.253767,1.67215,-1.0486969674,0.3255373587,0.6051388508000001,-0.4107862711,-1.4341679810999999,-0.0891311318,0.5708429217000001,0.3531374335,0.2554389238,-0.2182494104,-1.3831158876,0.0791440904,0.020668365100000002,0.3083702326,0.49083074930000004,-0.4603531361,-1.3730627298,0.1053663492,0.3470110893,0.34701046350000003,0.5844421387000001,-0.4911064506,-1.5721901655,0.0083814301,0.272312969,0.1901477873,0.6573730707000001
134,277.547124,278.939448,277.547124,0.6725202799000001,279.5938415527,0.46904963250000004,279.1255493164,0.341961652,279.4169006348,0.5161658525,279.4150085449,5.181257,5.078394,5.1812570000000004,-0.2120055258,5.143717289,0.38855764270000004,4.1124954224,0.46618899700000005,4.5304703712,0.1068453267,4.838868618,-1.704477,-1.556424,-1.704477,0.017387716100000002,-1.6511572599000002,0.0171086006,-1.6721875668,0.0156501513,-1.6788499355000002,0.021449809900000002,-1.6546065806999999,399.386422,408.674943,399.386422,0.9541506767000001,402.6859130859,1.1040022373,399.2680664062,0.5557669401,394.8922119141,2.1117138863,399.9908752441,1.265273,1.151075,-1.0568089722,0.45095855630000004,0.529817685,-0.5327650905,-1.3879048824,0.11280243100000001,0.8021758199,0.2849934697,0.5146335959,-0.09740448,-1.374057889,0.3023922741,0.3903307915,0.0342450142,0.7755503058000001,-0.40929874780000003,-1.5032428503,0.1637588143,0.5376319289,0.0672890097,0.8464361429,-0.2779409587,-1.2557377815,0.20884904270000001,0.8050901294,0.1796424091,0.7931659818
135,277.297223,277.250223,277.297223,0.7736374140000001,279.8353271484,0.5278694034,279.2846679688,0.3931399584,279.4172668457,0.5381830335000001,279.1866149902,5.078,4.647383,5.078,-0.3946184218,5.211871624,0.3017371595,3.4515414238,0.37851628660000003,4.3776211739,0.1409310848,4.6118922234,-1.642467,-1.589532,-1.642467,0.0154506229,-1.5949473381,0.018236028,-1.6155148745,0.0196858495,-1.6145371199,0.0276499148,-1.6079368591,402.028501,394.41409,402.028501,-0.30625575780000003,407.3719177246,-0.1260747313,402.0057067871,0.7822703719,402.6854553223,3.1353371143,403.688079834,1.011769,2.488325,-0.7438146170000001,0.6594801556000001,0.1884225309,-0.33175244930000003,-1.0644599199,0.16840861740000002,1.1873167753,0.13991656900000002,-0.30579176550000003,-0.1036304608,-1.3135188818,0.059741698200000005,0.6539160609,0.0761277899,-0.17205274110000002,-0.5286588073,-1.2864068747,0.2079690397,0.7948293686,0.0575104356,-0.0369605571,-0.44303512570000003,-1.3112024069000001,0.1246184483,0.8944978714,-0.0434683263,-0.1437861621
136,277.709439,277.9497,277.709439,0.824273169,279.9018554688,0.5510422587,279.3157348633,0.5119704604,279.4405822754,0.5595568419,279.4307556152,4.947144,4.488307,4.947144,-0.122810021,6.5658783913,0.415076524,4.8143129349,0.4457802474,4.9077029228,0.20378504690000002,4.7217278481000005,-1.540281,-1.566364,-1.540281,0.017075449200000002,-1.4880812168,0.0172374658,-1.4903790951,0.0133376494,-1.5079609156,0.0188577604,-1.5167477131,404.446808,395.26679,404.446808,0.11518239970000001,408.0917053223,1.4219508171,404.333984375,1.7899390459000002,405.289855957,3.7871646881,406.8482971191,1.379329,0.848298,-1.2174360241,-0.5469026143,0.34827400350000004,-0.7126646042,-1.6973898411000001,0.1236260384,-0.3458006084,0.2650525272,-0.1156938225,-0.4042604268,-1.7889883518,-0.2576846778,-0.892578721,-0.0404826961,0.1365443468,-0.5433408022,-1.8661885262000002,-0.1793583333,-0.7503042817000001,0.1006927714,0.2254259139,-0.5680653453,-1.6676244736,-0.1560162604,-0.7068226933,0.0610578097,0.4889505804
137,277.220669,278.610739,277.220669,0.8218890429,280.0863647461,0.5489910841,279.6390380859,0.4343070388,279.526550293,0.5961820483,279.3597717285,4.80383,4.860463,4.80383,-0.121990025,6.5134048462,0.44915166500000003,4.2760634422,0.4273931086,5.0934157372,0.328790009,4.6793956757,-1.591763,-1.552516,-1.5917629999999998,0.0178342648,-1.5446612835,0.0188791528,-1.5604977608000001,0.018057419,-1.5627012253,0.026515312500000002,-1.5584744215000002,404.544079,388.793477,404.544079,-0.5954290032,407.2751464844,1.1186308861,405.8465881348,2.6995706558,405.6743164062,1.0411583185,402.8608703613,1.358165,0.917954,-1.1315220324,-0.5273570277,0.5349436023,-0.5890876651,-1.4550745487,-0.053363580300000005,-0.29243540760000003,0.0431856662,0.47676348690000003,-0.38655027750000004,-1.5416839123,-0.1825175732,-0.8501114845000001,-0.0580385886,0.3362205327,-0.5259463191,-1.7485009432,-0.09089282900000001,-1.0631371737,0.1310697496,0.5350640416,-0.48014840480000004,-1.6765898466,-0.1777035296,-0.8389873505000001,0.0412281267,0.716571331
138,277.662694,278.037689,277.662694,0.7272697091,279.9765014648,0.5066906214,279.4749755859,0.41757375,279.7398376465,0.5433152318,279.6203918457,5.003571,4.765492,5.003571,-0.4041132629,6.3414764404,0.16901353,4.5498638153,0.39440682530000004,4.9328012466,0.2803068161,4.7738232613000005,-1.596052,-1.57316,-1.596052,0.0161111001,-1.5547329187,0.0158904698,-1.5687299967000001,0.0093559306,-1.5827925205,0.0173479542,-1.5930169821,408.658311,390.230099,408.658311,-0.2122592777,407.8639526367,2.9846229553,404.1917724609,2.2897996902,405.3923339844,2.5903344154,406.0162963867,1.492396,0.667373,-1.2956253363,-0.6342116950000001,0.3825901483,-0.9172168970000001,-2.0498483181,0.10637908430000001,-0.26359629630000003,0.1841250509,0.24289435150000002,-0.6567549109,-1.8743889332,-0.2319005728,-0.9322857261,0.21695688370000002,0.3647099435,-0.5819057226000001,-1.9691376686000002,-0.1552432179,-0.9035974145000001,0.1170757115,0.33625093100000003,-0.5317626595,-1.856523037,-0.17556887870000001,-0.8643125892,0.1500825137,0.6416683197
139,278.099477,277.872945,278.099477,0.7395563722,279.9899902344,0.5155881047,279.5925598145,0.4314924479,279.6658935547,0.6200229526000001,279.7543029785,4.739071,4.597698,4.739071,-0.1220394969,5.8363246918,0.47759774330000004,4.3527612686,0.4847428501,4.9472341537,0.3226316869,5.0564022064,-1.55423,-1.548328,-1.55423,0.019094554700000002,-1.5169922113,0.0201878175,-1.5312004089,0.0179730169,-1.5443193913000002,0.0168287102,-1.5509053469,401.71602,393.809802,401.71602,0.9032247663,404.7613220215,1.4946392775000001,403.6607055664,2.8417992592,402.8716125488,0.8235632181,402.7398071289,1.495669,0.604542,-1.3120957355,-0.4864852998,0.5279810992,-0.866119504,-2.1491532326,-0.2373984158,-0.3279548585,0.1087207496,0.3874608874,-0.5850288868,-1.839124918,-0.20456337930000001,-0.9981805682,0.1938936412,0.37854057550000003,-0.6147288084,-2.0267894268,-0.19793660940000002,-0.8250820041,0.1245024651,0.3817996979,-0.7052339911000001,-1.9776415825,-0.1034404114,-0.5942253470000001,0.0497531742,0.6342441440000001
140,277.391721,277.941602,277.391721,0.7168710828,279.8743591309,0.490001291,279.4499816895,0.4630677104,279.3297729492,0.48145654800000004,279.3399047852,4.347933,4.583682,4.347933,-0.3982723951,5.4638667107,0.3355521858,4.1715555191,0.2774277925,4.2835178375,0.22827710210000002,4.5802674294,-1.540464,-1.558667,-1.540464,0.018420590100000002,-1.5061768293,0.019354123600000002,-1.5115172863000002,0.0137206689,-1.5306280851,0.0134448772,-1.5446643829,412.359224,402.854935,412.359224,-0.0551420711,410.1774902344,1.7398964167000002,410.4434509277,1.4847668408999999,410.763671875,0.8512251377000001,410.6953735352,1.414729,1.31536,-1.1547010782,-0.4149544737,0.7042280592,-0.4345563054,-1.7453922033,-0.0060847849,-0.2281770408,-0.3085407317,0.6149901152,-0.3917891979,-1.7328625917,-0.1641848981,-0.8504618406000001,0.1104018986,0.6191376448,-0.35876801610000003,-1.6291456223,-0.1798486859,-0.7117541432000001,0.1470386535,0.5413441062000001,-0.6260859966,-1.8453758955000001,-0.1514310241,-0.6887283921,0.0607887618,0.6847792864000001
141,277.676907,277.958383,277.676907,0.7389161587,279.9704589844,0.4609876275,279.4168701172,0.4188111722,279.3240356445,0.6136772633,279.3399658203,4.98416,4.973713,4.98416,-0.2357512414,6.6602358818,0.2983494103,4.7168140411,0.2404918969,5.0570220947,0.17237742250000002,4.9636416435,-1.579851,-1.540718,-1.5798510000000001,0.0150240567,-1.5441616774,0.014150740600000001,-1.5574223995,0.0052790204,-1.5659390688000001,0.0150037576,-1.5721538067,400.836861,403.897004,400.836861,0.0788448602,405.920501709,0.6246894002000001,403.6679077148,0.8952370882,403.0916748047,1.1561279297,402.3121032715,1.418926,0.887627,-1.3821068334,-0.3173500225,0.0492098913,-0.5743785501,-1.8791780472,0.0942381993,-0.2828089595,-0.22311092910000002,-0.0496378951,-0.4029955864,-1.7136126756999999,0.0756332353,-0.7009364963,0.0552368462,-0.2305651903,-0.5876941085,-1.8776129484,-0.1099107414,-0.5681172609,-0.009445234200000001,0.1421743929,-0.6120135188,-1.9478054047,-0.0153921312,-0.4021657407,-0.0399582386,0.0739015043
142,277.289617,278.552618,277.289617,0.7258549333000001,279.7707824707,0.5239620209,279.2911071777,0.48895728590000004,279.3967895508,0.6499854922,279.4102478027,4.876285,4.716775,4.876285,-0.39023178820000004,6.3009471893,-0.0218155906,4.5267982483,0.0684908181,4.8172864914,0.031112089800000003,4.6761350632,-1.597333,-1.536073,-1.597333,0.014047451300000001,-1.5621268749000001,0.0137851601,-1.5822613239,0.0031660646000000003,-1.5994819403,0.0106433406,-1.6008898020000002,396.28267,401.710337,396.28267,0.32758924370000003,404.1328735352,1.4311692715,400.8927307129,1.3974132538,399.8590393066,1.001827836,400.3294372559,1.428599,1.269727,-1.4046482098,-0.11805382900000001,-0.2322137591,-0.3309283257,-1.9825214147999999,0.2734811008,0.0837489441,-0.2767939568,-0.639064014,-0.6319660544,-2.0029623508,0.051253590700000004,-0.4189828336,0.27567750220000004,-0.3079646826,-0.5807245374000001,-2.0813682079,0.1054971963,-0.2516732514,-0.0775174722,-0.1875332743,-0.5754061937,-2.0597915649,0.0346042104,-0.0746049285,0.0080164522,-0.17626354100000002
143,276.775121,277.846428,276.775121,0.7868359089,279.5339660645,0.5868818164,279.1937866211,0.4865964353,279.0765075684,0.6738439798,279.3247680664,5.254802,5.156246,5.254802,-0.2887753248,5.8114595413,0.42599937320000003,4.6550774574,0.35997322200000004,5.2400341034,0.1555476785,5.1344194412,-1.579138,-1.502376,-1.579138,0.010605515000000001,-1.5440456867,0.013526218900000001,-1.5576753615999999,0.0079555037,-1.5802133083,0.0129802739,-1.5903023481,397.432299,399.897325,397.432299,1.4010108709,404.5339050293,1.6996355056999999,402.834197998,0.2180459499,399.5419006348,3.1737031937,398.9706115723,1.205596,1.178839,-1.0603924019,0.1511028292,-0.5533520523000001,-0.6499218345000001,-1.5204578638,-0.0047714487,-0.0699146464,-0.2098287493,-1.5182546377000001,-0.478680402,-1.6285712719,0.0674207881,-0.4720759988,-0.0586844236,-0.7729051113000001,-0.4984785318,-1.6591653823999999,0.1127590537,-0.0729245022,-0.1495419294,-0.8244506121,-0.5563171506,-1.8685994148,0.0030848337,-0.0049615949000000005,-0.24302318690000002,-0.7814850211000001
144,277.282964,279.192393,277.282964,0.7469510436,279.6798095703,0.4749972522,279.2356262207,0.4208081663,279.4715270996,0.5425421,279.2369689941,5.104064,4.889143,5.104064,-0.32981079820000003,4.7007770537999995,0.2946093976,3.3959629536,0.660012126,4.8037018776,0.0906091779,4.6741571426,-1.709406,-1.559726,-1.709406,0.0169181861,-1.6605917215,0.0182665009,-1.6730639935,0.0145259397,-1.6848828793,0.026427624700000003,-1.6767251492000002,396.266056,405.075811,396.266056,0.596278131,402.3733215332,0.7868074179000001,397.2670898438,0.4745302498,393.7789001465,0.5287205577,398.1295471191,0.943248,2.452388,-0.44450810760000004,0.8140403783,0.17166335100000002,-0.3077785373,-0.4949706197,-0.0225383323,1.1920011044,0.1574718654,-0.1344661862,0.016002047800000002,-0.8770803213,0.052889924500000005,0.6732600927,0.10940212760000001,-0.16313761470000002,-0.2177844048,-0.7682596445000001,0.2033836246,0.8658027053,0.0950040221,0.044242464,-0.19972822070000001,-0.7535709143,0.1643136889,1.1005585194,-0.0363161303,-0.1643393189
145,277.263854,278.277707,277.263854,0.7834715843000001,279.600402832,0.5053576231,278.9415893555,0.4646702111,278.9809265137,0.5571986437,279.1003723145,4.733883,4.784931,4.733883,-0.25934726,6.2693986893,0.3722053468,4.5949702263,0.19351737200000002,4.8011565208,0.1037872657,4.934155941,-1.630393,-1.582475,-1.630393,0.013220023400000001,-1.5897392035,0.0122512104,-1.5980738401,0.008159752900000001,-1.6071612835,0.011618643100000001,-1.6131725311,396.883102,413.06081,396.883102,-0.27187412980000003,400.9235534668,0.3004370034,400.0618896484,2.4378848076,398.5433654785,1.8642728329,401.650604248,1.167362,1.206914,-0.8685828153,-0.7115154004,-0.3194430265,-0.33529695870000004,-1.1981124878,-0.6335003376,-1.1590163708,-0.056546282,-0.6821225286,-0.497369349,-1.4182537794,-0.36353570220000003,-1.0869547129,-0.176311776,-0.6149856448000001,-0.5138335824,-1.442586422,-0.31934079530000004,-1.0242261887,-0.1976799965,-0.6079903245,-0.4317843616,-1.3674793243,-0.3590041697,-0.9345810413000001,-0.11413621900000001,-0.46688437460000004
146,277.666114,278.255413,277.666114,0.7687414885,279.7465209961,0.522665143,279.239654541,0.35778841380000004,279.409362793,0.5115210414,279.389831543,4.498905,5.099482,4.498905,-0.44727218150000003,6.0547685623,0.2930769324,4.2809419632,0.1606113911,4.6114616394,0.040029473600000004,4.7165436745000004,-1.622371,-1.568057,-1.622371,0.0123566315,-1.5814957619,0.0123897586,-1.5942456722,0.009012077,-1.6069021225,0.0130162425,-1.6245510578,402.825003,410.486601,402.825003,0.1001472473,402.3217468262,0.6437738538000001,401.4746704102,1.5076316594999999,400.9282531738,3.0625011921,404.120300293,1.298845,1.327301,-1.1324827934,-0.5151626983,-0.3729450291,-0.45728874210000003,-1.2743986845,-0.5224784017,-1.3802770376,0.060998883100000005,-0.9781727195000001,-0.6486869454,-1.5587692261,-0.35058400030000003,-1.2691292763,-0.0484813824,-0.5617806911000001,-0.4853020608,-1.6281987429,-0.3597295582,-1.0734502077,-0.029566858,-0.47661855820000004,-0.5024930835,-1.5691208839000002,-0.3474546671,-1.0894464254,-0.1549310535,-0.6060536504
147,276.761431,278.524497,276.761431,0.7547721267,279.6228027344,0.6014314294,279.2149353027,0.4750237465,279.4429626465,0.6707501411,279.4227600098,4.374411,4.94614,4.374411,-0.5206490159,6.1091794968,0.1638522744,4.6576118469,0.0320866369,4.5966329575,0.1010866091,4.6723875999,-1.664345,-1.599624,-1.664345,0.017315823600000002,-1.6359921694000001,0.020689643900000002,-1.6453359127,0.018291590700000002,-1.6656070948,0.0188393462,-1.6801251173,391.379069,401.380348,391.379069,0.4264185131,397.8271789551,1.5286006927,394.5473022461,1.0290882587,394.3427429199,2.2813951969,393.5595397949,1.490744,1.046369,-1.3842389162,-0.4467344554,0.32654218220000003,-0.6306508183,-1.5189868212,-0.3207770884,-1.146340847,0.1913197637,0.1813513935,-0.5474125743,-2.3074519634,-0.2503596246,-1.0378872156,0.2947053313,0.5294713378,-0.5592899323,-2.0895802975,-0.18427026270000002,-0.9460166693000001,-0.1174678281,0.43772202730000004,-0.4896830916,-1.7470649481,-0.2208379209,-0.8749592900000001,0.19262050090000002,0.3335844874
148,277.219132,278.455752,277.219132,0.7319049239000001,280.1024780273,0.42019355300000005,279.4317932129,0.41193339230000003,279.3916320801,0.6518172026,279.7304992676,5.027429,4.783057,5.027429,-0.6315512657,5.4049797058,0.17577192190000002,3.5781934261,-0.1521350443,4.1094493866,-0.12130202350000001,4.6077122688,-1.578941,-1.497495,-1.578941,0.012898854900000001,-1.5532563925,0.015163272600000001,-1.5755062103,0.0086710565,-1.5872570276,0.0154623333,-1.5831940173999999,406.980509,406.755038,406.980509,0.4600400925,406.1832885742,0.9310458899,404.2575378418,-0.3880227804,406.3570556641,-0.1788275242,408.3923950195,0.705924,1.615262,-0.2134812855,-0.41079954360000004,-0.5329144614,-0.1191735119,-0.0829993784,-0.0591004975,-1.1239187717,-0.48518541460000003,-0.2522525787,-0.0699002147,-0.38413995500000003,-0.21756131950000002,-0.8544292450000001,-0.1775193214,-0.4461050332,-0.1552499384,-0.4349832833,-0.2308004797,-0.9100119472,-0.0100843795,-0.5250704288,-0.2149427086,-0.6728979349,-0.4037656486,-0.983720243,-0.1866589487,-0.7156788707
149,277.275425,278.819048,277.275425,0.6994131804,279.7150878906,0.450904727,279.2904052734,0.4219608307,279.2051696777,0.5823921561000001,279.1989135742,4.548955,4.522782,4.548955,-0.35662782190000003,6.1698389053,0.0307921693,4.0476150513,0.35845038290000003,4.5825080872,0.21768456700000002,4.8795742989,-1.537253,-1.546373,-1.537253,0.010339362500000001,-1.4971808195,0.0104029644,-1.5064747334000002,0.0066742785,-1.5159679651,0.0184869356,-1.5174435377000002,406.083778,405.664366,406.083778,-0.6677049398,407.1534729004,0.0682296157,406.8986816406,1.132948637,406.9574279785,-0.7649512291,408.5199890137,0.639682,1.510157,-0.4522035575,-0.43844292630000004,-0.1116807809,-0.2512361407,-0.4353798628,-0.1848227084,-0.8831659555,-0.0472790971,0.0347187445,-0.0560881868,-0.7315288782,-0.1932884157,-0.7144420743000001,-0.0082956878,0.0659789145,-0.1361653507,-0.5048986673,-0.20443211500000003,-0.6398684382000001,-0.1098726317,-0.1419780403,-0.0692015812,-0.5173544288,-0.22473819550000002,-0.26995635030000004,-0.021749924900000002,0.0398242921
150,277.40448,278.282385,277.40448,0.7323225737,279.3884887695,0.5303447843,279.074798584,0.40694430470000004,279.2168884277,0.6282773614,279.4225769043,4.751651,4.788346,4.751651,-0.4255104065,6.462849617,0.23096141220000002,4.1005101204,0.3758164346,4.66522789,0.137016058,4.9268374443,-1.596398,-1.480555,-1.596398,0.0148635004,-1.5490238667,0.0162382796,-1.5688269138000002,0.0131249316,-1.578902483,0.0201840736,-1.5766265392,395.752898,410.860971,395.752898,0.279419899,403.9157104492,1.5613286495,400.7360229492,0.2126913071,399.661315918,6.6908965111,399.9112243652,0.974646,0.949798,-0.1383914162,-0.8708575769,-0.415198259,0.0432090238,0.3714394569,-0.4595592022,-1.1126781702,-0.6171178222,-1.0179119110000001,-0.0820985436,-0.3484924734,-0.3094156384,-1.5064948797,-0.18213236330000002,-0.4332885146,0.08046663550000001,-0.2052927911,-0.4470232129,-1.2777228355,-0.38270711900000004,-0.6869603992000001,-0.0715591237,0.058618292200000005,-0.2698769271,-1.3900732994,-0.3569735885,-0.7811488509000001
151,277.65048,278.526629,277.65048,0.7162899971000001,279.5722351074,0.4874660671,279.2435302734,0.4337790608,279.3571166992,0.5519718528,279.5042419434,4.669104,5.164605,4.669104,-0.1182678789,5.572183609,0.3472957313,4.2019286156,0.38143906,4.2877731323,0.1040946841,4.7535762787,-1.597647,-1.525975,-1.5976469999999998,0.0134094395,-1.5513900518,0.0170006976,-1.567185998,0.014948966000000001,-1.5768587589,0.025725271600000002,-1.5928167105000002,401.411509,399.026684,401.411509,0.4962812662,407.2341003418,1.1444685459,404.5994567871,2.2349309921,402.3449707031,2.0500822067,403.5544128418,0.93421,1.549594,-0.0087468873,-0.648247839,-0.6726417608,0.0451923236,0.32327303290000003,-0.3768708706,-1.0054773092,-0.4509761333,-0.6704062223,0.11666621270000001,0.1202739924,-0.1893438399,-0.97323668,-0.2719103396,-0.6199626327000001,0.0748690367,0.0719077885,-0.35133773090000003,-1.1433714628,-0.33735898140000004,-0.8688732386,0.093458049,0.1071210355,-0.3033769727,-0.9899817109000001,-0.2676822841,-0.9425736666000001
152,277.353761,277.951378,277.353761,0.7390233874000001,279.85546875,0.5313109756000001,279.3586425781,0.5430702567,279.4248046875,0.6143179536000001,279.2769165039,4.81214,4.520298,4.81214,-0.3695049882,6.0167608261,0.5910761952,3.8244466782,0.1419856846,4.7167916298,0.0686319992,5.0831480026,-1.658001,-1.54181,-1.658001,0.0196111556,-1.6000490189,0.023550888500000002,-1.6081633568,0.022119728800000002,-1.6180934906000002,0.0322827809,-1.6069197655,400.478537,404.818656,400.478537,1.2659090757,405.9075622559,2.1820588112,402.4712219238,1.6102924347,402.80078125,5.5601325035,400.5999145508,1.244102,1.036474,-0.032405138800000004,-1.2024647695,-0.31751913400000004,-0.2123346925,0.3117607236,-0.6320115328,-1.7266764641,-0.2450092733,-0.1535005271,-0.1651030332,-0.2636545897,-0.47353833910000004,-1.5664212704,-0.1222790182,-0.23726877570000002,-0.0285846218,-0.0739362687,-0.5519869328,-1.6182570457,-0.2533386946,-0.54509902,-0.1507897228,-0.25485056640000003,-0.3818413317,-1.5674599409,-0.12179973720000001,-0.41255316140000003
153,277.314811,278.822825,277.314811,0.7689974308,279.790802002,0.557390511,279.5064697266,0.44139617680000004,279.3711242676,0.5771257281000001,279.3973693848,5.057698,4.724239,5.057698,-0.2623737156,5.7899847031,0.315715462,4.0172657967,0.107689634,4.8755016327,-0.0389140025,5.1475830078,-1.622729,-1.527118,-1.622729,0.018763426700000002,-1.5712482929,0.0235872902,-1.5707162619,0.0239614286,-1.5688415766000001,0.0290108733,-1.5683230162,392.638733,413.542923,392.638733,0.0250621475,402.5989685059,2.8759870529000002,399.3415527344,2.3962142467,397.3084106445,3.8903760910000003,397.9800109863,1.10677,0.817788,-0.0794997908,-1.0224696889,-0.41614349,-0.0189211965,0.1498430371,-0.3516513109,-1.4604849815,-0.0070221052,-0.1222902387,0.0139603522,-0.3587443233,-0.3874895573,-1.5477609634,-0.16877469420000002,-0.1234317496,-0.09264764930000001,-0.3260069191,-0.49817189570000003,-1.5755329132,-0.284876436,-0.2866232395,-0.127704069,-0.2829688489,-0.47977206110000004,-1.5131634474,-0.06333427130000001,-0.3575541377
154,277.975009,278.295014,277.975009,0.7333055139,279.8226318359,0.5162323713,279.2806396484,0.489644289,279.2528686523,0.6301293373,279.3529052734,4.889237,4.931298,4.889237,-0.1793606877,6.4270777702,0.0427656695,3.857199192,0.1495101154,4.7029819489,-0.0112756435,4.7907481194,-1.650039,-1.556499,-1.650039,0.0132379122,-1.6044175625000001,0.0121863075,-1.6226871014,0.0056499438,-1.6251200438,0.0164048597,-1.6299438477,400.733042,402.902133,400.733042,-0.7224085927,406.3012084961,0.2991097569,403.0610351562,1.3767286538999999,401.7159729004,2.7869720459,401.0620422363,1.204329,1.136336,-0.31593037820000003,-1.1614040914000001,-0.0416646548,-0.15879717470000002,-0.1914648861,-0.7822731137000001,-1.8899267912000002,-0.0249529574,-0.0442664586,0.0205148738,-0.600084126,-0.5109507442,-2.0210003853,-0.18339353800000002,0.0969755128,-0.1923785657,-0.6792094707,-0.7204037905,-1.7672629356,-0.05426464600000001,0.06797622140000001,-0.1873634607,-0.5493525267,-0.6298239827000001,-2.0642561913,-0.19536247850000002,0.0229634419
155,277.645013,278.250643,277.645013,0.6976304054,279.6253051758,0.5262670517,279.279083252,0.4799116552,279.3393859863,0.6027501822,279.350982666,4.987994,5.310548,4.987994,-0.1622197777,5.8205251694,0.15502148870000002,3.8251821995,0.23924243450000002,4.8829908371,0.1906942874,4.7540960312,-1.6782,-1.494754,-1.6782,0.0161467474,-1.6421988010000002,0.0170824546,-1.6574347019,0.013364261,-1.674251318,0.0145647572,-1.6742670536,392.175682,410.496164,392.175682,-0.42149290440000003,401.662689209,1.5246362686000001,395.5494995117,1.8309053183000001,395.3614501953,1.4348268509,394.7073059082,1.174689,0.986771,-0.49756994860000003,-1.0430757033,0.2105049773,-0.0415006466,-0.3230190873,-0.5582151413,-1.7396786213,0.24883756040000002,0.39170667530000003,-0.0608982667,-0.8302295804000001,-0.40909850600000003,-1.4952054023999999,0.0229834244,0.49377164240000004,-0.2071038634,-0.5059279203,-0.49547755720000003,-1.5074712038,0.034646261500000004,0.4622412026,-0.2058916241,-0.7938047051,-0.5406296253,-1.6804432869,0.011511486000000001,0.2397917807
156,277.616607,277.898321,277.616607,0.7843389511000001,279.9035949707,0.5322396159,279.5313110352,0.507402122,279.4397583008,0.633825779,279.6047363281,4.65468,4.426089,4.65468,-0.4065853655,6.3557472229,0.31302741170000004,4.8704366684,0.20569366220000002,4.9909925461,0.0707078204,5.0849432945,-1.559351,-1.535602,-1.559351,0.013087118,-1.5199609994999999,0.0167610496,-1.5386297703,0.0083099362,-1.5573916435,0.010372309000000001,-1.5561871529,404.027347,410.995069,404.027347,0.0400864296,406.5067443848,1.1861864328,404.4999084473,0.490236938,403.6043395996,3.777169466,404.6294250488,1.38467,0.591083,-0.7796407861,-1.1359409089999999,-0.13823915450000002,-0.2456382215,-0.8532898426000001,-0.6893312335,-1.8097295761,-0.1126601025,0.2241171002,-0.2244262546,-1.2362325191,-0.433825314,-1.5076466799000001,0.0993907973,0.17427280550000002,-0.313005656,-1.0067300797,-0.5380790830000001,-1.7222496271,-0.0121026486,0.2422315031,-0.3880240321,-1.1626534462,-0.5785409212,-1.7253758907,-0.042861506300000005,0.0021211207
157,277.785223,278.561739,277.785223,0.7739358544,279.8166809082,0.5147843361000001,279.5085144043,0.5091896057,279.4935913086,0.5022721291,279.5487670898,4.929744,4.662299,4.9297439999999995,-0.2676595449,6.5142593384000005,0.2890045941,4.2745776176,0.2922733128,4.8997731209,0.08551451560000001,5.0487556458,-1.564665,-1.534866,-1.564665,0.0130219012,-1.5175044537,0.0155877098,-1.5144224167,0.009988315400000001,-1.5430999993999999,0.011787531,-1.5373421907,404.138097,413.396095,404.138097,-0.10798297820000001,405.5100708008,0.5530719757,404.1310424805,1.4611370564000001,403.7602844238,0.5561721325,403.2666320801,1.250951,0.535386,-0.8149412530000001,-0.9482303417000001,0.0401198662,-0.3492991626,-0.8808947206000001,-0.7282540202000001,-1.4446052313,-0.1233616918,0.4376015663,-0.32713693380000003,-1.3640422821,-0.4120689631,-1.2543828487,0.049357987900000004,0.054952167,-0.2619203925,-0.9669507742000001,-0.4278604388,-1.3797163963,-0.0071024662,0.2340523303,-0.2976679206,-1.0742509365,-0.5410825014,-1.5201269388,0.0492075421,0.1018760502
158,277.403319,278.627686,277.403319,0.7354385257,279.7897949219,0.5111949444,279.3659057617,0.437207371,279.5626831055,0.5853906870000001,279.5338134766,5.082367,4.82546,5.082367,-0.2552058399,4.7129993439,0.4508266151,3.8583035469,0.5159606934000001,4.6824626923,0.2474030107,4.9911737442,-1.597492,-1.590689,-1.597492,0.0162185878,-1.5627058744,0.0200748593,-1.5804932117,0.018047908300000002,-1.589550972,0.0220779069,-1.6010218859,397.4338,398.629562,397.4338,0.7311453223000001,405.357421875,0.5070067644,401.6490478516,0.2110332251,397.3865661621,3.6620249748,401.3091125488,1.125122,2.181304,-0.6604117492,0.9049880524,-0.1036986305,-0.5278826952,-0.7533084154,0.8027480841,1.5102204084,0.0499856994,-0.4000496268,-0.3522588909,-0.9450959563,0.3241261244,1.1595512629,0.0748726577,-0.11227872970000001,-0.206920445,-1.0844296217,0.3430757225,0.9793459177,0.0477300212,-0.10578122740000001,-0.30535474420000003,-0.9698691368000001,0.2523725331,1.1202913523,-0.13591635230000002,-0.2342520207
159,277.333167,278.142374,277.333167,0.8190020323,279.5387573242,0.5635746121,279.3118591309,0.48714980480000003,279.4476623535,0.6102663279,279.6570129395,4.541857,4.801761,4.541857,-0.419941783,6.0504922867,0.3906858861,4.1364507675,0.15490548310000002,4.7079944611,0.1037714183,4.9185862541,-1.596651,-1.528802,-1.596651,0.0163591448,-1.5695973635,0.0192558765,-1.5870990753,0.014287667300000001,-1.6092165709000001,0.017746971900000002,-1.6086111069,397.137691,406.746285,397.137691,0.3002791107,402.2557678223,1.3435864449000001,398.4636230469,0.8302891254,398.6001281738,1.3121647835,399.8444824219,1.124576,2.690033,-1.0013815203,-0.4663898708,0.2106824425,-0.5492357612000001,-1.194131732,-0.188208133,-0.5966665149,-0.0052541792,1.0525666475,-0.2464984208,-1.6584711075,-0.15084806080000002,-0.5551369190000001,0.0344444551,0.3860207498,-0.3812615573,-1.4943814278,-0.1629547477,-0.6309041381,0.1068944633,0.4507628381,-0.4018216133,-1.4772021770000001,-0.2265659124,-0.7302832603,0.0084911985,0.3574613333
160,277.851419,277.804759,277.851419,0.7441194654000001,279.7180175781,0.4997490048,279.2183532715,0.3262389898,279.5357971191,0.5619017482,279.4560852051,4.955827,4.783163,4.955827,-0.3713653684,4.5312714577,0.24490481620000001,3.3187832832,0.3354877532,4.1714792252,0.0762957782,4.6351737976,-1.662076,-1.566797,-1.6620759999999999,0.0149464626,-1.6197291613,0.0172999967,-1.6395134926,0.0163762607,-1.6476737261,0.024516806000000002,-1.6626539230000001,400.458523,395.34066,400.458523,-0.0788207948,405.8870239258,0.893294692,400.8099365234,0.3247432709,400.1843566895,1.3470890522,404.4670410156,1.144014,2.062132,-0.3276164415,-0.8228782503000001,0.7240906293,-0.2359989136,-0.4965285957,-0.38696604970000004,-1.0766766071,0.2431905717,1.1557924747000001,-0.1247733161,-0.5271682739,-0.4826381207,-1.0515311956,0.130361408,0.9018499851,-0.3306450844,-0.7911370397,-0.32503306870000004,-1.0046802759,0.20224404340000002,0.7398793101000001,-0.2870664001,-0.8285508156,-0.33986240630000003,-1.1212453842,0.2846060097,1.0437085629
161,277.390891,278.274801,277.390891,0.7312229276000001,279.4983520508,0.5669717193,279.1246337891,0.4461686909,279.2124633789,0.5987223387,279.240447998,4.98918,4.838872,4.98918,-0.3707660735,4.5631566048,0.17278888820000002,3.8862628937,0.2994921803,4.7302165031,0.1219173446,4.7112789154,-1.642914,-1.619628,-1.642914,0.0191551074,-1.5930478573,0.0211008638,-1.6091295480999999,0.027131848,-1.6138275862,0.019440950800000002,-1.6154855490000002,395.251766,392.054278,395.251766,-0.35594412680000004,404.9753112793,1.2230522633,402.102935791,2.3491826057000003,396.8125915527,3.7546000481,402.0363769531,1.199933,2.554822,-0.7155970386,0.9289913042,-0.2544318326,-0.5551537871000001,-0.8662022352000001,0.5843887925,1.2332993746,0.1312348992,-0.9875484109,-0.0236015283,-1.1056604385,0.3311570883,1.1227319241,-0.0030819047,-0.4958493114,-0.3552284241,-0.9266493320000001,0.35817933080000003,1.1374043226000001,-0.004625706,-0.3610829413,-0.30363628270000004,-1.0376446247,0.2198073566,1.1528818607,0.0387873352,-0.38069790600000003
162,277.41848,278.444125,277.41848,0.6784934402,279.4916687012,0.5240874887,279.0875549316,0.35813033580000003,279.2804260254,0.6398925781,279.3648071289,4.755704,4.75749,4.755704,-0.30543440580000003,4.7573456764,0.5331853628000001,4.1646242142,0.3323298693,4.6677680016,0.1378937364,5.0065670013,-1.699036,-1.628285,-1.699036,0.0199287683,-1.6514774561,0.0207724273,-1.6697013378,0.0221064109,-1.672981739,0.0220774189,-1.6703362465,387.271746,398.625263,387.271746,0.7793533206000001,399.977722168,0.5035985112,393.5072937012,0.30701416730000003,390.2438354492,3.1303787231,389.8705749512,1.352344,1.995581,-0.5938699144,-0.9878722182,0.7072917061,-0.2790567577,-0.9527024031,-0.4070251286,-1.3641476631,0.0609515235,1.4375462532,-0.1608165652,-1.1375279427,-0.39508897070000004,-1.0631973743,0.11041423680000001,0.8145833015,-0.1528833359,-1.0591573715,-0.3697231114,-1.4962286949,0.2804145813,0.7654583454,-0.0949811339,-0.6985719204,-0.17375953500000002,-1.3858668804,0.1345763355,0.8873258233
163,277.644183,278.093339,277.644183,0.7453697920000001,279.7874145508,0.4499919116,279.1783447266,0.3408505619,279.326751709,0.5080967546,279.2803039551,4.937433,5.006507,4.937433,-0.1607870758,5.2725148201,0.3208923936,3.8757896423,0.5770787001000001,4.5121731758,0.037704505,4.8356261253,-1.718705,-1.628735,-1.718705,0.021735491200000002,-1.6542123556,0.0237668119,-1.6713521481,0.0202235896,-1.6748337746000002,0.026915270800000002,-1.67210567,391.258417,399.544544,391.258417,-0.0429922156,400.4273681641,1.3032677174,395.7006225586,0.8816215396,392.604675293,2.2855372429,393.8515625,1.060894,1.850094,-0.654327487,-0.7619252350000001,0.3417915334,-0.4030990303,-0.8322763443000001,-0.34875690940000004,-1.163770318,0.08843402560000001,0.9494083524,-0.2537890673,-0.9555394650000001,-0.4170490801,-1.3338036537,0.2966201901,0.7413266301,-0.3337455988,-1.2078077793,-0.3549753726,-1.4092210531,0.1792528182,0.7353809476000001,-0.29000002150000004,-0.9745862484000001,-0.3801895678,-1.1955304146,0.317037195,0.6018236876
164,277.514395,277.799375,277.514395,0.7661679983,280.047088623,0.5123479962,279.577331543,0.36706709860000003,279.7265319824,0.5668001771,279.5829162598,4.770207,4.666964,4.770207,-0.18158750240000002,4.4368662834,0.4178803265,4.2443580627,0.30391362310000003,4.7747988701,-0.0807205439,4.856464386,-1.625913,-1.708975,-1.625913,0.0182993189,-1.5780801773,0.0231894664,-1.5967402458,0.0239096936,-1.607219696,0.0267803278,-1.6092927456,401.271389,394.569479,401.271389,0.34881573920000003,405.4698486328,1.4550504684,401.7325744629,0.0947318077,397.7518005371,4.7311682701,403.2028198242,1.063682,1.996019,-0.4553789521,-0.6429936531,0.7145688488,-0.191251725,-0.9606093168000001,-0.6186048985,-0.0377208069,0.3078078926,1.3856449127000001,0.0670628622,-0.9833905697,-0.0655459389,-0.7014805079,0.485686928,1.1708530188,-0.2124694437,-0.8434515595000001,-0.2409771681,-0.6840948462,0.3658984005,1.0734626055,-0.16679656510000002,-0.8315792084,-0.25622683760000003,-0.7413585186,0.3266601861,1.1902641058
165,277.269473,278.127419,277.269473,0.7365533113,279.7660827637,0.4277877212,279.3494567871,0.32782596350000004,279.3581848145,0.5318998694,279.5042724609,4.795851,5.027568,4.795851,-0.1489963382,4.8935475349,0.5723740458000001,3.7074985504,0.48153629900000006,4.6088643074,0.09547246250000001,4.9388685226,-1.68499,-1.735962,-1.68499,0.0164108742,-1.6403187513000002,0.0188712478,-1.6540971994,0.0172264315,-1.6615772247,0.0280781202,-1.6586289405999999,394.496193,392.835615,394.496193,0.7156170011,402.8971862793,1.7122070789000001,398.8260803223,0.2966821194,393.3668823242,-0.8233542442,395.3667297363,1.043289,1.88426,-0.6414622928,-0.6860242091000001,0.4542564659,-0.4674144387,-0.8719718456000001,-0.2735598683,-0.5550907850000001,0.0591430105,0.8224437237000001,-0.1623120308,-0.9787645936,-0.277679801,-0.7444912791,0.057058170400000004,0.2307997346,-0.3321089447,-1.0202310085,-0.2597383857,-0.8729346395,0.1426046044,0.4768332839,-0.2643413246,-0.9061962366,-0.2518616915,-0.8388832211,0.12211268400000001,0.5624663830000001
166,277.50828,277.511901,277.50828,0.7767924070000001,279.7716369629,0.47309926150000003,278.8883056641,0.3424042761,279.0840759277,0.5812221766,279.2473144531,5.03872,4.817685,5.03872,-0.17917205390000002,4.7925710678,0.5668500066000001,3.926926136,0.3909793198,4.7929692268,-0.0063327681,4.882537365,-1.722057,-1.570202,-1.722057,0.017443398000000002,-1.6653754711,0.0209785122,-1.6861189604,0.023918651000000003,-1.6691726446000001,0.0348440781,-1.6636129618000002,391.734265,403.018432,391.734265,0.5341186523,402.1598510742,0.9831194878,397.734161377,-0.9541939497,394.0813903809,0.8289337158000001,399.2933959961,1.176715,1.851684,-0.8354360545,-0.6105364458,0.5603114627,-0.5737106204,-1.2794612646,-0.5264690518,-0.6144744158000001,0.0536654778,0.8800259233000001,-0.1020571291,-1.2721041441,-0.3331630528,-1.0048880577,0.0211950652,0.5354565382,-0.4150417149,-1.3132270575,-0.3510309756,-1.0773402452,0.10639353100000001,0.6129285097,-0.3881103098,-1.4875613451,-0.31360843780000003,-0.9953552485,0.0040022545,0.5792685747
167,277.676333,278.737647,277.676333,0.7451362014,279.6913452148,0.4991146624,279.3648681641,0.3169205785,279.4266357422,0.5225894451,279.423828125,5.102197,4.726571,5.102197,-0.12110580500000001,5.6988744736,0.4580825269,3.9553675652,0.5196517706,4.8227834702,0.1966690421,5.1667962074,-1.674627,-1.569261,-1.674627,0.0145994537,-1.6264052391,0.0144203985,-1.6424424648,0.0099240001,-1.6558710337,0.0219955873,-1.636413455,396.010237,398.33611,396.010237,-0.22396941480000002,401.6745605469,1.1829688549,400.8168334961,0.5475689173,395.8677978516,0.7585167289,398.9600830078,1.003125,2.443828,-0.9311576611000001,0.3004276135,-0.2212425087,-0.4612052739,-1.2442258596,0.15525139870000002,0.751440227,-0.047771737,-0.5899286866,-0.0534473285,-1.167552352,0.1450387388,0.43527048830000004,-0.0730962306,-0.35102760790000004,-0.3840647936,-1.5466496944,0.23198866840000001,0.45308646560000004,-0.19689661260000002,-0.2888277173,-0.2133994102,-1.4023011923,0.1471891552,0.7486218214,-0.1402967721,-0.3644546866
168,277.395831,278.081945,277.395831,0.7072455883000001,279.3519287109,0.49537339810000003,278.8276977539,0.3058972061,279.109375,0.4945893884,279.201751709,4.838077,4.910174,4.838077,-0.1444920599,4.5732731819,0.34062209730000004,3.1973567009,0.3439007103,4.4189071655,0.0337321684,4.6636652946,-1.735191,-1.548925,-1.735191,0.0177423451,-1.6945599318,0.0179065,-1.7064726353,0.017535556100000002,-1.7213301659,0.017537493300000002,-1.7195055485,393.866749,403.968324,393.866749,0.7569585443,401.2047729492,1.5312987566,395.8645019531,0.5786333084,393.5296325684,5.6220359802,395.865020752,1.074305,1.74938,-0.8890681235000001,-0.5534584529000001,0.23952788660000002,-0.602974236,-1.5732637644,-0.4146749079,-0.2467808425,-0.0519914255,0.32208177450000003,-0.0996639654,-1.2892907858,-0.1056438386,-0.7568777204,-0.013994989000000001,0.0422375351,-0.44002437590000004,-1.3549115658,-0.2612113953,-0.7923218608,0.1108964533,0.266844362,-0.37607795,-1.4717478752,-0.1565253437,-0.7353035212,-0.0574149117,0.3908794224
169,277.361565,278.024768,277.361565,0.8067161441,279.5458984375,0.5109516382,279.1555175781,0.35952889920000003,279.3027038574,0.48507171870000004,279.4417419434,4.840309,4.511567,4.8403089999999995,-0.1667897105,5.238530159,0.49715533850000004,3.9598219395000003,0.2779592276,4.6267838478000005,0.0664601848,4.8667550087,-1.65285,-1.621425,-1.65285,0.020197738,-1.5989201069,0.023300457700000003,-1.6104837656000002,0.0252005756,-1.6074908972,0.0390173942,-1.6192544699,396.347676,405.014966,396.347676,1.1764948367999999,403.0914916992,2.1144838333,399.022857666,2.6873545647,396.3502197266,1.9396352768,400.5987854004,0.964326,2.075638,-0.8044173924,-0.34911573230000004,0.4011915176,-0.6477581263000001,-1.5427048206,-0.2828405201,-0.3482128084,0.2370977253,0.4521212578,-0.1648146361,-1.1322379112,-0.2507937849,-0.33791580800000004,0.1538499594,0.1425433755,-0.38537007570000004,-1.2925368547,-0.1998574883,-0.4532126486,0.079886198,0.2735398412,-0.33790808920000004,-1.3934334517,-0.2190404087,-0.5400581360000001,0.1468423009,0.32560426000000003
170,276.888304,278.228433,276.888304,0.7117984891,279.3861694336,0.5281450152,279.0899963379,0.4414932728,279.1729431152,0.6432152987,279.2269592285,4.910118,4.839951,4.910118,-0.1979537606,4.6074137688,0.36399763820000003,3.3688151836,0.5966659784,4.5754175186,0.236831218,4.6287736893,-1.677781,-1.523089,-1.677781,0.0166290309,-1.6460368633,0.0208989978,-1.6638998985,0.021178944,-1.6794298887,0.0214438289,-1.6621867418,391.922698,408.208721,391.922698,-0.4287025928,403.8435668945,1.6383556127999999,396.7951660156,-0.3513402939,395.3564758301,2.1232128143,396.9375915527,1.189253,1.745653,-1.0735180203,-0.3793951365,0.3434259321,-0.4654781222,-1.7652666569000002,-0.5262997150000001,-0.2738507986,-0.09624271840000001,0.17824073140000002,-0.40980672840000004,-1.2232853174,-0.3769113421,-0.6677024364,0.057178754400000004,-0.1936523914,-0.38281205300000004,-1.4804836512000001,-0.3006916046,-0.7425702214000001,0.1080484614,-0.030839204800000002,-0.3601445854,-1.4148846865,-0.26253286,-0.6890215278,-0.0288357716,-0.0168217719
171,277.333639,277.428701,277.333639,0.7211112976,279.6610717773,0.5356533527,279.162902832,0.4405569136,279.2894592285,0.6070355177,279.2568969727,4.852508,4.331336,4.852508,-0.2264800221,5.1790938377,0.3048165143,3.2125849724,0.48038822410000004,4.7630605698,0.1584294289,4.8826241493,-1.700598,-1.525963,-1.7005979999999998,0.0196477249,-1.636641264,0.0208031386,-1.6552559137,0.0213164091,-1.6605128050000002,0.028081085500000002,-1.6409420967,391.693312,405.380917,391.693312,0.5789303184,404.7526550293,1.5492426156999999,396.6015930176,-0.5667030811,395.8291931152,3.1455264091,398.3279724121,1.187342,1.838304,-1.115976062,-0.3345423867,0.2290423889,-0.5372016430000001,-1.6373460293000002,-0.42372486000000004,-0.3474206328,0.13905778530000001,0.2626220584,-0.28712421660000004,-1.203047514,-0.2073539644,-0.7972986698000001,0.2539338171,-0.0835047513,-0.4226390123,-1.3846876621,-0.26018723850000003,-0.8390461206000001,0.07796145980000001,0.035382956300000004,-0.2901218832,-1.2545425892,-0.2182369083,-0.5974286795,0.0480958968,0.1587899625
172,277.343864,278.272054,277.343864,0.7005397081,279.3903198242,0.4920697808,279.0343017578,0.3328738511,279.2144165039,0.5184128881,279.3118591309,4.822249,4.70727,4.822249,-0.1644327492,4.7513518333,0.4922672212,4.2531371117,0.4437448084,5.0232620239,0.1276390254,5.1251926422,-1.694316,-1.568122,-1.694316,0.019812291500000002,-1.6316096783,0.0222770311,-1.6434772015,0.0216690078,-1.6574957371,0.027284059700000002,-1.6439167261,386.958878,395.106883,386.958878,0.8864076734,399.5562438965,0.7698140144000001,393.7127990723,0.6630115509000001,391.1926269531,5.517334938,392.6000061035,1.143949,1.853914,-0.9466113056000001,-0.1273802571,-0.6295391067,-0.5898191333,-1.1149344444,-0.0131084118,-0.3013421893,0.037630453700000004,-1.5567345619,-0.3674200475,-1.1475125551,-0.0760200769,-0.5703830719,-0.3743463457,-1.0087755919,-0.5641798973000001,-1.3541443348,-0.0208919421,-0.5894421935,-0.3334480822,-1.0847146511,-0.3386245966,-1.3511096239,-0.0117158238,-0.1156818122,-0.3183516562,-1.2488929033
173,277.801114,277.913589,277.801114,0.6562027931000001,279.7601623535,0.4572974741,279.2885437012,0.3677093387,279.4534301758,0.5142387152,279.2366943359,4.7047,4.897408,4.7047,0.037502408,4.6387076378,0.5381463766,3.5963721275,0.5683737993,4.3458738327,0.1102199182,4.8517613411,-1.682534,-1.650568,-1.682534,0.0189542361,-1.6179599761999999,0.021115692300000002,-1.6282042265,0.0206125975,-1.6373689175,0.0226210002,-1.6414326429,398.005307,398.469556,398.005307,-0.1144742817,407.5108642578,1.0219967365,401.5321960449,1.7816647291,397.1657409668,1.6937012672,399.8069763184,1.125675,0.97883,-0.6687544931,-0.5953139913000001,-0.6822853722000001,-0.7229019403,-0.5226821899,-0.4418067336,-1.3771976233,-0.0427445993,-0.921212554,-0.0369120389,-0.8417170644,-0.1309284568,-1.2917673588,-0.31085231900000004,-0.5986898541,-0.1479456574,-0.8915599585,-0.4255408943,-1.1848088503,-0.1699327826,-0.873285234,-0.2583269775,-0.7278215885,-0.2943746746,-1.0705305338,-0.1827048957,-0.7226616144
174,277.394325,278.150518,277.394325,0.7632727027,279.6235351562,0.5645920038000001,279.0664672852,0.436236769,279.1480407715,0.6350716352,279.3402404785,4.383426,5.019702,4.383426,-0.2802194059,4.7393493652,0.3655249774,3.8182878494,0.5128862858000001,4.7789139748,0.0269892961,5.0614266396,-1.661123,-1.60137,-1.661123,0.0185765009,-1.6137183904999999,0.020684734,-1.6376798153,0.0214044787,-1.6467175484,0.0210077967,-1.6446598768,397.935642,394.335042,397.935642,0.5222548246000001,403.642364502,0.26828432080000003,399.8476257324,0.4726504982,396.8351135254,2.9562978745,398.2436523438,1.181778,1.792643,-0.6872341940000001,-0.8845541725,-0.3766590459,-0.7059631348000001,-0.3569059968,-0.24007502200000003,-1.6182546616,0.020332468700000002,-0.7689833045000001,-0.18890765310000002,-0.8699961901000001,-0.0390720628,-1.064781785,0.0278159529,-0.4476130009,-0.3314424157,-1.016551733,-0.3147870004,-1.2541537285,-0.1444737613,-0.4314588606,-0.2531953454,-0.9073792696,-0.2644445002,-1.1492079496,-0.13388329740000002,-0.46880596880000003
175,277.481248,278.375512,277.481248,0.7621068358,279.9537963867,0.4741254151,279.5097045898,0.3494355679,279.7485656738,0.58354491,279.491607666,4.894412,4.732594,4.894412,-0.18271070720000002,5.1412067412999995,0.3279592693,3.4127445221,0.6768369675,4.6077814102,0.1791288257,4.7012271881,-1.699429,-1.524411,-1.6994289999999999,0.0180314165,-1.660993576,0.0217784271,-1.6760773659,0.018334362700000002,-1.6907154322,0.0294096172,-1.6752250195,397.975847,401.719919,397.975847,-0.3088193238,403.2596130371,0.2962960005,398.4799499512,0.2962386608,398.5869140625,0.13165795800000002,401.3121948242,1.140378,2.292871,-0.8046488904,-0.8063056285,-0.0536009673,-0.4990620315,-0.4501411617,-0.335989356,-1.4098805189,0.261762321,-0.249885872,-0.14676411450000001,-0.7909564972,-0.1899563074,-1.2242329121,-0.027570931200000003,0.15227855740000001,-0.26937747,-0.8888762593,-0.5487910509,-1.2765700817,0.12099365890000001,0.1950199604,-0.2658692002,-0.7276924849,-0.43600645660000004,-1.5302500725,0.012716393900000001,0.0311764032
176,277.794306,278.072096,277.794306,0.7607169747,279.7266235352,0.5258350968000001,279.3232727051,0.3536811173,279.6287536621,0.5372036099,279.3343200684,4.983927,4.959581,4.9839269999999996,-0.35954463480000004,5.4599609375,0.3496240973,3.9934363365000003,0.5179272890000001,4.5637106895,0.229253754,5.0590896606,-1.626149,-1.545984,-1.6261489999999998,0.0201085564,-1.5786738396,0.0235197693,-1.5932440758,0.0248218104,-1.6015414,0.0272334963,-1.6053388119,401.286107,401.385628,401.286107,-0.16692990060000001,403.3985595703,1.9996961355,401.4155883789,0.9006614089,399.1102905273,0.5153375864,402.4938049316,1.053683,2.093148,-0.577701671,-0.8082786204,0.3509907239,-0.6405652165,-0.5349595547,-0.3533194065,-1.5780748129000002,0.25670152900000004,0.43389987950000003,0.0013552923,-0.813023448,-0.1761134416,-1.131966114,0.0226320755,0.5175393224,-0.2881194949,-0.8740552664000001,-0.31041607260000004,-1.0871590376,0.2094819397,0.5549408793,-0.26668578390000003,-0.8439266682000001,-0.10028447210000001,-1.1036120653000001,0.197602883,0.4853850007
177,277.822069,278.407833,277.822069,0.7125570178,279.6856079102,0.5191128850000001,279.4122314453,0.41179567580000004,279.4711914062,0.5669857264,279.4627685547,5.115704,4.762556,5.115704,-0.2936357558,5.3576173782,0.3025903404,3.802387476,0.4930874407,4.5741062164,0.1159217507,4.9844694138,-1.623106,-1.562463,-1.623106,0.0185419228,-1.5817863940999999,0.023054644500000002,-1.5931620598,0.022243820100000002,-1.6053160429000002,0.0310913697,-1.6024852991,398.436097,394.09417,398.436097,1.1949416399000001,403.3791809082,1.7505928278,400.3446044922,1.1657781601,397.4182739258,2.3443291187,401.0543212891,1.00421,2.477028,-0.6201144625,-0.7595643781,0.2166974778,-0.41386994720000003,-0.7017061114,-0.21908107400000001,-1.1013811827,0.1221288368,-0.008088827100000001,0.0056013186,-1.0004981756,-0.047608565500000005,-0.7057411671,-0.1114359796,0.4199498296,-0.25779929760000003,-1.1035846472,-0.2518063486,-0.9419438839000001,0.0276233535,0.3086290658,-0.2604360282,-0.9754215479,-0.1804995388,-0.7924792767000001,0.1060621664,0.3225079179
178,277.697369,278.128079,277.697369,0.7011314631000001,279.6589660645,0.43905511500000005,279.1283569336,0.3803889751,279.4790039062,0.5976740718,279.3544616699,5.151488,4.609397,5.151488,-0.2087568045,5.0252695084,0.30503046510000004,4.1288304329,0.3457932472,4.6672959328,0.0374613293,4.9422316551000005,-1.628338,-1.513403,-1.6283379999999998,0.016047526200000002,-1.5907030106,0.0216884501,-1.6150234937999999,0.0160700139,-1.6286172867,0.023072440200000002,-1.6256824732,394.663404,410.637784,394.663404,-0.3024775386,402.0826416016,1.1944913864,398.6001586914,0.6795848012,397.7355957031,3.287088871,397.9914855957,1.138825,2.510483,-0.5360138171000001,-0.9787827871,0.22714924020000002,-0.6093713641,-0.609480679,-0.47476109860000004,-1.7501354218,-0.0917377546,0.3804041743,-0.3228576481,-0.956161797,-0.2086765766,-1.0188552141,0.1606682837,0.6353760362,-0.3119478822,-0.9521207213,-0.4099524617,-1.3367663622000001,0.1763050556,0.5004575253,-0.4065667093,-0.7761419415,-0.3721371889,-1.4507092237,0.2649083138,0.6094264984000001
179,277.469369,278.829536,277.469369,0.7185896635,279.7594909668,0.5324343443,279.2984619141,0.3670272827,279.3819885254,0.5018495321,279.2055358887,4.816773,4.801967,4.8167729999999995,-0.2400636971,6.826169014,0.29176628590000003,4.4618940353,0.4455196857,5.1211709976,0.2208134085,5.0479712486,-1.59823,-1.537,-1.59823,0.014179498,-1.5346052647000001,0.013402381000000001,-1.5519616604,0.0098997205,-1.5562731028,0.016099358,-1.562445879,402.123877,409.132057,402.123877,-0.9413670897,407.31640625,0.9290779829,406.3605957031,0.7676128149,404.2691650391,0.9205057025000001,404.6433410645,0.905089,2.315226,-0.5795331060000001,-0.6034388675,0.3452382639,-0.22758618,-0.7360990644000001,-0.38371101020000004,-1.4766907692,0.15997868780000002,0.6456874609000001,-0.0740844831,-0.7722030878,-0.23894271250000002,-0.9103829861,-0.1020321399,0.5507063866,-0.2030128688,-0.8621855378000001,-0.3416673541,-0.8758850694,0.1338602751,0.6052727103000001,-0.2620974183,-0.9003707767,-0.2380692512,-0.9767240882,0.07714697720000001,0.3469437063
180,278.04198,278.551766,278.04198,0.7185297608,279.8656005859,0.4846606255,279.5543823242,0.3535432518,279.6354064941,0.5375037789,279.6712036133,4.712677,5.058525,4.712677,-0.2361224741,6.5936927794999995,0.2186972201,4.0686359406,0.4481009245,4.6628770828,0.15846838060000001,5.177752018,-1.562901,-1.507052,-1.562901,0.012198016,-1.5127329826,0.011673189700000001,-1.5318940878,0.0050260555,-1.5507346391999999,0.0145363677,-1.5523320435999999,403.137232,409.284948,403.137232,0.1235644966,407.7698974609,1.3066538572,406.5345153809,0.7171354294000001,404.1184387207,1.2149989605,404.2620849609,0.789922,2.255696,-0.6290866731,-0.3328813882,0.3426618285,-0.3264738023,-0.5602685213,-0.2423354685,-1.0856308937,0.19816456740000002,0.5395454764000001,-0.38270485400000004,-0.7033592463,-0.32498931880000004,-0.4646591544,0.0331238955,0.7067180872000001,-0.29900857810000003,-0.9953049421000001,-0.22083304820000002,-0.6452742219000001,0.1691243947,0.6011760235,-0.2625872195,-0.9232522249,-0.2963796258,-0.6776866913,0.055340539700000003,0.6041645408
181,277.981507,278.600711,277.981507,0.7540769577,279.7908935547,0.5734798312,279.4454040527,0.44759294390000004,279.6652526855,0.5468255281000001,279.5131835938,4.764501,5.236167,4.764501,-0.3798081279,6.1509790421,-0.047738947000000004,4.3511972427,0.28267416360000003,4.7801933289,0.1607582271,4.8996839523,-1.549046,-1.552495,-1.549046,0.0147804096,-1.5046608448,0.0141023397,-1.5147378445,0.0123046078,-1.5272367001,0.015329222200000001,-1.5393210649,404.460826,402.681348,404.460826,-0.5853633881,406.3407592773,2.7465500832,405.1198730469,1.2624337673000001,405.4429321289,1.0040477514,408.0437316895,1.00948,2.328293,-0.7479868312,-0.10916949990000001,0.6690648322,-0.2814830542,-0.5791400075,-0.2059192061,-0.96857059,0.1703124791,1.0017992258,-0.10773403940000001,-0.7168738246,-0.1421059072,-0.3805888295,0.1835831702,1.2470121384,-0.2540715039,-0.8912838697000001,-0.0982369483,-0.2861851156,0.2478089929,1.0783941746,-0.2494959682,-1.0220605135,-0.284838289,-0.41474610570000003,0.1783905774,1.0033376217
182,277.429095,278.689073,277.429095,0.7946990728000001,279.8341674805,0.5624198318,279.3448486328,0.4833326638,279.3674316406,0.6592024565,279.443572998,4.551641,4.96851,4.551641,-0.15911534430000002,6.5799455643,0.322882086,4.4984970093,0.30771303180000004,4.9320249557,0.1609110087,4.8784770966,-1.588628,-1.574272,-1.588628,0.0130886603,-1.5564329624000002,0.0153399017,-1.5677998066,0.0038197823,-1.5920650959,0.015830822300000002,-1.590036869,405.44688,401.001881,405.44688,-0.07193930450000001,405.3071899414,0.5518034697,403.5798950195,2.1841127872,404.2836303711,2.7850549221,406.7385864258,1.476696,2.443199,-1.1598927488,0.20063729230000002,0.891640929,-0.2502665222,-1.1100827456,-0.26079016920000003,-0.1591219902,0.3512234688,0.9132337570000001,-0.29965186120000004,-1.3404318094,-0.061095006800000004,0.3885367811,0.1566972733,1.5077668428000002,-0.4289518893,-1.5189234018,-0.0200064629,0.1144017875,0.234710142,1.2357002497,-0.39786118270000004,-1.5210859775999999,0.08968487380000001,0.270816654,0.4004432261,1.1600718498
183,276.852314,278.402122,276.852314,0.7192516327,279.9297180176,0.5142624974000001,279.5723571777,0.4347195625,279.4501953125,0.5562628508,279.4108886719,4.153869,5.459517,4.153869,-0.5231605768,6.6986961365,0.0810219124,4.6194410324,0.1808820665,5.171356678,0.041509144000000005,4.7963676453,-1.603311,-1.581548,-1.603311,0.0161817707,-1.5645922422,0.019734013800000002,-1.5777510405,0.0182264522,-1.5841008425,0.0186662432,-1.5856491327,402.66723,405.184756,402.66723,0.5373430252,406.4889831543,2.2740755081,404.8989257812,0.5128402114,405.7799987793,2.1245465279,403.4326171875,1.457452,2.165799,-0.9251076588,0.8051526465000001,0.7874466405,-0.2496996075,-1.2716145515,0.056563712700000005,0.3974788785,0.3462233543,1.0509231091,-0.3318121135,-0.9598963261000001,0.2680085599,0.9479409456000001,0.25021266940000003,1.1679389477,-0.430323869,-0.9311067462,0.4073943794,1.1197280884,0.1293498129,1.134090662,-0.3216304481,-1.1244857311,0.3076878786,1.3404221535,0.42025017740000004,1.1313427687
184,277.261242,278.553078,277.261242,0.7522982359,279.6325378418,0.5852695704,279.250579834,0.4754182696,279.3257141113,0.6161178350000001,279.2310791016,4.712307,4.907331,4.712307,-0.40740984680000003,6.0813512802,0.1870439351,4.4535536766,0.18940556050000001,4.74127388,0.0434316769,4.7313160896,-1.601265,-1.583761,-1.601265,0.015140930200000001,-1.5802519321,0.0212237425,-1.5825855732,0.0170519296,-1.6063482760999999,0.0201797672,-1.6150946617000002,401.243344,405.746243,401.243344,-1.1132919788,404.3865966797,1.1628289223000001,403.8382263184,1.5162476301,403.4318237305,4.4647216797,402.6302185059,1.268469,2.186313,-0.8789718182,0.6816982077,0.6096790561000001,-0.1937689185,-1.1602874994,0.2966177464,0.6441258788,0.0761392266,0.7821341753000001,-0.21928684410000002,-1.1922166348,0.2893820107,1.2485886812,0.1792212278,1.0009540319,-0.4904664755,-1.022990942,0.2758983374,1.127412796,0.1252344102,0.8067014813000001,-0.28345113990000004,-1.1606024504,0.3205041885,0.9740669727000001,0.2171982527,0.7662047148000001
185,277.134491,278.420487,277.134491,0.7697322369,279.8708190918,0.5800954103,279.478729248,0.43234428760000004,279.6250915527,0.6686062217000001,279.4205627441,4.611711,4.62327,4.611711,-0.3793656528,6.1964969635,0.20923274760000002,4.5991444588,0.2454245985,4.6656236649,0.2048820406,4.5406274796,-1.624167,-1.559106,-1.624167,0.0198871922,-1.5964798927000001,0.024965357,-1.6025099754,0.0239608418,-1.6249094009,0.0247360524,-1.6298514605,403.408875,407.311134,403.408875,0.0980295092,406.4588317871,2.8182682991,404.0262451172,0.9912576675,403.9352722168,0.8833435774,402.8536987305,1.419203,2.350924,-0.8809301298000001,0.8390506169,0.7308175213,-0.4917613864,-1.2523481846,0.1298941672,0.3496623933,0.2780877054,1.0974029303,-0.3129662275,-1.3018554449,0.3315240145,1.2304935455,0.2789854109,1.1597943306,-0.5359364748000001,-1.1268872023,0.4562834203,1.1820368767,0.19509273770000002,1.072627902,-0.3354515433,-1.2091751099,0.4137874842,1.149974227,0.2503745556,1.0179821253
186,277.503196,278.232728,277.503196,0.7676782012000001,279.6502990723,0.5373703837,279.2926330566,0.4184524417,279.3200683594,0.6010890007,279.3401489258,4.968339,4.772127,4.968339,-0.42245119810000004,6.5282120705,0.0111581609,4.7387266159,0.20644722880000002,5.2729315758,0.0840251818,4.955728054,-1.574881,-1.569566,-1.574881,0.015141135100000001,-1.5516991615,0.018152032000000002,-1.5595804453,0.013154075500000001,-1.5749218464,0.015620467300000001,-1.5852868557000002,401.624951,400.194188,401.624951,0.1681304127,405.2351989746,1.0530052185,404.8283691406,1.7423368692,405.9056091309,2.4520611763,403.7290344238,1.245398,2.245433,-0.8599634167,0.5818159274,0.6877284959000001,-0.1936541796,-1.232945323,0.26054325700000003,0.25168538090000003,0.40024983880000004,1.0189788342,-0.3022051752,-1.2356139421,0.17749613520000002,0.8239716291,0.25478705760000003,1.13250947,-0.5520601273,-1.1076103449,0.1909053028,0.9258733988000001,0.1239633188,0.9777553082,-0.2791578174,-1.2191487551,0.23380322750000002,0.8037540317,0.2551111877,0.8263082504
187,277.013007,278.333458,277.013007,0.7462149262000001,279.791809082,0.5467956662,279.3385314941,0.4921576977,279.4169921875,0.6593093276,279.3659667969,4.578762,4.75819,4.578762,-0.38423886900000004,6.4757614136,0.2316588461,4.587896347,0.3912685513,5.048148632,0.2734618783,4.6667575836,-1.606071,-1.491355,-1.606071,0.012097735,-1.5828807354,0.011669809000000001,-1.5988067389,0.0018256716,-1.6095658541,0.0162493438,-1.6087942122999999,409.100273,410.309728,409.100273,-0.039334964,406.8034973145,0.8645905256,406.1767272949,1.7519836426,407.124786377,1.8555239439000002,409.2522583008,1.329632,2.059331,-1.0086817969,0.8291298301000001,0.2510492764,-0.5928512216,-1.2317869663,0.0748773664,0.5842757225,0.28512534500000003,0.5591852069000001,-0.4990929961,-1.3265279531,0.1546434462,1.2215868235,0.2391826212,0.7061180472,-0.5911440849,-1.4501188993,0.33459994200000004,1.1110788584,0.2061390579,0.6746688485,-0.42350855470000004,-1.4625935555,0.2586910725,1.0677881241,0.1263966411,0.4086531699
188,277.22005,277.969926,277.22005,0.7130200863,279.6912536621,0.5120326281,279.2704162598,0.3432386518,279.3704833984,0.48751410840000003,279.4348144531,4.655017,4.532935,4.655017,-0.3293015063,5.0937547684,0.21038332580000002,3.8884673119,0.31786575910000003,4.7560381889,-0.0008772742,5.0471353531,-1.658039,-1.501418,-1.658039,0.021691706,-1.6140065193000002,0.027266070200000003,-1.6094667912,0.0308295563,-1.6237888336,0.032843329000000004,-1.6162337065,393.761439,407.258689,393.761439,0.421751529,402.5001525879,2.560895443,398.05859375,3.4580512047,394.2967224121,1.9832234383,395.5552368164,1.080649,2.410786,-0.7974654219,-0.6877801082,0.2425073354,-0.6956982613,-1.1859860420000001,-0.2675614953,-1.1191871166,-0.0662182197,1.0850884914,-0.0862448886,-1.1622706651999999,-0.1965391189,-0.5279248953,0.0805135369,0.32700333,-0.3800985217,-1.1870281696,-0.24080438910000002,-0.6465921402,0.1017334908,0.43098232150000004,-0.3089328706,-1.206319809,-0.2135668397,-0.9098510742,0.0750142708,0.27866214510000004
189,276.741611,279.002771,276.741611,0.7751269341,279.3637695312,0.5487760901000001,279.000793457,0.38602006440000003,279.3313293457,0.6193307638000001,279.3806152344,4.273669,4.698993,4.273669,-0.4986970425,4.5736441612,-0.0109806582,2.9620709419,0.24812680480000002,4.2152099609,0.0371744633,4.6413373947,-1.61957,-1.533692,-1.61957,0.0163536891,-1.5891560316,0.0191956628,-1.5976765156,0.0203140415,-1.6092185974,0.0227019265,-1.6123931408,397.633941,408.277015,397.633941,0.0022365935,406.1036987305,1.2794276476,401.544708252,0.909727335,401.1194763184,0.9026538134000001,402.1082763672,0.928009,1.384863,-0.56348266,-0.7295734152000001,0.106819149,-0.3565815687,-0.6907540560000001,-0.516918838,-1.1055034399,0.11372932790000001,0.8247939944,-0.26802417640000004,-0.946739018,-0.457059443,-1.0021187067,0.1037566885,0.4455569983,-0.3168880939,-0.95907408,-0.29638201000000003,-0.7241587043000001,0.14861096440000002,0.4159080684,-0.20843161640000002,-0.7942026854,-0.16693970560000002,-0.8162195683,0.09366642680000001,0.4801317155
190,277.6598,278.645061,277.6598,0.7107685208000001,279.5135498047,0.4324309826,279.0502624512,0.2307630181,279.4291381836,0.4563433528,279.3895263672,4.993057,5.266867,4.993057,-0.220548287,4.1812238693,0.544917345,3.6054928303000002,0.5132062435,4.6326165199,0.1325220913,4.7013173103,-1.713844,-1.564062,-1.713844,0.0195454638,-1.6646847725,0.021062891900000002,-1.6833828687999999,0.0167319868,-1.7008194923,0.016620066,-1.6950930357,387.982541,401.477502,387.982541,-0.0067118444,398.7656860352,0.6034656167,392.4747314453,0.6723385453,391.577331543,2.2703523636,395.4024963379,1.194073,1.31811,-0.8713766317,-0.7450040224000001,0.3338882657,-0.6282331347,-1.2411698103,-0.13123367730000002,-0.8904497623000001,0.0802726671,1.0884182453,-0.2028119415,-1.0545095205,-0.3139837682,-0.4381097257,-0.0269821677,0.5026554465,-0.3805558681,-1.2481197119,-0.2608933747,-0.8009793162000001,0.1053051353,0.4530342221,-0.3852204382,-1.3063700199000001,-0.30177301170000004,-0.8936912417,0.13730593030000002,0.4566912353
191,278.078622,278.587556,278.078622,0.7394569516,280.0481262207,0.4716202021,279.5420837402,0.33245018120000003,279.6905212402,0.49202448130000004,279.7847595215,4.959292,4.813713,4.959292,-0.2155593932,6.0167589188,0.276225239,4.4737863541,0.24553790690000002,4.6922068596,0.0579336658,5.1659231186,-1.597993,-1.668881,-1.597993,0.012431087,-1.5424644947,0.013984901800000001,-1.5580177307,0.0103423558,-1.5685322285,0.0236227848,-1.5729982853,405.357146,386.287039,405.357146,-0.5575464964,405.8840332031,1.2827996016,405.6785583496,3.1942071915,404.2953186035,0.8690276146,404.9645996094,0.87665,1.768389,-0.7855026251,-0.388870671,0.0167294465,-0.40898635980000003,-1.2722021341,-0.17267690600000002,-0.2593655586,0.0678210258,0.4842274487,-0.10030832890000001,-1.0062974691,-0.069185093,-0.1954340637,0.1481984109,0.0009391494,-0.2766355574,-1.276209116,-0.019524693500000002,-0.3214029968,0.0553649031,0.0565829985,-0.3567147851,-1.1587607861,-0.24136304860000002,-0.3926599622,0.143346563,0.149126783
192,277.583307,277.875126,277.583307,0.7568022013,279.7646179199,0.5283231139,279.3382263184,0.4404942691,279.4430847168,0.6144225001,279.5877075195,4.77286,4.553096,4.77286,-0.1957224309,5.9903249741,0.2343304455,4.4748568535,0.23687212170000002,4.8092985153,0.0519178286,5.1782307625,-1.560472,-1.596805,-1.5604719999999999,0.0159080066,-1.5243144035,0.0197415687,-1.5346244574,0.0167424325,-1.5486972332,0.0175982751,-1.5582734346,397.860788,395.505357,397.860788,-0.23862783610000002,405.5379333496,1.362234354,402.085723877,0.786585331,400.1105651855,1.3508242369,401.7355041504,1.288788,2.522556,-1.141361912,-0.5985506341,-0.0023287599,-0.5219995379,-1.7643213272,-0.1785343587,-0.5626078844,-0.3139656782,0.073564142,-0.4169336557,-1.8016492128000001,-0.2952163815,-0.5212638974,0.0774526447,-0.18025776740000002,-0.5747197270000001,-1.7706849574999999,-0.2654082477,-0.5745797753,-0.044751204600000004,-0.1638813913,-0.47278657560000004,-1.6935358047,-0.23026481270000002,-0.6093200445,-0.1658470035,-0.18104180690000002
193,277.661514,278.090018,277.661514,0.6749258041,280.0776367188,0.4873860776,279.6014709473,0.45799675580000004,279.705657959,0.5427080393,279.6204223633,4.915976,4.551792,4.915976,-0.35639005900000004,5.9357619286,0.3494001627,5.0061903,0.1524868011,4.7182617188,0.0039882157000000005,5.141992569,-1.529546,-1.574452,-1.5295459999999999,0.013311537,-1.5201005936,0.0121011138,-1.5374038219,0.0095113944,-1.5445086956,0.0107916379,-1.5657173395,409.268972,407.661517,409.268972,1.0099048615,405.9242858887,0.2619464695,408.243560791,0.10446220640000001,411.7632141113,-0.7958467007000001,410.8136901855,1.151504,1.288357,0.3448109482,0.6085650175,-0.9147211716,0.207515046,0.6767378449,0.1260341406,0.6954521537,-0.5005232692,-1.1733865738,0.1502816528,0.3552404642,0.151068151,0.6245492101,-0.48126804830000003,-1.1608946323,0.3248183727,0.49845349790000004,0.0928571597,0.6138409376,-0.4789380729,-1.2019405365,0.255520016,0.6937490702,0.2397037148,0.7792371511,-0.48677504060000004,-1.3806022406
194,277.741853,278.434784,277.741853,0.7778607607,279.7021179199,0.5328627229,279.315032959,0.4737846851,279.673248291,0.6106826067000001,279.5934753418,5.249286,4.461902,5.249286,-0.5476042032,5.0994849205,0.2545043528,3.8551487923,0.4120453894,4.3596696854,0.0130000357,4.9517521858,-1.640689,-1.616981,-1.640689,0.0152749754,-1.6030983925,0.0215331465,-1.6172130108,0.0208257716,-1.6262127161,0.0244539119,-1.6227060556000001,399.276838,386.532317,399.276838,0.1522634178,405.8739929199,-0.1684762836,401.3647460938,0.4400172234,403.020111084,3.1571717262,405.1123657227,0.995276,2.139564,-0.8756715450000001,-0.3913324635,0.2657664816,-0.2148491293,-1.3127422333,-0.2792194784,-0.0841492191,0.31909772750000004,0.5045398474,-0.1249856949,-1.1462872028,-0.131826207,-0.3834469318,0.0038796347,-0.0077402964,-0.42161929610000004,-1.2219649553,-0.29629838470000003,-0.4234907627,0.1546792388,0.1906176805,-0.3458085656,-1.3447853327,-0.20678167050000001,-0.4857304692,-0.048213888,0.3095226884
195,276.936941,278.69203,276.936941,0.7945510745000001,279.3967590332,0.5060944557,278.7663879395,0.43237486480000004,278.9483032227,0.5247617960000001,278.9497375488,5.12137,5.048096,5.12137,0.0725162625,5.8425254822,0.3225305974,4.3368535042,0.2516796887,4.9949479103000005,-0.0824984759,5.0271549225,-1.693416,-1.594712,-1.693416,0.0287108012,-1.6586818695,0.0344114378,-1.6541432141999999,0.0413959324,-1.6672142744,0.0450429767,-1.6523669958,389.482532,398.152372,389.482532,-1.1692260504,398.7836303711,0.7756385803,393.4095458984,3.5288376808,394.2088012695,2.6290962695999998,389.207244873,0.79853,1.715614,-0.7150053742,-0.3489722557,0.06809246840000001,-0.1325453222,-1.4208823442,-0.600428462,-0.4421992302,0.2989943624,0.41584354640000004,-0.3342318535,-1.1374562979,-0.10468553750000001,-0.9547243714,0.015572700600000001,0.1311702579,-0.347668916,-1.3864842653,-0.1618660092,-0.6820452809,0.06582387540000001,-0.023024268400000002,-0.312931031,-0.9610499144,-0.1313348711,-0.4918149114,0.1492171735,0.3249568343
196,277.083821,277.764696,277.083821,0.7389535904000001,279.6384887695,0.4669917226,278.9626464844,0.3930902779,279.082244873,0.5810365677,279.2926635742,4.892737,4.639055,4.892737,0.154216975,4.9813370705,0.42705610390000004,3.9686584473,0.44516929980000003,4.9047574997000005,0.1484713405,5.0164418221,-1.734403,-1.522969,-1.734403,0.02635625,-1.7017002105999999,0.0324473977,-1.7012100220000002,0.0369591117,-1.7052910328,0.0437962599,-1.7018789053,389.269458,393.922773,389.269458,0.8740497828,399.2574157715,1.4895541668,394.5767822266,1.141895771,393.3150024414,-0.8547394276,389.8622131348,1.102769,1.881051,-0.848265712,-0.6111534670000001,0.3507654907,-0.0221422166,-1.430513978,-0.7521594763,-0.604557097,0.1961604804,0.2686327696,-0.3852050602,-1.3890197277,-0.16336444020000002,-1.3300492764,-0.1248388737,0.27105802300000004,-0.4690274894,-1.2693687677,-0.252201885,-1.1511743069,0.0568359941,0.2126182318,-0.38382592800000004,-1.1031067371,-0.2812657058,-0.9049522281,0.0283939894,0.4113482833
197,277.130719,278.618445,277.130719,0.725843668,279.6481933594,0.5265799165,279.2574462891,0.4765876532,279.2901000977,0.6326869726000001,279.416015625,4.624914,5.173187,4.624914,-0.4201666415,6.1872243881,0.5780055523000001,3.8489208221,0.30721327660000003,4.7929091454,0.1727443337,4.9042992592,-1.630307,-1.516709,-1.630307,0.0185070653,-1.5740625858000001,0.021431982500000002,-1.5814641714,0.019398961200000002,-1.5806682109999999,0.0322958566,-1.5746262074000001,400.526412,416.071074,400.526412,2.0454955101,405.8839416504,0.9948446751000001,403.8379211426,2.0386457443,403.4653320312,2.4278993607,401.688293457,1.175045,1.574286,-1.1599313321,-0.012509644700000001,0.1874400219,-0.6831934452,-1.6835032701000001,-0.1870878637,-0.0116426945,0.1089138389,0.0338331312,-0.32975840570000003,-1.7032612562,-0.0912180096,-0.3204892278,0.19819583000000002,0.5541287065,-0.6726068854,-1.881375432,0.011500777700000001,-0.0991998464,0.018043261,0.4052183628,-0.41293579340000003,-1.5459061860999999,-0.0261557028,-0.24263173340000002,0.1592711806,0.5055454969000001
198,277.725306,278.6806,277.725306,0.7551154494000001,279.9526672363,0.5010427833000001,279.5021057129,0.43370884660000003,279.6658630371,0.6314719915,279.7722167969,4.749467,5.238235,4.749467,-0.18861737850000002,7.1585092545,0.35275533800000003,5.3113617897,0.3568589985,5.1994218826,0.1976463646,5.3065896034,-1.518803,-1.52687,-1.5188030000000001,0.018400721300000002,-1.4778193235,0.0204791222,-1.4816989899,0.0189415663,-1.4943944216,0.0238361377,-1.4971897602,402.95344,403.111934,402.95344,0.2980656922,402.8833312988,1.1234781742,403.6083984375,0.5127841830000001,405.7523803711,0.539067924,405.2517089844,1.207757,1.568142,0.7645606055,-0.0119603873,-0.9348691997,0.3782496154,1.3090163469,-0.2732911408,-0.06558942050000001,-0.3901047111,-0.9762964249,0.3714856505,1.0523859262,-0.2196184844,-0.1688089371,-0.371017009,-1.1723294258,0.3992809355,1.1805839539,-0.1984556019,-0.38445433970000004,-0.4465286732,-1.1517891884,0.47028017040000003,1.2616964579,-0.1262390763,-0.20909783240000002,-0.3665856719,-1.3564127684
199,277.036739,278.432815,277.036739,0.7455897927,279.607635498,0.5055484176,279.2192077637,0.4053936005,279.2426757812,0.5946862698000001,279.1466064453,4.844762,4.933331,4.844762,-0.48592415450000004,6.586479187,0.027686603400000002,4.5919122696,0.3571584225,5.0692205429,0.1550175548,4.9845762253,-1.578863,-1.580258,-1.5788630000000001,0.0132937934,-1.5289492607000001,0.0135963447,-1.5415269136,0.0097822566,-1.5493849516,0.019228689400000002,-1.5521948338,406.68338,403.393739,406.68338,0.045215863700000004,408.7062683105,0.6352930665000001,406.6558227539,0.3111271262,406.2700500488,5.8466529846,405.6690979004,0.894474,2.574696,-0.8101490099,-0.29806996620000004,-0.2343014841,-0.5193047523000001,-1.4261399508000001,-0.24835792180000002,-0.3361600637,-0.0812295526,-0.9078038931,-0.3208404481,-1.1598035097000001,-0.1376827061,-0.8243915439,-0.07498274740000001,-0.6023252010000001,-0.5240648985,-1.1383795738,-0.1192215979,-0.9821245074,-0.18471735720000002,-0.4444731772,-0.33521333340000004,-1.1855137348,-0.1400979012,-0.6790295839,-0.0474997424,-0.4924024343
