frame_idx,eat_gas_ref,eat_solvent_ref,eat_gas_base,eat_pred_delta_30,eat_pred_direct_30,eat_pred_delta_40,eat_pred_direct_40,eat_pred_delta_50,eat_pred_direct_50,eat_pred_delta_70,eat_pred_direct_70,gap_gas_ref,gap_solvent_ref,gap_gas_base,gap_pred_delta_30,gap_pred_direct_30,gap_pred_delta_40,gap_pred_direct_40,gap_pred_delta_50,gap_pred_direct_50,gap_pred_delta_70,gap_pred_direct_70,mbd_gas_ref,mbd_solvent_ref,mbd_gas_base,mbd_pred_delta_30,mbd_pred_direct_30,mbd_pred_delta_40,mbd_pred_direct_40,mbd_pred_delta_50,mbd_pred_direct_50,mbd_pred_delta_70,mbd_pred_direct_70,pol_gas_ref,pol_solvent_ref,pol_gas_base,pol_pred_delta_30,pol_pred_direct_30,pol_pred_delta_40,pol_pred_direct_40,pol_pred_delta_50,pol_pred_direct_50,pol_pred_delta_70,pol_pred_direct_70,dip_gas_ref,dip_solvent_ref,dip_gas_base_x,dip_gas_base_y,dip_gas_base_z,dip_pred_delta_30_x,dip_pred_direct_30_x,dip_pred_delta_30_y,dip_pred_direct_30_y,dip_pred_delta_30_z,dip_pred_direct_30_z,dip_pred_delta_40_x,dip_pred_direct_40_x,dip_pred_delta_40_y,dip_pred_direct_40_y,dip_pred_delta_40_z,dip_pred_direct_40_z,dip_pred_delta_50_x,dip_pred_direct_50_x,dip_pred_delta_50_y,dip_pred_direct_50_y,dip_pred_delta_50_z,dip_pred_direct_50_z,dip_pred_delta_70_x,dip_pred_direct_70_x,dip_pred_delta_70_y,dip_pred_direct_70_y,dip_pred_delta_70_z,dip_pred_direct_70_z
0,418.086725,418.298874,418.086725,0.7623018026,420.9686279297,0.8090697527,420.9836730957,0.8987333179,420.9367980957,0.8361649513,420.9318237305,4.50278,4.271212,4.50278,-0.1403212547,6.4577999115,-0.1499592662,6.2242980003,0.0150090232,4.770377636,0.0584164634,4.1639118195,-2.159654,-2.152984,-2.159654,0.015193712000000002,-2.1279034615,0.0174911544,-2.1376230717,0.0205668099,-2.1614308357,0.017664933600000002,-2.1491520405,550.162503,558.241525,550.162503,1.2956821918,537.6631469727,0.4677190483,542.7963256836,0.9257054329000001,551.2946777344,1.7463850975000001,553.1403198242,0.8915,1.385382,-0.13746396630000002,0.8561774983,-0.20696991750000002,-0.1704426557,-0.34712022540000004,0.2376784384,0.9190729856000001,-0.47211539750000003,-0.445377171,0.0492016375,-0.229729116,0.0937719047,1.2086076736,-0.3625281155,-0.6011861563,-0.0016327351,-0.1451586783,0.15408001840000002,1.111807704,-0.2395212948,-0.4683086276,-0.0582048036,-0.23892816900000002,0.207081452,1.0011777878,-0.2295228541,-0.6538030505
1,418.098193,418.976733,418.098193,0.6031269431,420.9477539062,0.6876695156,420.9675292969,0.8647610545000001,420.983581543,0.7870227098,421.0058288574,4.604101,4.220616,4.604101,-0.49374848600000004,6.5609331131,-0.0578490794,5.9511427879,-0.1400057673,4.8907232285,-0.1316441596,4.3978037834,-2.166367,-2.128902,-2.166367,0.0119627854,-2.1592783928,0.0113895759,-2.1736049652,0.0104785711,-2.1875419617,0.0078795515,-2.1835477352,563.487144,562.041372,563.487144,0.5131539702,541.6450195312,1.2447078228,552.7999267578,1.3792229891,556.3394775391,2.3901734352,560.9867553711,0.796449,0.793147,-0.1715652982,0.5538129104,-0.5460661824,-0.2035472691,-0.3365206718,0.11589005590000001,0.7071157098,-0.6725043058,-0.8696109056,-0.1336499751,-0.3484665453,0.0301606357,0.7717058063000001,-0.5132734776,-0.6023056507,-0.0212236457,-0.21095222230000002,0.1604662687,0.6370780468,-0.4088009596,-0.816649735,-0.14110608400000002,-0.2961219251,0.1555055529,0.5758612752,-0.30857729910000004,-0.8247602582
2,418.799658,418.712703,418.799658,0.6814293265,421.0083312988,0.7309413552,421.0668945312,0.8766602278000001,421.2637634277,0.8014895916,421.2509765625,4.550746,4.228446,4.550746,-0.3468261361,6.4281101227,-0.1404609084,6.0925893784,-0.019940272000000002,4.5325169563,0.1120484471,4.1248846054,-2.16192,-2.213391,-2.16192,0.0136883929,-2.1295161247,0.0153071322,-2.1464853287,0.0196363237,-2.1645114422,0.0189498235,-2.1576168537,562.205748,544.579797,562.205748,1.5300964117,543.3968505859,-0.0939740539,553.2467041016,-0.07843256,556.9434814453,-0.32962846760000003,558.0794067383,0.53184,0.37883,-0.0093921982,0.5085926639,-0.1552372042,-0.2501982749,0.3135240078,0.5234847665,0.6106736064,-0.0935820192,-0.07851330940000001,0.0286708977,0.1539634764,0.13059692080000002,0.7554554939,-0.1529475451,-0.14719890060000002,0.12982225420000001,0.1802836061,0.2469134182,0.8276924491000001,-0.1360140145,-0.0934941173,-0.0236493275,-0.0018496662,0.263856709,0.8176378608,-0.1234756708,-0.40562716130000004
3,418.847765,419.582,418.847765,0.7535193563,421.535949707,0.8310484290000001,421.5798339844,0.9057357311,421.564453125,0.7502936125,421.496307373,4.691731,4.158166,4.691731,-0.4160586894,6.2979183197,-0.1679510772,6.3398342133,-0.0792345405,4.9133954048,-0.1660834253,4.3859839439,-2.207554,-2.201212,-2.207554,0.0185765661,-2.1723549366,0.0202288404,-2.1806492805,0.0274862126,-2.2085168362,0.0241719652,-2.1987812519,558.627642,560.461041,558.627642,0.6361673474,543.7675170898,0.2166514099,550.9877319336,1.7410120964,555.0263061523,0.5164963007,556.4065551758,0.731013,0.657278,-0.5398085677000001,0.4802270751,-0.1112117836,-0.4029952288,-0.5289136767,0.1005004048,0.49867808820000004,-0.2025996,0.0204860866,-0.1838621795,-0.5573743582,0.1950202435,0.6520787477000001,-0.0504149012,-0.0710126311,-0.12846390900000002,-0.529221952,0.1455554068,0.6073809862,0.11302758010000001,-0.2346920073,-0.1913424134,-0.7645844817,0.1846450567,0.5993337631,-0.1161824018,-0.2232810855
4,418.333591,419.366929,418.333591,0.7453091145,421.3494873047,0.7859426737,421.3710327148,0.9186247587,421.3178710938,0.8841543198,421.157623291,4.692356,4.526709,4.692356,-0.3827226758,6.5606746674,-0.1296472698,6.0306887627,-0.0834698677,4.7244801521,-0.0247255042,4.137348175,-2.151472,-2.175256,-2.151472,0.0133925676,-2.1308822632,0.014012419600000001,-2.1439921856,0.015513555100000001,-2.1726608276,0.005427409,-2.1592681408,560.419938,548.970686,560.419938,1.0792615414,544.8402099609,-0.13415005800000002,552.668762207,0.3730239272,555.6033935547,1.0096561909,556.9171142578,0.541799,0.640674,-0.3803893327,0.37495899520000003,-0.090860232,-0.4798975885,-0.42772251370000003,0.48206427690000003,0.6977385879,0.11581151190000001,-0.0716784447,0.034265071200000004,-0.3208790123,0.1678421497,0.8284740448,-0.0377656594,-0.12691536550000002,-0.07468449320000001,-0.3940944374,0.3176211715,0.9403051138,-0.0424695499,-0.13520294430000002,-0.09564507010000001,-0.5426397324000001,0.2194342166,0.7897292376,0.0147743002,-0.0312818587
5,418.233017,419.188862,418.233017,0.8102607727000001,420.7506713867,0.8381088376,420.7434692383,1.0118355751,420.5546264648,0.8576109409,420.4063415527,4.73239,4.582596,4.7323900000000005,-0.1763211191,6.5309104919,-0.3323603868,5.9128928185,0.0390469655,5.284070015,-0.126640141,4.2760429382,-2.259776,-2.284895,-2.259776,0.0257844944,-2.2010223866,0.0336211324,-2.2022743225,0.0429517701,-2.2078180313,0.0434308276,-2.2114114761,544.49942,532.459145,544.49942,1.0507524014,530.8963012695,1.5608220099999999,535.9591674805,3.2100572586,539.6688232422,1.7593355178999999,542.8303222656,1.414929,1.610912,0.33843775670000004,-1.1202199738,0.7953567705,-0.3399969339,0.029858484900000003,-0.5283014774,-1.0824319124,0.5434282422,1.028673172,-0.054992035,0.3512651324,-0.3691421151,-1.2519873381,0.3712906837,1.2013779879,-0.1866999567,0.3065481782,-0.4623742402,-1.3423092365,0.36360281710000003,1.2282694578,-0.1051218435,0.20599466560000002,-0.5057000518,-1.6481440067,0.2809861898,1.0385918617
6,418.726276,419.033825,418.726276,0.6899490952,421.3885498047,0.7240692377,421.2040710449,0.8605785370000001,421.3518371582,0.8324846625000001,420.9508972168,4.55325,4.299976,4.55325,-0.411821425,6.6298036575,-0.0868064761,6.0451860428,0.0191062465,4.9199099540999995,0.1083271205,4.0539712906,-2.193709,-2.168051,-2.193709,0.014330795,-2.153724432,0.0130407326,-2.1703846455,0.0163296573,-2.1903319359,0.015221141300000001,-2.1731350422,567.873716,555.70179,567.873716,1.1933096647,550.9554443359,0.2412682474,559.3847045898,0.3064169288,561.7943725586,0.48263859750000004,562.3894042969,0.73347,1.205018,-0.49095772190000003,0.5123860478,-0.1854714321,-0.1425756067,-0.3418277502,0.7354400158000001,0.5478110909,0.10654792190000001,-0.27323120830000003,-0.2272123098,-0.5469954014,0.2914259732,1.0818363428,-0.0412172787,-0.4622761309,-0.141112864,-0.7641445994,0.410556525,1.0096149445,0.0494509116,-0.3745386899,-0.17803454400000002,-0.8380696774,0.3378383219,0.8170815706000001,0.1529725194,-0.25999295710000003
7,418.614783,419.207924,418.614783,0.6792052984,420.9074707031,0.7850968838,421.2661132812,0.8934841156000001,421.039276123,0.8592967987000001,421.2050476074,4.386009,4.716889,4.386009,-0.30633392930000003,6.6558828354,0.12070722880000001,5.8035111427,0.0373064727,4.9259343147,0.031867984700000004,4.421005249,-2.191956,-2.126406,-2.191956,0.0155581981,-2.1657719612,0.0172801465,-2.1765985489,0.023288313300000002,-2.1872425079,0.0181681942,-2.1845214367,558.481129,560.091005,558.481129,0.8248746991,543.9973754883,0.8986925483,550.1796875,0.8305929899000001,554.7047119141,2.5349988937,555.1798095703,0.446275,0.523047,-0.2744871208,0.2813127227,0.21137894000000002,-0.38772204520000003,-0.5252836347000001,0.4259917736,0.7218673825,-0.1277818382,0.40115106110000004,0.0216076225,-0.5743599534,0.2010294646,0.4848048091,0.16202169660000001,0.21078015860000002,-0.0228918232,-0.3299761117,0.1367099434,0.4719467163,-0.0402489789,0.1047068015,0.068833515,-0.13207694890000002,0.0624370016,0.2900742888,0.023217663200000002,0.080564335
8,418.66127,418.853457,418.66127,0.7280982733,421.0335083008,0.8161811829000001,421.2202758789,0.9853028655,421.2708435059,0.8598478436,421.1104431152,4.670408,4.437,4.670408,-0.3937263489,6.4014234543,-0.2583481669,6.346282959,-0.09260138870000001,4.7901730537,0.031794052600000004,4.1871094704,-2.18778,-2.188963,-2.18778,0.0167040415,-2.1543824673,0.0174102262,-2.1637690067,0.022421347,-2.1813335419,0.018744399800000002,-2.1677122116,555.64337,556.020086,555.64337,0.3048691154,542.4417114258,0.3901078999,549.5727539062,0.47871774440000003,553.7897949219,2.0971176624,554.6201782227,0.796376,0.187521,-0.6623493067,-0.2838695766,0.3390067966,-0.409185648,-0.7850694656,0.13621215520000002,0.2782145441,-0.0499409623,0.2583905756,-0.2881814241,-0.8202588558,0.08319316800000001,0.0128409006,0.0869623795,0.20748981830000002,-0.32476973530000003,-1.1397738457,0.0980922803,-0.0766860619,0.1537742466,0.4266424179,-0.28740963340000003,-0.9193862677,0.0007132962,-0.1163434386,0.1432124972,0.4246153831
9,417.701909,418.822173,417.701909,0.6808356047,420.8816223145,0.7745079398,421.0588989258,0.9134540558,420.7483825684,0.8446615934,420.6635437012,4.40763,4.572712,4.40763,-0.3101535439,6.0189695358,0.1125725135,5.8867874146,-0.1899103522,4.4502902031,-0.11911151560000001,4.1057567596,-2.161442,-2.178973,-2.161442,0.013485169,-2.1401295662,0.0161732584,-2.1505150795,0.023490171900000002,-2.1626062393,0.0185782816,-2.1599965096,572.123687,558.282593,572.123687,1.4511156082,548.1580810547,0.9831479192,556.803894043,2.0265822411,560.8920288086,-0.9722361565000001,561.866394043,1.387646,0.608298,-0.5972181281,-1.1683085493,0.45160387700000004,-0.2393123955,-0.7894340754,-0.34739288690000003,-0.9525790811,-0.1357347518,-0.0810240507,-0.26193815470000004,-0.6798607111,-0.4086976349,-1.1657944918,-0.0038062502000000002,-0.1307543069,-0.3311282098,-0.7822130919,-0.2888317406,-1.2098275423,0.0245027952,0.3729717433,-0.1381445229,-0.8092666864,-0.3732064366,-1.1756827831,-0.0807054415,0.1531520784
10,418.657209,419.398436,418.657209,0.7477886677000001,421.4422607422,0.8047630191,421.3100280762,0.9359250069,420.9425048828,0.8120212555,420.9986877441,4.136725,4.449305,4.136725,-0.054612472700000005,5.6274232864,0.30563473700000005,5.9588799477,0.0511047915,4.5615830421,0.1729947925,4.121711731,-2.222091,-2.168753,-2.222091,0.0125325164,-2.1850636005,0.0131627563,-2.1919739246,0.0209533051,-2.1966965199,0.0156778116,-2.1861305237,559.963943,555.05427,559.963943,1.3303080797,547.626159668,1.1037970781,553.1148681641,0.7481774092,554.8151245117,-2.4367275238,558.0557861328,0.940115,0.125244,0.5268063809,-0.7154452262000001,0.3072929559,0.23623549940000002,0.8306640387,-0.6083548069,-1.0419024229,-0.30456328390000004,0.1144832969,0.36101174350000004,1.2042067051,-0.4298088551,-1.1157487631,0.0621621907,0.0344563946,0.35148161650000004,0.7866068482,-0.3963822126,-1.2933478355,0.0755133256,0.22610855100000002,0.2944214046,0.7819349170000001,-0.4734921455,-1.3252220154,0.1017652601,0.4668684006
11,417.862051,418.847333,417.862051,0.6289387345,420.7067871094,0.6836209297,420.822845459,0.8759731650000001,420.956817627,0.8001533151,421.1624145508,4.450557,4.346481,4.450557,-0.4697391689,5.7542362213,-0.1286502779,5.6675505638,-0.0334128439,4.5773072243,-0.016198039100000002,3.8914074898,-2.172506,-2.155933,-2.172506,0.0161698796,-2.1614682674,0.0201096609,-2.1743607521,0.024888467,-2.1876654625,0.019051082400000002,-2.1862215996,566.59629,557.698818,566.59629,1.1754065752,551.0434570312,1.2272891998,557.1512451172,0.6285660863,562.1732177734,4.0160155296,562.1985473633,0.787615,1.246198,0.7259955516000001,-0.1719610972,-0.2523817539,0.7173103094000001,1.2131960392,-0.1364175528,-0.3532139063,-0.30500906710000003,-0.5289780498000001,0.40109092,1.2751793861,-0.0184279252,-0.3487556577,-0.2814798653,-0.4935700297,0.5025983453,1.3353682756,-0.25499466060000003,-0.40789169070000003,-0.2455905378,-0.2993495464,0.5004433393000001,1.2113378048,-0.1638122052,-0.4785164595,-0.23048049210000002,-0.34387362
12,418.246004,419.31771,418.246004,0.7538660765,421.2836608887,0.7508099079,421.2816467285,0.8652972579,421.212677002,0.7744810581,421.1057128906,4.519515,4.465213,4.519515,-0.19389359650000002,6.7564563751,-0.1251445115,6.6438393593,0.0683276355,5.2174286842,0.0380731151,4.3374447823,-2.164821,-2.172418,-2.164821,0.0131439893,-2.1393136978,0.0149828335,-2.150254488,0.0206976105,-2.1679544449,0.01258827,-2.1655247211,558.594576,552.558116,558.594576,0.8725483418000001,544.4134521484,0.24757373330000002,552.3581542969,-0.1568924189,556.5184936523,0.1928863525,556.228515625,0.428636,0.989069,0.3904334621,-0.1726385491,0.0385559418,-0.0048079733,-0.028277158700000003,-0.5326296687000001,-0.5263003707,0.2848253548,-0.0138100088,-0.0397378132,0.43528747560000003,-0.1768148839,-0.2409804314,0.21511900420000002,0.1275784373,0.0576181188,0.3512748182,-0.25286841390000003,-0.2260355204,0.007364857900000001,0.16703689100000002,-0.036988467000000004,0.3616622686,-0.19168114660000002,-0.4254315495,0.0389264971,0.28493905070000003
13,417.632536,419.273382,417.632536,0.7825706005,420.6122741699,0.82355088,420.8093566895,0.9865669608000001,420.903717041,0.8278260231,420.9635925293,4.36701,4.476069,4.36701,-0.3736840487,5.9622421265,-0.0261944383,6.0927820206,-0.0979815125,4.6549081802,0.13475102190000002,3.9801266193,-2.149297,-2.13749,-2.149297,0.011813616400000001,-2.1561980247,0.0125074815,-2.1655220985,0.0135640437,-2.1810724735,-0.0003362559,-2.1755216122,548.767691,561.433851,548.767691,0.4972436726,535.4486083984,0.1264148057,545.4151000977,1.3088108301,548.5465698242,3.2574477196,549.8548583984,0.461154,1.100723,0.3100722349,-0.2609140809,-0.2200956191,0.1964092255,0.33104425670000004,-0.2827037573,-0.5170312524,-0.06595508010000001,-0.2396928221,0.1219690368,0.5546196699,-0.1018123254,-0.4695363343,-0.0173360296,-0.2831223905,0.13443583250000002,0.46097719670000004,-0.17554442580000001,-0.5380029678,-0.08807652440000001,-0.3093028963,0.11955191200000001,0.3952557445,-0.2064181864,-0.7089826465,0.051156234,-0.0868313164
14,418.03315,419.386683,418.03315,0.7446032763,421.5777282715,0.7786909342,421.6377258301,0.9187439084000001,421.4770812988,0.8404718637,421.3297119141,4.519407,4.514426,4.519407,-0.1885757446,6.21027565,0.07695490120000001,6.2900261879,0.026334397500000002,4.7975692749,0.0194507465,4.1444768906,-2.229754,-2.183024,-2.229754,0.0167903826,-2.1904098988,0.017270531500000002,-2.1951637268,0.0220977124,-2.2156124115,0.017382931,-2.1955721378,549.144551,561.324045,549.144551,1.2115994692,533.3844604492,-0.051801845400000004,539.3082275391,1.8653117418,546.1026611328,6.6384634972,549.7285766602,1.043833,0.571598,0.7061238963,-0.07986548830000001,0.7645894223,0.0593522862,0.27846190330000004,-0.2828742564,-0.3299525082,0.5478095412,1.1127886772,0.2022202313,0.4078152478,0.075006552,-0.012703407600000001,0.5742554069,1.1863343716,0.19637957220000002,0.48639509080000004,-0.1202961355,-0.18211016060000002,0.3423120081,1.156637907,0.1466817856,0.5671468973,0.012205779600000001,-0.3172773123,0.4928894639,1.0588335991
15,418.576132,419.511523,418.576132,0.7256085277000001,421.8424987793,0.7427862883,421.4669494629,0.9442711473000001,421.517578125,0.8875614405000001,421.4256286621,4.236491,4.596702,4.236491,-0.256806612,5.7986841202,0.0678858608,5.6543617249,0.0858947858,4.6334762573,0.0110798739,3.9822342396,-2.164362,-2.195421,-2.164362,0.0140764453,-2.1252579689,0.0119791813,-2.1402885914,0.016597200200000002,-2.1585988998,0.0092150904,-2.1383652687,568.350743,548.87553,568.350743,0.5563350916,549.0775756836,-0.5023138523,559.9579467773,-0.07384514810000001,561.051940918,-0.06955647470000001,562.3571777344,0.725752,0.809335,0.6386001618,0.3272573938,-0.1086689423,0.2606112063,0.7348130345,0.0037309825,0.3869797587,0.0340488181,-0.2372700423,0.28950273990000003,0.6208583117,0.12457901240000001,0.6503525972,-0.015535661000000001,-0.07257674630000001,0.4597832263,0.8331846595,0.14244885740000002,0.5100546479,-0.1422748864,-0.0483131409,0.2995665669,1.0040086508,0.15028794110000002,0.46217828990000004,0.059757329500000005,0.0708348602
16,418.634711,419.021647,418.634711,0.7769014239,421.4819335938,0.7807378769000001,421.6924133301,0.9666819572,421.6299743652,0.8999582529,421.4819030762,4.621734,4.133157,4.621734,-0.148720026,7.1099920273,-0.20260916650000002,6.2379550934,0.2571930885,5.3989539146,0.1973098218,4.6826839447,-2.186179,-2.339569,-2.186179,0.0166375451,-2.1418817043,0.019812353,-2.1479716301,0.026305580500000002,-2.1611223220999998,0.0211304575,-2.1482071877,545.727112,522.499907,545.727112,1.6844632626,534.1844482422,-0.3427555561,536.2492675781,0.4687541723,541.8681640625,4.9629764557,542.145690918,0.890163,1.091037,0.2842045354,-0.839435056,0.0834622906,-0.2563814521,0.0880806968,-0.2708933055,-0.8874118924000001,0.4443376362,0.5330531597,0.0909350067,0.2711885571,-0.2797896862,-1.0841150284,0.1108727902,0.3347415626,0.0563057028,0.34003305440000003,-0.4187187552,-1.1610642672,0.3112049997,0.2405950576,0.0826777518,0.31937316060000004,-0.3795875609,-1.3088841438,0.1942584515,0.2212439775
17,418.553073,418.703937,418.553073,0.6782851219,421.5719909668,0.7099157572,421.4158630371,0.8797299266,421.5213317871,0.7993288040000001,421.3435668945,4.347372,4.385301,4.347372,-0.2500688434,6.3855495453,-0.0636017621,5.9987783432,0.059103146200000005,4.7729187012,0.09341868760000001,3.8598027229,-2.175461,-2.218315,-2.175461,0.0115583017,-2.1531376839,0.0103529794,-2.1702814102,0.0141710648,-2.1938695908,0.0065582395,-2.1829628944,571.084414,542.265364,571.084414,0.77038306,551.7131958008,0.2781512439,561.0620727539,-0.4918807745,563.5025634766,-0.8427033424,565.9710693359,0.710759,0.615802,0.5313929278,0.3865782364,0.2708442773,0.5839837790000001,0.2620123029,0.1727328897,0.5488038063,0.040958032000000005,0.2926347554,-0.0031526657,0.7976128459,0.1386262923,0.7280997038,0.031511899100000004,0.3246479034,0.3307863176,0.9350499511,0.2145162374,0.744651854,0.0871901959,0.5626925826,0.3006040752,1.2075093985,0.1591064185,0.7606815100000001,0.0438717231,0.3884573281
18,418.877772,419.197166,418.877772,0.6867787838,421.150970459,0.7330327034,421.3547363281,0.8548271656,421.2545166016,0.849247694,421.4340209961,4.594825,4.230271,4.594825,-0.4038554132,6.4609537125,-0.1777981371,6.3278851509,-0.058830946700000004,5.133626461,-0.01742699,4.2844905853,-2.170486,-2.229067,-2.170486,0.013260744500000001,-2.1396565437,0.0140690934,-2.1532897949,0.014375232200000001,-2.1659011841,0.0119931884,-2.1527166367,564.790283,542.633572,564.790283,1.0522078276,545.0309448242,0.7249537706,555.4201660156,1.8922154903,558.3806762695,0.7067501545,558.1416015625,0.660541,0.899567,0.40369780390000004,0.3953769391,0.3420819459,0.4030721486,0.7711260915,0.1201838851,0.45187276600000004,0.0194399897,0.0899788588,0.1800427139,0.6260731220000001,0.2498185188,0.7138756514,0.0473195836,0.4179130793,0.3164672256,0.5301708579000001,0.27196604010000003,0.7459266782,0.0981289372,0.41533875470000003,0.2517880201,0.6485652328,0.25035768750000004,0.8048601151,0.0199755505,0.4157277346
19,418.443097,419.284408,418.443097,0.6731764674,421.1087036133,0.7611995339000001,421.3212280273,0.8859036565,421.1494750977,0.8272168636,421.1315002441,4.418624,4.378311,4.418624,-0.4935662448,6.3838882446,-0.1062361747,5.9145655632,-0.09418872,4.5812430382,-0.110088028,4.1182255745,-2.160254,-2.169423,-2.160254,0.0120262653,-2.1425156593,0.014744105700000001,-2.1492590904,0.0164667107,-2.1681499481,0.0124018248,-2.1528978348,557.872,562.943331,557.872,1.1226613522,545.4505615234,0.5958013535000001,550.3510131836,1.7508385181000001,557.325012207,-0.1782255173,555.3081054688,0.965091,1.071812,-0.4179225482,0.8416677211,-0.2198567727,0.0273899846,-0.0206662863,0.6808098555000001,1.2219797373,-0.1126032919,-0.1596316993,-0.2074524909,-0.1656444371,0.3521119654,1.2995923758,0.0177429914,-0.1594946682,-0.0372202098,-0.3453693688,0.2845570445,1.1803505421,-0.029481269400000003,-0.1865043342,-0.1279652417,-0.4958638549,0.2921862602,0.823397994,-0.0573457927,-0.20988352600000001
20,418.026359,418.899612,418.026359,0.7182196379,420.8742675781,0.7870899439,421.1143798828,0.9397703409,421.1407775879,0.8863053322000001,420.9673461914,4.729452,4.282926,4.729452,-0.35374176500000004,6.7515773773,-0.16966165600000002,5.9914460182,-0.0465350151,4.7639632225,-0.0935574844,4.348637104,-2.176663,-2.150389,-2.176663,0.0154793393,-2.147131443,0.016156017800000002,-2.1597824097,0.0197345596,-2.1780180931,0.0110508353,-2.1675906181,562.157846,565.83903,562.157846,0.6649986506000001,548.23828125,0.18471135200000002,554.1607666016,0.1860128641,557.8197631836,1.3054065704,558.4439697266,0.802943,0.794015,-0.4682340686,0.5332618775,-0.3756403002,-0.29757744070000003,-0.8157236576,0.2964411676,1.0267753601,-0.2867351472,-0.4845455289,-0.1352505386,-0.7115118504,0.23510065670000002,0.9185689092,-0.12593944370000001,-0.13869193200000002,-0.2926386297,-0.695091784,0.2023287863,0.6477749348,-0.276510179,-0.10014534,-0.24752739070000002,-0.6943894029000001,0.1962767839,0.5892732143,-0.0076311231000000005,-0.0270047635
21,418.377618,419.067314,418.377618,0.7226259112000001,421.0722045898,0.7895044088000001,421.2619628906,0.94128263,421.3696899414,0.9063415527,421.1895751953,4.487354,4.578737,4.487354,-0.3130816221,6.2249975204,-0.1944991499,6.1397309303,-0.0800834596,4.8896985054,0.0122447163,4.0747404099,-2.154597,-2.168656,-2.154597,0.0133237075,-2.1304130554,0.012879699500000001,-2.1418476105,0.015141341800000001,-2.1572618484,0.0046962611,-2.150072813,569.821133,565.740159,569.821133,1.2746013403,550.1137695312,0.4262490273,559.9124755859,0.3483970165,562.1189575195,1.4225203991,564.8247680664,0.60028,1.057038,-0.36799124780000003,0.32793673570000004,-0.34260210420000003,-0.12474799900000001,-0.47190779450000003,0.34331581,0.5649194121000001,-0.2168093622,-0.7873556614,-0.07306987050000001,-0.6411782503,0.21279980240000002,0.8974837065,-0.2724944651,-0.5860285163,-0.1577127576,-0.6447101831000001,0.2715218663,0.7291810513,-0.20763932170000002,-0.4551918507,-0.1687986255,-0.6174371839,0.271966368,0.719399333,-0.2276116163,-0.46778285500000005
22,418.712335,419.34148,418.712335,0.6388966441,421.0375976562,0.7850201726,421.1294555664,0.8529034853,421.1767578125,0.7903734446,421.1175231934,4.302589,4.528769,4.302589,-0.2655066848,6.3339576721,0.0185033605,6.1665468216,0.06267920140000001,4.8337779045,0.0157098994,4.2231254578,-2.153579,-2.374945,-2.153579,0.011774068700000001,-2.1239814758,0.0116880648,-2.1371510029,0.0131005077,-2.1475224495,0.0074711740000000006,-2.1467382908,552.545723,514.726757,552.545723,0.7993500233,537.6904907227,1.5199666023,542.1872558594,1.3790233135,548.4370117188,3.7430815697,552.5315551758,0.912364,1.897686,0.8437526248,0.0341960711,-0.3454275425,0.6241858602,1.0786544085,-0.195561856,-0.3510506749,-0.7126725316,-0.4620122612,0.1767393202,1.1107997894,-0.1806496829,0.0240039974,-0.2411403507,-0.6683219075,0.3180978298,1.1018685102,-0.11799103770000001,-0.3228153884,-0.17670831080000002,-0.5567534566,0.2730371654,1.0253442526,-0.2280154228,-0.2424858212,-0.2425353676,-0.5674521923
23,418.791737,418.871903,418.791737,0.8286784291,421.1827392578,0.8699645996,421.155456543,0.9671789408,420.8974609375,0.9243955612,420.9391174316,4.397279,4.761009,4.397279,-0.2796844542,6.5773706436,-0.0063399002,6.2517776489,0.10214896500000001,4.7875819206,0.0673406571,4.0726079941,-2.145005,-2.126207,-2.145005,0.0118717179,-2.1151342392,0.0125528844,-2.1302759647,0.016648734000000002,-2.1532466412,0.0116194114,-2.1409604549,557.746445,564.27865,557.746445,0.8198447824,538.185546875,-0.8701007962,549.9888305664,0.789016664,553.3653564453,0.0765399933,555.4819946289,0.894664,0.900564,-0.3395141291,0.7991621630000001,-0.21562581120000002,-0.1550026387,-0.601069808,0.2731847167,0.7647329569,-0.5291565061,-0.2387716919,-0.1184659898,-0.6910613179,0.3017688096,0.9115120173000001,-0.0803784728,-0.2349278182,-0.1344131082,-0.5681310296000001,0.317617923,0.9612089396000001,-0.11712732170000001,-0.2540519834,-0.1120823324,-0.5779533982,0.1540891826,1.0257803202,-0.0931155607,-0.3561040163
24,418.203142,418.910943,418.203142,0.6532841921,421.3273620605,0.7275676131000001,421.3489074707,0.8218439221,421.3692626953,0.7765158415000001,421.407043457,4.639212,4.677903,4.639212,-0.41417995100000005,6.4057159424,-0.1801067591,6.0271682739,0.0661631525,4.8314051628,-0.12412524970000001,4.1572003365,-2.168612,-2.328792,-2.168612,0.0113022868,-2.128184557,0.0104763843,-2.1373763084,0.0128135001,-2.158213377,0.0129455533,-2.1472043991,549.637608,530.681965,549.637608,1.0243672132,537.3667602539,0.5806639194000001,543.1960449219,0.1000070572,547.0604858398,4.0613188744,549.9683227539,0.660627,1.768695,0.3675868771,0.26084663210000003,-0.4829774673,0.3284287155,0.7284825444,0.023324322,0.2589170039,-0.5797324181,-0.6627627611,0.2810682356,0.7769079208,-0.14449402690000002,0.5255850554,-0.24912917610000002,-0.8978997469000001,0.291934222,0.7513623238,0.0561881438,0.2427912951,-0.3124569058,-0.9574606419,0.18035753070000002,0.5593252778000001,-0.0635441244,0.2389592677,-0.1656414866,-0.8070756197000001
25,418.712574,419.212918,418.712574,0.6688700914,421.3712158203,0.7658398151,421.4222412109,0.9121000767,421.3926696777,0.7995772958,421.3656311035,4.485072,4.769246,4.485072,-0.28373974560000004,6.0113697052,0.3743827343,5.9457802773,-0.0867514908,4.4888677597,-0.15671804550000001,3.7084846497,-2.18458,-2.186433,-2.18458,0.0122242607,-2.1504511833,0.0131800361,-2.1606626511,0.0178570002,-2.1731319427,0.021095382000000003,-2.153866291,562.537443,555.147535,562.537443,0.6284036636,545.0093994141,1.5498723984,551.9865722656,1.9284987450000002,557.7211303711,0.8913718462,557.4844360352,1.073243,0.247014,-0.6448370563,0.8579186441000001,0.003227709,-0.4011692107,-0.8246884346000001,0.0321724713,1.1414124966,-0.1794033945,-0.0820403844,-0.0820416883,-0.9311010242000001,0.1645997018,0.8725239038,-0.1563571543,-0.0356332958,-0.0898622721,-0.8845568895,0.2956628799,0.9809040427000001,-0.039577949800000005,0.039317593000000005,-0.1617258191,-0.9031178951000001,0.2913493216,0.9867304564,-0.1033436954,-0.1888993233
26,418.708786,418.49107,418.708786,0.7831835747,421.1803894043,0.8630267382,421.3355102539,1.0031614304,421.463104248,0.9166663885,421.4494628906,4.627931,4.675121,4.627931,-0.2467552871,6.5060148239,-0.0181089193,6.3568081856,-0.0088524669,4.9437742233,0.1004366651,4.3322238922,-2.16254,-2.134883,-2.16254,0.0164218582,-2.1341104507,0.0173099134,-2.1476411819,0.0198400393,-2.1686153412,0.0170680694,-2.1627321243,556.355773,555.406273,556.355773,0.2826941013,537.8991699219,-0.5737234950000001,544.4495239258,0.7449271083,549.7888183594,0.5137176514,551.6632080078,0.686486,0.513626,-0.47687904880000004,0.4412723303,-0.22164932180000002,-0.4293987453,-0.6104511619,0.18458467720000002,0.5617092848,-0.3043965697,-0.1191038489,-0.1525594592,-0.5906915665,0.27303373810000003,0.6467895508,-0.21429696680000002,-0.22536143660000002,-0.1117562428,-0.6554871798,0.31553936,0.7563710213,-0.0025378093,-0.34753245120000004,-0.2428305298,-0.8139343262000001,0.2702299058,0.9137428403000001,-0.14738930760000002,-0.2656746209
27,417.590746,419.27961,417.590746,0.7218335867,421.2284545898,0.7390432358,421.1843566895,0.8843579292,421.0319824219,0.8357673883000001,420.994720459,4.439614,4.520771,4.439614,-0.1689826101,6.1550321579,0.0415944792,6.3705129623,-0.0592030287,4.8757233620000004,-0.016118355100000002,4.1298017502,-2.128621,-2.155519,-2.128621,0.012819144900000001,-2.1146771908,0.012078410900000001,-2.1283473969,0.013721134500000001,-2.1526198387,0.0096004158,-2.1477463245,562.015711,557.765206,562.015711,0.4707389772,541.9364013672,-0.5161505342,550.9674072266,0.4609732628,554.3529663086,0.6277558804000001,555.8357543945,1.049352,0.79622,-0.7441082261,0.7144354565000001,0.1924202152,-0.23731455210000002,-0.6903573871,0.27155664560000004,0.7793095708000001,0.0022388967,0.508045435,-0.098369278,-0.8427940011,0.42005229,1.0024636984,0.2622281611,0.4779312015,-0.22429937120000001,-0.9302598238,0.3870118856,0.8810327649,0.2687577605,0.5000445843,-0.2943209708,-1.0562416315,0.2111578137,0.8567298651,0.172407046,0.2687955499
28,418.859091,418.973086,418.859091,0.6625856161,421.0292053223,0.7300329804,421.1424560547,0.8636767268000001,421.291229248,0.8079792261000001,421.2753601074,4.650057,4.304384,4.650057,-0.4034539163,6.0142354964999996,-0.303853035,6.1781301498,0.013283073900000001,4.5198960304,0.1399823725,4.2179818153,-2.169589,-2.18245,-2.169589,0.013632117800000001,-2.1415958405,0.0146284308,-2.1586425304,0.0181956403,-2.1726925373,0.016049467,-2.1596324444,563.333893,553.854716,563.333893,1.3883205652,547.7282104492,0.2695913613,554.0336914062,0.6030116677,558.723815918,-2.3675990105,558.7631225586,0.894162,0.376824,-0.6606584719,0.5905209188,0.1197545608,-0.5526971817,-0.8592996597,0.147372365,1.0473803282,-0.0303970613,0.0792098343,-0.2040616274,-0.8814772964,0.1700988114,0.7726663947,-0.100600116,0.21368965510000001,-0.3213377893,-0.9986599088,0.3049548864,0.6489885449,0.06466507910000001,0.2596403062,-0.3194680512,-0.8768982291,0.1829243451,0.6928290129,-0.0247192681,-0.025642246
29,418.879086,419.391178,418.879086,0.675509274,421.1117248535,0.7106437087,421.3572387695,0.9085008502,421.4514770508,0.7794649005000001,421.4052734375,4.270306,4.475456,4.270306,-0.2189931124,6.5326910019,-0.2369868904,6.0015912056,0.13704022770000002,4.7659778595,0.1206380725,4.0830926895,-2.165312,-2.174761,-2.165312,0.0128446752,-2.1369509697,0.0145220719,-2.1490309238,0.0172922108,-2.1720230579,0.0166426115,-2.159964323,562.07919,555.505002,562.07919,1.07114923,542.5167236328,0.4239035547,550.507019043,1.4474906921000001,555.5888671875,0.9985414743000001,559.0006713867,0.64441,0.175752,-0.6167707283,-0.1406632287,-0.1227676972,-0.3412800431,-0.7573501468,-0.2868346274,-0.2865217328,-0.1137931868,-0.3874685466,-0.1421640068,-0.7336258888,-0.24849806730000001,-0.48233631250000003,0.0060684327,-0.1774348617,-0.2797782719,-0.7102705836000001,-0.09777808930000001,-0.4182859957,-0.1312864721,-0.28698712590000003,-0.2583393753,-0.9410366416,-0.1982556432,-0.4503839314,-0.13115087150000002,-0.2680350542
30,417.867503,418.664332,417.867503,0.7205675244,421.0347900391,0.7765644193,420.9603881836,0.9439179897000001,421.1306762695,0.8672194481000001,420.8441162109,4.299041,4.442175,4.299041,-0.3547945619,6.3928880692,0.0474594757,6.2818479538,0.1661004275,4.9865727425,0.1367640793,4.1241703033,-2.170398,-2.188131,-2.170398,0.0152992699,-2.1416590214,0.0160355344,-2.1461927891,0.0207915306,-2.1714265347,0.0153335128,-2.1586933136,554.893012,559.667319,554.893012,1.1053019762,540.056640625,1.2258210182,548.4145507812,1.6428766251,554.7128295898,0.2071783543,557.4271850586,0.272602,1.075346,-0.24842006490000001,0.0786875772,0.08004822760000001,-0.12266984580000001,-0.45947241780000003,-0.0017937720000000001,0.0769532844,0.24697411060000002,-0.051817745000000005,-0.1089168787,-0.5679780245,-0.2171616852,-0.1795196235,-0.066688247,0.023395776700000002,-0.138661325,-0.2939344049,0.0011120401,-0.0879705399,-0.0720307976,0.12190832200000001,0.0892877281,-0.2970026135,0.0604622364,0.0649909303,-0.133929342,0.129199177
31,417.784084,419.321778,417.784084,0.7223517895,420.8439331055,0.7803083658000001,420.9682922363,0.827259481,421.0763549805,0.9143394828,420.9091491699,4.484103,4.750127,4.484103,-0.5178960562,6.2134962082,-0.2687940598,5.6482014656,0.0479040146,4.7031755447,0.1310237944,4.0844478607,-2.159393,-2.178749,-2.159393,0.0144403158,-2.1436991692,0.0168473385,-2.1559574604,0.0207873061,-2.1834812164,0.0132130515,-2.1843347549,557.81718,555.076347,557.81718,0.5248459578,540.8589477539,0.0886529014,547.700378418,1.7979377508,552.1489257812,2.13672328,553.4046020508,0.786089,0.428387,-0.6854706606000001,0.36141808340000003,0.1320690542,-0.1639662534,-0.6130205393,-0.2292715907,0.1134346351,-0.3462060094,0.147036165,-0.08220361920000001,-0.7405114174,0.1676694453,0.1345337629,0.035999067100000004,0.1680191606,-0.278924942,-0.9615679979,0.0833803862,0.2199795991,0.1445679963,0.1057336479,-0.19046153130000001,-1.0666285753,0.12551464140000002,0.2144278288,-0.011134123400000001,-0.0689056218
32,418.243573,419.593984,418.243573,0.7068864703000001,421.1275024414,0.8356115818000001,421.212890625,0.9548178315,421.2117004395,0.8756363392000001,421.1340026855,4.696427,4.754929,4.696427,-0.6959681511,5.9562015533,-0.3930886388,6.1162662506,-0.1950871646,4.6484866142,-0.016767934,4.2236261368,-2.154861,-2.193065,-2.154861,0.0165798832,-2.1253583431,0.0195000786,-2.1402592659,0.0242072623,-2.1574368477,0.017512636300000002,-2.1570019722,557.846669,555.767806,557.846669,0.36404946450000003,541.4631347656,-0.4221428037,547.1000976562,0.8101956844,553.6925048828,1.6163790225999999,555.9042358398,0.512813,0.105944,-0.47651114990000004,0.1360944708,0.1318818939,-0.0272189081,-0.6244373918,-0.1325532794,0.2251493037,-0.2050911337,-0.3208917677,-0.1014969051,-0.3599929214,0.0747969151,0.10449598730000001,-0.08192397650000001,-0.0662596226,-0.1544558257,-0.6340512633000001,0.0375527591,0.0718702897,0.058477368200000004,0.1835079342,-0.1248452067,-0.477650106,0.0140811484,0.2157910764,-0.007792556700000001,0.0136749148
33,418.758296,419.232445,418.758296,0.6536309123,421.158996582,0.7220822573,421.178527832,0.9307522774,421.1765441895,0.8371255994,421.0986328125,4.384518,4.373112,4.384518,-0.6963026524,6.3737678528,-0.1940956563,6.0061988831,-0.0350098461,4.8103313446,0.0257583074,4.2989587784,-2.148728,-2.172366,-2.148728,0.0133485831,-2.1228818893,0.0124817407,-2.1323137283,0.011234371,-2.1539351939999998,0.010276548600000001,-2.1415646076,561.352032,557.920002,561.352032,0.6778089404000001,545.490234375,0.8520554304,554.5126342773,2.0066483021,558.8039550781,2.9541740417,559.9305419922,0.546724,0.486994,-0.4436158817,0.31547119770000004,-0.0508931506,-0.0863645524,-0.3420456052,-0.26004478340000003,0.4330828786,-0.1511353105,-0.26398679610000003,-0.12609790270000001,-0.5235012174,0.0099846795,0.2202884853,-0.0953605846,-0.1666148901,-0.2094587386,-0.5154104233,0.09301099930000001,0.3015555739,-0.1822914034,-0.2791411579,-0.20113964380000002,-0.6941962242,0.0653450936,0.39172282810000003,-0.1400846541,-0.3241884112
34,418.718237,418.696822,418.718237,0.6699128151,421.2919006348,0.6968939304,421.5458984375,0.8764644861,421.3570251465,0.8006510735,421.4131469727,4.54501,4.418569,4.5450099999999996,-0.3678151369,6.5298624039,-0.3976265788,6.1222271919,-0.0494923592,4.6691789627,-0.168607384,4.2446379662,-2.160981,-2.173485,-2.160981,0.0144868493,-2.126355648,0.0158575345,-2.1384046078,0.0227820091,-2.1556634903,0.014438994200000001,-2.1491756439,562.213602,556.415225,562.213602,0.7868341804000001,543.0867919922,-0.9823128581,548.3604125977,-0.0983901024,551.5928344727,-0.8755412102000001,554.9916992188,1.216233,0.550195,-1.1473320196,-0.2833397573,0.287351738,-0.4718443453,-1.3953797817,-0.5546699762,-0.3013501763,0.1929991543,0.2515491247,-0.44688409570000004,-1.5200021267000001,-0.25506460670000003,-0.5589691401,-0.0100771664,0.42227298020000004,-0.5198423266000001,-1.6010158062,-0.25309717660000003,-0.5348468423,0.0354795158,0.5189928412,-0.4298870564,-1.4861038923,-0.4019650817,-0.6532195807,0.1121086553,0.45135778190000003
35,418.27604,419.042745,418.27604,0.73739326,421.450592041,0.7354550362000001,421.4516906738,0.9241829515000001,421.6580810547,0.8000518084,421.5010375977,4.39189,4.40163,4.39189,-0.36273580790000004,6.5164766312,-0.1712365597,6.5095620155,-0.020429998600000002,4.8979663849,-0.0066019595,4.5171194077,-2.18825,-2.171548,-2.18825,0.0175992921,-2.1465127468,0.018506571700000002,-2.156629324,0.025028757800000002,-2.1739792824,0.0155718438,-2.1575345993,555.14613,555.956658,555.14613,1.328754425,540.9320678711,0.5062459111000001,544.7024536133,0.7962790728,548.3832397461,1.6978904009,551.1506958008,1.289806,0.39816,-1.1244558013,-0.4774475185,0.4138143373,-0.44667783380000003,-1.10671103,-0.24703097340000002,-0.7404880524,-0.022840919,0.2267203033,-0.6251652241,-1.6879141331,-0.26438111070000003,-0.6810988188,-0.0249142833,0.2131389081,-0.4557281435,-1.6715331078,-0.32964611050000003,-0.8492386341,0.0326177999,0.20836569370000002,-0.4738150239,-1.6355223656,-0.2824807167,-0.8364930749,-0.0069680382,0.310933888
36,418.18843,418.94822,418.18843,0.7480601072,421.4152832031,0.8025193810000001,421.4506530762,0.8378012180000001,421.2670898438,0.7686157823,421.1791992188,4.499914,4.380316,4.499914,-0.1793035269,6.8093347549,-0.0967812836,6.2360839844000004,0.0996518284,4.6927294731,0.15868119900000002,4.1553611755,-2.175581,-2.170161,-2.175581,0.016696617,-2.1313316822,0.0181375034,-2.1410682201,0.0243266057,-2.1745760441,0.017112335200000002,-2.1630530357,549.334546,558.794708,549.334546,1.4429181814,535.8864746094,0.3985598683,540.2893066406,1.26996243,545.4156494141,3.3644881248000003,550.0582885742,1.377043,0.197791,-1.150874279,-0.6969420952000001,0.29327093190000003,-0.3292683959,-1.1833252907,-0.45591694120000004,-0.7495441437,-0.104614675,0.2081680745,-0.5349491239,-1.5608717203,-0.51082623,-0.8234634399,-0.0840353966,0.5945997238,-0.45115923880000003,-1.2760521173,-0.3456212878,-0.8159530759,0.09668517110000001,0.3692198396,-0.42528784280000004,-1.3437106609,-0.3680563271,-1.1316434145,-0.0531619489,0.2461347133
37,418.472608,418.988647,418.472608,0.7027084827000001,421.1560668945,0.7285397053,421.3304443359,0.8820759654,421.5254516602,0.8354071379,421.4245910645,4.520393,4.517135,4.520393,-0.40358197690000003,6.5438137054,-0.1932419688,6.2843146324,-3.9339100000000004e-05,4.8792943954,0.0237503443,4.472972393,-2.174016,-2.192368,-2.174016,0.016313713,-2.1456358433,0.0189170707,-2.1536195278,0.0240323469,-2.1757855415,0.0112298504,-2.1783092022,552.491279,555.666658,552.491279,0.9197126627000001,539.6662597656,0.843912065,543.3382568359,0.6908253431,546.5082397461,2.2382111549,552.1102294922,1.301639,0.295068,-1.035732197,-0.741879642,0.2667137671,-0.5111716986,-1.3724658489000001,-0.6313096881,-0.9617362022,0.1214291304,0.5730453134,-0.4729528129,-1.1922583580000001,-0.6073176265,-0.9345700145,0.060598444200000004,0.6682979465000001,-0.49395954610000004,-1.328015089,-0.3891405761,-1.1455271244,0.1151157022,0.396655798,-0.47361359000000003,-1.3276137114,-0.43506154420000004,-1.3131177425,0.0632788837,0.3823054433
38,417.892907,419.123525,417.892907,0.6870015264,421.0851135254,0.7716875076,420.9904174805,0.8357900381000001,420.904083252,0.7837042809,420.6926879883,4.511968,4.320621,4.5119679999999995,-0.28094720840000004,6.2002334595,-0.1344069988,5.9317007065,0.056815177200000004,4.611354351,0.11437498780000001,4.0214390755,-2.162755,-2.297114,-2.1627549999999998,0.011988299000000001,-2.1319756508,0.0139190219,-2.1438732147,0.0163321681,-2.1534767151,0.0169750154,-2.142926693,549.002609,527.163928,549.002609,0.6976701617000001,539.6884765625,0.5069744587,544.9065551758,1.1189867258,553.170715332,3.332880497,553.4883422852,0.543716,1.768358,0.2275861291,0.3431006956,-0.3551250287,0.2010447234,0.34182164070000004,-0.17887508870000002,0.19973225890000001,-0.444839865,-0.42983949180000003,0.15274836120000002,0.0700602084,0.0573325567,0.5914673805,-0.43822729590000004,-0.7541441321,0.1154916435,-0.2360912114,0.1596697867,0.5211960673,-0.14057970050000002,-0.6743801832,0.0878296942,-0.0658777729,0.07866074890000001,0.43041309710000003,-0.1654553711,-0.5080578327
39,418.113224,419.006146,418.113224,0.7011239529000001,420.8435668945,0.7747586966000001,421.1234741211,0.8777811527,421.1336364746,0.8415330052000001,421.0851135254,4.715135,4.272485,4.715135,-0.0529067069,6.7116203308,0.045908846,6.4419646263,0.0325691476,5.0573511124,0.0542506501,4.1935195923,-2.103995,-2.170754,-2.103995,0.0130252158,-2.0858352184,0.0135558108,-2.1041324139,0.0172576047,-2.1298804283,0.0054481663000000005,-2.1259236336,567.661842,551.470573,567.661842,0.5208882689000001,543.4874267578,-0.9591478705,552.2536621094,0.26193255190000003,557.3739624023,0.9775595665000001,560.7016601562,1.376826,0.609035,-1.0063887498,-0.8077716284,0.47993311450000004,-0.1545323879,-0.7083313465000001,-0.4718998373,-0.8542392254000001,0.1973378211,0.2720071375,-0.2328358889,-1.1198781729,-0.40732291340000004,-0.8367164135,-0.0937964693,0.2104178816,-0.1783388555,-1.0876677036,-0.2434812486,-0.8879234791,0.18176133930000002,0.2474051267,-0.1894025356,-1.0051554441,-0.1743081212,-0.8708455563,-0.055574245800000005,0.3151475191
40,417.469435,419.084113,417.469435,0.7114832997,420.7491760254,0.769018352,420.6963500977,0.8964761496,420.814239502,0.8849110007000001,420.5844726562,4.604054,4.161876,4.604054,-0.0122562647,6.8901615143,0.015811611,6.122821331,0.1850544661,5.1563920975,0.2519174218,4.4629020691,-2.132855,-2.158357,-2.132855,0.013568284000000002,-2.093473196,0.0137167806,-2.114187479,0.0188457388,-2.1375925541,0.0160712488,-2.1210801601,573.786692,553.522619,573.786692,1.1343816519,548.6176147461,0.2358010262,558.4974975586,0.7270197868,564.9699707031,-0.2071657181,566.3289794922,0.837968,0.510756,-0.7949996533,-0.1808399149,0.1935552093,-0.1332814246,-1.3583745956,-0.2152508646,-0.5500415564,0.0936759114,0.4378564954,-0.3932624757,-1.5413247346999999,-0.27844554190000004,-0.6178777218,0.1043184251,0.2507379651,-0.3767191768,-1.4403524399,-0.1363650858,-0.5907253623000001,0.1460400075,0.40551620720000003,-0.2978698611,-1.2100610733,-0.26854524020000003,-0.46339035030000003,0.1572153121,0.4030251503
41,418.317916,419.20251,418.317916,0.6309717298,421.1647949219,0.6792038083,421.4117126465,0.8027649522,421.3809509277,0.7398149967000001,421.3349914551,4.325776,4.656756,4.325776,-0.1659322679,5.8024263382,-0.020909786200000002,5.7981343269,-0.0566723347,4.4975752831,0.0276879948,3.6830048561,-2.177356,-2.16117,-2.177356,0.009026092500000001,-2.1622347832,0.0070589599,-2.1795794964,0.0108049791,-2.1929879189,0.0068636872,-2.1838784218,580.391153,551.981243,580.391153,0.5180640221,557.4001464844,0.5182042122,566.5784301758,-0.1111346483,571.0954589844,-2.7809758186,571.1190795898,1.019771,0.69581,-0.5062353009,-0.505530471,0.7267037464,-0.2656540573,-0.5522215962,-0.15241238470000001,-0.3519680202,0.5295665860000001,1.1036814451,-0.34906640650000004,-0.9053696990000001,-0.0273962393,-0.340721488,0.38518130780000004,1.0080122948,-0.33784741160000004,-0.7733091712,-0.11863812800000001,-0.6225962043000001,0.24773697560000002,1.1057680845,-0.2389410585,-0.7058225274000001,-0.1529112607,-0.910851717,0.3317735791,0.9517748356
42,419.049946,418.647094,419.049946,0.7290307879,421.2129211426,0.7615009546,421.2583618164,0.9477528334,421.3934326172,0.8601881266,421.4147644043,4.624665,4.096888,4.624665,-0.25455763940000004,6.2061214447,0.0653578267,6.2284297943,-0.0017458647,4.9589095116,0.0238939077,4.3897042274,-2.172535,-2.183895,-2.172535,0.0139151299,-2.1504871845,0.013398244,-2.1583621502,0.014167225,-2.173181057,0.0128829293,-2.1591875553,556.975169,553.843857,556.975169,0.2074566782,544.1754760742,0.46051928400000003,553.4665527344,2.0082640648,557.7001342773,2.033810854,556.1716918945,0.772395,0.253996,-0.6832119241,-0.3284413956,0.1481250483,-0.1899949759,-0.9468884468000001,-0.2348925024,-0.4763013721,0.29748114940000003,0.4495569468,-0.3310775161,-0.9793429375,0.0772459954,-0.3001173139,0.1687686294,0.4899429381,-0.5012674332,-1.0299979448,-0.1294640005,-0.48824122550000004,0.3116202652,0.4952901006,-0.18261250850000002,-0.9187126160000001,-0.1418597698,-0.44974842670000004,0.220731318,0.5461674929
43,418.21689,418.738947,418.21689,0.7243565917,421.2558288574,0.7985851765,421.407409668,0.8947454691000001,421.4530334473,0.7931687236,421.3890991211,4.519728,4.421612,4.519728,-0.326266706,6.282617569,-0.1057949662,6.3105354309,-0.1057124138,5.2190332413,0.0824142471,4.5866904259,-2.1698,-2.289475,-2.1698,0.014764793200000001,-2.1398301125,0.015488565000000001,-2.1485912799999998,0.0167825688,-2.1749527454,0.0114937723,-2.1672341824,557.362228,539.61732,557.362228,1.5709066391,538.791809082,0.9355210066,546.5126342773,1.3865559101,551.7947387695,3.1823148727,552.921875,0.777165,2.036887,0.5133304931,0.3782759908,-0.44428002400000005,0.38381204010000003,1.024512887,-0.1636800319,0.30752673750000004,-0.3821232915,-0.6404058933,0.3198256195,0.8050721288,-0.110714905,0.653065443,-0.1737625003,-0.8373446465000001,0.24792303140000002,0.6732873917000001,0.254350841,0.5652406812,-0.1533973962,-0.8486743569,0.3291890621,0.5890583992,0.096758917,0.5696402788,-0.1279835701,-0.7113169432
44,418.205304,419.663979,418.205304,0.7166683674000001,421.4844055176,0.7285043001,421.3113098145,0.9578529596,421.255859375,0.7477862239,421.0654296875,4.385814,4.066456,4.385814,-0.3331632316,6.1566934586,-0.2006523758,5.8046331406,-0.0120426416,4.9556965828,-0.1853399575,3.9157440662000003,-2.231675,-2.19918,-2.231675,0.0150364004,-2.1925816536,0.016873313100000002,-2.1968379021,0.022313308,-2.2151162624,0.0191638079,-2.2119188309,545.227847,550.44989,545.227847,1.0476046801,532.4688110352,0.7292841673,537.42578125,1.1720025539,540.8984375,3.471142292,542.4329223633,1.215129,1.709206,1.2026629762,-0.10870771280000001,0.1353640736,0.6181500554,1.7742183208000002,0.1836335361,-0.0057670474,-0.1323150843,-0.2691679001,0.7258412242000001,1.4286519289,0.0213911403,-0.009253315600000001,-0.2006936222,0.0755519122,0.7188425660000001,2.0925476551,0.10885003210000001,0.21422201400000002,-0.10963860900000001,-0.0011017472,0.7706328034000001,2.1233022213,0.2010732442,0.1572457254,-0.2342958748,-0.11265935
45,417.927041,419.446835,417.927041,0.6712845564000001,420.6369628906,0.6850307584,420.634552002,0.8298323154,420.5484008789,0.7939338684,420.796081543,4.640779,4.379359,4.640779,-0.1226261705,7.1464357376,0.1537638158,6.2517895699,0.1073824763,5.1756601334,0.119506605,4.7002148628,-2.133892,-2.154111,-2.133892,0.0118745724,-2.1223461628,0.0120929442,-2.1367018223,0.0123481378,-2.1555628777,0.0043404512000000004,-2.1443536282,556.679232,560.478037,556.679232,1.0693421364,538.2282104492,0.3861554265,546.9564208984,0.9368274212000001,550.7182617188,0.7826591730000001,554.4755249023,1.318472,0.83478,1.0979983893,-0.7281880204000001,0.0500994956,0.6721833944000001,1.2018949986,-0.2451255172,-0.9286955595,-0.1453884095,-0.3208535314,0.45815217490000004,1.1293969154,-0.043601211200000003,-1.0429276228,-0.1398620456,-0.2838885486,0.38860663770000003,1.4132912159,-0.2515138388,-0.895201683,-0.036173407000000005,-0.0957275927,0.3664720058,1.3971902132,-0.1941765994,-0.8118163943000001,-0.15010015670000001,-0.1334131956
46,418.442934,418.575323,418.442934,0.6599397063,421.2424621582,0.6886093616000001,421.1086425781,0.8375645876000001,421.0507507324,0.8201900721000001,420.9910888672,4.307796,4.240695,4.307796,-0.1900828034,6.2280807495,0.0032696165,6.3308005333,0.0100622624,5.03180933,-0.0753205344,4.2903952599,-2.125964,-2.177238,-2.125964,0.01202273,-2.0955383778,0.011549340600000001,-2.109467268,0.0147041166,-2.1284499168,0.0100054629,-2.1092238426,559.694224,560.657701,559.694224,0.7919143438,545.2213745117,-0.47246044870000004,553.0930175781,0.3288643956,557.307800293,2.4466221333,560.9069824219,1.418015,1.368833,1.2353386772000001,-0.6960199211,0.016198648,0.5620775223,1.102148056,0.049121446900000004,-0.6987738609,-0.2903116345,-0.23742586370000002,0.44166496400000005,1.3141664267,-0.0526485406,-0.854939878,-0.1749566942,-0.0973739773,0.4893495142,1.3230624199,-0.250523746,-0.9622883797,0.0785635561,-0.0193624794,0.5068084002000001,1.4836347103,-0.1673638523,-0.9785834551,-0.0380170271,-0.10896332560000001
47,418.435904,418.578014,418.435904,0.6294129491,420.9231262207,0.6831078529,421.0866088867,0.8917400837,421.2164916992,0.8486089706000001,421.0292358398,4.476619,4.370657,4.476619,-0.4196996987,5.9406347275,0.0005776808000000001,5.7887611389,-0.0782245547,4.8432636261,-0.0232967809,3.8577075005,-2.183552,-2.191755,-2.183552,0.0115433047,-2.1719632149,0.010668430500000001,-2.1845068932,0.0109309815,-2.2040240765,0.0043150522,-2.197303772,561.333521,556.425226,561.333521,0.9217271209000001,544.3673095703,0.30414813760000003,552.6795043945,1.2401576042,556.5409545898,-1.2341449261,558.173828125,1.446186,0.864497,1.0661654683,-0.9737792118,-0.0806133413,0.4216327369,1.1000865698,-0.1652200818,-1.1101771593,0.070658356,-0.0345098525,0.3116160631,1.238566041,-0.1250835061,-1.3587371111,-0.0743471831,0.0992454141,0.38444426660000003,1.2717821598,-0.37900131940000004,-1.2257887125,0.0606390648,0.1766888946,0.3595943749,1.296099782,-0.2331309617,-1.1920047998,0.12746521830000002,0.2034155726
48,418.982157,419.164874,418.982157,0.6934193373,420.9100646973,0.7592732906,420.9447937012,0.9132432938,421.0478210449,0.8534066677000001,421.0119934082,4.629558,4.358968,4.629558,-0.2204965651,6.4586496353000005,0.1670733392,6.3581638336,0.1266008615,5.2338733673,0.06510338930000001,4.1281366348,-2.152936,-2.167968,-2.152936,0.0139348451,-2.123976469,0.0147059821,-2.1387324333,0.0180672184,-2.1485681534,0.0098704472,-2.1438331604,562.778392,545.204856,562.778392,0.2364836633,546.6322631836,-0.3637140393,555.9872436523,-0.48698604110000004,558.8498535156,-1.0670382977,556.2853393555,0.18873,0.463244,0.0988337772,0.0977156388,-0.12768140490000002,-0.1294441819,-0.0006137192,0.091312319,-0.4830252826,-0.09870324280000001,0.2518215179,0.064466536,0.3227799535,-0.2971670032,-0.44318318370000004,0.10301556440000001,0.1453381479,0.059195593000000005,0.35607907180000004,0.0888492167,-0.2282460928,0.09606178100000001,0.0848426372,0.0065717138,0.24947425720000002,-0.058789894,-0.1904843152,0.048254452600000004,-0.0134637356
49,418.300701,419.14727,418.300701,0.6829114556,421.3049316406,0.7124813199000001,421.3561401367,0.8164060712000001,421.3793334961,0.822111845,421.3074645996,4.691967,4.291752,4.691967,-0.0005308390000000001,6.9532794952,-0.09533795710000001,6.6070966721,0.2088867426,5.2395887375,0.1469233334,4.3545432091,-2.138286,-2.362188,-2.138286,0.0151081979,-2.0930461884,0.0160949212,-2.1081352234,0.0212065987,-2.1262867451,0.0185398646,-2.1190183163,552.730744,521.05772,552.730744,1.0830434561,541.8677978516,-0.9113605618,545.8690185547,-0.8723722696,548.9299926758,-1.5913872719,551.078125,0.700516,0.96373,0.3724276446,-0.5831639234,0.1092686586,0.056771740300000005,0.6862061620000001,-0.2405213565,-0.7853322625,0.0573062338,0.0732786059,0.0798199326,0.5777914524000001,-0.2185660005,-0.5482051969,0.0782705098,0.14128571750000002,0.17743417620000002,0.5941778421,-0.27319934960000003,-0.6735047102,0.1849923283,0.1926529855,0.2654609978,0.5957312584000001,-0.17959235610000002,-0.5383184552,0.2171975821,0.12438456710000001
50,418.500543,419.301131,418.500543,0.7361866236,421.4054870605,0.7599474192,421.4963989258,0.9286870956000001,421.5133361816,0.7877495885,421.534942627,4.675715,4.362721,4.675715,-0.2178321779,6.8241195679,-0.09710311890000001,6.3198642731,0.0560803339,5.007024765,0.0458513647,3.9854335785,-2.177359,-2.134499,-2.177359,0.0157326665,-2.1472878456,0.0169854946,-2.1587183475,0.021958749700000002,-2.181912899,0.0158337448,-2.1803815365,558.197442,561.972754,558.197442,1.3381768465000001,541.8648681641,-0.5977507234,545.7500610352,-0.3642141819,550.9810791016,2.9851777554,550.2161865234,0.757589,0.588735,0.3463297058,-0.0200531385,0.6734939674,0.5240185857,0.40099194650000003,-0.1670582145,-0.27186259630000004,0.37429347630000004,1.0256288052,0.28893417120000003,0.6915845871,-0.055458180600000004,-0.3678994775,0.2686375976,1.0271488428,0.4698789418,0.7516390085,-0.0449563526,-0.39477303620000004,0.33850640060000003,0.8665158749,0.33834517000000003,0.6715130806,-0.1556750685,-0.32024654750000003,0.3286567926,0.8371463418
51,418.301344,419.722625,418.301344,0.6705150604,421.3229064941,0.7193938494000001,421.3594665527,0.9354202747,421.3922424316,0.7948634624,421.2144165039,4.220027,4.378386,4.220027,-0.3659020364,6.3261384964000005,-0.0756866187,6.1745786667,-0.033761769500000004,4.8566279411,-0.0641409904,4.0454072952,-2.202083,-2.146831,-2.202083,0.018693553300000002,-2.1598725319,0.0215217061,-2.1703209877,0.028046537200000003,-2.1825494766,0.0258206669,-2.1768403053,549.963932,559.173216,549.963932,1.2097653151,538.0081176758,-0.5086253285,540.2360839844,0.8734009862000001,545.1552734375,-0.7769548893,545.0401000977,0.404495,0.847857,0.3907922387,-0.06506347900000001,-0.08163612840000001,0.3845440149,0.4535714388,0.15494591,0.0750445127,-0.13821494580000002,-0.6001906395000001,-0.015934644300000002,0.5429065824,-0.06947375830000001,-0.1853817701,-0.12409812960000001,-0.4159066081,0.1313768625,0.6635155678,-0.1574389935,-0.5088418722,-0.1992969513,-0.2181730121,0.1355942488,0.4928351641,-0.13853226600000002,-0.4444489777,-0.1579077542,-0.3076739013
52,418.673235,419.382753,418.673235,0.7463552356,421.1814880371,0.7543835640000001,421.3363342285,0.9399151802000001,421.2431640625,0.8085882664,421.1389465332,4.406698,4.814112,4.4066980000000004,-0.1885079145,6.465681076,0.1072676778,6.0546450615,0.10597314690000001,5.0256114006,0.0271328874,4.3628678322,-2.177555,-2.168567,-2.177555,0.0133736953,-2.1452860832,0.016259819300000002,-2.1588120461,0.021469034300000002,-2.1702201366000002,0.0186209138,-2.168061018,549.053589,551.518157,549.053589,1.5778999328999999,536.9099121094,-0.550377667,538.9652099609,-0.0408062935,544.1275024414,1.0449334383,541.8283081055,0.818735,0.586558,0.7461620598,-0.3038576853,-0.1457394756,0.6591544747,1.0136553049,-0.1242318377,-0.4978011847,-0.5420061946,-0.7132632732,0.3904127777,1.0850367546,-0.1238527074,-0.5778256059,-0.31919422750000004,-0.5668627620000001,0.3679918647,1.1048744917,-0.2501128912,-0.4054381251,-0.25548067690000004,-0.5314873457,0.3967209756,1.0502220392,-0.28661447760000003,-0.4620802104,-0.2944228947,-0.6685697436
53,418.379686,418.963977,418.379686,0.7622413635,420.9851379395,0.7966343164,420.9225769043,0.9522658587,420.8545837402,0.8100956082,420.8984069824,4.456394,4.373025,4.4563939999999995,-0.166820839,7.1349163055,-0.0060780793,6.6223168373,0.0548689216,5.0740156174,0.1242081523,4.3035531044,-2.182066,-2.22499,-2.182066,0.0171695258,-2.137065649,0.022017732300000002,-2.1438660622,0.0288678333,-2.1540322304,0.0229492411,-2.1508264542,540.307955,557.825661,540.307955,1.1277600527,529.7892456055,0.0040424764,530.5887451172,0.7777334452,535.6786499023,0.7295632362000001,535.2717285156,0.696565,0.538836,0.627149077,0.0019717346,-0.3031217104,0.1630701423,0.9005193114000001,-0.0085759237,0.0909544602,-0.36596345900000005,-0.8998014331,0.2991601527,0.936740458,-0.0958106965,-0.20646210010000002,-0.3484972119,-0.6528988481,0.207954362,0.7838459015,-0.1298643649,-0.1513341367,-0.5223550797000001,-0.9386882782,0.1677199453,0.8339640498,-0.1569987535,-0.15339705350000002,-0.3666298389,-0.9020324349000001
54,418.607118,418.977557,418.607118,0.7596977949,421.2618713379,0.788882792,421.3865966797,0.9302493334,421.1516723633,0.8299806118,420.9381103516,4.403343,4.263415,4.403343,-0.1277502775,6.6123781204,0.1028338969,6.3939576149,0.02954261,5.0445590019,-0.0071062297,4.4868664742,-2.209407,-2.160385,-2.209407,0.0160780307,-2.1637296677,0.019776457900000002,-2.1682906151,0.0289064329,-2.1814279556,0.023554589600000002,-2.183334589,541.504923,560.008049,541.504923,0.5915566683,530.1749267578,-0.6997791529,532.5383911133,0.1722673178,537.0430908203,1.8579773903,538.1062011719,0.79432,0.374262,0.4478864618,-0.06550782670000001,-0.6527253358,-0.0256457068,0.4829572737,-0.10892618450000001,-0.1497027874,-0.3175218999,-1.5873758793000001,0.2210647613,0.6954969764000001,-0.2517933249,-0.2919563651,-0.5201785564,-1.2218210697,0.2323499024,0.5207242966,-0.1885258257,-0.18049959840000002,-0.5784883499,-1.3226577044,0.0501965173,0.2076727003,-0.1791436076,-0.18246228990000002,-0.4603456259,-1.1187304258
55,418.221681,419.290753,418.221681,0.7941535711000001,421.4381408691,0.7908368707000001,421.3875732422,0.9305631518,421.3635864258,0.7951824665,421.091003418,4.744195,4.502911,4.7441949999999995,-0.19212198260000002,7.1749916077,-0.1466598362,6.5719246864,0.0026288107,5.1287102699,-0.0335862413,4.2398762703,-2.195751,-2.140859,-2.195751,0.017616925800000002,-2.1444051266,0.0220933408,-2.1458847523,0.028337670500000002,-2.1594011784,0.0282687657,-2.157207489,546.412553,558.992806,546.412553,0.8770905137,530.4833374023,-0.3852912784,532.5387573242,-0.12353312970000001,538.6545410156,2.5650947094000003,537.533996582,0.648041,0.648697,0.34608359520000004,-0.3126886171,-0.4498994901,0.16508546470000002,0.6047669649,-0.11225371810000001,-0.4188528359,-0.615334332,-1.1252584457,0.1182390898,0.4903920889,-0.1787177026,-0.6193856001,-0.5122695565000001,-1.0531204939,0.0959838778,0.2303434312,-0.108642444,-0.504861474,-0.6556305289000001,-1.2240368128,0.10363622010000001,0.4027564824,-0.1633987874,-0.42805066700000005,-0.47801932690000004,-1.1528804302
56,417.721539,419.534029,417.721539,0.6715395451,421.0591125488,0.7911052704,421.1470336914,0.9483421445,421.1561279297,0.8711227179000001,420.7328491211,4.451812,4.683733,4.451812,-0.6305921078,6.2802352905,-0.2866321206,5.6891775131,-0.1097950339,4.6548433304,-0.0461490154,3.681456089,-2.182424,-2.221866,-2.182424,0.0144794025,-2.1632032394,0.0169084594,-2.1773080826,0.0189944431,-2.1917645931,0.0154740121,-2.181712389,554.939467,560.33399,554.939467,0.9777044058000001,538.3310546875,-0.2981296182,543.8347167969,0.2182559967,549.5526733398,-0.2430770397,551.2212524414,0.605617,1.110273,0.44918822210000003,0.3474201529,-0.21047902910000002,0.1274813861,0.1112335324,0.5986114144,0.2961145341,-0.4070414901,-0.42654898760000004,-0.0118950205,0.6378608346,0.0347936973,0.5632191896000001,-0.21997554600000002,-0.6205633283,0.1461512744,0.4773939848,0.14070068300000002,0.6843146086,-0.22435945270000002,-0.49741348620000003,0.1399406791,0.5189144015,0.1037678197,0.6863912344,-0.1572876722,-0.3369354606
57,418.81732,418.997117,418.81732,0.7502046227,421.2321166992,0.7699024677,421.2590026855,0.9546509981,421.1901855469,0.8416008949,421.316192627,4.341329,4.424124,4.341329,-0.5327959061,6.6136980057,-0.0771083385,6.2612867355,-0.0863442719,5.4856300354,-0.14477509260000002,4.5507621765,-2.236784,-2.158351,-2.236784,0.015687806500000002,-2.207549572,0.0209326986,-2.211214304,0.0270965993,-2.2258527279,0.0188482385,-2.2199234962,536.584386,561.460423,536.584386,1.1131336689,527.7741088867,-0.2853273749,531.8182373047,1.3032722473,535.9111938477,2.4478142262,534.5101928711,1.06601,1.555709,0.253682151,0.19731732230000001,-1.0164099541,-0.2539913058,-0.147469908,0.1324364394,-0.1257278323,-0.534442842,-1.7828669548,0.009771610600000001,0.2791696489,-0.3343995214,-0.2136405706,-0.49343308810000003,-1.8571727276,0.0319123007,0.22014352680000002,-0.3007783294,-0.1515325904,-0.4752601683,-1.5019934177,0.0178140476,0.3231340945,-0.3263074458,-0.052916623700000005,-0.5987793207000001,-1.3312195539
58,418.362275,418.712582,418.362275,0.815130651,421.884979248,0.8577359915,421.692779541,1.0140426159,421.1353759766,0.8510437012000001,420.7641296387,4.449532,4.600801,4.449532,-0.5092211962000001,7.2716817856,-0.0690739006,6.7480096817,0.012703299500000001,5.7192325592,-0.0611128286,4.7401304245,-2.253489,-2.172261,-2.253489,0.0153871682,-2.2075791359,0.0184125043,-2.21094203,0.027556726700000003,-2.2276945114,0.0251617264,-2.2137053013,532.751877,562.502179,532.751877,1.0269643068,527.1670532227,0.1627404839,528.3237304688,0.1283247471,533.1909179688,2.3814668655,532.5217895508,1.073386,1.278802,-0.1585306775,0.0775250563,-1.0587806158,-0.0491691306,-0.1017222106,-0.0031290799,-0.1496563256,-0.6396000385,-1.6682621241,-0.0335049331,0.2935369611,-0.34515887500000003,-0.33576887850000003,-0.43384897710000003,-1.9568293095,-0.0446880832,-0.1991090328,-0.1742427498,-0.4649852514,-0.6161099076000001,-1.568359375,0.05948777500000001,-0.3882010877,-0.4456012547,-0.33908891680000003,-0.46995955710000004,-1.4795285463
59,418.470721,418.941403,418.470721,0.7914473414000001,421.1018676758,0.8909412622,421.315612793,0.9808897972,421.3248291016,0.8786479831,421.3167419434,4.703301,4.274441,4.703301,-0.2566858828,6.3608016968,-0.1335161328,6.1476974487,-0.1083486974,4.6983451843,-0.0779727474,4.4068899155,-2.183505,-2.180606,-2.183505,0.0173727386,-2.1522607803,0.020499859000000002,-2.1597015858,0.025193329900000002,-2.1868002415,0.022788034800000002,-2.1785907745,555.93034,551.474204,555.93034,0.9597237706,542.0319824219,2.3313760757,548.4108276367,2.4149057865,553.2014770508,3.4773573875,554.7658081055,1.067717,1.435666,0.6806434401,0.6688095726000001,-0.4789965895,0.0590430871,0.3491337597,0.0721526146,1.0461698771,-0.1639353037,-0.3460055292,0.1434376687,0.3098448515,0.3175109029,0.9511306882,-0.06347388030000001,-0.2401723862,0.0511672944,0.3072368205,0.2265897095,1.0927436352,-0.0837203264,-0.568637073,0.2486512214,0.5119005442,0.3139897585,0.9443154335,-0.19968697430000001,-0.5986908674
60,418.45561,419.236918,418.45561,0.7126824260000001,420.7430419922,0.7660696507,420.8813781738,0.9234493375,420.8460388184,0.8455873728000001,420.8788146973,4.426254,4.408322,4.426254,-0.2374287844,6.3421630859,-0.0723194033,5.9413514137,-0.012398630400000001,4.9082345963,0.0265633669,4.5361633301,-2.217172,-2.174856,-2.217172,0.0141319893,-2.1950318813,0.0193295777,-2.2067537308,0.0250426922,-2.2228910923,0.016172461200000002,-2.2242851257,537.607814,561.70894,537.607814,1.0708924532,530.1076049805,-0.25146198270000003,532.1884765625,-0.3064745665,536.1076049805,0.34468829630000003,536.8243408203,0.840947,1.648712,0.27159494300000003,-0.0597134079,-0.7936385524,-0.2971119881,-0.19176444410000001,-0.1339306682,-0.5261166096000001,-0.44948792460000003,-1.3549257517,0.0596166402,0.2283169925,-0.29430794720000003,-0.2638557553,-0.5137417912,-1.6818281412,-0.0035408214,-0.0453789532,-0.2712646127,-0.2520081401,-0.5813059211,-1.4845788479,0.019627183700000002,0.1537963748,-0.2503963113,-0.4090085328,-0.4706467986,-1.3166828156000001
61,418.612799,419.307894,418.612799,0.7192054987000001,421.846862793,0.7582900524,421.7554321289,0.9330063462,421.7514343262,0.7908169031000001,421.4167480469,4.566213,4.794241,4.566213,-0.36679202320000004,5.2993478775,0.0430972613,5.6406416893,0.2377867699,5.4032845497,0.1795675457,4.3557920456,-2.363504,-2.160289,-2.363504,0.029128233000000003,-2.2890286446,0.0351399072,-2.2967059612,0.0508337468,-2.3037769794000003,0.0586074963,-2.286481142,525.97115,563.112388,525.97115,2.3392467499,527.5776977539,0.2659648657,522.7937011719,3.7338843346,531.0179443359,4.2908287048,531.1893920898,0.462823,1.142047,-0.09372592860000001,0.168753176,-0.4206463494,-0.0827635974,0.09851937000000001,-0.4405009151,-0.6362721920000001,-0.3830497265,-0.4826310575,0.0215557124,0.0316605419,-0.2955016494,-0.4737204909,-0.0952506065,-0.8675761223,-0.11278706790000001,-0.2707818449,-0.270342499,-0.23895730080000002,-0.2691511512,-0.6542105675000001,0.1666799784,-0.034602090700000004,-0.07721447940000001,-0.1206207797,-0.24062511320000002,-0.8501163125000001
62,418.599824,419.194539,418.599824,0.6952964664,421.1488037109,0.6829046011000001,421.0716247559,0.8957834244,421.0862731934,0.8113250136,421.2282714844,4.363655,4.470532,4.363655,-0.2700971961,5.7401571274,-0.30908966060000004,5.1658163071,0.147647351,5.0016264915,-0.1107440516,4.2022995949,-2.357849,-2.19276,-2.357849,0.0271796696,-2.2838327885,0.0374036357,-2.2810959816,0.0452294722,-2.2893872261,0.0525298342,-2.274750948,523.22136,549.447301,523.22136,2.9656078815,526.7186279297,2.4959130287,521.9633789062,4.6591062546,525.7250976562,6.6966247559,526.7180175781,0.756306,0.493902,-0.1541174776,0.1404405213,-0.7269959336,0.1002324671,-0.5779613256,-0.09790004790000001,-0.5628459454,0.1269963384,-0.6579447985,-0.1237794757,-0.3616182804,0.0154238492,-0.3440345228,-0.2169492543,-1.083312273,-0.3204710186,-0.5180623531,-0.1771056056,-0.1424349546,-0.29142457250000003,-0.8674750328,-0.1714787334,-0.3883774579,-0.0710554868,0.1052566245,-0.20186781880000002,-0.7152752280000001
63,418.097766,418.972763,418.097766,0.7050526142,420.6135559082,0.7903622389,420.7278137207,0.9696730375,420.84375,0.8622902632,420.830657959,4.981056,4.337503,4.981056,-0.1526307613,6.5969171524,0.0365441442,5.8939666748,0.1329489946,5.3280797005,0.1344855726,4.5660142899,-2.207419,-2.165894,-2.207419,0.016026319900000002,-2.1827831268,0.0165549759,-2.19414258,0.0163210779,-2.2128920555000002,0.0072925352,-2.204398632,537.810864,546.996546,537.810864,0.3003201783,538.8886108398,0.9179320931,541.9732666016,0.6290949583000001,543.4806518555,2.7282781601,541.6511230469,0.484995,0.792875,-0.4493966941,-0.11841184460000001,0.13871344530000002,-0.10168240220000001,-0.49149358270000004,-0.2095198482,-0.4049707055,-0.0444879048,0.014077603800000001,0.020972747400000002,-0.3642733097,-0.093017824,0.12307094040000001,0.1397263557,-0.19686113300000002,-0.0250091404,-0.2917175889,-0.1593540162,-0.1724056005,-0.0077242404,0.1864488125,-0.1209887862,-0.32587850090000003,-0.1163379103,-0.0059221089000000005,0.127176702,0.051045924400000005
64,418.430069,419.236135,418.430069,0.6850677133,420.9787597656,0.7337138653,421.1961669922,0.9241850376,421.2373352051,0.8430265188,421.2482910156,4.491678,4.244648,4.491678,-0.10287402570000001,6.2643232346,-0.1270081848,5.5308384895,0.1796298325,4.9613523483,0.016845192800000002,4.3715372086,-2.226015,-2.159695,-2.226015,0.015800200400000002,-2.1803293228,0.0168768838,-2.1915729046,0.0217067041,-2.201082468,0.0220740009,-2.1893646717,539.879264,560.387968,539.879264,1.266179204,540.9860839844,0.7678413391000001,542.1109008789,1.2347527742,545.5935668945,-0.3384063244,545.6965942383,0.518398,1.06968,-0.47670207010000004,-0.08220193070000001,0.18637048,-0.0345422029,-0.2475645542,-0.1341198087,-0.3394540548,0.0578177273,0.46488225460000004,-0.1266352236,-0.4921355844,-0.0966443568,-0.1908713132,0.1751634628,0.0375599787,-0.10766953230000001,-0.5909625292,-0.12777595220000001,-0.2297558039,0.18353921180000002,0.2803380191,-0.1509436369,-0.5462753177,0.0149923144,-0.0650731325,0.0628404394,0.2037274688
65,418.236033,419.014188,418.236033,0.6697296500000001,421.2228393555,0.7468516827,421.2307739258,0.8635113835,421.14453125,0.8287688494000001,421.1565856934,4.52799,4.45158,4.52799,-0.5136654377000001,6.4642047882,-0.1043673605,6.104581356,-0.10851658880000001,4.8493690491,-0.0567104816,4.2623090744,-2.197591,-2.142697,-2.197591,0.013166900700000001,-2.1781394482,0.0129113197,-2.1860899925,0.0132062323,-2.2075643539,0.0055128559,-2.1950407028,540.81799,556.341584,540.81799,1.3185334206000001,536.7415161133,-0.0807674527,539.5462036133,1.2871023417,543.7211303711,1.3025189637999999,545.3669433594,0.590102,1.024017,-0.2572097565,-0.5138593097,0.1342093443,-0.008616399,-0.07276916500000001,-0.0810655504,-0.5659151077,-0.1483148485,0.0541571006,-0.1313814223,-0.235914588,-0.0594328754,-0.7569003701,0.130331859,-0.2256256938,-0.0395283997,-0.2032360137,-0.2705894709,-0.7106105685,0.0455031022,0.18854746220000002,-0.12432269750000001,-0.4268956184,0.057431578600000005,-0.5759934783,0.1292586774,0.3532516062
66,418.480901,419.099647,418.480901,0.7067501545,421.2553100586,0.7823580503,421.4153137207,0.9139059782000001,421.310546875,0.8201091290000001,421.2994689941,4.463483,4.57535,4.463483,-0.39060387020000004,6.4079990387,-0.12380671500000001,6.003285408,-0.039708048100000004,4.8947887421,-0.08204735070000001,4.1902647018,-2.19265,-2.154092,-2.19265,0.0146669634,-2.1777458191,0.015649566400000002,-2.185349226,0.0177124478,-2.2135939598,0.0149571765,-2.2071559429,545.477169,557.482763,545.477169,1.2906732559,538.3862304688,1.1069941521,539.4860839844,1.0305631161,546.3524169922,2.3994545937,549.0791015625,0.426058,0.646959,-0.0792126526,-0.40549690920000003,0.1040319183,0.1579048038,-0.0365761518,-0.0768912509,-0.2977763116,0.0525586233,-0.1221791059,-0.0917923078,0.1676409096,-0.09710425140000001,-0.3767137527,0.1827254593,0.0215029921,-0.129126817,-0.252841711,-0.0329612941,-0.2849085331,-0.011990007,0.0718255639,0.0208727643,-0.006313324,-0.0018164925,-0.37454652790000004,0.0721422285,0.1996936202
67,417.84575,419.701213,417.84575,0.6715293527,421.2467346191,0.7684962749,421.2576904297,0.929977119,421.2383422852,0.8632431030000001,421.2524108887,4.378675,4.406849,4.378675,-0.1458420157,5.7859869003,-0.0347369909,5.7138242722,-0.038419395700000004,4.6571130753,0.0044818707000000005,3.9678812027,-2.16535,-2.204674,-2.16535,0.0131372269,-2.1367182732,0.0142562361,-2.1513743401,0.0156707037,-2.1713755131,0.0130076483,-2.1614670753,563.541025,554.857328,563.541025,1.9097771645,548.0960693359,0.17033034560000002,552.123840332,0.42255073790000003,558.492980957,0.6440352201,559.7171020508,1.032493,0.914132,-0.1008690991,-1.0203839386,-0.1211763379,-0.0940932855,-0.059870377200000005,-0.391703248,-1.3206470013,0.16808429360000002,0.3345522285,-0.1677309871,-0.1813406348,-0.1971491128,-1.0868225098,0.31396594640000003,0.0454066843,-0.0127396695,-0.3997954428,-0.2312058955,-0.9026077986000001,0.1961403787,0.2178732753,-0.11456882950000001,-0.19683738050000002,-0.19485621150000002,-0.8688590527000001,0.0875827894,0.0444647595
68,418.243083,419.49784,418.243083,0.6802592278,420.8630981445,0.810106039,420.9930419922,0.8983126879000001,420.896484375,0.8572036028000001,420.953125,4.445054,4.468528,4.445054,-0.15150372680000002,6.3535041809,-0.0762434006,5.5892715454,0.0873581395,4.6309161186,0.0472218469,4.121158123,-2.171441,-2.124336,-2.171441,0.0115271611,-2.1492578983,0.0151981562,-2.1613526344,0.0173976887,-2.1768660545,0.0169619061,-2.1662266254,555.149498,550.287355,555.149498,1.8616439104,540.9420776367,-0.1657820642,546.1007080078,0.0057964325,552.6951293945,1.7078287601,555.1633300781,0.752519,0.576443,0.4241567802,-0.38964664660000004,-0.4843046581,0.2030746192,0.7017433643000001,0.06677158920000001,0.0530857593,-0.2992652059,-0.6417566538,0.1148966476,0.9290304184,-0.0838263035,-0.2953422368,-0.1714873314,-0.7663593292,0.1597251594,0.6691680551,-0.0694034249,-0.2886668444,-0.1680442244,-0.5651270747,0.1970264018,0.5392678976,-0.1324071437,-0.4160280824,-0.1754385084,-0.6451799273000001
69,418.294678,418.569643,418.294678,0.6497065425,421.2938842773,0.7681891918,421.3388061523,0.8976956606000001,421.269744873,0.8245536089000001,421.2876281738,4.279217,4.329212,4.279217,-0.3784964383,6.2283096313,-0.2272936553,5.7993087769,-0.0573836863,4.5883622169,-0.2663156092,4.1785449982,-2.19804,-2.207035,-2.19804,0.0166223273,-2.1565077305,0.019579043600000002,-2.1675305367,0.0233316049,-2.1885380745,0.0238060337,-2.1795647144,555.535406,547.631962,555.535406,1.8604414463,540.3208007812,0.6834927201000001,543.1267089844,1.6455366611,551.5186157227,3.4387838840000002,553.1155395508,1.036026,0.097908,0.5746781513,-0.8429653651000001,-0.1802900032,0.2055731416,0.5583540797000001,-0.4197981954,-0.6909549236,0.0254251845,0.1342176944,0.2388166487,0.7571084499,-0.4191283584,-0.7359843254,0.1633873135,-0.4047386646,0.1904711425,0.6291546822,-0.24382117390000002,-0.8053344488,-0.0240003131,-0.1840978265,0.141423285,0.6879842877,-0.3039034903,-1.0550994873,-0.055605314700000005,-0.13021352890000001
70,418.585279,419.092006,418.585279,0.6794312596000001,421.4741210938,0.7343447208,421.3433837891,0.9217838645,421.2993774414,0.8534752131000001,421.2379760742,4.668421,4.62061,4.668421,-0.2435574979,6.4357500076,-0.1380680501,5.9087257385,0.1013632715,4.9766340256,-0.0187303051,4.010424614,-2.166727,-2.133764,-2.166727,0.0134167131,-2.1296844482,0.013218792200000001,-2.1414628029,0.01515086,-2.1581799984,0.016277872000000002,-2.1518394947,561.364842,555.045512,561.364842,1.4496272802,548.1248779297,0.2223168314,554.1981201172,0.7620011568,557.8973388672,0.661837101,558.6260986328,0.504385,0.780499,0.06723884100000001,-0.47033995380000004,-0.16930297560000002,0.17610627410000002,0.20023381710000002,-0.0758118778,-0.5735186338,-0.1465222239,-0.183609724,0.3689123392,0.1382269561,-0.2566659153,-0.38492327930000003,0.016909731600000002,-0.3611315191,0.2599105537,0.2558251619,-0.1768846214,-0.4999388456,-0.1281185746,-0.0500877984,0.1421278268,0.2302104235,-0.22017440200000002,-0.4711129069,-0.1177814305,-0.2121057808
71,418.72027,418.7297,418.72027,0.7732510567,421.6353149414,0.8470078111,421.6656188965,0.9241658449000001,421.7125244141,0.9097553492,421.6504516602,4.532311,4.543019,4.532311,-0.3046021461,6.5380926132,-0.2674601078,6.1984701157,-0.007241174600000001,4.8426480293,0.0501881242,4.03008461,-2.167028,-2.21617,-2.167028,0.0147118643,-2.1292362213000002,0.015781873800000002,-2.1411614418,0.0183592252,-2.1694791317,0.015779743000000002,-2.1642022133,547.249508,548.699615,547.249508,1.4182347059,542.7651977539,-0.4615100026,547.0501098633,0.07792961600000001,551.1958618164,0.8508309126,550.9887695312,0.563683,1.041989,0.2614922386,-0.4504616193,0.2155090559,0.1535821259,0.21699023250000002,0.0530548505,-0.5058801174,0.2368049771,0.4842678607,0.0101506691,0.2350427508,-0.31106466050000003,-0.4329829216,0.2556043565,0.3310389817,0.12275697290000001,0.12214870750000001,-0.22034937140000002,-0.6920049787,-0.0046352204,0.44381704930000004,0.015829321,-0.0449448526,-0.2623508573,-0.7778499722000001,0.1151701137,0.3735386133
72,417.692109,419.039369,417.692109,0.6239242554000001,420.704498291,0.654887259,420.7550964355,0.8432122469000001,420.7555847168,0.7959954739,420.8818969727,4.449579,3.955923,4.449579,-0.38027065990000003,5.9688405991,-0.1373589486,5.8084688187,-0.15024319290000002,4.891544342,0.09197387100000001,4.3031249046,-2.154171,-2.145999,-2.154171,0.0125058731,-2.1420400143,0.0129261324,-2.15604496,0.0129736606,-2.1727383137,0.0066309012,-2.1586568356,550.032878,562.421712,550.032878,2.0064582825,539.2194824219,0.12776041030000002,544.1460571289,0.1760994196,551.104675293,2.4295763969,551.7848510742,0.405112,0.909377,0.1811933316,-0.11330124030000001,0.3441616688,0.1725945771,0.1138580889,0.27585324650000004,-0.3028362691,0.132209152,0.5968250036,0.0208430775,-0.1307944059,0.006167244200000001,-0.1685912609,0.1296369731,0.6861474514,0.023492733000000002,0.0710812807,-0.06739995630000001,-0.25527632240000003,0.19044815,0.7285240293,0.0618469045,0.2711649835,-0.0372432992,-0.14445383850000001,0.177238524,0.6941801906
73,418.226669,418.898202,418.226669,0.7673257589,421.3194885254,0.8197184801,421.1467285156,0.9816030264000001,421.2566223145,0.9416841269,421.1463317871,4.587715,4.264895,4.587715,-0.43072366710000004,6.893450737,0.07402162250000001,6.4582834244,0.0794238299,5.009223938,0.0626618788,4.0260167122,-2.170209,-2.212779,-2.170209,0.0142229665,-2.1298971176,0.0141060743,-2.1405313015,0.017127838,-2.154466629,0.0108886026,-2.1306312084,546.000295,557.206476,546.000295,0.6396082044,537.7481079102,-0.147084415,544.2424926758,0.0280989408,551.2307128906,-0.051615953400000004,551.5266113281,0.275493,0.74759,0.028381273500000002,-0.27387096920000004,-0.00925137,0.1406005323,0.1286771297,-0.0838094801,-0.1461071968,-0.0347672068,-0.0747713894,0.19785964490000002,-0.055181376600000005,-0.048528295000000006,-0.2677645683,-0.045590553400000004,0.0939685255,0.097789526,0.0453826413,-0.0666391551,-0.2044765204,-0.1687575281,0.0141601469,0.1972508132,0.1536974311,-0.12392254920000001,-0.347774595,0.094677642,0.1945131719
74,417.792974,419.174222,417.792974,0.6966555119000001,420.9758605957,0.7790429592,420.9531860352,0.8894753456000001,421.2035827637,0.8676226735,421.0620117188,4.509064,4.315701,4.509064,-0.47909423710000004,6.0436477661,-0.1028996408,6.1628255844,0.129834488,4.8342452049,0.22833973170000002,4.1811709404,-2.180482,-2.171514,-2.180482,0.015555822300000001,-2.1558635235,0.0166385621,-2.1717114449,0.0217262655,-2.1970853806,0.0095811114,-2.1935181618,549.574762,553.011402,549.574762,1.4050198793,541.1624755859,0.8580433726000001,545.5220336914,0.7651109695,547.6884155273,2.0206975937,551.1709594727,0.474751,0.600753,0.20718072810000002,-0.3156814785,-0.2877662424,-0.0824018046,0.44652694460000003,0.1903137863,-0.0262053013,-0.2233921587,-0.47727769610000004,0.27034237980000003,0.2998977304,-0.034869540500000004,0.0050537884,-0.1274303496,-0.0329613015,0.1501463056,0.25317358970000003,0.029319942,-0.1162435859,-0.0316026211,-0.1199397445,0.08378846200000001,0.197917521,-0.0206451286,-0.0122134835,-0.0193822123,-0.073524721
75,418.624948,419.275155,418.624948,0.7231364846,420.8012390137,0.8066122532000001,420.9195251465,0.9685716033,421.0394287109,0.8895187378,421.1547851562,4.660898,4.582011,4.6608979999999995,-0.3108755648,6.210190773,-0.0177849382,5.9326848984,0.0193252638,5.1228384972,0.01848948,4.4296379089,-2.207366,-2.12521,-2.207366,0.0186892673,-2.1808974743,0.0194438267,-2.1954774857,0.0275309272,-2.2156722546,0.0221593287,-2.212389946,559.76244,564.749649,559.76244,0.7804240584000001,541.2544555664,1.1053872108,549.307800293,1.1648945808,554.8864135742,1.1173466444,558.5469360352,1.042709,0.851974,0.8081575524,0.6455176852,-0.13202562140000002,0.5902993679,1.3149740696,0.11783940350000001,0.8815507889,-0.2322227359,-0.6039450169,0.4853035808,0.9780611992,0.2571601868,0.8137082458,-0.0992233455,-0.12465842810000001,0.28967168930000003,1.1478699446,0.3018283546,0.8681164384000001,-0.0192203149,-0.4394740462,0.4776647687,1.0734674931,0.30302366610000003,0.9064739943000001,-0.054874025300000004,-0.439319104
76,418.350055,418.929332,418.350055,0.6425824761000001,421.090637207,0.7335063219,421.1880187988,0.8791626692000001,421.1501159668,0.8006566763,421.257232666,4.383795,4.570074,4.383795,-0.4673269391,6.1675186157,0.0556818955,6.0193881989,0.0121762902,5.1909689903,0.0986455828,4.3084435463,-2.167626,-2.139805,-2.167626,0.012089695800000001,-2.137036562,0.0111328298,-2.154327631,0.0136179226,-2.1730356216,0.0063398257,-2.1658511162,541.310231,561.970391,541.310231,1.0392994881,539.0186157227,-0.1981947124,541.2662353516,1.9697506428,546.3480224609,3.2092950344,546.4264526367,0.96448,1.035771,0.2163457781,0.6535657926,-0.6754759097,-0.0028774552,0.1203952581,0.6497355103,1.033551693,0.050504721700000005,-0.7066272497,0.0915614441,0.0628148466,0.5895721316,1.2344727516,-0.0701972321,-0.7465181351,0.1892426163,0.1814566255,0.5066663623000001,1.1024001837,-0.079509601,-0.7874856591,0.0625213012,0.1580658257,0.2949753106,0.9788255692000001,-0.1601892114,-0.6992977858
77,418.374064,418.928967,418.374064,0.6457744241000001,421.0155944824,0.6812516451,421.0967102051,0.9188553691,421.1566467285,0.7918105125,421.1230773926,4.363341,4.41279,4.363341,-0.4595422745,5.8700418471999996,-0.4483834505,5.6813240051000005,-0.0694193542,4.8469944,-0.0250304714,3.7978682517999998,-2.205197,-2.180824,-2.205197,0.013214463400000001,-2.1634817123,0.014156017500000001,-2.1751968861,0.019891932600000002,-2.1826233864,0.0201279912,-2.175110817,544.353528,542.105014,544.353528,0.8510816097,540.1510009766,1.4254109859000001,541.1029663086,1.6263768672999999,544.8789672852,3.6771314144,545.9674072266,1.25724,1.199646,0.3680165789,1.137147107,-0.3900153019,0.16629186270000001,0.3414299488,0.5146358013,1.3955061436,0.0773870796,-0.2329406142,-0.0640382171,0.4255409539,0.6330163479,1.6883035898,0.17322151360000002,-0.40518420930000004,-0.0666818917,0.40542593600000004,0.7994805574,1.9108037949,-0.0054310039,-0.2206322253,-0.049578983300000004,-0.1360497773,0.5620324612,1.5968396664,-0.0435886383,-0.26888680460000003
78,417.88455,419.300005,417.88455,0.762899518,420.6736755371,0.7945118546000001,420.77734375,0.9677588344,420.8823242188,0.9029849768,420.7833251953,4.430252,4.327883,4.430252,-0.5126392841,6.3945732117,-0.1838483661,5.935210228,0.014333069300000001,5.0236477852,0.2076856792,4.1427121162,-2.171585,-2.171188,-2.171585,0.013550137200000001,-2.1387898922,0.0154205924,-2.1488375664,0.018212445100000002,-2.1637632847,0.0162437353,-2.1542243958,544.651231,550.105071,544.651231,0.7552624941,539.9320678711,-0.2016071975,543.8958129883,-0.14587712290000002,550.6365356445,2.3249418736,552.6003417969,0.626925,0.808715,-0.022120267500000002,0.5091711077000001,-0.3650896457,-0.4437040091,-0.24682676790000002,0.2144145817,0.7626430392,0.2398604155,-0.3726052642,-0.2416902035,-0.4129488468,0.3357777596,0.913067162,-0.10779923200000001,-0.4495735765,-0.1532532275,-0.2102136016,0.2204734236,0.604477942,-0.0735604167,-0.4977326691,-0.1523311734,0.09378029410000001,0.2183466554,0.6700448394,-0.0570249036,-0.4927754402
79,417.847696,418.660113,417.847696,0.7143722177,420.6590270996,0.7212292552,420.716217041,0.9071937203,420.8398742676,0.7714838982000001,420.789276123,4.573998,4.244374,4.573998,-0.3910860121,6.4059867859,-0.0710273832,6.1699666977,-0.1993534267,4.8974699974,-0.0038101152000000003,4.1640090942,-2.161491,-2.179618,-2.161491,0.0161215216,-2.1328115463,0.0174824558,-2.1453995705,0.0205769576,-2.1690840721,0.014751140000000001,-2.1542286873,553.266973,546.69281,553.266973,1.0181889534,542.0186767578,1.0583182573,548.5852661133,1.1516981125,556.2086181641,-1.6896972656,552.8461914062,0.695852,0.600016,0.6804915938,0.1388170483,-0.0432611107,0.13677513600000002,0.1548670381,-0.1268059015,-0.1091891229,0.2963576913,0.41213244200000004,0.1373879761,0.29515296220000004,-0.0190009307,0.3510817885,0.19342121480000002,0.3834707141,0.047451630200000004,0.36657315490000003,0.0426204763,0.3983209729,0.033131022,0.1655689031,0.08709302540000001,0.5559914112000001,-0.1253625751,0.0311377943,0.058630038100000004,0.1631958634
80,417.936465,418.93787,417.936465,0.7889152765,421.392578125,0.8425647616,421.2443237305,0.9830635786,421.219329834,0.8720384836,420.984375,4.510772,4.256217,4.510772,-0.2977398932,6.2761268616,0.08520683650000001,6.2858181,0.068078503,4.9218139648,0.06250002240000001,4.1681175232,-2.178086,-2.183772,-2.178086,0.014035299400000001,-2.1324005127,0.0137729384,-2.1468863487,0.018654737600000002,-2.1713638306,0.010672535700000001,-2.1514821053,552.421146,554.075852,552.421146,0.7198406458000001,544.2697143555,-0.0071994662,549.012878418,0.8850069642,555.7324829102,1.2886109352,553.5419311523,0.389586,0.477509,0.3565439577,0.1065738254,0.1153085497,0.061019793200000005,0.0678875446,-0.1155116409,-0.1738162637,0.3216380477,0.357997328,0.2019779831,0.39111226800000004,-0.23860886690000002,0.0019125342,0.08908468480000001,0.2166707665,0.10072925690000001,0.3096855283,-0.0445594564,0.0251501948,0.1009576917,0.2786716521,0.0727476105,0.5736324787,-0.1214157864,0.0182482004,-0.0171262287,0.12427189200000001
81,418.379345,419.672042,418.379345,0.7225089073000001,421.3581542969,0.7551339269,421.3342590332,0.9467749596,421.2099609375,0.7692998052000001,421.1056213379,4.48034,4.286309,4.48034,-0.1320218891,6.4175214767,0.056172102700000004,6.0145106316,0.0175285712,4.9513993263,-0.0935923532,4.54164505,-2.19137,-2.204316,-2.19137,0.014489064900000001,-2.1539959908,0.0171609521,-2.1632473469,0.0204658452,-2.1824982166,0.0184127819,-2.1786596775,533.214046,552.006168,533.214046,1.5654673576,534.5778808594,0.1851665974,532.9786376953,0.43560540680000004,537.9964599609,3.2325582504,538.97265625,0.292745,1.072355,-0.07604186980000001,-0.2650135809,-0.09841143370000001,-0.1668076068,0.1475371271,-0.1640549898,-0.7316906452,-0.0318128504,0.0394636691,0.1001801565,-0.1332716942,-0.28115949030000004,-0.6341002584000001,0.0216121636,-0.1871692091,-0.0962363034,-0.0917565972,-0.23614436390000001,-0.5001415610000001,-0.0371969864,-0.32537710670000003,-0.0858272016,-0.0192751437,-0.2887351513,-0.41362524030000003,0.0107089309,-0.11959406730000001
82,418.293999,418.990811,418.293999,0.7343918681,421.2046508789,0.7397563457,421.2982788086,0.9260139465,421.4541931152,0.7733595371,421.2859802246,4.355756,4.152155,4.3557559999999995,-0.4417588115,6.5967178345,-0.2252871841,5.7733573914,-0.053595751500000004,5.1957759857,-0.1452064216,4.6684856415,-2.241967,-2.192454,-2.241967,0.018603954500000002,-2.1852669716,0.0201043896,-2.1847872734,0.0288005453,-2.1960198879,0.0288447104,-2.1940696239,526.350464,544.970867,526.350464,1.9083788395,533.8885498047,2.4245193005,530.4821777344,2.3405451775,534.1852416992,4.1731824875,533.3073120117,0.345139,1.161153,-0.17311548670000002,-0.0434721958,-0.2954016612,-0.08198504150000001,-0.2835851312,-0.3184459805,-0.6614149213,-0.16595241430000002,-0.39896851780000003,-0.2099797428,-0.271266818,-0.0821262002,-0.1836075187,-0.30838271980000004,-0.39047068360000003,-0.3167819679,-0.11583513770000001,-0.12195882200000001,-0.1439369619,-0.2287058979,-0.38349595670000003,-0.2347845584,-0.0706121176,-0.11993601920000001,0.2661998272,-0.2198899835,-0.32543051240000004
83,418.881349,419.190931,418.881349,0.732506752,421.2704162598,0.7637889385000001,421.2719421387,0.9057161808,421.2551879883,0.7315577865,421.163482666,4.437412,4.309837,4.437412,-0.4693318307,6.5746574402,-0.136800319,5.8867716789,-0.1189964414,5.4965257645,-0.050700701800000005,4.8668718338,-2.268997,-2.145228,-2.268997,0.0186382122,-2.2102422714,0.0214178413,-2.2087440491,0.0280534998,-2.2113449574,0.0271241292,-2.2080464363,523.453641,544.181726,523.453641,1.8240990638999999,528.9803466797,2.0327763557,527.7662963867,4.1684145927,529.2725830078,5.2929582596,529.5518798828,0.630224,0.984501,-0.2681314342,-0.5092978674,-0.2567167056,-0.2382814735,-0.4538363218,-0.3561248779,-0.6363730431,-0.1067159399,-0.4630609155,-0.2875171304,-0.4860335886,-0.1779564768,-0.5055859089,-0.3951212168,-0.5552040339000001,-0.2176491916,-0.45634156470000004,-0.2728546858,-0.6897059083,-0.2374026328,-0.5213431716,-0.2582320571,-0.5445184708,-0.2716464102,-0.654838264,-0.1791403145,-0.5680574179
84,418.400936,418.55539,418.400936,0.6618559361,421.4467468262,0.6794077754000001,421.3856811523,0.8985786438000001,421.274597168,0.7260158062000001,421.1463012695,4.578362,4.427948,4.578362,-0.4418219626,4.3329162598,-0.3260589242,3.8749485016,-0.0941995382,3.6999554634000003,-0.13557064530000001,3.1495409012,-2.342591,-2.142547,-2.342591,0.0211711116,-2.2634222507,0.0257935915,-2.2675919533,0.0349033698,-2.2826390266,0.0318275243,-2.2764344215,523.252077,557.187389,523.252077,1.3976448774,534.8735961914,0.7029393315,528.0450439453,2.4001836777,530.8754882812,4.8957219124,528.2706298828,0.536988,1.127384,-0.2523237242,-0.12106378220000001,-0.45829271130000004,0.1948930025,-0.08766426890000001,-0.0007393174,-0.160107553,0.12482663990000001,-0.7575233579,-0.25355771180000003,-0.3795947731,-0.2910897136,-0.3577543199,-0.1089719236,-0.5856524706,-0.0638280809,-0.179305017,-0.2636719644,-0.5155088902,-0.1048239544,-0.3854967952,-0.1310843229,-0.3232526481,-0.11384689810000001,-0.44463181500000004,-0.0703560412,-0.3547064662
85,418.083606,419.178348,418.083606,0.7046796679,421.2795715332,0.6894233227000001,421.4389953613,0.9210453629,421.286315918,0.8622823954000001,421.3014526367,4.548057,4.117329,4.548057,-0.1824289858,4.9820737839,0.1688029915,4.8819270134,-0.0660686344,4.3147015572,-0.0467562154,3.9362349510000003,-2.306039,-2.185114,-2.306039,0.0189656466,-2.2614433765,0.0259035528,-2.2597692013,0.0333075523,-2.2736957073,0.0413318351,-2.2595994473,528.446542,550.46886,528.446542,1.2290097475,530.5694580078,0.7432091236,528.5153198242,3.748046875,530.18359375,3.9392108917,534.6005859375,0.926666,1.025938,0.2205520295,-0.7975421892000001,-0.4171248724,0.2410841584,0.5535012484,-0.6028094888000001,-1.6320511103,0.0364433601,-0.5364242792,0.0460521989,0.12103945020000001,-0.7246726155000001,-1.1050617695,-0.2561228573,-0.8506723046,0.21935650710000001,0.4742123485,-0.5547652841,-1.2094274759,-0.3261148632,-0.7697276473,0.0812262371,0.12834456560000002,-0.5087264180000001,-1.0116627216,-0.2007698417,-0.5917782187
86,418.486475,419.02979,418.486475,0.704544127,420.9822692871,0.745813489,421.0040893555,0.9801774621,421.0778808594,0.8650411367,421.2387695312,4.5946,4.500793,4.5946,-0.48404741290000003,4.4121360779,-0.1708543003,4.2845897675,0.0332386196,4.7243766785,0.25083541870000003,4.2607784271,-2.450287,-2.169575,-2.450287,0.0394088924,-2.3692734241,0.0515317023,-2.3643336296,0.06987765430000001,-2.3760750294,0.0895106643,-2.3409659863,507.514375,556.289728,507.514375,5.262658596,518.2734375,3.3220777512,507.7115478516,4.6760320663,510.8024902344,4.0409417152,513.3918457031,0.113366,0.625016,0.034596501,-0.0803528714,0.0720988912,0.39832511540000004,-0.11258237060000001,-0.2121043503,0.1109184772,-0.2708749473,-0.7255297899,0.11149188880000001,-0.0198244303,-0.1710459441,-0.0348450467,0.0655042157,0.071148932,0.1823545396,0.0520738363,-0.3860029578,-0.299705565,0.0831371695,0.11546929930000001,0.1518859863,0.0668074191,-0.0733383596,-0.3606665134,0.15442420540000001,0.3702658117
87,418.218935,418.685222,418.218935,0.6930177212,420.6131286621,0.6697996259,420.7183837891,0.8935726285000001,420.6430664062,0.8060290813000001,420.6780700684,4.487512,4.332083,4.487512,-0.2183669657,3.7714548111,-0.2455400079,3.8915739059,0.42729243640000003,5.058822155,0.37930932640000004,4.2682209015,-2.477963,-2.182623,-2.477963,0.0357573703,-2.3871910572,0.0489907227,-2.391456604,0.0671820119,-2.3988618851,0.10148198900000001,-2.3483567238,516.442763,552.140283,516.442763,4.1074213982,523.815246582,1.1062949896,519.0583496094,4.8651647568000005,519.1196899414,3.0735113621,521.9910888672,0.183231,1.230931,-0.0064084023,-0.1826994424,-0.0123801419,0.31810727720000004,0.24719761310000002,-0.26021677260000003,-0.26320543890000003,-0.1730476022,-0.21590498090000002,0.3264616728,0.5215010047,0.0814078599,-0.3405374885,0.17546515170000002,0.0351696685,0.3131435812,0.0191250592,-0.34221997860000003,-0.3200947642,-0.039980955400000004,0.1174749509,0.2376016229,0.0967283845,-0.032824277900000004,-0.5117296576,0.09898822010000001,0.3372518122
88,418.254949,418.389023,418.254949,0.6483758092,420.6265563965,0.6584109068,420.7735595703,0.9070689678,420.972076416,0.7776389718000001,420.8121948242,4.364961,4.404327,4.364961,-0.0617982596,4.1268758774,0.2510796785,4.6363663673,0.4281938672,5.0161786079,0.47721990940000003,3.8628342152,-2.440757,-2.127924,-2.440757,0.0337496325,-2.3812870979,0.0471429266,-2.375992775,0.0605441108,-2.3866620064,0.0812309235,-2.3569488525,522.225269,560.398227,522.225269,2.4876222610000003,522.4053344727,0.8144251108,517.5689697266,2.9841408730000003,519.9672851562,6.3392438889000005,526.3492431641,0.685844,1.01955,0.5272692542,-0.3848362266,-0.2104064413,0.3506468534,0.4494922161,-0.0722609684,-0.27564013,-0.2435640842,-0.0334420651,0.2157497108,0.8151224852000001,0.0488880686,-0.6782853603,-0.20129567380000002,-0.3253268003,0.3019906878,0.5909674168,-0.1929177642,-0.7488647103,-0.29295873640000003,-0.4914400578,0.22342349590000002,0.6893876791,-0.0375274457,-0.5159742236,0.08397027850000001,-0.34615194800000004
89,418.133895,418.838098,418.133895,0.6819329858000001,421.6137084961,0.6363562942000001,421.3810424805,0.8668037057,421.3723144531,0.7414739132,421.2257995605,4.28951,4.484155,4.28951,-0.3511168361,3.9145116806,-0.009066030400000001,4.1398696899,0.061334542900000004,4.8839673996,0.1487252414,4.2019510269,-2.427448,-2.144587,-2.427448,0.030987462,-2.3582878113,0.0382581428,-2.3729841709,0.0516350716,-2.3966794014,0.0639668182,-2.3642003536000002,523.897566,560.714259,523.897566,4.7105569839,527.4619750977,1.1646821499,520.9034423828,1.9718327522,522.4017333984,2.9866642951999998,524.1922607422,0.528716,0.888213,0.27547400920000004,-0.10333463870000001,0.43929084360000004,0.1810125411,0.0357604995,-0.007694499600000001,0.2590407729,-0.0981967896,0.15317751470000002,-0.018515190100000002,0.35885822770000003,0.0565650985,-0.1938336045,0.3432376385,0.49839422110000003,0.2003990561,0.3271609843,0.0065574385,-0.2316585481,0.026666045200000002,0.8557005525,0.0728532821,0.1013623476,-0.0211960152,-0.0139183849,0.1952193528,0.8730986118
90,417.616111,419.643033,417.616111,0.6925893426,420.5766601562,0.7214561701000001,420.711730957,0.9787775278,421.0144958496,0.8084484339,420.737121582,4.482379,4.587837,4.482379,-0.0026917160000000002,3.8246765137,0.2518830895,4.0589933395,0.5339203477,5.0167183876,0.23868238930000002,3.8287148476,-2.510095,-2.158281,-2.5100949999999997,0.039803467700000005,-2.4458370209,0.0519626029,-2.4501619339,0.07499703020000001,-2.4615237713,0.0965501443,-2.4243619442,512.084489,564.476331,512.084489,4.6519937515,523.0196533203,0.8522719741,512.0118408203,-0.1146651506,511.2947998047,4.3722553253,514.255065918,0.389599,1.416666,0.3476202922,0.1577510113,-0.0778593867,-0.21284408870000002,-0.016854763000000002,0.6781010628,0.1169831008,-0.42318928240000003,-0.093725048,0.0924620703,0.48019075390000004,0.26874357460000003,0.2361836582,-0.0744734406,-0.0358065963,0.34708440300000004,0.4158060551,0.2070465833,0.2050072849,-0.442476809,-0.09584057330000001,0.1769570708,0.5380347371,0.1944898665,0.3961705863,0.014433311300000001,-0.0094900429
91,418.550702,419.060808,418.550702,0.7474793196,421.1729125977,0.7707727551,421.2578735352,0.9608531594,421.4207458496,0.7798260450000001,421.3594665527,4.630969,4.362229,4.630969,0.0319961458,4.2778930664,0.21747833490000001,4.5728216171,0.4918710887,5.1904554367,0.3984503746,4.1820850372,-2.499016,-2.148651,-2.499016,0.0409882031,-2.413107872,0.0521510132,-2.4208910465,0.0773157403,-2.4347887039,0.1024564356,-2.3995437622,513.218437,557.570619,513.218437,4.5630278587,519.8399658203,0.5407361984,510.0804748535,2.4117059708,511.7128295898,3.1903281212,516.04296875,0.438341,1.355664,0.3649185867,0.1754597497,-0.16790334980000002,0.2434563637,0.0208639503,0.6156809926,-0.0324556828,-0.43235284090000003,-0.2621924281,-0.0699020997,0.5240181088,0.36415135860000003,0.45296645160000004,-0.026208501300000003,-0.1484506279,0.40878874060000003,0.6216765642000001,0.1865335554,0.38111722470000003,-0.1774440706,-0.0031778589000000003,0.2450070232,0.6218869686,0.2074567676,0.4829187989,0.0745861307,-0.0029090643
92,417.887416,419.200056,417.887416,0.7655943036,421.1639404297,0.7487448454000001,421.3629150391,1.0055627823,421.3259887695,0.8948968053,421.4809875488,4.30821,4.075961,4.30821,-0.3357512653,4.4340810776,0.0691435039,4.6501379013,0.3094871938,5.4459633827000005,0.2290680408,4.4140825272,-2.468989,-2.151019,-2.468989,0.038482770300000003,-2.3797459602,0.0534065664,-2.3721570969,0.0709920302,-2.3757894039,0.0908485427,-2.3396215439,510.311242,559.4423,510.311242,3.3351347446,518.3635864258,3.0788090229,511.0399475098,8.0029268265,510.5317687988,10.9942502975,515.3952636719,0.756661,0.849953,0.4894758596,0.5770163406000001,0.0013988277,-0.1079265848,0.5825733542,0.3376148343,0.6387437582000001,-0.3894928098,-0.6781837344,0.1925221533,0.9640735984000001,0.5386236906,1.0613180399,0.0873878449,-0.24653840070000002,0.3135581315,0.7100436687,0.31548070910000003,0.6805362701000001,-0.310516715,-0.4272406399,0.1767502427,0.5882755518,0.2497832775,0.626132071,0.0501069576,0.0247567445
93,418.653529,419.136411,418.653529,0.7797728181,421.0815429688,0.9106904864,421.3242797852,0.9429752231,421.137878418,0.9146586657,421.0441894531,4.641671,4.32937,4.641671,-0.3477499187,6.790312767,-0.19160665570000002,6.4415512085,0.0620091334,5.0557513237,-0.0066518299000000005,4.4743919373,-2.175688,-2.135664,-2.175688,0.0169555675,-2.1356086731,0.019753959,-2.1409246922,0.0241252109,-2.1672687531,0.0209348965,-2.1442553997,553.509859,577.812368,553.509859,1.2860223055,538.8480224609,0.8279216886,546.8621826172,1.3367452621,553.017578125,0.516187191,552.9643554688,0.701845,1.681718,0.2120155646,0.6670411357,-0.0518800192,0.3506063521,0.10993609580000001,0.23119695480000002,0.9119027853,-0.027414823,0.4235198498,0.1634510159,0.1737211347,0.16961488130000002,0.8510132432,-0.046628672600000004,0.4718975723,0.1017260402,0.0778812021,0.1343690008,0.8469314575,0.245241493,0.2940841913,0.1643577963,0.23026733100000002,0.11491528150000001,0.5867115855,0.0400977619,0.0675492436
94,418.353939,419.783589,418.353939,0.6748522520000001,421.0795898438,0.7238276005000001,421.0312194824,0.8987728357,421.2059631348,0.761880219,421.2395629883,4.526575,4.503964,4.526575,-0.4791810215,3.8338270187,0.036246229000000005,4.3303613663,0.1010086089,4.6279673576,0.2502263486,4.2963075638,-2.411264,-2.133816,-2.411264,0.031079635,-2.3384718895,0.0407093316,-2.3441748619,0.0563148484,-2.3640964031,0.06638380890000001,-2.3424317837,519.247213,561.782185,519.247213,4.1614217758,529.9283447266,1.4806919098,520.6810302734,1.8684229851,518.9512939453,8.2430353165,525.6762695312,0.37967,0.344463,0.1278688812,0.3505387934,-0.07015542200000001,-0.3572130203,0.39181736110000004,0.447506249,0.0537124053,-0.1167436689,-0.6536322236000001,0.0923639014,0.1444267035,0.2744226158,0.8412885666000001,-0.0247280709,-0.5308730006,0.0015150271,0.35696578030000004,0.2957912982,0.6790972352,-0.20139606300000001,-0.26972055440000003,0.0654601157,-0.0379141271,0.32201159,0.8099341989000001,-0.0110220946,0.0471173227
95,418.927361,419.072767,418.927361,0.6756224632000001,421.0963745117,0.7088667154,421.2145996094,0.9330067635,421.3602905273,0.7572117448,421.3471069336,4.65611,4.563968,4.65611,-0.2830693126,5.3316574097,-0.1168625504,5.1469225883,0.1705744117,4.9555325508,0.13771477340000002,4.2461590767,-2.389932,-2.148417,-2.389932,0.0319258645,-2.331700325,0.041716609200000004,-2.3296983242,0.0571802929,-2.3452730179,0.059050366300000004,-2.3370585442,516.031371,557.361119,516.031371,2.6787149906,526.231628418,3.1805846691,518.9313354492,2.9927830696,520.6457519531,1.6118901968000001,524.22265625,0.47483,0.471701,-0.0085689109,0.46032115900000004,-0.116165744,-0.21745026110000001,-0.0188289285,0.6486280560000001,0.6199641824000001,-0.411993891,-0.7456130385,-0.1431668699,-0.0748081505,0.5710639358,0.8492518067,-0.1836069375,-0.5302743316,0.0070441067,0.1375622451,0.5419499874,0.916849494,-0.2384473681,-0.5061407089000001,-0.053666826300000005,0.18519333000000002,0.3800577223,1.0024746656,-0.0850118697,-0.2329636961
96,418.362294,418.561968,418.362294,0.7278577089,421.180267334,0.7274871469,421.4185791016,0.9596075416000001,421.3847351074,0.8915022016,421.2464294434,4.469649,4.305776,4.469649,-0.34180769320000004,5.806391716,0.0067202561000000004,5.561542511,0.0280608162,5.0861196518,0.0583373681,4.0571966171,-2.336595,-2.144461,-2.336595,0.0224236883,-2.2847771645,0.0267006792,-2.2852518559,0.0342137106,-2.3024659157,0.054556325100000004,-2.2803244591,524.63279,559.773882,524.63279,2.5816204548,524.1168212891,2.3997905254000003,523.0182495117,1.9932010174,524.9498291016,7.0000400543,529.9793701172,0.624476,1.397621,0.1332558687,0.6017206677,0.100727272,-0.42675849800000004,-0.1971391737,0.1830764711,1.0050565004,-0.3750601411,0.2088125646,-0.22085158530000001,-0.174708724,0.2319841236,1.0314737558,-0.1634461433,-0.0801654011,-0.3071937859,-0.1524092108,0.35419088600000004,1.0985491276000001,-0.0633647516,0.20894782250000002,0.015896216,0.009761169600000001,0.33698979020000003,0.7071523070000001,0.1020665765,0.247953102
97,418.760679,419.056887,418.760679,0.7611482739000001,421.0627441406,0.7557035089,421.2479858398,0.9853803515,421.2838745117,0.7757840157,421.3143005371,4.508455,4.52882,4.508455,-0.2729802132,5.4541931152,-0.4253459573,5.1698403358,0.2326251417,4.8874163628,0.053818345100000005,4.6340045929,-2.346977,-2.203636,-2.346977,0.027984038000000003,-2.2785754204,0.039065022000000005,-2.2732584476,0.0496051349,-2.2917611599,0.044688187500000004,-2.2712116241,519.578094,553.757349,519.578094,1.0137453079,529.0220947266,2.7229166031,520.3293457031,4.8547339439,520.7920532227,4.4874749184,526.7176513672,0.982129,0.931965,0.3434298187,0.9093748570000001,0.1402506982,-0.1217002273,0.030943803500000002,0.3459857106,1.3686259985,0.11718393860000001,0.23933866620000002,-0.032412231,0.11573992670000001,0.0316466019,1.2072548866,0.1110916361,-0.07582756880000001,-0.1570789218,0.1409802139,0.2830649316,1.0571590662,0.10215914990000001,0.1750040799,-0.0161257721,0.1565895528,0.18919821080000002,0.9168951511000001,0.17303776740000001,0.3264789283
98,418.112349,418.835619,418.112349,0.7841122746,420.8497314453,0.7333418727000001,420.8275756836,0.9287733436000001,420.9525756836,0.8086428642,420.799987793,4.201714,4.396377,4.201714,-0.13338392970000001,6.6147460938,-0.3212743998,5.8334889412,0.2167373598,5.1957964897,0.0008305348,4.5849838257,-2.313999,-2.19009,-2.313999,0.0279741324,-2.2633051872,0.0368035361,-2.2595150471,0.0458758026,-2.2712059021,0.0489542186,-2.2536020279,530.863752,552.826347,530.863752,2.3817977905,524.4310913086,0.6871373653,523.8714599609,4.6532416344000005,530.7888183594,6.2447123528,531.3521118164,1.176163,0.88545,-0.0663943485,0.7833239074,0.8748458824,-0.0744827017,-0.3634181917,-0.26913979650000003,0.9690890908,0.4478756487,1.3900252581,-0.3301380575,-0.39426392320000003,0.3576000333,1.0961736441,0.371121794,1.5065002441000002,-0.2323649377,-0.09643102440000001,0.21446459,0.9052594304,0.5812519193,1.4332624674,-0.12881928680000002,0.11836688220000001,0.234868288,0.8923374414,0.3105866909,1.1391354799
99,418.149291,418.765988,418.149291,0.7286520004,420.9328308105,0.7144101858,420.9989013672,0.8853576183,421.090423584,0.7768630385,421.1179199219,4.687299,4.361623,4.687299,-0.1774947047,5.3513908386,0.12205064300000001,5.5839443207,0.1977382749,5.5395932198,0.1738782525,4.2664041519,-2.336416,-2.155605,-2.336416,0.0269119162,-2.2746446133,0.037026345700000005,-2.2796661854,0.048092972500000004,-2.2878034115,0.0546568558,-2.2803068161,519.354674,562.192593,519.354674,2.2541768551,527.0005493164,0.9244512916000001,519.9399414062,3.5754928589,519.4575195312,8.8955163956,525.5020751953,1.138153,0.932989,0.1284065792,0.1599390218,1.1195189407,-0.0707015321,-0.2285218537,-0.0162934605,0.0384770632,0.5936650038,1.070977211,0.1440260559,-0.1166085005,-0.1451432109,0.1700083315,0.3869537711,1.5048644543,0.0131349955,-0.1670068204,-0.0406050831,-0.0366048366,0.4169948399,1.350949049,0.1324043721,0.3021008372,0.1514362991,0.1266518086,0.3247271478,1.2798193693
100,418.341874,418.579582,418.341874,0.6927052736,421.0150146484,0.6826944351,421.2389526367,0.8571036458,421.140411377,0.7677499056,421.2354431152,4.342594,4.427311,4.342594,0.0599457622,4.6024951935,0.3588811159,5.4510774612,0.5070900917,5.65625,0.1150929257,4.3785924911,-2.454427,-2.173528,-2.454427,0.0388382077,-2.3738937378,0.0514674187,-2.3744337559,0.0676176548,-2.3800711632000002,0.1055629104,-2.3570656776,506.534456,558.97454,506.534456,5.5070228577,519.0494384766,1.6974720955,511.8405456543,2.7288427352999998,513.6483154297,7.1170420647,526.1614379883,1.535819,0.885099,0.0595955593,0.8846457619,1.2540300083,0.0866167992,0.24725221100000003,0.1346331239,1.1169220209,0.4249121845,1.5352387428,0.0648246408,-0.2076314837,0.1529092342,1.3073627949,0.38187089560000004,1.1723661423,-0.046821061500000004,-0.25692194700000004,0.0787489936,1.4730776548,0.4764869809,1.4249284267,0.1176820248,0.0843674913,0.2063045353,1.3801233768,0.15915156900000002,1.2277691364
101,418.095674,419.065406,418.095674,0.6718709469,421.0081176758,0.7004790306,421.045501709,0.9075331092000001,421.0955200195,0.7561942935,420.981262207,4.39871,4.51439,4.39871,-0.44159528610000004,4.9093008041,0.0230200067,5.0636224747,0.5240188837,5.3619174957,0.3160277307,3.9408512115,-2.500362,-2.162347,-2.500362,0.0403779671,-2.4143240452,0.056477744100000005,-2.4056191444,0.0782436579,-2.4019165039,0.1283143908,-2.3613336086,503.584574,562.987026,503.584574,5.9255032539,518.7540893555,1.3843924999000001,507.9671630859,4.7539348602,507.811126709,15.299943924,516.1287841797,0.923299,1.310812,0.048265063100000005,0.6230931056,0.6796374744,-0.066666007,-0.4025320113,0.1206944585,0.6318413615,0.1079971716,0.9021076560000001,0.1103050783,0.0223837793,0.1850161254,0.7469589114,0.266829282,1.183460474,0.0040635411,-0.0274919569,0.06511347,0.5319300294,0.40475851300000004,0.9832167625,0.1141933873,-0.0572883189,0.3022705317,0.8352199793,0.10696695,0.7274326682000001
102,418.107938,418.433324,418.107938,0.6622326374,421.337890625,0.663764894,421.1800231934,0.8639105558,421.337310791,0.767791152,421.0178222656,4.342799,4.360807,4.342799,-0.1435416639,4.7853517532000005,0.0355172604,5.1599979401,0.3191875219,5.2942757607,0.19305065270000002,4.0641717911,-2.398893,-2.170808,-2.398893,0.0312760063,-2.3311707973,0.0398885272,-2.3399248123,0.057064034000000007,-2.3561151028,0.06726473570000001,-2.3269205093,524.154275,570.01972,524.154275,4.655693531,529.4868164062,2.6871933937,522.1950073242,5.0617995262,522.2970581055,4.2110433578,525.589050293,0.237345,1.791655,0.13092436770000002,-0.1960609297,0.0274120002,0.4842717946,0.1260310113,-0.1386024654,-0.41104513410000004,0.0481369719,-0.7202839255,0.0834533423,-0.24713331460000001,0.0214036517,-0.3750987053,-0.1205721572,-0.022460058300000002,0.1285916716,-0.42021512990000004,-0.1723832637,-0.2515620887,0.0640184879,0.1081223339,0.023470535900000002,-0.0661228001,-0.0423059687,-0.2892742157,-0.0076331343,0.24092800920000002
103,418.489396,419.60276,418.489396,0.7214741111,421.2173156738,0.7468860149000001,421.2734375,1.0073822737,421.4919433594,0.8456348181000001,421.3895874023,4.192526,4.51532,4.192526,-0.1085161939,4.8734579086,0.0413391143,4.4570817947,0.0950471684,4.4380741119,0.021665263900000002,4.0406665802,-2.37324,-2.178088,-2.37324,0.0264860298,-2.3123118877,0.0345613658,-2.3102915287,0.041355297,-2.318877697,0.060172066100000005,-2.2923619747,528.49716,570.25634,528.49716,3.7459599972,527.3486328125,1.5144908428,525.8912963867,1.9021785259000001,526.8411254883,5.2537193298,536.1596069336,0.542144,1.512863,-0.1121371189,0.046331403300000004,0.5283927242,0.34719675780000003,0.09906205530000001,-0.0557219684,-0.030310288100000003,0.186722666,0.8154573441,0.1272809654,-0.06742759050000001,-0.0335359909,0.1165482104,0.594009459,0.9566795826000001,0.21919405460000002,0.4036801457,-0.029715079800000002,0.0947644114,0.6075876951,0.9582626820000001,0.2687118351,0.2060036063,-0.026043638600000002,0.08161922540000001,0.2516595423,0.9000629187
104,418.177526,419.395518,418.177526,0.7032908201,421.0724182129,0.7055741549,420.9466552734,0.9008649588000001,421.150604248,0.7615606189,420.9475708008,4.145424,4.367146,4.145424,-0.133325249,6.0445394516,0.043221451300000005,5.4082140923,0.4244558513,5.2256641388,0.2459437549,4.3780069351,-2.31767,-2.149594,-2.31767,0.02268048,-2.2515938282,0.0293764137,-2.2535717486999998,0.0377076305,-2.2665011883,0.0382235385,-2.2562310696,530.148203,566.520815,530.148203,3.0835270882,530.8612670898,1.5675661563999999,529.5274047852,2.0123784542,528.9973754883,5.5503811836,529.8543701172,0.999994,1.799189,-0.7169274990000001,0.308375053,0.6252267299000001,0.1671831161,-0.48156431320000004,0.1657329053,0.6884380579,0.24645981190000002,0.9302037954000001,-0.1823871136,-0.5388484597000001,0.15558291970000002,0.39116904140000003,0.168446064,1.2180714607,-0.19814676050000002,-0.6204674244,0.34770891070000004,0.7308961749,0.3334938586,1.0105756521,-0.1305150539,-0.851113081,0.1593046784,0.5919290781000001,0.0932696611,0.6321451068
105,418.270733,419.069626,418.270733,0.7189900875,420.8133544922,0.7379230261,420.9485778809,0.936244607,421.1713256836,0.7985560894,421.0539550781,4.079113,4.357065,4.079113,-0.3850604892,5.4114913940000005,-0.0603763312,4.9788742065000005,0.3332188427,5.0433092117,0.0916204751,4.2087039948000005,-2.42665,-2.142733,-2.42665,0.0302780438,-2.3675322533,0.0397333093,-2.3724195957,0.0554386973,-2.3769085407,0.0619900711,-2.3692595959,522.809833,574.364764,522.809833,1.4711053371,519.2966918945,1.5154047012,515.9652709961,2.7643141747,521.9778442383,5.95753479,523.1640625,1.218747,1.33272,-0.1119368511,0.8355482710000001,0.8801547824,0.169572264,0.22648137810000002,0.3488384187,1.4525737762,0.4229889512,1.2300771475,-0.0553331934,0.0578833371,0.3065721691,1.0882190466,0.2799228132,1.2706478834000001,0.0677486435,0.3912961781,0.4201425314,1.4002405405,0.3982708454,1.0838925838,0.0361419246,0.2014360577,0.383837074,1.1588356495,0.2557081878,0.9944735765
106,418.311868,419.078476,418.311868,0.7679450512,421.5185241699,0.8174871802,421.5321960449,0.9496039152,421.2156677246,0.8089026809000001,421.1796569824,4.374203,4.408471,4.374203,-0.4001502395,6.4280290604,0.06746181100000001,5.5230998993,0.32699483630000004,5.5478515625,0.1365776956,4.6657509804,-2.39783,-2.155385,-2.39783,0.029611386400000002,-2.320012331,0.0394887403,-2.3177924156,0.056692130900000005,-2.3186883926,0.0633629039,-2.2988984585,516.341272,560.136751,516.341272,1.8792220354,516.0635986328,2.2651178837,512.3350830078,2.108676672,519.094543457,4.5748825073,519.4783325195,1.208027,1.592046,0.0635452336,0.7113588745,0.9742995569,0.1504104733,-0.1018246859,0.46995764970000004,1.3102047443,0.3895853758,1.2937530279,-0.0740996376,-0.0196536593,0.1239344552,0.9020513892,0.2671251297,1.4214406013,-0.1818003058,0.19601637130000002,0.4625901282,1.2099041939,0.31257098910000003,1.0450699329,-0.17825737600000002,-0.08270264420000001,0.38092258570000004,1.1381291151,0.2384025156,0.8975713253000001
107,418.423841,418.812933,418.423841,0.7247511744,420.9772033691,0.7309786677,421.0465698242,0.8847239614,421.1004638672,0.8432809711,420.942779541,4.354352,4.467164,4.3543520000000004,-0.0977307037,6.4867734909,0.08860521760000001,6.1215071678,0.0642227903,4.8745203018000005,0.1975452006,3.8617935181,-2.116005,-2.15308,-2.116005,0.0114967925,-2.093152523,0.0102807209,-2.1092994213,0.0110935867,-2.125834465,0.0056422949,-2.1216597557,573.907725,560.386189,573.907725,1.2539579868000001,552.7482910156,0.19754703340000002,562.9053344727,0.2426239252,566.9173583984,2.0245513916,565.2287597656,0.713909,2.073074,0.3881478083,0.481776499,0.3562281789,0.30811336640000003,0.7849055529000001,0.2517007291,0.4698890746,0.3038831949,0.9311011434,0.3777441084,0.7045232654,0.1972014457,0.6741287708,0.395840466,0.657181263,0.1962092668,0.46700423960000004,0.13583078980000002,0.7088955045,0.2733541727,0.4217507243,0.2588479519,0.6577152014000001,0.2525764406,0.49677219990000004,0.3409623802,0.3258323967
108,417.352758,419.501156,417.352758,0.6688401699000001,420.8737487793,0.6503169537,421.102142334,0.7997775078,421.1253662109,0.7300507426,421.0405273438,4.235521,4.335046,4.235521,-0.1077781096,5.7958898544,0.17326459290000001,5.6107907295,0.3557758331,5.3716993332000005,-0.0351057351,4.2016878128,-2.398994,-2.171237,-2.398994,0.0308292303,-2.3454918861,0.0402917191,-2.3441038132,0.0503326729,-2.3497052193,0.0739121437,-2.330009222,518.446803,562.9865,518.446803,4.0301270485,517.248840332,0.8316447735,513.8264770508,6.1226902008,519.5621337891,6.6700253487,524.2853393555,1.348285,0.989976,0.015877339100000002,1.009582425,0.8935116437,-0.06191391500000001,0.019859992,0.3180257678,1.1046807766,0.058952976000000004,0.8628807068000001,0.1687732786,0.10993206500000001,0.5388007164,1.1437883377,0.2558235526,1.4409124851000001,0.0634217337,0.049880676000000006,0.3130367696,0.721018672,0.3226208687,1.1034861803,-0.2780660689,-0.0610715747,0.1662286818,0.9357210398,0.2333001345,0.9442887306000001
109,418.245426,419.638117,418.245426,0.6317315698,420.6834716797,0.6932686567,420.8179321289,0.8220714927,420.677154541,0.8444648385,420.9572143555,4.643755,4.653187,4.643755,-0.3700053394,6.1797266006000005,-0.027678012800000002,5.7118301392,-0.1136799753,4.9533195496,0.0423047915,4.2705125809,-2.106548,-2.156948,-2.106548,0.0111338897,-2.1005659103,0.011195723000000001,-2.1140289307,0.0123483641,-2.1268737316,-0.0006482191,-2.1195383072,558.660887,564.220102,558.660887,0.8800233603000001,545.2165527344,-0.0914542079,555.7814941406,0.46847844120000004,558.3112792969,1.9576964378000001,558.2704467773,0.775596,2.020017,0.3438849691,0.6006077106000001,0.3500897592,0.2561236024,0.5783789158,0.49268990760000003,0.9881956577000001,0.3429474235,0.5644696951,0.2711790502,0.5715504885,0.21143943070000001,1.0974937677,0.1471416056,0.6153014302,0.22271281480000002,0.4340437949,0.3412881494,0.959249258,0.19919827580000002,0.5964823365,0.0699104294,0.4701833427,0.1973529309,0.7942321897,0.1652023792,0.4045678377
110,418.003694,419.027446,418.003694,0.7396929264000001,420.8826904297,0.7470518947,421.0254211426,0.9553585052,421.0859069824,0.8552240729,421.1174316406,4.285894,4.490624,4.285894,-0.1550233662,5.777349472,0.1041366309,5.4806032181,0.2371136248,5.633494854,-0.0006205328,4.3885879517,-2.401237,-2.143899,-2.401237,0.0328282602,-2.3384642601,0.0439902171,-2.3398582935,0.0587366223,-2.3518686295,0.0741122067,-2.3366589546,520.031534,558.303151,520.031534,2.0563652515,519.035949707,0.6070984602,515.655090332,1.6789073944,523.8892211914,6.648434639,524.7501831055,1.626609,0.624482,-0.6727501202,1.0228104602,1.0710378379,-0.2094482481,-0.6923700571,0.3256065845,1.6209847927,0.2335405797,0.787966311,-0.4079795182,-0.6633249521,0.430437088,1.7147655487,0.3682790101,1.2613108158,-0.27426540850000003,-0.6628980041,0.5325428843000001,1.4881527424,0.3078854978,1.3633363247,-0.2307402492,-0.8545340300000001,0.4229482114,1.2595088482,0.3668110371,1.3792426586
111,418.446266,419.808677,418.446266,0.7287479043,421.5531311035,0.7187903523,421.2673339844,0.8549490571,421.3249511719,0.7873234749,421.1595153809,4.329681,4.440437,4.329681,-0.28272521500000003,6.5431175232,0.2027741522,6.5928664207,-0.0811286271,4.8613653183,0.0209480748,3.8948082924,-2.15901,-2.152563,-2.15901,0.0123194037,-2.1344275475,0.010687411800000001,-2.1532962321999998,0.017140185500000002,-2.1660037041,0.0145654939,-2.1576702595,571.770614,564.915476,571.770614,1.8260856867,552.842590332,0.2853422761,559.1130371094,0.3302224278,562.4365234375,1.3813813925,561.1590576172,0.890544,1.198597,0.1549373213,0.8766562818,0.0231643001,0.1184313148,0.1783342957,0.6214834452,0.5755989552,0.18245367710000002,0.38013952970000003,0.1577762365,0.26993545890000004,0.1629861146,0.99532336,0.0788013786,0.3932359219,0.012991068900000001,0.0828909129,0.2611951232,0.8314604163,0.07359504700000001,0.2394289374,0.1318873167,-0.0356541947,0.2298339903,0.7115066051000001,0.2530913353,0.1175602376
112,418.113895,419.470524,418.113895,0.724892199,421.449798584,0.7453086972,421.3359069824,0.8781906366000001,421.1643066406,0.8360466361000001,420.922668457,4.283196,4.281041,4.283196,-0.3204070926,5.3734731674,0.1849866211,5.6015996933,0.3657543063,5.4882049561,0.1764596701,4.3179731369,-2.406481,-2.181656,-2.406481,0.0321711488,-2.3358056545,0.040731959000000005,-2.3453006744,0.0568509996,-2.3686902523,0.0679686889,-2.3474690914,527.373921,559.921675,527.373921,2.2414758205,524.7709960938,-0.6131934524,521.059387207,2.9321398735,530.1190795898,4.4217338562,529.4240112305,1.229163,0.900663,-0.39498651090000003,0.5053134031000001,1.0485641025,-0.39319601660000003,-0.5962955952,0.4127976298,0.8209874034,0.2754122317,1.2153996229,-0.28191554550000003,-0.6277642846,0.1965661943,1.0213409662,0.3325843513,1.6825456618999999,-0.28160244230000003,-0.7020075321,0.2527866066,0.8230422735,0.5052335262000001,1.2888144255,-0.1874369979,-0.6571208835,0.17353618140000002,0.5851480961000001,0.4280253351,1.4298379421
113,418.388627,419.725113,418.388627,0.7775489092000001,421.2334899902,0.7757828236000001,421.2543029785,0.9556244016000001,421.4551696777,0.7564213872000001,421.4905395508,4.486387,4.286251,4.486387,-0.2444004864,5.5090837479,-0.13766297700000002,5.2232356071,0.3241745234,5.3250174522,0.1937328875,4.4128332138,-2.392174,-2.200724,-2.392174,0.0328271016,-2.3236312866,0.0433755815,-2.3220255375,0.0589951947,-2.3255317211,0.07168018820000001,-2.3092672825,520.157024,551.063004,520.157024,1.6715937853,519.4713745117,0.5222748518,515.9739990234,6.3860244751,524.5266723633,5.3476481438,523.6690063477,1.465005,0.789151,-0.49512591970000003,0.7046061250000001,1.1851664729,-0.38344866040000003,-0.2631497383,0.3140130937,1.4134532213,0.5922362804,1.3320908546,-0.0702605471,-0.3206810653,0.5132335424,1.2692263126,0.3061982393,1.3491916656,-0.1843928397,-0.679459691,0.5977390409000001,1.3805695772,0.3089896142,1.3832038641,-0.0044297446,-0.42327588800000004,0.3529302776,1.1199967861,0.1266834736,1.3565644026
114,418.514391,418.781206,418.514391,0.7684745789,420.8648986816,0.7281370759,420.893737793,0.9337522984000001,420.758392334,0.7583450675000001,420.8740539551,4.579496,4.814368,4.579496,-0.2485542893,5.5211658478,0.1476848722,5.3140368462,0.2681943178,5.1471867561,0.1303649545,4.1987810135,-2.349635,-2.161572,-2.349635,0.0244105756,-2.2916069031,0.0326674059,-2.2945542336,0.043059852,-2.3047804832,0.061095953,-2.281763792,528.130342,554.463564,528.130342,1.1152873039,524.8798828125,-0.8421410918000001,521.5140380859,1.5909894705,526.3382568359,3.1928191185,531.4395751953,1.014464,0.983705,-0.3940787623,0.5003269979,0.7896282815,-0.0862312093,-0.3008543551,0.5466749668,1.0708692074,0.10923444480000001,0.6674623489,-0.1753961593,-0.4892551899,0.34404990080000003,1.0686768293,0.2462964505,0.8975423574,-0.304155618,-0.4397443831,0.2564117014,0.8676793575,0.3369305432,1.0101599693,-0.0823513493,-0.2920877934,0.0207805224,0.4490680993,0.2681754827,1.002586484
115,417.991957,418.72645,417.991957,0.6668206453000001,420.6753845215,0.7297667265000001,420.6419067383,0.9905688763,420.9313049316,0.8669298887,420.861907959,4.260369,4.212979,4.260369,-0.592420876,5.0719223022,-0.3409079909,5.0745201111,0.23422993720000002,4.9268345833,0.0521903299,4.0819740295,-2.372516,-2.194366,-2.372516,0.031189737800000002,-2.2993357182,0.042510785200000005,-2.3048465252,0.0564059317,-2.298279047,0.0705363974,-2.2851755619,515.687937,556.129519,515.687937,2.0046417713,521.6376953125,0.9166572690000001,517.4943847656,1.2873779535,522.3994750977,3.298333168,527.6463012695,1.319118,0.992219,0.057223161700000004,0.6995241844,1.1168991665,-0.19714283940000002,-0.27942436930000003,0.1446177065,0.9980501533,0.6681381464,1.7664904594,-0.1870909333,-0.0641104579,0.2073547244,1.3783861399,0.5213688016,1.9192979336,-0.0178403519,-0.1634980291,0.3359822631,0.9633404613000001,0.5779609084,1.7223294973,0.0197810754,0.0473950356,0.1453586817,0.9420669079,0.5356491208,1.658908844
116,418.36013,419.10311,418.36013,0.7193544507,420.911895752,0.8164716363000001,420.8530578613,0.8897106647,420.8840026855,0.7486064434,421.0553588867,4.307199,4.711759,4.307199,-0.4378617704,5.7028427124,-0.1650398523,4.994890213,0.3098864853,4.9663949013,0.2963041067,4.1914510727,-2.365079,-2.19424,-2.365079,0.0313309655,-2.311788559,0.0424516574,-2.3114504814,0.0545609742,-2.3157026768,0.0613701865,-2.3076307774,522.941972,548.931948,522.941972,2.7901353836,520.9420166016,0.21006560330000001,518.9703979492,5.8096385002,526.4345092773,7.1768217087,527.6575317383,1.505826,0.923791,0.1990668409,0.4193948321,1.4324772439,0.0928808302,0.2054598927,-0.2527126074,0.5324239731,0.730908215,1.6905527115,-0.020895414100000002,0.2607416511,0.0379545279,0.9055699110000001,0.4602889121,2.0727713108,-0.0101307128,0.2203760147,0.0532274209,0.6454552412,0.5665447116,1.9328840971,-0.0010588467,0.30971777440000003,0.1384506524,0.5218514204,0.46622318030000004,1.9356095791
117,418.296212,418.660826,418.296212,0.7532030940000001,420.7883300781,0.7224634886,421.040222168,0.9121198654,420.9749755859,0.7464558482,421.0088500977,4.422158,4.134856,4.422158,-0.518317461,5.3277807236,-0.0500919372,5.5118794441,0.22046074270000002,5.1722636223,-0.0426359475,4.4327831268,-2.345753,-2.174451,-2.345753,0.0298589543,-2.2970685959,0.038932122300000004,-2.2994308472,0.0486666188,-2.3101141453,0.0634520277,-2.2960941792,527.790374,542.633949,527.790374,2.2148051262,523.8430175781,0.40481182930000004,520.4916992188,3.700314045,526.6890258789,6.6523208618,526.0208129883,1.429963,1.081114,0.2650023044,0.4751485338,1.3224222088,0.0106122904,-0.24258181450000002,0.1868433505,0.3696126342,0.5639455318000001,2.1028242111,-0.1983187944,-0.0498003848,0.1502498686,0.7136211991,0.6325836182,2.2460408211,0.0365702398,0.1716169566,0.1269668639,0.7865512371000001,0.6704886556,1.9196358919,0.0948941261,0.3862361908,0.36051106450000003,0.7516884804,0.5377513766,1.666708827
118,418.358731,418.9074,418.358731,0.664912641,421.1820678711,0.6694608927,421.1736450195,0.8312516809,421.0311279297,0.6973316073,420.9443054199,4.370758,4.642899,4.370758,-0.14986416700000002,5.504073143,0.5195146799,5.6283531189,0.6603531837000001,5.5245676041,0.3176494837,4.0803575516,-2.420494,-2.183421,-2.420494,0.0351139829,-2.3389279842,0.047203701,-2.3432617188,0.0620650202,-2.3449594975,0.0909850895,-2.3237273693000002,517.02644,552.036665,517.02644,8.9126119614,517.9413452148,0.45871770380000004,513.4022827148,3.8260502815,518.2159423828,3.3628153801,528.2530517578,1.278898,0.380227,0.1070255471,0.6826985879,1.076126696,0.0620797388,0.5343885422,0.1119884849,0.6379092932,0.5725926161,0.6104011536,-0.10571669040000001,0.0394891426,0.30474022030000003,0.9539942741,0.32452183960000003,1.0987317562,0.047836639,0.1667240113,0.0655219257,1.0849649906,0.28978455070000003,1.153241992,0.0813690051,-0.009468168,0.1428240389,0.9599891901000001,0.0948927402,0.9693645239
119,418.176469,419.57928,418.176469,0.6757161021,421.0768737793,0.7193450928,421.1039428711,0.8825719357,421.2622680664,0.8374723196,421.2133483887,4.356285,4.617906,4.356285,-0.3649004102,6.2546567917,-0.1885249168,5.6966586113,-0.0499065816,4.5148849487,-0.0099050552,3.6958098412,-2.155705,-2.158356,-2.155705,0.012953301,-2.1357161999,0.013749491400000001,-2.148881197,0.0180266481,-2.1642608643,0.0102024116,-2.1617925167,567.58207,558.671914,567.58207,1.0304048061,550.2262573242,-0.16244024040000002,556.7863769531,-0.15716731550000002,561.1317749023,1.0234057903,561.5850830078,0.857154,0.828191,0.3395064768,0.7870131298,-0.0076141148,0.0184307061,0.7529662251,0.7434763908,1.0277127028,0.1050412431,0.3632319272,0.3344080746,0.5878291130000001,0.4412237108,1.1010873318,0.124295257,0.5504558086,0.0797979832,0.4180673361,0.5413546562,1.0131793022,0.0792068839,0.3173786402,0.1832720041,0.3373886347,0.38958963750000003,1.0398561954,0.1099610701,0.0451671779
120,418.259129,418.700344,418.259129,0.6048310995,421.0804748535,0.6166576147,421.1401672363,0.8042989373,421.3926391602,0.6257203221000001,421.2329711914,4.273291,4.216871,4.273291,-0.2409144044,4.9588813782,0.0289459601,5.8374271393,0.30408823490000003,5.6818041801,0.1120879874,4.0116281509,-2.45186,-2.162476,-2.45186,0.036014989000000004,-2.3708629608000003,0.045027595000000004,-2.3723137379,0.059742555,-2.3751339912000002,0.0749587864,-2.3600816727,512.614555,565.331601,512.614555,3.2357308865,519.4459228516,1.9907562733000002,511.1211853027,3.9984793663,517.2792358398,8.3768377304,521.4750976562,1.34681,0.822499,0.3697428566,0.7769340103,1.0361278574,0.3113752306,0.6055034399,0.6245132089000001,0.9656510353000001,0.44139978290000004,1.4530261755,0.49503254890000004,0.3859273791,0.37599381800000004,1.0403181314,0.3985390365,1.8000319004,0.1266005784,0.5986606479000001,0.3336175382,1.2631087303,0.6559823155000001,1.4278751612,0.19343742730000002,0.620306015,0.3266119361,0.9716236591,0.3019011915,1.1645245552
121,417.91459,419.837455,417.91459,0.5823417902,420.6006469727,0.6702793837000001,420.7218933105,0.8631381989,420.744140625,0.8068813086000001,420.6400146484,4.157743,4.293761,4.157743,-0.4318667054,5.5298118591000005,-0.0545892417,5.5463771820000005,0.5042280555,5.4356212616,0.17622172830000002,4.3350944519,-2.47219,-2.159623,-2.47219,0.036923449500000004,-2.396320343,0.047576014,-2.3978235722,0.0647723302,-2.4039599895,0.08863021430000001,-2.3787708282,509.209811,557.459879,509.209811,6.2761902809,517.3496704102,2.3227598667000002,510.252746582,5.9998288155,512.4761352539,4.5999898911,519.463684082,1.282642,0.798582,0.35685325370000004,0.8861679811000001,0.8558808309,0.1279125214,0.5163995624000001,0.6018943191,1.1250782013,0.47358769180000004,0.758508563,0.2010788471,0.0735018551,0.3668289185,1.06547153,0.2757390141,1.1322276592,0.043623805,0.1586171687,0.25109428170000003,1.2575447559000001,0.39047026630000004,0.844399333,0.2455029786,0.3015692532,0.4221442342,1.4123840332,0.0804219022,0.7910124660000001
122,418.057573,418.888505,418.057573,0.6810312271,420.8096618652,0.6741451025,420.9142150879,0.8125013113,421.0454711914,0.7576285005000001,420.9123535156,4.222774,4.756792,4.222774,0.055422365700000004,5.8195476532,0.261667192,5.388666153,0.6166471839000001,4.9858574867000005,0.1453877389,4.0819692612,-2.426376,-2.160886,-2.426376,0.0313653722,-2.3492507935,0.041343051900000004,-2.3526158333,0.0561586767,-2.3559596539,0.0823524743,-2.3268172741,520.685083,548.980516,520.685083,4.2815489769,523.5288085938,1.1722249985,518.4468383789,3.3277797699000002,521.3300170898,-1.1385576725,528.1853637695,1.423001,0.818688,-0.1155603379,1.3474329998,0.4427212802,-0.189393729,0.0576329529,0.8430190086,1.5122803450000002,0.5003314018,0.022326178800000002,0.139058277,-0.3114430308,0.324465543,1.4896609782999999,0.0296476986,0.3508996367,0.0741188005,-0.3937342763,0.3161506653,1.8590474129,0.21825550500000002,0.4367959797,-0.0298609305,-0.1295601577,0.4126118422,1.8428484201000002,-0.10286359490000001,0.3670948148
123,418.434637,419.160523,418.434637,0.8069788218,421.1705932617,0.7936723232,421.3442687988,0.8708299994,421.1288146973,0.8618072271,421.2436218262,4.554757,4.463468,4.554757,-0.314065814,5.7735300064,0.0181456022,5.6455321311999995,0.2918988764,5.5722894669,0.0220830962,4.274887085,-2.350768,-2.243169,-2.350768,0.0317099541,-2.2810122967,0.0429992415,-2.2833023071,0.0553644672,-2.2869815826,0.0720591396,-2.2799041271,522.439918,549.715093,522.439918,0.5387555957,524.4147338867,-0.0068217814,521.4861450195,1.6706764698,524.4577636719,6.605322361,526.2310180664,1.270838,0.766373,0.5268119907000001,0.881289874,0.7488832671,0.3793084621,0.3402424455,0.27554425600000004,0.6142280698,0.39540851120000003,1.7096757889,0.09743909540000001,0.5490232706,0.3241429925,1.0861667395,0.5715357065000001,1.7841892242,0.0315806828,0.45603597160000003,0.2052828223,0.9684963226000001,0.6165074706,1.6139576435,-0.0418926366,0.38119637970000003,0.1879120767,0.8143362999,0.336269021,1.1300570965
124,418.168544,419.373276,418.168544,0.7791400552000001,420.8836975098,0.7861399055,421.0914001465,0.9124618769,421.01953125,0.7953025699,420.8738708496,4.337298,4.509187,4.337298,-0.16331048310000001,5.4167118073000005,0.2407968789,5.3734912872,0.5140416622,5.3696637154,0.1571476758,4.5000181198,-2.36044,-2.224029,-2.36044,0.031113054600000002,-2.2884845734,0.0412719771,-2.2876603603,0.0525219142,-2.2888159752,0.06623763590000001,-2.2710633278,522.420722,552.231857,522.420722,1.6952848434,524.8140258789,0.6664484143,520.7421875,3.3624167442,525.7729492188,6.0380239487,527.9996948242,1.581622,0.929577,0.2747542442,1.1816044488,1.0148148251,0.3718093932,1.1546421051,0.7577027678,1.6402978897,0.7054792643000001,1.5461279154,0.436596185,0.857377708,0.3259294331,1.3432542085999999,0.3011449277,1.7102988958,0.35297811030000004,0.5409612656,0.3784584999,1.3049268723,0.5319750905,1.5694371461999999,0.1426438987,0.4884550273,0.4666765928,1.4361360073,0.394744128,1.2730877399
125,418.551029,419.450386,418.551029,0.8050823808,420.8288879395,0.7900750041,421.0648193359,0.9478968382,421.1321105957,0.8201429248000001,421.0779724121,4.449387,4.260143,4.449387,-0.2340998948,6.166973114,-0.028110899,5.5269417763,0.46037796140000004,5.277358532,0.1197623387,4.3475632668,-2.388484,-2.196761,-2.388484,0.0328583531,-2.3337752819,0.0428945385,-2.3280744553,0.0544348359,-2.3356494904,0.06808088720000001,-2.3232932091,523.430877,553.614241,523.430877,0.65637815,520.2117919922,0.8404531479,516.0117797852,2.4005479813,525.4616088867,7.228164196,525.2814331055,1.385991,1.196836,-0.5953662731,0.9618238521,0.8008773924,-0.25819674130000003,-0.38041809200000004,0.5490522385000001,1.4589114189,0.0700624734,1.1077390909,-0.20929583910000002,-0.38855671880000003,0.5441548228,1.8437980413,0.37030196190000003,1.4787222147,-0.0606732517,-0.4582290053,0.6899407506,1.5006637573,0.5462619662,1.3895171881000001,-0.23762801290000002,-0.7968391180000001,0.45542186500000004,1.4702528715,0.3949238658,1.3281872272
126,418.36031,419.243673,418.36031,0.7605355978,421.1466674805,0.7132833004,421.1435241699,0.8558502197000001,421.2847290039,0.7994930744000001,421.1385498047,4.641653,4.575432,4.641653,-0.1663837731,6.321349144,0.1110823527,5.6501665115,0.2948275208,5.0297513008,0.072078079,3.8031337261,-2.306572,-2.146883,-2.306572,0.026429837600000002,-2.2558879852000002,0.035117276,-2.2550950050000003,0.045180670900000004,-2.2631649971,0.0602543652,-2.2469758987,531.184623,557.395588,531.184623,2.4227361679,524.1948242188,0.0239114016,524.4339599609,3.7702460289,532.9057617188,6.7352595329,529.4711303711,1.554997,0.509967,-0.4079276659,0.9974438495000001,1.121034281,-0.0738476366,-0.2533377409,0.4261932373,1.5727571248999999,0.28277924660000003,1.7975206375,-0.0879906788,-0.1440417767,0.5468247533,1.8640955687,0.5122549534,1.7931059599,0.0255905092,-0.40211021900000005,0.6773074865,1.4773008823,0.7952675223,1.5033009052000001,0.0254311059,-0.65621984,0.47309437390000003,1.5106272697,0.5183516145,1.4844565392
127,418.43438,418.7381,418.43438,0.6765947938,421.0067443848,0.7269920111,421.1555480957,0.8534265757,421.207824707,0.7839936018,421.0415039062,4.420434,4.403006,4.420434,-0.2616924345,5.2709932327,-0.2442611009,5.3176159859,0.1758181751,5.1116266251,0.1013538018,4.0177788734,-2.403811,-2.127672,-2.403811,0.0306010377,-2.336728096,0.038750954000000004,-2.3436472416,0.0521621257,-2.3495557308,0.0675325319,-2.3233168125,520.082108,556.882949,520.082108,1.3659863472,520.9501953125,0.1727624983,518.0612792969,2.2783989906,523.1462402344,6.3808908463,526.6089477539,1.572161,0.328241,-0.2902247682,-0.1497641372,1.5378658681,-0.3525309861,-0.4850240946,0.3714066446,0.1490512192,0.3485102057,2.0584244728,-0.1881831139,-0.4710122943,0.0396509394,-0.149032414,0.637447238,2.3391633034,-0.19666336480000002,-0.6057935357,0.0941910148,-0.17656959590000001,0.753957808,2.2833731174,-0.1623787731,-0.454854399,0.0007534847,-0.20266325770000002,0.5988730192,2.2552757263
128,418.463404,419.121919,418.463404,0.8183133006000001,421.3434448242,0.7253113389,421.5655517578,0.935533464,421.7715454102,0.7615613341,421.4704589844,4.455123,4.559963,4.455123,-0.2622732222,6.7509536743,0.1451175213,6.0846590996,0.4291376472,5.6903386116,0.1247730851,4.479054451,-2.3784,-2.206799,-2.3784,0.0322775841,-2.3120908737,0.041244883100000004,-2.3100135326,0.0525142215,-2.3283658028,0.0685268193,-2.3047878742,524.726285,549.803095,524.726285,0.8217073083,521.2714233398,0.203019008,516.5599365234,1.1442960501,525.668762207,4.299870491,525.645324707,1.482287,0.7578,-0.070179041,-0.0666952694,1.4791221033,-0.3392412066,0.0587107688,0.001539968,-0.06535670910000001,0.4067454934,2.2940731049,-0.19872345030000002,-0.4137031436,0.1386152208,0.09427022930000001,0.5968670845,2.6318292618,-0.2968776822,-0.15488837660000002,0.2183400989,0.0521514863,0.8753043413,2.2086610794,-0.1132100075,-0.0385832191,-0.1857744604,-0.1038399413,0.5834144950000001,2.2497320175
129,417.940531,419.052354,417.940531,0.8233458996,421.1290588379,0.7865489125,421.1777954102,0.9341039658,420.9109191895,0.7962706089,420.7009277344,4.483216,4.46866,4.483216,-0.3289210796,6.3873319626,-0.1039655656,6.1765303612,0.3057391644,5.5239772797,0.1306015253,4.0620222092,-2.379488,-2.224241,-2.379488,0.0282593966,-2.3199949265,0.0381873809,-2.3212783337,0.0505065769,-2.3415527344,0.07411488890000001,-2.3169887066,521.335064,548.223397,521.335064,0.8174163103000001,520.6499633789,0.28571105,518.5518798828,1.8397793770000002,525.3394775391,4.4944133759,526.5942382812,1.998416,0.792228,-0.2941567026,0.0204853848,1.9765423383,-0.23620948200000003,-0.7140014768,-0.3555236757,0.02136641,0.48888689280000003,2.446587801,-0.2599731386,-0.9279384613,0.2468876243,0.18357546630000002,0.8900381327,2.9115555286,-0.40064471960000003,-0.5355026126,0.1374139339,0.2445348203,0.9784920812000001,2.6331019402,-0.1468162388,-0.5886770487,0.01492537,-0.0009820312,0.7533732057,2.7261426449
130,418.153796,418.853607,418.153796,0.766346097,421.2437438965,0.7412800789,421.4143371582,0.9215580821,421.2583312988,0.8459562659000001,421.1046447754,4.730853,4.516424,4.730853,-0.2802053392,6.377661705,0.2267897129,6.0490584373,0.27191591260000003,5.6449584961,-0.0421353802,4.5077605247,-2.293499,-2.182166,-2.293499,0.0244913697,-2.2377643584999998,0.0315373242,-2.237185955,0.0422120616,-2.2469182014,0.0481269583,-2.2325205803,529.047486,550.264454,529.047486,2.4005742073,526.5130004883,1.2304198742,525.8436889648,5.8563671112,532.1063232422,9.8374538422,532.4647827148,1.925696,0.506825,0.12943590500000002,-0.1661975282,1.9141395451,-0.1967488825,-0.0981636047,-0.1411187798,-0.2578966916,0.35108983520000003,2.7879197598000003,-0.12385910750000001,-0.0878686085,-0.2430775464,-0.3213343918,0.8853758574,2.9237110615,-0.1614231616,-0.1785954535,-0.0453056395,-0.21998417380000002,0.8212634325,2.7376451492,-0.2222526968,-0.1137538403,-0.07994434980000001,-0.42383694650000003,0.7341026068000001,2.4712531567
131,418.085206,419.713367,418.085206,0.8234480619000001,420.9078063965,0.8243096471,420.9364318848,0.9751548767,420.94140625,0.8060948849,420.7168884277,4.646273,4.457114,4.646273,-0.28576678040000003,6.4046373367000005,0.0337162316,5.74634552,0.29387179020000004,4.9325375557,0.2713785768,4.092051506,-2.318432,-2.182296,-2.318432,0.0247200336,-2.26039958,0.032210432000000004,-2.2602267265,0.0399375111,-2.2613725662,0.060503207100000005,-2.2319686413,526.673855,560.793176,526.673855,4.928082943,525.6992797852,0.7213719487,521.8682250977,6.8732767105,527.9434204102,5.3617200851,532.813659668,1.50241,1.091988,0.6674418828,0.17516003830000001,1.3345692794000001,-0.17135749760000002,0.7303404808,0.0834690258,0.6114352345,0.5452808142000001,1.5368850231,0.0373319238,1.0036239624,0.4669626355,0.5945063829,0.5423477888,1.6645822525,0.1763472557,0.8465255499000001,0.0998953283,0.6021427512,0.7437328696000001,1.4996113777,0.2644561231,1.0643861294,0.1246159002,0.33441632990000003,0.4742939472,1.4172657728
132,418.605265,418.874728,418.605265,0.7720281482,421.62890625,0.7715892196,421.6504821777,0.9235497117,421.4934387207,0.7985016108,421.1870727539,4.591383,4.251569,4.591383,-0.0638907477,5.8476028442,0.2603385448,5.6162719727,0.3867048621,5.0871639252,0.17006227370000002,4.2042970657,-2.335864,-2.19241,-2.335864,0.0252586082,-2.2639739513,0.031500563,-2.2674045563,0.042654387700000004,-2.2823317051,0.063816607,-2.2582695484,532.612769,552.374867,532.612769,1.4698492289,527.8491210938,-0.7945236564,524.8242797852,-0.32917702200000004,528.7919921875,6.572368145,535.6075439453,1.10595,1.102997,0.4276039011,0.19492273340000002,1.0011417162,-0.1671619564,0.6630473733000001,-0.0883376151,0.9103840590000001,0.3793259859,0.9657245278000001,0.040617801200000005,0.7892935872,0.3722035289,0.8092088699000001,0.33896869420000003,1.2541508675,0.1134425849,0.589589715,0.39496696000000003,0.634593904,0.6016514301,1.281617403,0.0845831633,0.6498238444000001,0.269518733,0.5311589837,0.3702499866,1.1017663479
133,418.330097,418.830399,418.330097,0.658695817,420.7280883789,0.6772591472,420.9479675293,0.9605655670000001,420.9650878906,0.7934151888000001,420.8028259277,4.462478,4.501433,4.462478,-0.24319729210000002,5.3475084305,-0.0016029552000000002,4.8442482948,0.3644669056,5.2739419937,-0.0361491963,4.2866888046,-2.439107,-2.201226,-2.439107,0.036994963900000004,-2.3732552528,0.0493751988,-2.3685131073,0.06523324550000001,-2.3832912445,0.07896338400000001,-2.3594734669,514.394071,550.560317,514.394071,1.0266878605,517.6717529297,0.7353498340000001,512.7328491211,5.6455926895,519.6984863281,5.1048631668,523.1410522461,1.24071,0.863359,0.7429834537000001,0.2560829472,0.9600819479,0.0180233866,0.6320422888,-0.3239925504,0.3735781908,0.3921758235,1.375541091,0.4792432189,0.8342657685,0.1963365674,0.3470408916,0.4580254555,1.6480309963000002,0.3347818851,0.6576150656,0.0198269859,0.1381639242,0.5927891135000001,1.4124270678,0.3700892329,0.9569307566,-0.1390521973,0.0065263361,0.2327734083,1.0381938219
134,417.50841,419.201747,417.50841,0.6782735586,419.8203430176,0.6839123368000001,419.8558349609,0.8351066113000001,420.1125793457,0.8361719847,420.2087097168,4.079234,4.276659,4.079234,-0.0010038316,5.1295661926000005,0.2711080313,5.0755929947,0.2845504582,5.2632694244,0.2543230951,4.0699386597,-2.431128,-2.137628,-2.431128,0.0329669192,-2.3590917587,0.0471155643,-2.3659367561,0.0617541298,-2.364628315,0.085532546,-2.3312897682,515.879157,556.21472,515.879157,6.076625824,518.6994018555,0.1057921946,513.5541381836,2.6718022823,515.9278564453,4.3808231354,528.1525268555,1.584422,0.182879,1.2625855377,0.4735086765,0.8319010533000001,-0.383300364,0.8834632039,0.13489334290000002,1.0788812637,0.6540045142,0.8288421631,0.320376873,1.6663997173,0.16622924800000002,0.6421344280000001,0.2619126141,0.8647628427,0.3599654436,1.4402729273000001,0.1290708184,0.3362498283,0.3455639184,1.3402858973,0.39162170890000003,1.4368857145,-0.0090986695,0.39362972970000004,0.16515283290000002,1.2275269032
135,417.614915,419.65498,417.614915,0.6785158515,421.1532897949,0.7287780046,421.1762084961,0.8668287992,420.7769775391,0.8712968826,420.9204406738,4.490916,4.453745,4.490916,-0.4620713294,6.2235679626,-0.091622591,6.3357715607,-0.1952346861,4.8418521881,-0.0435800478,4.3008437157,-2.140635,-2.174122,-2.140635,0.0084445123,-2.1314249039,0.00606893,-2.1484932899,0.0077407192,-2.1699209213,0.0028678514,-2.161178112,569.030726,561.792571,569.030726,0.8478114009000001,547.290222168,-0.3636831045,557.5068359375,-0.8198872805,561.8015136719,-1.4602305889,565.5173950195,0.713215,0.732167,-0.1211525675,0.5619228542,-0.4221854034,-0.4550489187,0.0698403269,-0.0872682258,0.5814787745000001,-0.0204844959,-0.1416115463,-0.1261923909,-0.0042112134,0.2993705273,0.7351885438,-0.1021951512,-0.3532447815,-0.029227782,0.1821402013,0.2950629294,0.8215467334000001,0.0620841607,-0.1989209354,-0.1302114278,0.0185092688,0.1780682802,0.7171282768,-0.1060768589,-0.2291705906
136,417.780832,418.385299,417.780832,0.6764340401000001,420.984375,0.7073436975,421.05859375,0.8834604025,421.0129394531,0.7759909034,421.0285949707,4.452653,4.230227,4.452653,-0.4621444046,5.6244068146,-0.32585251330000004,5.657201767,-0.010390490300000001,5.379175663,-0.0274797305,4.431555748,-2.292888,-2.178219,-2.292888,0.0230780561,-2.2468700409,0.0286386013,-2.2565510273,0.0364660397,-2.2666699886,0.0427299663,-2.2471687794,527.138712,551.271997,527.138712,2.0562973022,531.7591552734,0.0235203803,528.2362670898,1.2023998499,532.4110717773,2.2386851311,534.6555786133,0.739956,1.284649,0.1074414444,0.7306325615,0.046550683200000005,0.055979844200000003,-0.6533354521,0.0779195577,1.2440068722,0.6521435976000001,0.8361782432,-0.13276642560000002,-0.17979756,0.4358066916,1.7169243097,0.3200983703,0.6783742905,-0.044618755600000004,-0.48918902870000003,0.5720322132,1.4453682899,0.30022865530000004,0.6359443665,-0.2176898271,-0.255818516,0.3948971629,1.0277955532,0.2846237719,0.4292261899
137,418.011601,419.185683,418.011601,0.7059844732,421.6706848145,0.7169055343,421.5215759277,0.8574995995,421.3586120605,0.7803390622,421.261932373,4.774979,4.472212,4.774979,-0.3987521231,5.5343675613,-0.0128739551,6.2299394608,0.0393466949,5.394053936,0.054650284300000004,4.3420329094,-2.284034,-2.217219,-2.284034,0.0194145702,-2.2320132256,0.020184852200000002,-2.2477395535,0.0278383978,-2.2607483864,0.036229372,-2.2512302399,531.019446,553.607038,531.019446,1.9050248861,533.7510375977,0.315308392,530.3073120117,3.5212154388,531.8732910156,3.5196070671,534.5655517578,0.86026,1.233914,0.2529786922,0.8187539555000001,0.075437583,0.0560460575,-0.2255769521,0.1377242059,0.5751464367,0.24802923200000002,1.003240943,-0.1433190256,0.1975231171,0.43044686320000003,1.7325062752,0.08731964980000001,0.7230799198000001,-0.050254318900000004,0.018317461,0.6872605085,1.4613112211,0.40577295420000004,0.5553239584,-0.1286932975,-0.0796979144,0.6661387086,1.7154930830000001,0.25656485560000003,0.30441600080000003
138,417.836894,419.125546,417.836894,0.7461924553,421.0087585449,0.7853502631,421.1456604004,0.9569483399000001,421.2226257324,0.8280094862,421.0349121094,4.763747,4.37405,4.763747,-0.228654936,6.2697887421,0.2573506534,5.4339499474,0.1505197883,5.2561812401,0.1892116368,4.1017370224,-2.289318,-2.236431,-2.2893179999999997,0.0255629495,-2.2350392342,0.0317355059,-2.2479531765,0.0429626107,-2.2666873932,0.045531656600000005,-2.2612407207,528.660639,545.596739,528.660639,2.1821966171,529.440246582,0.6321862340000001,524.1312255859,1.7296904325,527.6310424805,4.6050071716000005,527.5388793945,0.678999,1.577177,0.3378882917,0.5829141869000001,0.08415537640000001,0.4319505095,-0.029859215,0.1400003731,0.8315321803,0.3251870275,0.4750859141,0.0605134591,0.2444623113,0.4008952677,1.2038151026000001,0.1140727401,0.35061019660000003,0.2581479847,0.29157361390000003,0.3435147405,1.0734198093,0.2524914742,0.472474575,0.1299655885,0.4258001149,0.4307999015,1.0945335627,0.0902554393,0.2450163662
139,418.547716,418.97123,418.547716,0.7221717238,420.8616027832,0.7263185978000001,420.9835205078,0.9212096334000001,420.9530029297,0.773229897,421.1051940918,4.467603,4.354576,4.467603,-0.0645182952,6.2397480011,-0.015580371,5.4831972122,0.219771862,5.4511756897,0.1042050645,4.5345907211,-2.324286,-2.176037,-2.324286,0.025628348800000002,-2.2615742683,0.0400927477,-2.260725975,0.0493465289,-2.27628088,0.0584078431,-2.2646136284000002,514.53744,549.902803,514.53744,2.643140316,521.7760620117,0.7591784596000001,514.5596923828,2.4017529488,517.8052978516,3.5926575660999998,522.2409667969,1.032234,1.810933,0.16936215400000001,0.9729764033,0.3002340484,0.6333550811,0.3532688022,0.1667031944,0.993321836,0.2181023359,0.2382841855,0.1770630032,0.2497167736,0.5005418658,1.4415656328,0.1625217348,0.257060051,0.24843265120000002,0.3536188006,0.4682324827,1.1963814497,0.2992836237,0.1418334842,0.1916838139,0.5246033669,0.3812945485,1.2545661926,0.046965129700000004,0.36183217170000004
140,418.325661,418.955313,418.325661,0.739128828,420.9084777832,0.7399194241,421.2037658691,0.9731599092000001,421.2614440918,0.7997658849,421.3151855469,4.481825,4.375738,4.481825,-0.2205340713,5.9985685349,0.0396483541,5.1162595749,0.0046026111,5.5987672806,0.0524534434,4.5475063324,-2.344634,-2.198132,-2.344634,0.0270326883,-2.2970714569,0.0375085548,-2.29626441,0.0475130901,-2.312104702,0.04887072,-2.3061277866,516.876098,547.934946,516.876098,1.6183754206,521.4571533203,1.4669439793,517.0545654297,1.8698444366,517.7398071289,6.8853402138,522.8444213867,1.160518,1.007219,-0.35643680650000004,0.9548266195,0.5550326307,0.3437090218,-0.5382121205,0.4451567233,1.2162942885999999,0.0737579986,0.5776785016,-0.0059377402000000004,-0.7649959326,0.30275565390000003,1.3201963902,0.27308166030000003,0.6846058965,-0.1316686124,-0.7940841317,0.42089012270000004,1.1513801813,0.4356735349,0.8219399452,-0.2034278512,-0.4470368624,0.38363885880000004,1.1869148016,0.1432237327,0.49993336200000005
141,418.672065,419.222707,418.672065,0.7448399067,420.8343811035,0.7540768385000001,420.9085083008,0.9756018519,420.9864196777,0.8940330744,421.0257873535,4.267646,4.376097,4.267646,-0.0437190011,4.5269107819,-0.1623278409,3.8876543045,0.3133834004,4.9366002083,0.1571359485,4.1343097687,-2.441373,-2.191095,-2.441373,0.034756559900000004,-2.3686032295,0.0479547009,-2.3709421158,0.0614829287,-2.3959503174,0.0684774742,-2.363884449,514.751155,547.951184,514.751155,1.0882365704,522.6173706055,3.5890955925,513.2425537109,4.5629162788,516.9514770508,3.6889305115,518.0905761719,1.287762,0.448831,-1.0707602943,0.6279190355000001,0.3428136996,0.24127769470000002,-1.0249876976,0.2202019691,0.8922342658,0.0231758617,0.7650735974,-0.3116205931,-1.3273973465,0.5050565004,0.9483674169,0.0555048995,0.49428015950000004,-0.3256369531,-1.7474280596,0.32474184040000004,0.6049810648,0.2328521758,0.5709179044,-0.4241004586,-1.7308841944000002,0.29338449240000003,0.4571614861,-0.0346473195,0.2086719126
142,417.501169,418.852284,417.501169,0.557926774,420.4774169922,0.6457671523,420.7300109863,0.7523108721,420.4952697754,0.7389439344000001,420.3367004395,4.34855,4.551903,4.34855,-0.2980162203,4.506193161,0.5055676103,4.1732378006,0.34408375620000003,5.1222372055,0.1171128824,4.2427158356,-2.419652,-2.223964,-2.419652,0.022658679600000002,-2.3529860973,0.0286507607,-2.3550090790000002,0.034097515,-2.369332552,0.0659997761,-2.3593242168,523.641165,541.788356,523.641165,2.7849965096,527.3602905273,0.8842284679,523.6627197266,2.7838578224,524.9804077148,0.6181385517,532.9754638672,1.540513,0.596139,-0.8272559994,1.0403787118,0.778742302,-0.31539723280000004,-1.0260932446,0.6435923576,1.0963215828,-0.18064667280000002,0.39864903690000003,-0.5046765804,-1.1055788994,0.6827762127,1.0794913769,0.16909332570000002,0.6696221828000001,-0.3852460384,-1.1273704767,0.45738080140000004,1.3703927994,0.1824882925,1.0118461847,-0.2640239298,-1.2566735744,0.4380764961,1.0297174454,0.26820898060000004,0.7028844953000001
143,418.503889,418.884068,418.503889,0.8026955724,421.3930358887,0.7898875475,421.2437133789,1.005286932,421.2612609863,0.8837162256000001,421.1748962402,4.157748,4.267957,4.157748,0.0028016269,6.2544231415,-0.09692840280000001,6.0483865738,0.1467024386,5.4410629272,-0.0403842926,4.7472162247,-2.309997,-2.192475,-2.309997,0.0283819847,-2.2366786003,0.0377226733,-2.2363715172,0.0463453084,-2.255774498,0.056689154400000004,-2.2376775742,529.493938,538.247989,529.493938,2.0079805851,526.2868652344,-0.7215435505000001,525.1380004883,2.7868146896,527.3288574219,6.3512759209,531.163269043,1.699443,0.586613,-1.4088144310000001,0.8829714298,0.35172225090000003,-0.0925916657,-1.2123212814,0.125654757,1.224429369,0.07483557610000001,0.3554955125,-0.2666351795,-1.8313151598,0.2463594526,1.522636652,0.0798965022,0.5404814482,-0.4148308337,-1.763756752,0.5481645465,1.343534112,0.0223800372,0.4237199426,-0.30245953800000003,-1.7804564238,0.3867704272,1.0943188667000001,0.0039089955,0.2252171338
144,418.631039,418.602786,418.631039,0.6720320582,420.9628295898,0.7432618737000001,421.0648193359,0.8942737579000001,421.1045532227,0.8065690994,421.2425231934,4.353921,4.66046,4.353921,-0.2919135988,5.909318924,0.0435273163,5.9408807755,0.0431443304,4.7816033363,-0.0981831923,4.1685686111,-2.160101,-2.164149,-2.160101,0.0118365763,-2.1358118057,0.0105841849,-2.1546542645,0.0139120584,-2.1703367233,0.0085830688,-2.1641347408,575.943391,549.611157,575.943391,1.6393618584,551.8399658203,-0.1608752012,561.1559448242,0.0224281549,565.4367675781,-3.5756959915,568.0202636719,1.052452,1.1566,-0.2074615914,0.8788246528,-0.5406311014,-0.11303812270000001,-0.202334702,0.1368244737,1.0106953382,-0.1547667384,-0.650056839,0.0318697095,-0.2194591016,0.2376559973,1.1967263222,-0.1946445256,-0.6284396052,-0.0694298893,-0.2313786894,0.2894413173,1.0289005041000001,-0.1093952656,-0.5367277265,0.00410493,-0.22425557670000001,0.2746089995,1.0473791361,-0.1673419774,-0.5902901888000001
145,417.944404,419.136916,417.944404,0.6331787705,421.0385437012,0.6493694782,421.0034179688,0.8371546268000001,421.1222839355,0.6891674399000001,420.9613952637,4.715067,4.333201,4.715067,0.1327058375,4.2671918869,0.2802199721,5.2570333481,0.284843564,5.4504146576,0.10658116640000001,4.0471873283,-2.367066,-2.16886,-2.367066,0.0299396887,-2.3077421188000002,0.0403991342,-2.3170027733,0.0553938262,-2.3309130669,0.076529026,-2.3193626404,523.689171,551.05388,523.689171,1.9287018776,525.7008056641,0.8985785246,520.2746582031,1.0058348179,523.0139160156,9.8340339661,525.4808349609,1.675268,0.632038,-1.274019128,-1.0856123063,-0.069607183,-0.4237415195,-1.3200798035,-0.4974519014,-0.8937308192000001,0.032151524,-0.0463501662,-0.35219258070000004,-2.2565684319,-0.3582988083,-1.3239684105,-0.046823900200000004,0.0160840452,-0.7020890713,-2.1375954151,-0.101201281,-1.3944385052000001,-0.1605837494,0.0130321085,-0.44487261770000003,-1.6188002825,-0.4302617908,-1.3065149784,-0.0862587169,-0.195468843
146,418.432792,418.610933,418.432792,0.7101523876,421.3443603516,0.7553063631,421.0001220703,0.8596205711,421.1559143066,0.7398108244,421.1195068359,4.550443,4.387976,4.550443,0.1102145016,4.7191352844,0.2607348561,5.5668501854,0.4332489967,5.1981759071,0.2842671573,4.0027513504,-2.378873,-2.178434,-2.378873,0.0313654318,-2.2948262691,0.0426993556,-2.3009459972,0.058891482700000004,-2.3081278801,0.08379844580000001,-2.2882227898,521.791901,547.870349,521.791901,3.0995430946,523.7269287109,0.8388969302,519.9260253906,1.7948800325,521.3359375,6.7816367149,527.2858276367,1.447679,0.516571,-1.1687337212,-0.840849104,-0.1510261156,-0.6711130142,-1.214936018,-0.2564775944,-1.1378360987,0.0091833062,0.0448966473,-0.38721662760000003,-1.7405778170000001,-0.2918514609,-1.2375669479,-0.0089643858,-0.029551059,-0.6483181715,-1.6723948717,-0.13383230570000001,-1.027094841,-0.0833964273,-0.2250944674,-0.3031271398,-1.5317480564000001,-0.3282595873,-0.8851512074000001,-0.08841066060000001,-0.2276583016
147,418.211134,419.251984,418.211134,0.7488996983,420.8663635254,0.7954915762,420.988861084,0.9577004313,421.0531005859,0.8705142140000001,420.818939209,4.435717,4.430181,4.435717,-0.49889835720000003,5.7794742584000005,-0.0992809087,5.478679657,0.2951290011,4.9976520537999995,0.1359396279,3.8328309059,-2.403562,-2.176124,-2.403562,0.030223567000000003,-2.3267226219,0.041870325800000004,-2.3254146576,0.0573873222,-2.3196687698,0.0778988749,-2.3053622246,521.258423,546.965452,521.258423,4.1311039925,525.0388183594,1.063757062,521.0352783203,4.7509508133,528.6188964844,5.5094022751,525.1083374023,1.634649,0.377433,-1.1619598593,-1.126710548,0.2290197874,-0.6609047651000001,-1.8376297951,-0.5440528393,-1.5276774168,-0.0385831222,0.772383213,-0.6239384413,-2.0761721134,-0.7935934067,-1.331844449,0.3504998386,0.7483074069000001,-0.8378608823,-1.7954863310000002,-0.37332603340000003,-1.8776804209,0.19283652310000002,0.5137853622,-0.6674948931,-1.7458564043,-0.4347697794,-1.7712392807000001,0.1331653446,0.24701106550000002
148,417.750228,419.088642,417.750228,0.6605265141000001,420.6887817383,0.6864780784000001,420.8149414062,0.8935630322,420.9876403809,0.760106802,420.9173583984,4.179349,4.496639,4.179349,-0.1529917419,5.9665641785,-0.0360699221,5.8411312103,0.2265211642,4.8555960655,0.12571325900000002,3.5559055805,-2.348961,-2.20665,-2.348961,0.0213619396,-2.3076834679,0.027283076200000003,-2.313126564,0.035879697700000004,-2.3149135113,0.0429195613,-2.3101181984,527.351201,560.201539,527.351201,1.3348203897,526.3650512695,-0.383184731,524.5463256836,0.6555745006,527.2512817383,5.5568385124,529.3366699219,1.493933,1.332709,0.4023371664,-1.3601959369,0.46885664390000004,-0.3895006776,-0.2147916704,-0.2687110901,-2.2510142326,-0.2350825369,0.4773180783,0.08685468880000001,0.3654606342,-0.5446563959,-2.4260454178,0.29171800610000004,0.4267486036,-0.0543352813,0.20498812200000002,-0.6443091035,-1.8746067285999999,0.21271175150000002,0.5205572248,-0.051143162000000006,0.26020529870000003,-0.44511279460000003,-1.849381566,0.0343793333,0.4045935571
149,418.236233,418.435906,418.236233,0.7247849107000001,421.2314147949,0.7044981122,421.0795593262,0.9308741093,420.9751586914,0.8182801008,420.6831359863,4.544901,4.127473,4.544901,-0.14884702860000001,6.7780752182,-0.20024259390000002,6.1877441405999996,0.14299348,5.3973975182,-0.0068113953,4.425558567,-2.331205,-2.164601,-2.3312049999999997,0.0257619154,-2.2577855587,0.0328927152,-2.2540209293,0.047345385000000004,-2.2632446289,0.0606520921,-2.2444291115,520.770555,552.19557,520.770555,2.8475048542,520.046875,1.6918106079,519.944152832,5.2959370613,524.0675048828,3.9473972321,527.2506103516,1.146041,1.151426,0.39855888770000003,-1.0680627948,-0.1174831949,-0.1465922594,0.3414750099,-0.1513547897,-1.2857587337,0.1058525294,0.0237797797,0.21233318750000002,0.7945481539,-0.4510675669,-1.7596046925,0.0571405441,0.0466284826,0.0830595195,0.5912982821,-0.4907912314,-1.3638652563,0.0399633087,0.07226855310000001,0.22482439880000002,0.7954961061,-0.3826751411,-1.3359291553000001,0.085627228,-0.1362383515
150,418.023898,419.172005,418.023898,0.6922418475000001,421.0601501465,0.6635184884,421.223815918,0.9696110487,421.0416564941,0.8083181381000001,420.9134521484,4.337424,4.988204,4.337424,-0.311029911,5.2177724838,0.023090221,5.1187829971,0.17594614620000001,4.9181723595,-0.0711139664,3.9386761189,-2.377397,-2.131542,-2.377397,0.025318684100000002,-2.300989151,0.033557228700000004,-2.2964451313,0.044933505400000004,-2.3063206673,0.0791818053,-2.2747023106,520.658826,555.778436,520.658826,2.0014631748,523.9226074219,0.9323037267000001,521.1064453125,1.3168823719,525.6395874023,7.5296678543,529.3195800781,0.880687,0.767755,0.4080618479,-0.5321313357,-0.5709045919,-0.20297685270000002,0.9706721902000001,-0.2061128318,-0.22205522660000002,0.19898241760000002,-0.6333571076,0.31282404070000003,0.7601156235000001,-0.1806603372,-0.7949016094,0.1375403851,-0.7930771112,0.3740041256,0.7168216705,-0.4017578959,-0.7161512971,0.0827715546,-0.6619826555,0.1735233963,0.727601409,-0.1370429099,-0.629242003,-0.1150730848,-0.6550593972000001
151,417.853509,419.44727,417.853509,0.6494518518,420.5372619629,0.6260468960000001,420.4641113281,0.8034641147,420.4871520996,0.6902557611,420.5766906738,4.163435,4.151421,4.163435,-0.42142456770000003,5.0795459747,-0.0676153749,5.6980395317,0.13168166580000001,5.2722315788,0.3150416613,3.9441986084,-2.367675,-2.195607,-2.367675,0.0303796567,-2.2970302105,0.0390161052,-2.3062281609,0.0499101281,-2.3117210865,0.0673713386,-2.2981610298,519.099497,564.184733,519.099497,2.9809963703,523.3099365234,0.9964339137,519.4221801758,4.0941624641,521.8991699219,1.6546713114,527.3840942383,2.09315,0.720936,1.1360506148,-0.7597341415000001,-1.5853926549000001,0.4106376171,1.4373598099,-0.6607104540000001,-1.1639722586,-0.8160194159,-1.9828438759,0.4129792452,1.5486971139999999,-0.5460317135,-1.1619923115,-0.7652181387,-2.3635554314,0.5247886777,1.3323436975,-0.5243874192,-1.0629965067,-0.8148241639,-2.4424693584,0.39650148150000003,1.2606443167,-0.3996411264,-1.2555750608,-0.8643933535,-2.4244890213
152,418.457125,419.221625,418.457125,0.8050144911,421.2418518066,0.7979317904000001,421.3481750488,0.9444762468000001,421.2796325684,0.8387539387,421.1683959961,4.547529,4.570513,4.547529,-0.1835899949,5.4713764191,0.0018621497,6.0609498024,0.4386415482,5.7589087486,0.2984266579,4.3024244308,-2.372866,-2.136478,-2.372866,0.033509239600000004,-2.2939593792,0.0437215678,-2.2940826416,0.0593190044,-2.3042435646,0.0793627053,-2.2965974808,519.762916,569.98604,519.762916,2.4136679173,515.4409179688,0.591827035,513.2637939453,1.9265551567,518.2004394531,8.36444664,519.7221069336,1.161367,1.266736,0.1683141297,-0.09155331,-1.1454528495,-0.1138316914,0.26117578150000004,-0.12222889810000001,-0.2284758687,-0.5172159672000001,-1.6814169884,0.12025596200000001,0.268583566,0.0804508328,-0.319691062,-0.4652298689,-1.9678901434,0.1960008442,0.2146198004,-0.1498679221,-0.4728685617,-0.6260823607,-1.6118243933,-0.1355252266,0.12248565260000001,-0.1401314139,-0.24218037720000002,-0.46515208480000003,-1.5876713991
153,418.399697,418.82779,418.399697,0.7389241457,420.9117736816,0.7593969703,421.0428771973,0.8616303802,420.9423217773,0.7973482609,420.8374633789,4.779474,4.230088,4.7794740000000004,-0.2626143396,6.0767879486,0.024581491900000002,5.8719053268,0.24764138460000001,5.2922215462,0.2912746668,4.299823761,-2.281306,-2.206742,-2.281306,0.0238657426,-2.2181141376,0.0315808207,-2.2195909023000002,0.0425752774,-2.2332420349,0.042658869200000005,-2.2248182297,526.482433,547.731393,526.482433,1.9337061644,525.9360961914,0.48991429810000003,521.7846069336,2.7309889793,526.4701538086,6.2035903931,525.3583374023,1.258332,0.833386,0.2612650777,-0.7884826196,-0.9452167547,0.25824651120000003,0.9232481718000001,-0.3122323751,-0.933159709,0.0601357259,-0.41219991450000004,0.1338705868,0.4181236923,-0.1678540558,-0.736771524,-0.5808374286,-1.2415858507,0.39318972830000004,0.48954343800000005,-0.2268235832,-0.9769941568,-0.5203143954,-1.0717427731,0.10309682790000001,0.3085228205,-0.0610962398,-0.8927519321,-0.3681991398,-1.2334902287
154,418.430591,418.828695,418.430591,0.7339216471000001,421.0376586914,0.7311859727000001,421.2362365723,0.9593250751,420.9882507324,0.8362498283,421.0349731445,4.420574,4.427504,4.420574,-0.3491914868,6.8272485733,-0.3062615991,6.2780513763,0.12435682860000001,5.3683872223,0.0755662769,4.583096981,-2.304595,-2.186035,-2.304595,0.0219708011,-2.2533819675,0.0290405974,-2.2518429756,0.0364194512,-2.2625858784,0.0453345142,-2.2456007004,517.9105,552.339712,517.9105,2.0505156517,519.9514160156,1.3298237324,520.4140625,4.0170445442,522.7109985352,9.9375095367,525.9380493164,1.578665,0.884158,-0.6161629495000001,-0.42210870980000004,-1.3908097342,0.0245450195,-0.4948301315,-0.5843119621,-0.6102082729,-0.30215939880000003,-1.7959086895,-0.0883318111,-0.9967620373,-0.186520651,-0.8091912866000001,-0.7046861649,-2.1560373306,-0.1081403568,-0.8580229282,-0.43153890970000003,-0.8227647543000001,-0.7342244983,-1.8975137472,0.0079636574,-0.8023254871000001,-0.3003026545,-0.9524163008000001,-0.5404792428,-1.8528521061
155,418.46464,418.97886,418.46464,0.7730584741000001,421.0866088867,0.804130137,421.0648498535,1.0018795729,421.1401062012,0.7899812460000001,420.8248291016,4.375276,4.222234,4.375276,-0.0904950276,5.0715055466,-0.0613964275,5.5892777443,0.5352844,5.6593465805,0.2656816542,4.2693676949,-2.413964,-2.162825,-2.413964,0.034354992200000004,-2.3139576912,0.0443473309,-2.322435379,0.0633416995,-2.317596674,0.0822900012,-2.2980732918,517.574814,553.006529,517.574814,3.200097084,521.0432128906,1.9429788589,516.9683227539,5.751616478,523.2791137695,3.2301101685,523.4119262695,1.858467,0.872126,-0.9416916231,-0.632028264,-1.4722965306,-0.44525030260000004,-1.0592205524,-0.379496634,-0.539943397,-0.6426585913,-2.222186327,-0.31393578650000004,-1.4161731005,-0.2909814417,-0.7869516015,-0.4764986634,-1.9595673084,-0.1956008673,-1.2927863598,-0.25699678060000003,-0.5232571959,-0.7088776231,-2.2352588177,-0.25274088980000003,-1.113642931,-0.1754769534,-0.7237715721,-0.5128173232000001,-1.9896812439
156,417.210533,418.959011,417.210533,0.6631325483,420.3176879883,0.7687760592,420.4028320312,0.8499253392,420.524810791,0.8017457724,420.6268310547,4.389385,4.613482,4.389385,-0.11998911200000001,4.7177667618,0.2614637017,5.0345854759,0.567792058,5.6172561646,0.41826596860000004,3.9808123112000002,-2.494355,-2.149818,-2.494355,0.0356090218,-2.4123606682,0.0476426333,-2.4201657772000003,0.0668492764,-2.4221520424,0.091563426,-2.4126093388,509.78504,559.051524,509.78504,4.563911438,512.2384643555,1.7466394901000002,506.2362670898,0.4408771992,511.4097290039,7.7140140533,516.999206543,1.327851,0.954332,-0.5957017201,-0.9834137847000001,-0.664247472,-0.0366919935,-0.8394263387,-0.7914356589,-1.5377610922,-0.3379310071,-0.8737140894000001,-0.4152386487,-0.9437205791000001,-0.4650064707,-1.5488407612000001,-0.4356695414,-0.7732066512,-0.045188523800000005,-0.8856652975,-0.6635048389,-1.4562155008,-0.4921042323,-1.2030688524,-0.1949415356,-0.7539874315,-0.5323599577,-1.340261817,-0.0849711746,-1.1058338881
157,417.53171,419.502349,417.53171,0.7239012122,420.9813232422,0.7957378030000001,421.1199035645,0.9284498096,421.1033935547,0.8561798930000001,420.4699401855,4.591561,4.563348,4.5915610000000004,-0.037134558000000005,5.0252418518,0.35553407670000003,6.2589645386,0.2989012599,6.3800272942,0.08106952910000001,4.5036115646,-2.487178,-2.147409,-2.487178,0.037583973300000004,-2.3921709061,0.0479942672,-2.3999834061,0.0649396852,-2.4070043564,0.1027067527,-2.3963627815,507.959199,564.126834,507.959199,4.8597216606,517.2575683594,2.3585588932,507.1450195312,2.0549609661,505.1327209473,7.1627445221,518.1646728516,1.350716,0.649115,-0.8201231535,-0.7144474375000001,-0.800872052,-0.2420867682,-1.3109641075,-0.8298296928000001,-1.2630214691,-0.5958510637000001,-0.9571311474,-0.3943490982,-1.2843830585,-0.5636472702,-1.6974337100999999,-0.3311661184,-1.2222707272,-0.4678336382,-1.284235239,-0.6166994572,-1.7403122187000002,-0.4721383154,-1.2998430729,-0.3721827567,-1.2175242901,-0.5560311675,-1.667828083,-0.2445242256,-1.0798841715
158,418.492828,418.920526,418.492828,0.7265576720000001,420.9049682617,0.8196777701,421.0321044922,0.937224865,421.0426025391,0.82227844,421.0864868164,4.54908,4.420463,4.54908,-0.30823764200000003,5.9178571701,-0.037471205,5.7187333107,-0.1350620687,5.1086339951,-0.1374500096,4.6030750275,-2.185298,-2.210888,-2.185298,0.0172465071,-2.1650295258,0.0190711636,-2.1795039177,0.023602079600000003,-2.2050774097,0.0164723918,-2.1989984512,555.643287,541.254443,555.643287,0.7154033184,539.9957885742,0.9206216931000001,550.8651123047,0.9736080170000001,554.9431762695,1.999065876,558.1884765625,0.920063,1.281992,-0.3234484621,0.0006194423,-0.8613346216000001,-0.0044779815,-0.3069005311,-0.275973022,-0.09549450870000001,-0.6695517302,-1.4573390484,-0.10067836200000001,-0.2634318173,-0.07014711950000001,0.2046104223,-0.48288697,-1.2668161392,0.0325312912,-0.44106990100000004,0.029401768000000002,0.24882014100000002,-0.45942023400000004,-1.1193290949,-0.060879845200000005,-0.3897692263,0.0814172849,0.0457377881,-0.4534104466,-1.1065165997
159,418.495425,419.193336,418.495425,0.6838730574,420.8801269531,0.7054877281,420.9406433105,0.9024752378,420.8168334961,0.8026833534000001,420.677734375,4.759254,4.271686,4.759254,-0.0475449786,5.9528532028,0.1088505834,5.6072697639,0.36203822490000004,5.4375329018,0.0479162708,4.7339115143,-2.335236,-2.187583,-2.335236,0.0273178387,-2.2648415565,0.0356147587,-2.2644155025,0.0457256325,-2.2716150284,0.0681070685,-2.2384226322,525.083966,560.810436,525.083966,2.4520330429,524.436706543,1.0697393417,525.1102905273,3.9530215263,530.4833984375,7.3432941437,531.3333740234,1.125731,0.607898,1.0463957749,-0.4006064038,-0.108811584,0.24703826010000002,0.5787032843000001,0.0788825601,-0.9891300201000001,-0.2900549769,0.2589087486,0.2896143794,1.152756691,-0.2513703108,-0.6424174905000001,-0.1148095727,0.1214931384,0.32420796160000004,1.1715618372,-0.3349378705,-0.5775279403,-0.09326144310000001,-0.2518036962,0.17744328080000002,1.0893219709,-0.2879514098,-0.7083402872,-0.1133750677,-0.0036647320000000004
160,418.909159,418.840783,418.909159,0.7415192127,421.1483459473,0.7272953987,421.3111877441,0.9705688953,421.4568786621,0.8048613071,421.1560974121,4.326867,4.496197,4.326867,-0.2374140173,5.8373022079,-0.1141096801,5.3958878517,0.3484521508,5.6490278244,0.0160187483,4.4202079773000005,-2.41909,-2.148338,-2.41909,0.0372286998,-2.3356666565,0.049022954,-2.3329410553,0.0665906444,-2.3384797573,0.09892740850000001,-2.3100297451,517.640899,564.846142,517.640899,3.4919271469,519.8489379883,0.5706991553,515.1893310547,5.5581288338,522.645324707,6.844543457,523.6766357422,1.777262,1.062685,1.5915323005,-0.5707370089,0.5476707922,0.18588942290000002,1.7457253932999999,0.4248977304,-0.16450859610000002,-0.0794094354,0.5797121525,0.46002677080000004,2.2275106907,-0.11130382870000001,-0.461040467,0.2179737538,0.7665610313,0.7488616109,2.2465465069,-0.11745875330000001,-0.2199424654,-0.052867837300000005,0.7238291502,0.5468589664,2.1154358387,-0.1016712189,-0.3114933372,0.1824179143,0.5078014135
161,418.704051,419.036046,418.704051,0.6774591208,421.0833740234,0.729134798,421.3843078613,0.9294173121,421.084564209,0.8372222781,421.1612854004,4.794194,4.185132,4.794194,-0.3365380168,6.3102216721,0.012858524900000001,5.8472218513000005,-0.0549642891,4.5665535927,-0.0747142658,4.0023756027,-2.140829,-2.191988,-2.140829,0.0095397597,-2.1272814274,0.0069728643,-2.1416034698,0.0085458606,-2.1622371674,0.0055853911,-2.1476097107,572.955381,551.060907,572.955381,0.5720807910000001,551.0626220703,-0.6275741458,563.2454833984,-0.0364329815,566.0897216797,-1.7568058968,566.2944946289,0.736497,1.266049,-0.27343569360000003,0.2556226681,-0.6342857431000001,-0.1694057733,-0.1651261151,0.2933640182,0.6043519974,-0.16660702230000002,-0.6870676279,0.024060033300000002,-0.2084356695,0.3028054535,0.7599958181,-0.2348437905,-0.8821161985,0.046236515000000006,-0.2307199687,0.3067084551,0.7689775229,-0.2811671793,-0.7493792772000001,0.0429720394,-0.0784850642,0.1795373261,0.5883792043,-0.2400472313,-0.9165024161
162,417.568759,418.592818,417.568759,0.7060201764,420.6975402832,0.6806045771,420.708984375,0.9557777643,420.8885192871,0.7972114682,420.993927002,4.664638,4.490979,4.664638,-0.2572034299,5.1685304642,0.099035047,5.0812282562,0.33627295490000003,5.424677372,-0.0217036456,4.1913032532,-2.409955,-2.129831,-2.409955,0.037397753400000004,-2.3414373398,0.0505314656,-2.3417713642,0.0656754598,-2.3382232189,0.092760697,-2.3240389824,519.90555,566.868793,519.90555,7.1289191246,517.2149658203,0.8652911782,514.0642089844,2.9251937866,520.2384033203,5.0323085785,524.92578125,1.700765,0.843995,1.6870701813,-0.09376319,0.19391963610000001,0.3237376809,1.9278864861,0.1504997313,-0.0474357828,0.5209784508,0.6602048874,0.46460667250000004,1.7698873281,0.0359692574,0.0181655958,0.1297762841,0.5554070473,0.4984643161,1.9502127170999999,-0.1387841851,-0.1857193261,0.1088459343,0.5816858411,0.4230306447,1.9021847248000001,0.1229293421,-0.051121477000000005,0.2089022398,0.8392200470000001
163,417.654901,419.22421,417.654901,0.7416742444000001,421.2772216797,0.7615280747000001,421.3534240723,0.8746958375,420.9500732422,0.8183671236000001,420.9966430664,4.429088,4.595079,4.429088,-0.0541356504,5.819062233,0.0281759575,5.7756037712,0.3428047597,5.3197040558,0.1705115139,4.6072444916,-2.368616,-2.11933,-2.368616,0.0319856033,-2.2880988121,0.0420250557,-2.2907123566,0.056826222700000005,-2.2939879894,0.0894020051,-2.2707295418,519.967197,572.296873,519.967197,2.1183583736,520.9722290039,1.1785459518,517.6416625977,4.508992672,521.6298828125,6.6736540794,525.6256713867,1.558384,1.044208,1.5224115651,0.33067450270000004,0.038448662,0.4475356042,1.8661153316,0.2156807333,0.8238489628000001,-0.0069765262,-0.045956254,0.5266156197,2.588801384,0.2699491382,0.7564398646,0.0988397673,-0.0068798512,0.7017076015,2.069660902,0.2011472285,0.6345080733,-0.0787394941,-0.0734216422,0.5145302415,1.915040493,0.2798312008,0.6268866062,0.12874029580000002,0.037507981100000004
164,417.89802,418.914392,417.89802,0.7004209757000001,421.0460205078,0.7072682977,421.0839233398,0.9206781387,421.0162658691,0.7430310249000001,420.8403625488,4.003194,4.412877,4.003194,-0.24433436990000001,5.1483821869,0.08919442450000001,5.3717098236,0.508023262,5.344742775,0.4319078624,4.1557884216,-2.376405,-2.160359,-2.376405,0.0324937552,-2.3018214703,0.0450671017,-2.3075554371,0.0598295256,-2.3202362061,0.0812307671,-2.3069710732,519.623376,565.347213,519.623376,2.721344471,523.0174560547,1.2614290714,517.2995605469,2.7905235291,523.3516235352,13.1575260162,527.9710693359,1.416866,0.612549,1.0240669774,0.9603944256,-0.1908860369,-0.0230584349,1.2280634642,0.4079963267,0.748233974,-0.0360508561,-0.28913986680000003,0.1755378842,1.3936479092,0.23509778080000002,1.1589837074,-0.2015669793,-0.3234532475,0.3721929789,1.2640414238,0.3485712409,1.3720595837,-0.1071003452,-0.5230707526,0.3426604867,1.3138487339,0.1760433018,1.3166384697,-0.0588992573,-0.36425679920000004
165,418.447966,419.039538,418.447966,0.7207738161,421.1593322754,0.7180022001,421.1481018066,0.8752192259,420.9899597168,0.7477259636,420.9499816895,4.50144,4.587308,4.50144,-0.32009416820000003,5.7638368607,-0.0161278322,5.3958148956,0.3375099003,5.5962095261,0.22149947290000002,4.4584431648,-2.394764,-2.22767,-2.394764,0.0332178622,-2.3167569637,0.0439603962,-2.3138861656,0.0572019257,-2.3186004162,0.08960755170000001,-2.2985620499,521.010374,555.560892,521.010374,2.0428314209,522.4189453125,0.7907789350000001,518.4514160156,3.927052021,525.2742919922,10.1938533783,527.2427978516,1.437651,0.903688,0.9866866987,0.9097837328,-0.5153482404,-0.1687404811,1.0786941051,0.4092747867,1.4833503962,-0.2816219628,-0.3664085865,0.4005104303,1.3741992712,0.22939977050000002,1.4140342474,-0.11341878030000001,-0.5182249546000001,0.3064054251,0.8684228659000001,0.533212781,1.3209545612,-0.1004290432,-0.6152014136,0.2846337557,1.2055190802,0.2420483381,1.1097011566,0.0756595582,-0.4956347942
166,418.599694,419.444001,418.599694,0.7287420034000001,421.053894043,0.7002763152,421.0753173828,0.9827562571,421.2293701172,0.8380283713000001,421.0840759277,4.449886,4.596189,4.449886,-0.142899096,5.5465450287,0.0852060392,5.4709582329,0.3255730271,5.0887751579,0.2286211252,3.9331727028000003,-2.349075,-2.187482,-2.349075,0.030763732300000003,-2.2847082615,0.0407979079,-2.2882273197,0.052950899999999995,-2.2954218388,0.06381910290000001,-2.280772686,528.839641,551.131678,528.839641,1.5114130974000002,524.4029541016,0.75994277,524.8377075195,4.8637161255,531.7934570312,7.368563652,530.2358398438,1.457495,0.449945,0.5763306411,1.3379786809,-0.0441176083,-0.014075705800000001,1.0203285217,0.1616344452,1.5983020067,-0.24037322400000002,-0.1230582595,0.4740759134,1.2476799488,0.49646106360000003,1.8231739998,-0.029919851600000002,0.1095405519,0.357616663,0.9895120859000001,0.3607793152,1.5375260115,-0.1676023751,-0.071282357,0.3117113113,1.0584431887,0.3300361633,1.4881095886,-0.057511802800000004,-0.1909973025
167,418.602634,419.589939,418.602634,0.6433522105,421.246307373,0.6714699864,421.1047363281,0.8314704299000001,421.215637207,0.7937664390000001,421.2179260254,4.319626,4.417455,4.3196259999999995,-0.2586167455,6.1898555756,-0.15291479230000002,5.8011021614,-0.012083143000000001,4.5516204834,0.1320465803,3.892884016,-2.129196,-2.179587,-2.129196,0.012254438400000001,-2.1021177769,0.0119921993,-2.1189434528,0.0164604075,-2.1341512203,0.0110203065,-2.1298840046,584.679569,541.440835,584.679569,0.7282626629000001,557.1676635742,0.1714015901,567.9771118164,-0.0632132292,569.5194091797,0.2645761967,570.2050170898,1.086082,1.116812,-0.312159966,0.7580718353,-0.7123599270000001,-0.26653808360000003,-0.18272048230000001,0.5787542462,1.24631989,-0.1564870179,-1.054148674,-0.1518864781,-0.3914829493,0.3704290986,1.2461342812,-0.1863368005,-1.0059819221,-0.1268200427,-0.47597867250000003,0.36516270040000004,1.2312662601,-0.2383443415,-0.9089758396000001,-0.1204723865,-0.3484382629,0.3249167204,1.158516407,-0.23076145350000002,-0.7784889340000001
168,417.754784,418.806763,417.754784,0.7515226603,421.1950683594,0.7415028811000001,421.3791503906,0.9766494632,421.1650390625,0.7574548721000001,421.0220031738,4.479135,4.028736,4.479135,-0.3201853931,5.3469343185,0.2464076728,5.4102339745,0.1493628323,5.3057909012,0.1774073243,4.0636978149,-2.412354,-2.210412,-2.412354,0.0329230577,-2.3419876099,0.0428911336,-2.3407771587,0.0609519258,-2.3478810787,0.0690906346,-2.334066391,515.422029,552.210573,515.422029,3.6633753777,519.1547851562,0.8386291265,515.9520263672,3.2616887093,527.0414428711,6.5630602837000005,522.7246704102,1.753588,1.382513,-0.33383518570000004,1.6157392353,0.5941472563,-0.23640847210000002,-0.8377249837,0.8935028315,2.1853232384,0.2103032768,0.6349948645,0.044412352100000003,-0.774597168,0.8101312518,2.1234407425,0.3457292914,0.2032557726,-0.1261342764,-0.6467339396,0.7383701801,2.1165339947,-0.0591607243,0.4838455021,-0.2373345792,-0.8419110179,0.7111680508,2.5121517181,0.0252929144,0.6977216005
169,418.464748,419.28805,418.464748,0.7286143899,421.244140625,0.7550538778,421.3550415039,0.9859983921000001,421.4926757812,0.7802044153000001,421.4154052734,4.373158,4.531641,4.373158,-0.3930436373,5.8286733627,-0.0677553415,5.662443161,0.1891468167,5.4412717819,0.1959118843,4.697927475,-2.342236,-2.156478,-2.3422359999999998,0.028924010700000002,-2.2737140656,0.0376976803,-2.2745575905,0.0500788167,-2.2826266289,0.0536881685,-2.2769844532,521.413137,550.69006,521.413137,2.5218324661000002,520.6010131836,1.5262718201,516.9282226562,3.6393494606,522.6368408203,4.3999972343,523.3678588867,1.304482,0.901168,-0.0568603416,0.9594237258,0.8820125533000001,-0.3844238222,-0.3469406366,-0.09478649500000001,1.2570445538000001,-0.005448319,0.8644993305,-0.1099278107,-0.2683527768,0.17859590050000002,1.2785013914,0.0855236799,0.9354992509000001,-0.22614869480000002,-0.3636632562,0.3885630667,1.0821876526,0.0985514373,0.5905007720000001,-0.1267047077,-0.11764716360000001,0.0699353367,1.0379725695,0.1808252782,0.8414441943000001
170,418.397982,418.661479,418.397982,0.7519551516,421.3748779297,0.7113865018000001,421.352142334,0.8755939007,421.2596130371,0.8852910995000001,421.1308288574,4.351072,4.257951,4.351072,-0.11620137100000001,6.158867836,0.1133702397,5.6442866325,0.1316390336,5.6658439636,0.1698518246,4.4216470718,-2.414912,-2.155197,-2.414912,0.0356535725,-2.3325178623,0.0467146263,-2.3301486969000003,0.0646843761,-2.327018261,0.0887666196,-2.3021793365,512.809484,556.867396,512.809484,1.7567507029,516.3313598633,-0.0559467375,512.8771972656,2.2234575748,519.2141113281,2.4631578922,519.9820556641,1.69502,1.225902,-0.7017739564000001,0.7588360531,1.3434187948,-0.3481343389,-1.094446063,0.41793197390000003,0.9742410183,1.0817525387,1.5609204769,-0.5409807563,-1.1827419996,0.0649657995,1.0969362259,0.7402269840000001,1.137881875,-0.6266417503,-1.0656192303,0.2285050005,1.0865805149,0.41307345030000003,1.7625367641,-0.46544685960000004,-1.1587054729,-0.0001308583,1.1012217999,0.4724912643,1.7936234474
171,418.38971,419.375359,418.38971,0.6982981563,421.1622009277,0.7190117836000001,421.0314025879,0.9443728328000001,421.1640625,0.8853086233,421.150390625,4.736791,3.986982,4.736791,-0.1297638416,5.8688220978,0.11545895040000001,5.4874548912,0.3103168309,5.7587723732,0.35503256320000004,4.3609361649,-2.43034,-2.173704,-2.43034,0.0380442888,-2.3362514973,0.0516139641,-2.3396549225,0.0688448697,-2.3444228172,0.0986189693,-2.3144884109,515.273911,559.184678,515.273911,2.33045578,517.0805664062,0.2023728937,513.9498901367,2.8677558899,523.2083129883,4.5489778519,524.2374267578,1.483412,1.20848,-0.6896111246000001,0.49278633120000004,1.2174196913,-0.0053565055,-0.8809500337,0.2606929541,0.8227131963000001,1.0686283112,1.3350766897,-0.4314980507,-1.5113400221000002,0.11686813830000001,0.7554889917000001,0.8191812038,1.7035678625,-0.5944340825000001,-1.1842101812,-0.031403821000000005,0.867169857,0.5585630536,1.8661398888,-0.4600843489,-1.3640137911,0.0954717249,0.9084376097,0.5421956182000001,1.540383935
172,418.347441,419.309964,418.347441,0.7429742217,420.8547973633,0.7789213061,420.8729858398,0.8642072082000001,420.7845153809,0.8861172795000001,420.8210144043,4.688258,4.22417,4.688258,-0.2890952229,6.3068399429,-0.0191256851,6.0418233871,0.11532769350000001,5.1102805138,0.07576485720000001,4.4715223312,-2.137056,-2.186019,-2.137056,0.0105739171,-2.1170201302,0.0094284648,-2.1343331337,0.0128895668,-2.1596798897,0.0087323487,-2.1539607048000002,552.267375,548.65509,552.267375,0.9738428593,538.551940918,0.3834637403,546.2442016602,0.497641325,551.4018554688,0.9348070621000001,552.4309692383,0.868663,0.893232,-0.7632441591,0.19266230210000002,-0.3673081466,-0.1200797111,-0.8469872475,-0.0665359944,0.2788675427,0.3235685229,-0.3143055737,0.1062978059,-1.1109092236,-0.039022665500000005,0.1609576344,0.15359987320000001,-0.093546316,-0.1756996512,-1.0854414701,0.0113907363,0.09602397680000001,-0.092372328,-0.232926771,-0.122959286,-0.9344662428,-0.0978835225,0.1372715086,-0.0223136842,-0.0321947634
173,418.414963,418.974515,418.414963,0.6389011145,421.248626709,0.7199224234,421.5450744629,0.8578310609,421.3901977539,0.8528815508,421.3613891602,4.467249,4.477754,4.467249,-0.24478636680000002,6.6092624664,-0.18378718200000002,6.2404813766,0.0270839408,4.8442530632,-0.0297148451,4.3232507706,-2.16453,-2.146969,-2.16453,0.0135896001,-2.1415569782,0.014328532900000001,-2.1539163589,0.018641375,-2.1793622971,0.015546446700000001,-2.1718449593,576.730603,560.953617,576.730603,1.2397654057,550.1199951172,0.3122870326,559.5188598633,-0.1628017426,563.5322265625,1.0208265781,566.6052246094,0.982363,0.703222,0.0497007591,-0.8726364868,-0.44841176920000003,0.0486071929,0.0197573081,-0.2194448709,-1.3275533915,-0.0925238729,-0.47717148070000004,0.0554626286,0.0306648612,-0.3820567429,-1.2034057379,-0.2475877851,-0.5504512787,0.0097724088,-0.0646015853,-0.548940897,-1.0899893045,-0.1373744607,-0.6515931487000001,0.2259604335,0.2991502583,-0.3909213245,-1.1425387859,-0.16011007130000002,-0.5414524078
174,418.594478,419.001973,418.594478,0.7114650011,421.3804016113,0.7753937244,421.5166931152,0.8876140118,421.493560791,0.8227109909,421.4389953613,4.64425,4.377299,4.64425,-0.4485426843,6.016160965,-0.261167109,5.9853105545,-0.0668712109,4.538175106,-0.0545673743,3.980799675,-2.159001,-2.160022,-2.159001,0.013144526600000001,-2.1270415783,0.0140275229,-2.1396985054,0.0178325269,-2.1560359001,0.0083357468,-2.1501886845,566.388218,559.38056,566.388218,1.0875639915,546.214050293,-0.9314778447000001,554.010925293,-0.650295496,557.9625244141,1.9114713669,561.5422363281,0.529511,0.696887,0.0797640132,-0.36249060450000004,0.3776506402,0.2916339636,0.3066034317,-0.0943784118,-0.2893923521,0.2288212627,0.5437627435,0.2033446133,0.3445145786,-0.0076203393,-0.729678452,0.1584380567,0.5490801334000001,0.0819549188,0.3625894785,0.0165163055,-0.6463099122,0.20102897290000002,0.5133301616,0.1762002707,0.5022488832,-0.1195538342,-0.6942133904000001,0.0870970935,0.4495349228
175,419.196367,419.354669,419.196367,0.6855500937,421.5900878906,0.7412070632000001,421.5726928711,0.9139289856,421.4954833984,0.7503143549,421.5677185059,4.566762,4.615293,4.566762,-0.43115535380000003,6.4074630737,-0.0641370863,6.3537626266,0.0376241282,4.9354586601,-0.035667859,4.3588476181,-2.155402,-2.139522,-2.155402,0.0108463867,-2.1251170635,0.0093241613,-2.1372611523,0.0093416534,-2.1533937454,0.0039548129,-2.1473355293,563.437209,570.921156,563.437209,1.0235844851,543.9908447266,0.5374842286,553.1550292969,0.9919535518,556.7562255859,1.6964926720000002,559.1611938477,1.053059,1.198647,0.7176540594,-0.6468535619,0.4189103219,0.6532760859,0.8596636057,0.1611894965,-0.8203072548,0.2724610865,0.3431026936,0.39268946650000003,0.7363756299,-0.3812563121,-1.0099811554,0.1251960993,0.41979277130000003,0.3196594417,0.9898234606,-0.2417991757,-1.0923367739,0.3084508479,0.5654075146,0.2405298948,0.9677998424,-0.1863886863,-1.0055421591,0.1665371358,0.7535221577
176,418.482567,419.307676,418.482567,0.6877462864,421.1857299805,0.7608652711,421.3175354004,0.888553977,421.3312683105,0.8380936384000001,421.2028808594,4.676844,4.345751,4.676844,-0.2851200104,7.0608949661,-0.1352876127,6.7463898659,-0.0211880207,5.2167878151,0.051903225500000004,4.2691164017,-2.170837,-2.196552,-2.170837,0.0176645909,-2.1338295937,0.0203399155,-2.141364336,0.025056313700000003,-2.1628992558,0.015493169400000001,-2.1646306515,545.628739,553.153645,545.628739,1.3388527632,534.9998779297,0.2400179654,537.1467895508,-0.39089334010000004,544.3604125977,3.0335173607,545.0185546875,0.371041,0.879436,-0.1265617151,0.0967287946,0.3351079623,0.4176427126,-0.1960981488,0.2681308687,0.7393912077,0.1708845943,0.10549416390000001,0.0185301863,-0.35207390790000004,0.39565429090000004,0.42351782320000003,0.0948051736,0.3447201848,-0.129630208,-0.4136983454,0.34826749560000003,0.5594749451000001,0.0901017189,0.4853233993,-0.1144839972,-0.5028054118,0.243049711,0.5516299009,0.12330136450000001,0.3053955734
177,418.266439,418.700527,418.266439,0.6853719354000001,421.2089538574,0.7435461283,421.2115783691,0.8879557848,421.3355712891,0.840228796,421.3525695801,4.422913,4.421109,4.422913,-0.4190908968,6.3254585266,-0.2989856601,6.0534615517,0.0394142568,4.7727379799000005,0.0161257088,4.0135016441,-2.175315,-2.186434,-2.175315,0.0155218486,-2.1368775368,0.0168162044,-2.1505286694,0.020202970100000002,-2.1657552719,0.0174554344,-2.1609609127000002,556.746179,549.422178,556.746179,1.8432451487,540.5054931641,0.2204173654,547.6937866211,1.302085042,552.4491577148,2.6669001579,553.6610717773,0.477792,0.758629,-0.3501541318,0.0019015714,0.3250749399,0.1074258238,-0.2223860025,0.3281672895,0.0787794143,0.1351238042,-0.0519015752,-0.2191028595,-0.6815745234,0.2283305675,0.1370791197,0.1369808316,0.39942154290000004,-0.0894063041,-0.3400633931,0.1151909977,0.1014949977,0.12368871270000001,0.5681923628000001,-0.0944882482,-0.3310694695,0.2052825838,0.1106167734,-0.0037070289,0.5743887424
178,417.58477,418.848189,417.58477,0.6306993961,420.6979675293,0.7260917425000001,420.8887023926,0.8347438574,420.7623596191,0.7725334764,420.9780883789,4.713275,4.504098,4.713275,-0.3334998488,5.9595832825,0.0018831529,5.872443676,-0.0847949535,4.5203876495,-0.0144214332,4.0249891281,-2.187453,-2.17252,-2.187453,0.012288221200000001,-2.1698522568,0.015382959500000001,-2.1762747765,0.01795654,-2.1886219978,0.0129310433,-2.1865084171,547.472929,558.213041,547.472929,0.9397913814000001,536.5024414062,1.5534706115999999,538.4022827148,1.8674035072000001,543.0006103516,6.6521906853,544.1467895508,0.895654,0.666478,-0.09858793960000001,-0.6905538108,0.5617941229,0.1294950396,0.24357122180000002,-0.1605688184,-0.6057204008,0.3832350671,0.8153985739,0.0575111918,0.3198114932,-0.043662220200000004,-0.8753064871,0.3894545734,0.8284897208,0.1112324819,0.590903461,-0.1469416767,-0.9456884265000001,0.2629406154,1.1433856487,0.0433772802,0.5032155514000001,-0.1447946578,-0.9993079305,0.32768207790000003,1.037558794
179,418.209275,419.016968,418.209275,0.6926743388000001,421.3077392578,0.7615677118,421.2977294922,0.8602980375,421.1944580078,0.7945176363,421.2135925293,4.023675,4.50103,4.023675,-0.3762089014,6.1825313568,-0.14297033850000002,6.1507773399,-0.1232226491,4.5387010574,-0.0196466073,3.9616835117,-2.208554,-2.163938,-2.208554,0.0166346021,-2.1643159389,0.0202859975,-2.1695661545,0.0283558648,-2.180917263,0.0208403673,-2.162173748,542.556767,550.802133,542.556767,0.7802959681,535.8712158203,0.8741185665000001,536.6716308594,-0.10498809810000001,541.471496582,3.4300303459,543.9716186523,0.92145,0.951678,0.4167835267,-0.46065122020000004,0.6805607292,0.0940981656,0.8953303695,-0.2315690815,-0.7394287586,0.5531148911,0.7062574625,0.24313244220000002,0.6003962159,-0.0724289864,-0.8375308514,0.3118934333,0.6434955597,0.1677066982,0.4454651475,-0.1866955012,-0.5993337631,0.4078822136,0.7713463306,-0.0900590047,0.4972815216,-0.0428129062,-0.4950811565,0.3334279656,0.7032535672
180,417.854885,419.099331,417.854885,0.754229188,421.0733642578,0.7774932384000001,420.941619873,0.9081184268,420.5866088867,0.8805684447000001,420.5841369629,4.389999,4.444763,4.3899989999999995,-0.2387260199,6.1888513565,0.3078210652,6.3805031776,0.0353067294,4.9019122124,-0.018935129000000002,4.2174749374000005,-2.188953,-2.181249,-2.188953,0.013141693500000001,-2.1507444382,0.015101808100000001,-2.1568701267,0.0194388591,-2.1630811691,0.0135770254,-2.157276392,541.773916,556.662361,541.773916,0.46862140300000005,534.3516845703,0.9712261558,537.2885742188,1.342014432,540.1641235352,3.2765660286,542.606262207,0.970887,0.623326,0.48689936100000003,-0.6137288308000001,0.5734878834,0.150031656,0.5066937208,-0.2347796559,-0.9395551682000001,0.6138468981,0.7801011801000001,0.1679473817,0.6114956737,-0.2866785526,-0.9611582756,0.4116141796,0.7496336102000001,0.2035167515,0.7947554588,-0.2077878863,-0.9921039939,0.3266310692,0.8002121449,0.1063216552,1.0382585526,-0.14775785800000002,-0.6973351240000001,0.2717773318,0.6651316285000001
181,417.87374,419.552102,417.87374,0.6879307628,420.7631225586,0.77665627,420.8011779785,0.8827559352000001,420.7499084473,0.7979381680000001,420.7729797363,4.060456,4.277736,4.060456,-0.3320759833,5.2139472961,-0.1307880729,5.8418798447,0.0184219256,4.7887878418,-0.0656204596,3.9469940662000003,-2.18641,-2.182954,-2.18641,0.0115150893,-2.1669223309,0.0126780532,-2.1744670868,0.012891126800000001,-2.189909935,0.0071156248,-2.1853330135,539.748441,551.554979,539.748441,0.9205743074,532.3836669922,1.022459507,534.9141845703,2.447650671,538.0783081055,4.0308074951,541.6328125,1.123898,1.066934,0.662931351,-0.7333891878000001,0.5346119697,0.3602449596,1.0301375389,-0.1900941133,-0.8288125992,0.6994017959000001,1.1259400845,0.5245745778,0.8762174249,-0.1746829897,-0.9968267083000001,0.5603436828,1.0923933983,0.3601998985,0.7648034096,-0.21320602300000002,-0.798109293,0.4314424992,0.9088908434,0.0989469588,0.6588286161,-0.12933805580000002,-0.8034148812,0.30937591200000003,0.8211773634
182,417.921914,418.741644,417.921914,0.6692606211000001,420.8575134277,0.6841291785,420.9460754395,0.8282710910000001,420.957824707,0.7367452383,421.0930480957,4.585255,4.486459,4.585255,-0.2433182597,5.8456048965,0.0037605129,5.9862575531,0.035730816400000004,4.7902326584,0.027543550400000002,4.5822525024,-2.157812,-2.221308,-2.157812,0.013658275800000001,-2.1264615059,0.0171041898,-2.1396253109,0.0219125804,-2.1509816647,0.0080871619,-2.1520683765,554.632915,549.594935,554.632915,1.1854487658,539.5234375,1.1590871811,547.3234863281,1.7232346535,548.1450195312,2.9315283298,552.4203491211,0.84291,1.164244,0.3691702874,-0.5590031844000001,0.5115910295,0.21724900600000002,1.0224320889,-0.3742319047,-0.4054021835,0.7849123478000001,1.0069150925,0.12995474040000002,0.588245213,-0.0394175202,-0.8102117181,0.2300603688,1.0601453781,0.1956213117,0.3880781829,-0.22665539380000002,-0.7499601841,0.2810011804,0.9277418852,0.0701178908,0.4088511467,-0.1176458299,-0.6908014417,0.3580687642,0.8024280071000001
183,418.292133,419.466878,418.292133,0.6736921668,421.4097290039,0.7377129197000001,421.4641723633,0.9038259983,421.1678771973,0.8184745312,421.1870727539,4.176724,4.342126,4.176724,-0.5447702408,6.2592725754,-0.1195735931,5.9870829582,0.006049715000000001,4.5241742134,0.1003494412,3.6882922649000003,-2.199997,-2.218928,-2.1999969999999998,0.0114621837,-2.1548159122,0.011379114400000001,-2.1630921364,0.0160835348,-2.1838684082,0.017868489,-2.1761832237,557.47566,548.962977,557.47566,2.1397356987,542.6427612305,1.1838984489,547.8188476562,0.9430732727000001,552.9697265625,3.2379238605,554.1797485352,0.677139,1.200427,0.5861423249000001,-0.3334327842,0.061456099400000005,0.2993576229,0.4205121994,0.2035843134,-0.3389849663,0.36258101460000003,0.01626724,0.0689888149,0.401360631,-0.0559133552,-0.4425936341,0.185279876,0.1600272059,-0.0007895995,0.41735321280000004,-0.0684102774,-0.3135179281,-0.047599293300000005,-0.0314570665,-0.0452862829,0.3818409741,-0.0302964579,-0.3354623318,0.2098088264,0.1536566466
184,418.473517,418.936415,418.473517,0.6070981026,420.9528198242,0.696031034,420.9376220703,0.8463664651,420.9314880371,0.7350665331,420.791229248,4.442618,4.507788,4.4426179999999995,-0.5092146397,6.3612108231,-0.0473046675,6.2567386627,-0.08903430400000001,4.784324646,-0.0271271169,4.1892881393,-2.167713,-2.19014,-2.167713,0.0121402498,-2.130273819,0.011564610500000001,-2.1456494331,0.0133364508,-2.1632351875,0.0151633453,-2.1590414047,561.074901,547.628864,561.074901,1.6742911339000002,542.7135009766,1.1396317482,548.869934082,0.2980641127,554.6441650391,1.9587306976,555.3128051758,0.976625,0.633216,0.9448723529,-0.1463995749,0.1989486841,0.4347575307,0.8019989729,-0.040692150600000004,-0.3081158102,0.2795598805,0.1657256633,0.2336480916,0.9257602692,-0.0135061285,-0.1595456451,0.1877814531,0.4441573024,0.3122105002,1.3970737457,-0.022836335000000003,0.0288597792,0.1303427219,0.1902454346,0.2670743465,1.3119121790000001,0.09216904640000001,0.16267457600000002,0.1550119072,0.22341156010000002
185,418.041832,419.27792,418.041832,0.7355051041,421.0736694336,0.7863215208000001,421.2133178711,0.8854374290000001,421.2073974609,0.8416645527000001,421.1374816895,4.685255,4.519391,4.685255,-0.38389241700000004,6.2795248032,0.0821831226,6.4760227203,0.017718009700000002,4.3348898888,0.052373867500000004,3.7777891159,-2.152673,-2.206881,-2.152673,0.011685578200000001,-2.1370363235,0.0106421094,-2.1511464119,0.0147674559,-2.1705105305,0.009591572000000001,-2.1604113579,556.053461,545.436798,556.053461,1.154178381,543.8651123047,0.5953779221000001,550.8859863281,1.6267302036,554.6688842773,0.4238280058,557.3281860352,0.844579,0.763856,0.7838845821,-0.20075408520000002,-0.24194369710000002,0.42344546320000004,0.7660204768000001,-0.10944602640000001,-0.5198023319,0.0417908132,-0.7619500756,0.2719705999,1.1449834108,-0.0679821074,-0.5373435616000001,0.0028487868,-0.6070265174,0.42296794060000004,1.1800891161,-0.29934951660000003,-0.5342822075,-0.1459046751,-0.5964358449,0.2186727524,1.0784330368,-0.1933839172,-0.3255566657,-0.1090216041,-0.45398414130000003
186,418.732389,419.066336,418.732389,0.6790871620000001,421.2273254395,0.7283818126,421.2895507812,0.9147316217,421.4409179688,0.8647843599,421.4614257812,4.24868,4.673842,4.24868,-0.44122120740000004,6.2866725922,0.08322124930000001,5.9839749336,-0.09259103240000001,4.6861739158999995,0.0393331945,4.1650733948,-2.156797,-2.162578,-2.156797,0.012449950900000001,-2.1392374039,0.0094572492,-2.1555967331,0.0121409195,-2.1707422733,0.0002145208,-2.1609473228000002,571.576703,553.328382,571.576703,0.7096239924000001,551.7972412109,-0.107737869,560.5490112305,-0.2132407427,563.5662841797,-0.9010095596000001,565.0977783203,0.547619,0.323343,0.3789242478,-0.3392514478,-0.2030053779,0.4828594923,1.0872879028,-0.1100493148,-0.7187155485000001,-0.0695569217,-0.4329988956,0.25907856230000004,0.9412657619,-0.10921617600000001,-0.8407934904000001,-0.029054446100000002,-0.433106035,0.22940996290000001,0.5340445042,-0.258480221,-0.7760818005,-0.1450740248,-0.33344012500000003,0.1279746741,0.5063494444000001,-0.2899444699,-0.6687541604,-0.1887534112,-0.1325232983
187,418.297759,418.91527,418.297759,0.7119024396,421.0143127441,0.7727522254,420.9620361328,0.9014849067,420.9127197266,0.85196805,420.8085327148,4.712683,4.562751,4.712683,-0.0948840454,6.4110021591,-0.0400525406,6.1889624596,0.043518438900000005,4.7237157822,0.0918553397,3.951884985,-2.14258,-2.173084,-2.14258,0.0110617373,-2.1064991951,0.0110859601,-2.1202113628,0.0144501375,-2.1385211945,0.0061214417,-2.1205565929,568.619638,561.465886,568.619638,0.9250159264000001,546.1253662109,-0.5755938292,556.0216064453,-0.3227287531,559.4114379883,1.3851684332,561.2875976562,0.290702,0.614899,0.0126902478,-0.13487330690000002,-0.257207939,-0.024784822,0.11995445190000001,-0.0980132818,-0.5437714458,-0.24699017410000002,-0.4348776937,-0.07955181600000001,-0.1557415724,-0.0851684287,-0.3081552088,-0.39247527720000003,-0.598741889,-0.021357221500000002,0.0442127287,-0.1147823706,-0.40042755010000003,-0.1309031248,-0.3158812523,-0.1017165929,-0.1918057799,-0.1800664961,-0.41583943370000004,-0.1319305748,-0.3490765691
188,418.530236,418.661621,418.530236,0.7314931154000001,420.7187194824,0.8017019033,420.8643493652,0.9574599266,420.8606567383,0.8524445891,420.931060791,4.751999,4.303274,4.751999,-0.0387030467,6.1371841431,0.12439619,5.4116373062,0.0827829763,4.4227752686,0.027100835,4.0550327301,-2.17301,-2.179766,-2.17301,0.0104269758,-2.1508543491,0.012189718,-2.1590454578,0.0140791992,-2.177888155,0.0109983943,-2.1685912609,541.602848,553.55752,541.602848,0.9765757322,536.8033447266,0.7221437097000001,539.4059448242,1.4672732353,545.6148681641,5.826130867,546.8009033203,0.73904,1.448576,-0.3403543839,0.1091300451,-0.6468618667,-0.2921618521,-0.6394640803,0.11016441880000001,-0.0772972852,-0.5041300654,-0.7709050179,-0.08882579210000001,-0.5109323859,-0.0441815928,0.2332133204,-0.23705641930000002,-0.9542201161,-0.2682367861,-0.5490292907000001,0.084423542,0.0027403980000000002,-0.15017879010000001,-0.8071003556,-0.12102665750000001,-0.41808697580000004,-0.032896369700000004,0.2640763521,-0.2910045981,-0.8577033281
189,418.279062,418.60233,418.279062,0.7628983855,421.0625610352,0.7978826165,421.212677002,0.9529452324000001,421.1471862793,0.8894844055000001,421.0258178711,4.457563,4.470074,4.457563,-0.2031940818,6.0831079483,-0.3696578741,6.083542347,-0.0313737839,4.6693086624,0.1982634366,4.1092467308,-2.151848,-2.160182,-2.151848,0.0165389422,-2.1243450642,0.0183850192,-2.1332366467,0.0216089562,-2.1578018665,0.017951512700000002,-2.1483724117,559.639323,551.990191,559.639323,1.1273175478,541.7886352539,-0.1182730198,552.2789306641,0.045347333000000004,556.4606933594,-1.1647698879,558.3679199219,0.606226,0.668811,-0.3025001959,0.2393063711,-0.4676927769,0.0192887541,-0.5744868517,-0.0397677124,-0.3089395165,-0.2063512057,0.1614688337,-0.061832107600000005,-0.6156205535,-0.0280890074,-0.1342520714,-0.1217908785,-0.363525629,-0.11188485470000001,-0.5431252718,-0.0333178863,0.0352190509,-0.1579346657,-0.40139931440000004,-0.12761734430000002,-0.4673999548,0.0548099577,0.17920558150000002,-0.1084383056,-0.6121534109
190,418.938799,418.859429,418.938799,0.6986674070000001,421.1891479492,0.7524878979,421.2573547363,0.9681222439,421.3256530762,0.8206473589000001,421.3898010254,4.552319,4.236179,4.552319,-0.5685533285000001,6.1181945801,-0.0202139318,5.941701889,-0.1994438469,4.8114862442,-0.044050879800000005,4.2792725563000005,-2.170532,-2.175721,-2.170532,0.0109074311,-2.1591701508,0.010719737,-2.1685020924,0.0130531099,-2.1790800095,0.0068058781,-2.1700651646,555.648652,553.118229,555.648652,0.564691782,542.6851196289,0.5753756762000001,548.8573608398,-0.057321190800000005,552.2846679688,0.8484611511,551.8048095703,0.894386,0.701493,-0.5984396681,0.1927716059,0.6361091974,-0.5335631371,-0.8354414105,0.027839610400000003,0.0896170735,0.3183219135,0.8831752539000001,-0.46162223820000003,-1.1295354365999999,0.0586218722,0.0528861806,0.3584489524,1.2157655954,-0.3969437778,-1.1333271265,-0.0289847087,-0.1308769137,0.25165867810000003,1.2373478413,-0.4557254314,-0.9709269404,0.029871719,0.0782849565,0.39905574920000003,1.0788497925
191,418.476738,418.860137,418.476738,0.6718087196,421.0451049805,0.7142606378,421.1942749023,0.8332166076,421.1060180664,0.8213832974,421.2623901367,4.414102,4.296938,4.414102,-0.3847829998,5.7706747055,0.0468544662,5.7021861076,-0.032635018200000004,4.7272367477,-0.1347149909,4.0483226776,-2.166202,-2.194599,-2.166202,0.010510927100000001,-2.1467628479,0.0113483388,-2.1656990051,0.015575650100000001,-2.1868038177,0.011234764000000001,-2.1680290699,568.702795,549.234149,568.702795,0.9374365211000001,551.1625976562,-0.0348674059,559.9359741211,0.6513128281,561.6555175781,2.1493213177,562.0782470703,0.864849,0.378646,-0.5165862175,0.5230797959,0.45551060790000003,-0.3572945893,-0.5264148712,0.0981313214,0.5073325038000001,0.5101198554,0.9147212505000001,-0.2267223746,-0.8443418145,0.0527531318,0.3197274804,0.39442268010000003,1.141153574,-0.1414859444,-0.9350248575000001,-0.098061651,0.2698044777,0.3090434074,1.1840480566,-0.11532950400000001,-0.5770168304000001,0.0463756435,0.2737575471,0.38278123740000003,1.1199997663
192,418.606761,418.284467,418.606761,0.7058175802000001,421.1901855469,0.7312497497,421.2145996094,0.8934960365,421.2773132324,0.8341982961000001,421.267364502,4.466352,4.517108,4.466352,-0.1934024245,6.3841285706,0.0321545154,6.3196949959,0.1083393991,5.4733891487,0.0254784413,4.3682460785,-2.149822,-2.15736,-2.149822,0.0132011278,-2.1216871738,0.0110489624,-2.1358859539,0.0130509287,-2.1616070271,0.0017368682,-2.1560382843,573.66577,554.786404,573.66577,0.9429156780000001,550.5535888672,0.0580845028,560.3782958984,0.6980296969,562.9182739258,-1.5379433632000001,564.6634521484,1.061832,0.995539,-0.6221968800000001,0.8219829885000001,0.2543670997,-0.21738515790000001,-0.5204101801000001,0.232075721,1.1421607733,-0.1407235861,0.30853310230000003,-0.0802973658,-0.5711377859,0.33209601040000003,1.1691012383000001,0.0398901328,0.6631227732,-0.0698721409,-0.25775051120000003,0.3294279277,1.2095557451,0.16336819530000002,0.7703108788,-0.062385872,-0.3441286683,0.20795093480000001,1.0159597397,0.09288789330000001,0.46490603690000004
193,419.16297,419.272445,419.16297,0.7455524206,421.1227111816,0.7552668452,421.2694091797,0.9224107862,421.4263916016,0.8364945650000001,421.2967529297,4.837389,4.783292,4.837389,-0.2246596664,6.2220573425,-0.1738699079,5.8584780693,0.050202325000000006,5.1588382721,0.0206610113,4.4391293526,-2.227884,-2.313107,-2.227884,0.0223389417,-2.1889564991,0.0292955674,-2.1917426586,0.0411371924,-2.200378418,0.0386577994,-2.1995122433,553.507514,515.107689,553.507514,1.8253113031,535.9607543945,1.8612492085,542.6831054688,3.5004954338000003,548.6253051758,5.6310396194,548.0447998047,1.302336,1.205503,-0.9665225549,-0.2792772385,0.8269933015,-0.5219357014,-1.5809342861,-0.2707535923,-0.7053301334000001,0.1456177533,0.969712019,-0.5614967942,-1.5158369541,-0.11984694750000001,-0.583014667,0.5311483145,1.2233916521000001,-0.6122302413,-1.5451803207,-0.048961319,-0.523715198,0.3908553421,1.1901122332,-0.6766474843,-1.5232536793,-0.1461814642,-0.5139716864,0.3512342572,0.9752334952
194,418.045978,419.136375,418.045978,0.6940795183,420.9289550781,0.7892086506,420.960144043,0.9578311443,421.1048583984,0.9210485220000001,421.0557556152,4.396793,4.523525,4.396793,-0.1251116395,5.9235115051000005,-0.1727893949,5.7922759056,0.0860683993,4.7217702866,0.1734539568,3.7438483238,-2.1705,-2.179258,-2.1705,0.0159940533,-2.1366765498999998,0.0191594884,-2.1508290768,0.0259126872,-2.164475441,0.017998978500000002,-2.1582407951,564.764322,554.453721,564.764322,0.3506544232,547.9301147461,0.7201803327,559.2634887695,0.5852132440000001,562.0897827148,0.3243563175,562.9030151367,0.44753,0.602669,-0.2112590798,0.3931235151,-0.0332705497,-0.3770400584,-0.595987916,0.4012668729,0.8792858720000001,0.1782351732,0.2293061465,-0.2644722164,-0.6422578692,0.2382617444,0.8302867413,0.1632030457,0.0540340543,-0.2263202667,-0.6103913784,0.3201293945,0.7118071318,0.2551569343,0.1433202624,-0.2107614875,-0.673145175,0.1405259073,0.5834623575,-0.0711238459,0.0908309221
195,418.795503,418.545133,418.795503,0.7796041965,421.5670471191,0.8285106421,421.6079101562,0.9329039454,421.4100036621,0.8915746808,421.179107666,4.734046,4.242335,4.734046,-0.2376008034,6.8293142319,-0.1745978594,6.3445720673,-0.09135489170000001,4.9093742371,-0.0510458201,4.2334947586,-2.15082,-2.228392,-2.15082,0.0132966395,-2.1174528599,0.0127802696,-2.127828598,0.0172483176,-2.1552345753,0.0110096149,-2.1397094727,561.275345,552.894538,561.275345,0.7950512171,540.7576904297,-0.9183179736,549.4863891602,0.6404883265,554.8112792969,2.9816918373,556.3394775391,0.892556,1.052057,-0.4803583261,-0.7462894956,-0.0946796387,0.022269997700000002,-0.562210381,-0.42643117900000005,-1.0646829604999999,0.33167257910000003,-0.0743900388,0.0347380713,-0.511711657,-0.42682653670000004,-1.3074021339,0.2144123018,-0.1299313605,-0.073646456,-0.7111070156,-0.3118460178,-1.2552247047,0.23353284600000002,-0.0758899972,-0.0974508822,-0.6510480642,-0.26434379820000004,-1.1128515005,0.1086078137,0.200256139
196,418.210286,419.539421,418.210286,0.6837917566,420.8484191895,0.732742548,421.1787719727,0.8444068432,421.2222290039,0.8087944388,421.2908325195,4.788269,4.338096,4.788269,-0.2783555984,6.3250780106,-0.189734742,6.165184021,-0.1280948222,4.6237492561,0.0471960977,4.0642843246,-2.190383,-2.166827,-2.190383,0.0148970848,-2.1791810989,0.0164258424,-2.1863837242,0.0173563883,-2.2053625584,0.0142689068,-2.2024219036,558.186597,556.407785,558.186597,0.48947119710000003,544.9142456055,0.0175094008,551.5395507812,1.5424225329999999,554.2237548828,0.22067546840000002,555.9757080078,0.829296,1.096398,-0.5653981918000001,-0.5117785149,0.3257913145,0.0632838383,-0.9545958042,0.16540628670000002,-0.29900780320000003,0.1532572657,-0.1310804635,-0.1065569893,-0.9862766266,-0.2471696287,-0.5211957693,0.0453748889,0.0674515963,-0.2466197312,-0.9699391127,-0.0990379006,-0.48194184900000003,0.11762654780000001,0.2117903233,-0.1798328608,-0.9108707905000001,-0.13676716390000002,-0.4956219792,0.0705141425,0.3881073594
197,418.569334,419.559805,418.569334,0.6483991146,421.1737365723,0.7525336146,421.2817077637,0.8843186498000001,421.3411254883,0.7888178825000001,421.3680114746,4.578977,4.244391,4.578977,-0.2624947429,6.1773700714,0.1503911912,5.8984255790999995,0.009902961600000001,4.5587487221,-0.1739335656,4.0141539574,-2.155379,-2.172213,-2.155379,0.0120671457,-2.1351993084,0.0124378419,-2.149353981,0.0151233003,-2.1655087471,0.0059597529,-2.1638944149,567.000666,554.439736,567.000666,0.4896311164,546.6180419922,0.23899114130000002,554.9853515625,1.0159246922,559.6821289062,2.872538805,561.4014892578,1.089322,0.98811,0.8217786468,0.015147464800000001,0.7148943035,0.0805399716,1.0558854342,0.0105115138,0.4184923768,0.4553887844,1.0191431046,0.3314314783,1.1097888947,-0.026721194400000002,0.6729997993,0.2456480265,0.9565011859,0.3124852479,1.0615643263,-0.0428284779,0.34923484920000003,0.17847082020000002,0.9746270180000001,0.2545889914,1.0596123934,-0.0056977719,0.0369479097,0.2632647157,0.895047307
198,418.5835,419.431467,418.5835,0.7206404209,421.2500610352,0.7471452355,421.2723999023,0.8728655577000001,421.2213745117,0.8179638982,421.0721435547,4.759891,4.677723,4.759891,-0.3271580637,6.6260566711,0.0634771362,6.1646952629,0.3181653619,5.2321195602,0.0078589283,4.3141317368,-2.233859,-2.270039,-2.233859,0.023641472700000003,-2.1773414612,0.0309510045,-2.1759264469,0.0407679379,-2.1774606705,0.054216869200000004,-2.1776411533,543.52895,524.232303,543.52895,0.5673732162,527.7992553711,1.0756442547,538.5402832031,3.2260222435,542.3367919922,8.4743919373,543.8410644531,1.370678,1.950618,-0.5470901416,-0.8546308794,0.9214431883,-0.3948564529,-0.879483223,-0.8049895763,-1.203537941,0.3978185952,0.7874132991,-0.3429516554,-1.017567873,-0.3935378492,-1.0981183052,0.3990063965,1.2298395634000001,-0.38654524090000003,-0.9924784303,-0.4122858942,-1.1257766485,0.4554709196,1.2696415186,-0.36666265130000003,-0.8957844377,-0.2940458953,-1.1005934477000001,0.34720972180000004,1.2400825024
199,417.754855,418.89048,417.754855,0.7298299074,421.1424865723,0.820472002,421.2261352539,0.8980707526,421.1362304688,0.8539550304,421.014251709,4.44457,4.661266,4.44457,-0.3851776421,6.177649498,-0.0065807700000000005,5.9109129906,-0.056741669800000005,4.516433239,0.1323141903,3.9565200806,-2.162276,-2.110086,-2.162276,0.0103536732,-2.1385812759,0.009844708300000001,-2.1493663788,0.012671678300000001,-2.1656665802,0.0066267774000000005,-2.1594552994,567.897034,569.670059,567.897034,0.6561734676000001,547.4904174805,-0.6399566531,559.3799438477,0.5924515724,561.8067626953,-0.6466379166,562.7114257812,0.808669,1.446402,0.4756331951,0.4793226701,0.4449373009,0.3736160994,0.5618049502,0.0783299357,0.5942097902,0.3232545555,0.3656103611,0.1757122278,0.7895572782,0.061809841500000004,0.6072517633,0.0283702612,0.5955722332,0.2144955248,1.0286833048,0.14881952110000002,0.704698205,0.0702905208,0.5475407243,0.0472594537,0.878965497,0.1002086848,0.6223783493,0.0892011821,0.5550014973
