frame_idx,eat_gas_ref,eat_solvent_ref,eat_gas_base,eat_pred_delta_30,eat_pred_direct_30,eat_pred_delta_40,eat_pred_direct_40,eat_pred_delta_50,eat_pred_direct_50,eat_pred_delta_70,eat_pred_direct_70,gap_gas_ref,gap_solvent_ref,gap_gas_base,gap_pred_delta_30,gap_pred_direct_30,gap_pred_delta_40,gap_pred_direct_40,gap_pred_delta_50,gap_pred_direct_50,gap_pred_delta_70,gap_pred_direct_70,mbd_gas_ref,mbd_solvent_ref,mbd_gas_base,mbd_pred_delta_30,mbd_pred_direct_30,mbd_pred_delta_40,mbd_pred_direct_40,mbd_pred_delta_50,mbd_pred_direct_50,mbd_pred_delta_70,mbd_pred_direct_70,pol_gas_ref,pol_solvent_ref,pol_gas_base,pol_pred_delta_30,pol_pred_direct_30,pol_pred_delta_40,pol_pred_direct_40,pol_pred_delta_50,pol_pred_direct_50,pol_pred_delta_70,pol_pred_direct_70,dip_gas_ref,dip_solvent_ref,dip_gas_base_x,dip_gas_base_y,dip_gas_base_z,dip_pred_delta_30_x,dip_pred_direct_30_x,dip_pred_delta_30_y,dip_pred_direct_30_y,dip_pred_delta_30_z,dip_pred_direct_30_z,dip_pred_delta_40_x,dip_pred_direct_40_x,dip_pred_delta_40_y,dip_pred_direct_40_y,dip_pred_delta_40_z,dip_pred_direct_40_z,dip_pred_delta_50_x,dip_pred_direct_50_x,dip_pred_delta_50_y,dip_pred_direct_50_y,dip_pred_delta_50_z,dip_pred_direct_50_z,dip_pred_delta_70_x,dip_pred_direct_70_x,dip_pred_delta_70_y,dip_pred_direct_70_y,dip_pred_delta_70_z,dip_pred_direct_70_z
0,236.787144,236.797693,236.787144,0.6552323103000001,239.0204315186,0.5097584724,238.1887512207,0.5529216528,238.643157959,0.6151133776000001,238.5279083252,4.92819,4.627188,4.92819,-0.4217019677,5.6457757950000005,0.14172659810000002,5.2622051239,0.22946533560000001,5.3390054703,0.3679659367,5.3222088814,-1.164619,-1.390298,-1.164619,0.0169191305,-1.1235238314,0.0169199295,-1.1418722868,0.0126812859,-1.1555575132,0.0048950966,-1.1492991447,323.432082,289.952792,323.432082,1.2959139347,322.8378601074,-0.6226308942000001,324.0981445312,-0.41908454900000003,322.5459594727,-0.3344011307,323.0820617676,1.590133,2.307581,0.8671313652,1.2736172069,0.39307291910000003,0.11183505510000001,0.8106033802,0.45924428110000004,1.4193053246,0.2611801326,0.9842169285000001,0.1239607856,1.0666601658000001,0.4186118841,1.5673158168999999,0.49842232470000003,0.8168270588000001,0.2517484128,1.3138444424,0.5365694761,1.7153785229,0.32300481200000003,0.8406230211,0.3981785476,1.1943731308,0.39806297420000003,1.7099633217,0.28372040390000003,0.828903079
1,236.716086,237.050793,236.716086,0.5690441132,238.9531097412,0.43808448310000003,237.9951477051,0.4687089622,238.3913574219,0.5187116861000001,238.2908630371,4.687019,4.865327,4.687019,-0.4493506551,5.3023519516,0.0376318693,4.884636879,0.2833028436,4.8301200867,0.2853465974,4.8174242973,-1.169246,-1.218953,-1.169246,0.0167024024,-1.1408096552,0.0163930655,-1.1535110474,0.0107928216,-1.1655344963,0.0048948992,-1.1630562544,321.131298,309.272004,321.131298,1.2510060072,321.2653503418,0.6568934321000001,323.971496582,0.3521097898,322.8668212891,0.2992377281,321.4981079102,1.448703,1.014947,1.3973202199,0.36575939820000003,-0.1116068368,0.3089390993,1.6289031506,0.1664128006,0.8363529444000001,0.1344230175,0.3996430039,0.7262067795,1.6789828539,-0.0174894836,0.5046168566,0.0622253381,0.0870644227,0.7194775939,1.8827180862000001,0.1936025321,0.5551910996,0.1954391748,0.1886109859,0.6309567094,2.0582854748,0.1636440456,0.5244144201000001,0.0560269132,0.1948377788
2,236.810338,237.423085,236.810338,0.6214624047,238.9900817871,0.488933742,238.1166992188,0.47662407160000003,238.6132659912,0.5577344894,238.5219726562,4.929424,5.106515,4.929424,-0.2355582267,5.098326683,0.1490946263,4.5645365715,0.1474270821,4.747025013,0.1614778936,4.6711435318,-1.192863,-1.273159,-1.192863,0.0173647832,-1.1653689146,0.0169288758,-1.1780921221,0.0141404374,-1.1942423582,0.0017685574000000002,-1.20183146,315.439316,305.397577,315.439316,1.9020771980000002,316.2450866699,1.3875930309,318.1206359863,0.0168639421,316.7553710938,-0.9742825031000001,315.3920288086,1.507004,0.938913,1.423431653,-0.2238839059,-0.44133713300000005,0.46782389280000003,1.5260446072,-0.0744790509,0.4839721322,-0.12196354570000001,0.0906709284,0.584427774,1.6930445433,-0.12313552950000001,-0.0627924204,-0.075888142,-0.1466578543,0.5834918618,1.7737588882000002,-0.0067393221,-0.19089859720000002,-0.0100002103,-0.0521145239,0.6050107479,1.9636962414,-0.12104068700000001,-0.2393320501,0.0115197878,-0.4260330498
3,237.124243,237.078501,237.124243,0.7259693146,239.456161499,0.4797611833,238.4516143799,0.4655703008,238.8787689209,0.5168390274,238.8502197266,4.440096,4.986364,4.440096,-0.1304431111,5.9368276596000005,-0.0995001793,4.2196846008,0.1308396459,4.7498421669,0.1371223927,4.9642453194,-1.281834,-1.220021,-1.281834,0.0232350901,-1.2386553288,0.0219666921,-1.2477203608,0.0164309368,-1.2690701485,0.0038560349000000002,-1.2840642929000001,305.020389,313.725183,305.020389,2.7377157211,308.0015563965,1.685703516,308.7225646973,2.8698101044,303.8058166504,4.0028948784,302.4756774902,1.196743,1.264331,0.9962159938,-0.4804144025,-0.45710877200000005,0.1533098072,1.0297509432,-0.5489521027,0.0345754735,-0.48442539570000004,-0.3574467301,0.4190554321,1.2587765455,-0.0029781521,-0.16028460860000002,-0.0414926186,-0.4461291134,0.3267766237,1.395938158,-0.1593875438,-0.5316433907,-0.0177853331,-0.2648667395,0.3022255003,1.2669692039,-0.0577974096,-0.5543788075,-0.1167252064,-0.4177390039
4,236.513221,237.429482,236.513221,0.6035314202000001,238.8945465088,0.5119483471,238.1797790527,0.5887309313,238.5113067627,0.615704596,238.4797973633,4.45959,4.70657,4.45959,-0.4489319324,5.8032398224,-0.24776774640000002,4.4940280914,0.10154227910000001,4.7548079491,0.3569161296,4.6806235313,-1.269451,-1.196715,-1.269451,0.021044852200000002,-1.2284903526,0.0237633735,-1.2457454205,0.0178120881,-1.2556686401000001,0.0077983849,-1.2526583672,306.314613,316.784226,306.314613,1.3232816458,311.2010192871,0.6533792615,310.4464111328,1.0186181068,309.8973083496,0.28782010080000003,310.5725402832,1.170162,2.077136,-0.6929170210000001,-0.9354733129,0.1184655552,0.0048765615,-0.9106010199000001,-0.5043921471,-1.2720501423,-0.2596130371,-0.2433452308,-0.4089308679,-0.9676147103,-0.1654230505,-0.9922782779,-0.08222703640000001,-0.2212521732,-0.3040001392,-0.8470748663000001,-0.3851954341,-1.1306536198,-0.1699941754,0.1936300695,-0.2823888063,-1.1328946352,-0.3445513844,-1.2651344538,0.0125216935,0.344967097
5,237.139604,236.892026,237.139604,0.6705052853,239.2696380615,0.4693993628,238.3498535156,0.5144197941,238.6895904541,0.5298734307,238.6184844971,4.62215,4.41056,4.62215,-0.42319720980000003,5.4519519806,0.2861169577,4.3469409943,0.2585422397,4.6137719154,0.3221155703,4.8005709648,-1.20438,-1.285916,-1.20438,0.0204539075,-1.1788527966,0.0200271979,-1.185991168,0.014702499800000001,-1.2084232569,0.0007519536000000001,-1.2144238949,309.213952,299.337597,309.213952,1.4575927258,312.567199707,1.6636762619,315.1942138672,2.1816062927,311.1042480469,0.5581591725,310.1823730469,1.3425,1.179918,-0.9314380789000001,0.0381342465,0.966061232,-0.14345876870000002,-0.8958268166000001,0.057089176000000005,-0.044124569700000005,0.34096133710000004,0.6661275029,-0.1945278347,-0.9481338859,0.0282505155,-0.10753738880000001,0.23609310390000002,0.9558413029,-0.363750428,-0.9333050251,-0.17444720860000001,-0.2546489239,0.3304181993,1.1535744667,-0.36484023930000004,-1.0784802437,-0.13910289110000001,-0.2013979256,0.2783969343,0.9529955387000001
6,236.335722,236.528229,236.335722,0.6306969523,238.6960449219,0.4120929837,237.8437805176,0.45292878150000004,238.0140075684,0.6341862082,237.8981781006,4.828169,4.442464,4.828169,-0.1438706964,5.8237819672,0.184296608,4.5704154968,0.19625999030000002,4.5206460953,0.4067060649,5.0245723724,-1.247613,-1.17096,-1.247613,0.0235830974,-1.2247148752,0.026310306000000002,-1.2329680920000001,0.0211070385,-1.2585033178,0.0023360644000000002,-1.2691431046,301.02728,312.429304,301.02728,2.5404844284,306.9681091309,1.7053236961,308.1831665039,3.2848658562,302.7141418457,2.2855153084,302.8809509277,1.484185,2.54345,-0.6021882425,1.3125286963,0.3426976827,0.23620763420000002,-1.1686794758,0.4155606329,1.3245962858,-0.1652826071,0.4587193131,-0.1996406764,-0.8060609698000001,0.6542071700000001,1.5441389084,0.284309715,0.7209942341000001,-0.3689066768,-1.070524931,0.5394948721,1.4246152639,0.2931031287,0.9059922099000001,-0.2666611373,-0.9662577510000001,0.394818902,1.6398895978999999,0.2573724389,0.6267937422000001
7,236.586067,237.453509,236.586067,0.6564572453,239.2043914795,0.5040740371,238.3368988037,0.6210380793,238.7056732178,0.5366669297000001,238.595123291,4.459093,5.372724,4.459093,-0.3441388607,6.0893788338,0.0635938868,4.7577114105,0.162507534,5.181684494,0.2796387374,4.9733896255,-1.212058,-1.241351,-1.212058,0.0215258561,-1.1793546677,0.0230434723,-1.192243576,0.0178053379,-1.2127782106,0.0077974219,-1.2198693752,308.19926,303.341472,308.19926,2.4092366695000003,310.6726074219,2.0525968075,311.1376037598,0.9769661427,309.2846069336,2.0137515068,307.8602294922,0.890937,2.370556,0.39197390130000004,0.4057621717,-0.6895521983,0.24584665890000001,-0.2241847813,-0.1479104459,0.3058177233,-0.5668514967,-0.8646458983,-0.017787210600000002,0.4210899174,-0.0973933488,0.5087988377,-0.33211809400000003,-0.9626611471000001,0.1181444824,0.4425327182,0.18377956750000002,0.5171509981,-0.1857739985,-0.7654122114,0.2362435907,0.5429606438,0.1623636484,0.4082338512,-0.2798024118,-0.9582117796
8,236.243373,237.176321,236.243373,0.6199093461,239.3014068604,0.41039079430000003,238.4044189453,0.5020368099,238.8037567139,0.5614582300000001,238.5585479736,4.429003,4.790537,4.429003,-0.31572782990000003,5.9738135338,0.1462350786,5.0588703156,0.41174447540000003,5.0538406372,0.3286366463,5.0735330582,-1.205597,-1.243318,-1.205597,0.0211761929,-1.1800177097,0.0234977603,-1.1934131384,0.0185595378,-1.2092542648,0.0028391741,-1.21440804,312.941242,311.348383,312.941242,2.272680521,313.5377807617,1.4745745659,315.2300415039,1.0297125578,313.2888183594,1.820318222,310.4683532715,1.55065,2.382327,-0.2254988074,-1.2145932998,-0.9372456533,-0.2222769856,-0.38165649770000004,-0.3802743852,-0.3862371147,-0.0171307102,-1.4196115732,-0.0875944719,-0.23806943,-0.20368902390000002,-1.0776567459,-0.2805229723,-1.2068214417,0.029590070200000002,-0.0681980401,-0.1501242667,-1.0999361277,-0.3659759164,-1.0455499887,-0.059708029,-0.1308438927,-0.3108991981,-1.1824113131,-0.3563480973,-1.1107040644
9,236.807144,237.283384,236.807144,0.6195401549,238.7609405518,0.4853936434,238.2033538818,0.45297288890000004,238.5397796631,0.5316771269,238.3097229004,5.174495,5.185812,5.174495,-0.45445024970000003,5.8915352820999995,0.1013699621,4.4769845009,0.1525487751,4.8382711411,0.1797042191,4.9272551537,-1.204599,-1.172382,-1.204599,0.018363092100000002,-1.1820117235,0.0209782645,-1.1965379715,0.0138759641,-1.2183609009,0.0004694257,-1.2205802202,308.751921,319.11905,308.751921,2.2877748013,312.0708618164,0.3863821924,312.5991210938,1.9438143969000001,310.3423156738,0.5783419013000001,310.5850524902,1.67051,2.100328,-1.4391984741,-0.8093074342000001,0.2536392436,-0.6475413442,-2.0086979866,-0.1604048759,-1.0048274994,0.1302966177,0.059887364500000005,-0.4471087456,-1.936280489,-0.5373525023,-1.2034863234,0.2152791768,0.1702881008,-0.6300204992,-1.8884775639,-0.3819091022,-1.2969522476,0.0639118254,0.2886000872,-0.4690025151,-1.8076581955000002,-0.4229934514,-1.3436330557,0.0897456333,0.31487318870000003
10,236.695073,236.986605,236.695073,0.6091395617,239.2107543945,0.41236707570000003,238.3120880127,0.3345704377,238.5691070557,0.5513865948000001,238.4904632568,4.53801,4.941787,4.53801,-0.27610361580000004,5.4825348854,0.061981298000000004,4.0997982025,0.2939770818,4.4675621986,0.3051624596,4.6947407722,-1.240787,-1.290891,-1.240787,0.0211093165,-1.2086138725,0.0192603208,-1.2193108797,0.0161129609,-1.2346634865000001,0.0020565521,-1.2428362370000001,306.450598,302.550585,306.450598,2.1797194481,313.3562011719,1.6789386272,314.9841003418,1.4925793408999999,309.7206420898,1.5690141916,309.0200500488,1.443558,2.463091,-1.1775537697,-0.4082285621,0.7284071822,-0.31410351400000003,-1.4665406941999999,-0.0371280462,-0.5551157594,0.44699963930000003,0.1955910623,-0.5193628669,-1.5379989147000002,-0.18264244500000001,-0.6888223886,0.2624876499,0.7138758302,-0.5460732579,-1.4858061075,-0.3362953663,-0.6673322916000001,0.3508425951,0.8131978512,-0.4856394231,-1.7475758791,-0.2280982584,-0.4917751551,0.259149462,0.7167673111
11,236.422749,237.067818,236.422749,0.6254236102,238.6764984131,0.43387779590000003,237.7605895996,0.5544018745,238.193145752,0.5824376345,238.086517334,4.175498,4.854646,4.175498,-0.2928107381,5.6996040344,0.16922353210000002,4.7122344971,0.3372730017,4.6524262428,0.40535759930000004,4.7804374695,-1.202809,-1.236908,-1.202809,0.021187014900000002,-1.1745615005,0.0238800142,-1.1845959425,0.0174223594,-1.1981431246,0.0046947841,-1.2053461075,307.276709,303.590804,307.276709,1.9050370455,310.306060791,1.7615022659,312.9305419922,1.2313143015,308.3334350586,1.1226625443,308.321105957,1.457271,2.505549,0.3331084346,1.4065564395,0.1851410593,0.1543163955,-0.21134784820000002,0.3746291995,1.5330879687999999,-0.262537092,0.2974930704,0.1651616395,0.44721448420000004,0.4800632596,1.8406655788,0.1543730944,0.4474342465,0.0135047249,0.2932664752,0.4287723303,1.7027503252,0.11967857180000001,0.4677079618,0.1357044429,0.4879413843,0.509513855,1.6342692374999999,0.12143496420000001,0.31123232840000004
12,236.927012,236.913792,236.927012,0.6499340534,238.906036377,0.5124078989,238.0838317871,0.5138618946,238.2452697754,0.547934413,238.1779632568,4.932766,4.971878,4.932766,-0.20880568030000002,5.3837189674,0.1952347755,4.4089922905,0.13051046430000002,4.9867668152,0.2114166617,4.7807202339,-1.19684,-1.230714,-1.19684,0.0184399579,-1.1666059494,0.0195857938,-1.1789302826,0.0112530561,-1.1947720051,0.0023441892,-1.2030133009,315.309037,308.722627,315.309037,1.0464574099,317.1381530762,1.2321400642,317.3249511719,0.3418989182,316.7334594727,-0.5334041119,315.5158691406,1.174582,2.352814,-0.1752860293,0.7234291921,0.9086074779000001,-0.39842069150000003,0.0993445516,0.0846900716,0.5363386273,0.2999735475,1.0451459885,-0.143134281,-0.2149025202,0.10715328900000001,0.8094854355000001,0.3497808576,0.9611908197000001,-0.0168385841,-0.215337038,0.2688187957,1.0541151762,0.34042602780000003,1.3886839151,0.0038381796,-0.2275387198,0.254953295,1.0607575178,0.37014386060000004,1.2179490328
13,237.240293,237.066844,237.240293,0.6669797897,238.8988800049,0.48016363380000004,238.0569763184,0.5619340539000001,238.5460510254,0.5404551029,238.4677276611,4.913768,4.499153,4.913768,-0.31284826990000003,5.8930726051,0.1554004699,4.6113114357,0.1746219695,4.8950977325,0.1591218412,4.9649171829,-1.208525,-1.205418,-1.208525,0.0166785512,-1.1753870249,0.016954612,-1.1868485212,0.0109159779,-1.2063114643,0.0007871911,-1.2072901726,308.817904,307.10261,308.817904,1.5195932388,312.4394836426,1.0660881996,313.7944641113,-0.16478633880000002,311.5749816895,-0.44933223720000004,310.069732666,1.247612,2.461734,0.8162141771,0.8153629019,-0.474883074,0.29409411550000003,0.43248716,0.4349414408,1.2541846037,-0.045254670100000005,-0.5306261778,0.1465964019,1.0625698566,0.3639134765,1.4658330679,0.016870383200000002,-0.5414914489,0.4001874626,1.1087756157,0.4789063334,1.1851004362,-0.10722132770000001,-0.5873795748,0.3642679453,1.0755592585,0.3012961745,1.0853794813,-0.11876183,-0.585044682
14,236.402705,237.477303,236.402705,0.6056284308000001,238.5432891846,0.43739318850000003,237.8153381348,0.5334400535,238.1865234375,0.5882149935000001,238.1631622314,4.51268,4.928136,4.51268,-0.3509935141,5.4343600273,0.0614798218,4.5127906799,0.15586115420000002,4.7694721222,0.18446981910000002,4.7467365265,-1.219458,-1.229011,-1.219458,0.0191446356,-1.1865596771,0.0212916993,-1.2010163069,0.0150634246,-1.2197964191,-0.0013926998000000001,-1.2374641895,309.918538,312.755089,309.918538,1.5876224041,312.838470459,1.0883178711000001,313.1846008301,1.7972896099,310.2373962402,0.5917519927,310.1882019043,1.473542,2.479106,1.0204152068,0.6073342584,-0.8724813141000001,-0.0941170231,1.0081785917,0.2114683986,1.3985364437,-0.5197991133000001,-1.1281696558,0.3464279771,1.3673315048,0.3438039422,1.0750831366,-0.21019826830000002,-1.0283482075000001,0.2989124358,1.4049682617,0.2832256258,0.8911485672,-0.29291915890000003,-1.0531650782,0.5469589829,1.479254961,0.2347431183,0.8128705025,-0.28199520710000003,-1.0077034235
15,237.017652,237.082826,237.017652,0.6352460980000001,238.8882904053,0.45101261140000004,238.0942382812,0.5783017278,238.4282989502,0.5863128901,238.4532623291,4.713115,5.266102,4.713115,-0.4200172424,5.981842041,0.1053706482,4.6462454796,0.2032334656,4.7094635963,0.41042989490000004,4.9228386879,-1.216946,-1.204798,-1.216946,0.0216105282,-1.1840929985,0.022480458000000002,-1.1978538036,0.015482774000000001,-1.2170003653,0.0032558553000000003,-1.2201521397,306.420397,310.028284,306.420397,1.9310319424,311.5283813477,0.7136564255000001,312.691192627,0.2887052298,310.574798584,0.6270589828,309.3995666504,1.040269,2.52175,-0.0880195562,-0.8564232247,-0.5839105514,-0.053310405500000005,-0.1645212322,-0.4554138184,-0.6687556505000001,0.0024015959,-0.9913080335000001,-0.3162455261,-0.044915542,-0.5316526890000001,-1.4966605902,-0.1304128319,-0.8265911937,0.099168539,-0.1004702747,-0.35051333900000003,-1.1746122837,-0.2331291288,-0.667304337,0.13556388020000001,-0.0041686893,-0.4499278069,-1.1786293983,-0.18500515820000002,-0.8586440086
16,236.789213,237.287345,236.789213,0.6864644885,239.0246582031,0.5163889527000001,238.2592468262,0.5655604005,238.4708709717,0.49087047580000004,238.4338378906,4.478016,4.59492,4.478016,-0.4747493863,5.9914569855,-0.0956077352,4.4969358444,0.0475633815,5.1028814316,0.2517206073,4.8532586098,-1.235769,-1.159572,-1.235769,0.0221390352,-1.1976723671,0.0227473378,-1.2095587254,0.0157678612,-1.2313973904,0.0029783417,-1.2449941635,308.376109,318.970154,308.376109,2.1168348789,313.1510009766,1.0048705339,312.5456848145,1.182897687,310.5221252441,0.773034215,309.1678771973,1.41924,1.88659,-0.1331083793,-1.3102270799,-0.5289878775,-0.1309759021,0.059034451800000005,-0.4468399286,-0.8639215827000001,-0.053519517200000005,-1.0200017691,-0.12493598460000001,-0.08826451,-0.5509002805000001,-1.3707830906,-0.1088236123,-0.7221463323,-0.0357965976,0.0137927979,-0.4165256619,-1.5581924915,-0.2443587035,-0.7442178726,-0.0182016809,0.004288882,-0.4736295938,-1.7563998699,-0.2496406287,-0.6596085429
17,236.303279,236.95043,236.303279,0.6977864504,238.8858032227,0.48676526550000004,238.0400543213,0.6106843948,238.3386688232,0.6622933745,238.220123291,4.819059,5.123122,4.819059,-0.3090095222,5.8437843323,-0.035471059400000005,4.4671578407,0.3032938242,5.0049619675,0.5202742219000001,4.7121562958,-1.218621,-1.227338,-1.218621,0.0193782784,-1.2007336617,0.0204628743,-1.2168307304,0.0130392024,-1.235363245,4.5598e-06,-1.2371886969,312.889904,308.67582,312.889904,1.8156958818,313.3818054199,0.6658610106,314.6014709473,1.6614813805000002,313.0532226562,-1.84395051,312.2694091797,1.29647,2.211863,-0.1632061913,-1.2036189242,-0.45332153680000004,-0.0405960046,0.0013781935,-0.4553913176,-1.1533545256,-0.3540792465,-0.9058470726000001,-0.1024635285,0.1497726589,-0.2505571842,-1.266887188,-0.1655738205,-0.7533409595,0.1517059952,-0.1596113592,-0.335152328,-1.2712700367,-0.3540259898,-0.828463912,0.034234579700000003,-0.08776341380000001,-0.44039660690000004,-1.6406444311000001,-0.19876313210000002,-0.8300226927000001
18,236.363573,237.303281,236.363573,0.7142392397,238.9613342285,0.5082892776,238.1617584229,0.5954819322,238.4352722168,0.5389612317,238.2869567871,4.440151,4.664721,4.440151,-0.2296296209,5.9686918259,0.2089168578,4.5253376961,0.1463876963,5.0835318565,0.1188375577,5.1423826218,-1.273308,-1.230535,-1.273308,0.022044722000000003,-1.2314800024,0.0230904892,-1.2483617067,0.0149078555,-1.2639040947,0.0058918595,-1.2643547058,299.04469,311.331804,299.04469,1.7567870616999999,306.0583496094,2.1531503201,305.9097290039,1.4029664993,302.1317749023,0.7288622856,301.6521911621,1.72809,2.544939,0.2457780048,-1.7033774850999999,-0.1561783045,-0.0338605791,0.9218511581000001,-0.5371114612,-1.9467612505,0.6904008389,-0.3335182071,0.3204676509,0.6571671367,-0.6995875239,-2.1939249039,0.4221883416,0.0638529956,0.3528598249,0.6750711203,-0.7293962836,-2.2934412956,0.10036747160000001,-0.036047585300000004,0.1894661337,0.5091743469,-0.5987936854,-2.2900495529000002,0.0359544978,-0.0081647187
19,236.949969,237.114821,236.949969,0.6859583259,238.8900756836,0.5148360133000001,238.151473999,0.6107235551,238.5338745117,0.611874938,238.4743499756,4.712408,4.851015,4.712408,-0.3887034059,5.0876336098,-0.018619647200000002,3.9361095428,0.0454329029,4.6038389206,0.0899465531,4.4964036942,-1.255232,-1.225424,-1.255232,0.0200632084,-1.2215665579000001,0.0230356492,-1.2303862572,0.011326383800000001,-1.2565747499,0.0010174997,-1.2634248734,305.554643,311.566941,305.554643,1.5209890604,310.2756958008,0.9426628351,311.4436950684,-0.5679302216000001,306.9641418457,1.0891970396,307.0520629883,1.937365,1.774055,-0.2037824553,-1.8398721665000002,0.5715996578,-0.1818286777,0.2227331102,-0.44488224390000003,-2.2154078484,0.5237381458,0.4854791164,0.0420016795,0.054371476200000005,-0.700166285,-2.3140676022,0.4818507135,0.6428017020000001,-0.0120386854,0.0735301524,-0.7162448168000001,-2.2724461555,0.009089306,0.7329850793,0.1602659971,0.0113814026,-0.6232303977,-2.294274807,0.1484223306,0.7390098572
20,236.841204,236.841212,236.841204,0.6448712349,238.8257598877,0.4823269844,238.1095428467,0.5069894195,238.5546264648,0.6453958750000001,238.4340820312,4.784775,4.53346,4.784775,-0.3718436956,5.6317911148,0.09230499710000001,4.4689512253,0.48317289350000003,4.8560099602,0.2756255567,4.9467139244,-1.219703,-1.199478,-1.219703,0.0181553047,-1.1892127990999999,0.0211898126,-1.2068411112,0.012539292700000001,-1.2235928774,0.0002129544,-1.2214673758,308.348024,312.661213,308.348024,1.2645782232,312.2828063965,0.200904727,313.4936523438,0.8771841526,310.1751403809,2.8694152832,310.7055969238,1.665085,1.797721,-0.4604663008,1.1180453533,1.1447501003,-0.2863153517,-0.9262127280000001,0.42149007320000004,0.9988063574,0.5312952995,1.1481667757,-0.2892494202,-0.8364861608,0.4524969757,1.2280836105,0.4574216902,1.5110118389,-0.397656858,-0.8350853920000001,0.4105584621,1.2231725454,0.3072232008,1.4179582596,-0.2758135796,-0.7102866769,0.3341605663,1.3258649111,0.3889815807,1.412604928
21,236.35228,237.364556,236.35228,0.6307511926,239.2304992676,0.45009517670000004,238.407623291,0.5577620268,238.6500091553,0.5748681426000001,238.5470428467,4.371569,4.773304,4.371569,-0.1361438781,5.6823544502,0.1743730456,4.694337368,0.37183365230000004,4.7962269783,0.4232482314,5.0623459816,-1.236076,-1.221036,-1.236076,0.0231941566,-1.1940921545,0.024674369,-1.2030718327,0.019976465000000002,-1.2147147655000001,0.0062115379,-1.2198588848,303.985211,311.994745,303.985211,1.8371328115,311.40625,1.3569760323,313.1455383301,1.2159366608,308.5546569824,1.4784536362,306.7064208984,1.317149,2.013726,0.1589405727,1.2621728949,0.34137955870000003,0.383387804,-0.2732080817,0.2783670127,0.9988418221,0.3805508912,0.8379284143,0.0329037011,0.3561116755,0.380179584,1.5639678240000001,0.0468308479,0.6099337339,-0.1684854627,0.2491131127,0.3726085424,1.6889475584,0.220371902,0.6216748953,0.0957070217,0.3664535284,0.4370664656,1.9030317068,0.2460396141,0.5588371754
22,236.369187,237.320874,236.369187,0.672061801,239.0222473145,0.4952685833,238.2805633545,0.5748554468,238.4323883057,0.656259656,238.241973877,4.804632,4.989463,4.804632,-0.2728289366,5.7269034386,0.3441825807,4.2406907082,0.2984604239,4.7566719055,0.2958363593,4.8993406296,-1.267426,-1.273256,-1.267426,0.021330826,-1.2198580503,0.0239971597,-1.2325049639,0.0186583549,-1.2451870441,0.005740691,-1.2418900728,303.220924,305.313066,303.220924,2.2392172813,308.2225952148,1.6732923985000001,309.8958435059,3.4298167229,305.6755371094,1.5761897564,304.2735595703,1.336062,2.293214,0.53815916,1.2021801592,0.22407615690000002,0.6461451650000001,0.3339993954,0.5290027857,1.3899703026,-0.1903616488,0.5590692759,0.14172405,0.6996763945000001,0.6281160712,1.4391329287999999,0.21361170710000002,0.4771430492,0.18213874100000002,0.6541144252000001,0.4672657549,1.4933214188,0.2830655575,0.5201642513,0.22959342600000002,0.7713419199,0.40655642750000004,1.6619313955,0.23984210190000002,0.5566425323
23,236.518983,237.134455,236.518983,0.6501877308,238.984588623,0.4646018744,238.1654968262,0.66922611,238.5061950684,0.6932517290000001,238.4106903076,5.096765,5.125544,5.0967649999999995,-0.36931484940000003,5.9228086472,0.1705207527,4.4496245384,0.1381284297,4.7271733284,0.3312088549,4.9443745613,-1.231796,-1.231572,-1.2317960000000001,0.0218826011,-1.209525466,0.0247826539,-1.2200312614,0.0144168846,-1.2385736704,-0.0010633133,-1.2443972826,307.165073,308.758039,307.165073,1.7331912518,310.5530090332,1.5933923721,312.8282775879,3.2402901649,309.1739196777,0.3217117786,306.6362915039,1.711779,1.739982,0.9293915194000001,1.4106966231,0.2763219744,0.1331992447,0.6148015261,0.40584963560000004,1.3280076981,-0.2667295039,0.614859581,0.3856668472,1.0321061611,0.3237284124,1.5726475716000001,0.22290228310000001,0.6094322801000001,0.1792088598,1.0155855417,0.4670155346,1.5914442539,0.2496154159,0.7371984124000001,0.35884895920000004,1.1536631584,0.42907273770000004,1.8205562830000002,0.2695404589,0.5548848510000001
24,236.647658,236.73012,236.647658,0.6669999361000001,238.9870605469,0.45162338020000004,238.2220916748,0.5685114264000001,238.5508117676,0.6009061337,238.5696716309,4.436177,4.59527,4.436177,-0.3092173338,5.7955169678,0.0885360688,4.5522947311,0.3370299935,4.8908557892,0.3879683018,5.0356526375,-1.212726,-1.209752,-1.212726,0.0198185351,-1.1814351082,0.0203468706,-1.1971174479,0.0091550937,-1.2180094719,-0.003574701,-1.2225648165,309.137974,307.77242,309.137974,0.9973105192,311.7567138672,0.7516356707,313.5945739746,-0.0525199175,310.446105957,1.8973106146,307.549041748,1.618703,2.067493,0.8550597727,1.3498377863,-0.2588661261,0.1144609451,0.37027838830000004,0.2899889648,1.5759863853,-0.2551630735,0.2058368325,0.15305230020000002,0.8599557877,0.24656042460000002,1.8794589043,-0.1798114479,-0.0707015544,0.0327338204,0.9594671726,0.5153543949,1.8091436625,-0.06748579440000001,0.0005262047,0.1303526312,0.9546085596,0.5215888619,1.9159154892,0.0011206828,-0.2168347836
25,237.279197,237.276502,237.279197,0.6900213957,239.2953491211,0.4880046248,238.3780517578,0.6110644341,238.6673736572,0.6303696632,238.6254882812,4.50644,4.819873,4.50644,-0.1742395759,5.9451346397,0.2561635077,4.7732601166,0.32194328310000003,5.1322865486,0.4401718974,5.0215382576,-1.226628,-1.239046,-1.226628,0.020632110500000002,-1.182502985,0.0207221732,-1.1897283792,0.0182947442,-1.2088786364,0.0036131255,-1.2129616737,304.000824,312.411498,304.000824,1.8348474503,309.2615966797,1.6294848919,311.1607666016,1.4423159361,307.9008178711,1.9475170374,304.5079040527,1.197051,1.84636,0.8488517862,0.7247467546,-0.4325770788,0.46273538470000003,0.5589907169,0.1248190552,1.1592408419,-0.3942976594,-0.45537909870000004,0.2359296978,0.7848057747,0.1828806698,1.0900683403,-0.1667745262,-0.4539343119,0.2671637237,0.9177846909,0.3693806827,1.0725046396,-0.0647491366,-0.6058174968000001,0.32166352870000003,0.9970492721,0.2872216702,1.1330269575,-0.1848286986,-0.5600677133
26,236.569343,236.870094,236.569343,0.6741439104,238.9094696045,0.504366219,238.0347595215,0.5769776106,238.3358001709,0.608767271,238.2541656494,4.753754,4.140194,4.753754,-0.3308078647,5.9018220901,0.160841763,4.3281745911,0.2478900701,4.9617109299,0.33119669560000004,4.9415664673,-1.192944,-1.224739,-1.192944,0.0193497799,-1.1598720551,0.0195055939,-1.1719486713,0.0124584008,-1.1837136745,0.0065497328,-1.200494647,309.371655,309.047092,309.371655,0.4705697298,312.7162780762,1.8833093643,313.9490966797,1.2295914888000001,309.5950317383,1.4205342531,307.7621459961,1.602941,1.477837,-0.5956705684,-1.4326114509,0.402768192,-0.37316942210000004,-0.43466687200000004,-0.3615376651,-1.6522868872,0.36379739640000003,0.145275861,-0.0320363678,-0.5492110252,-0.5010737181,-1.834176302,0.3593482971,0.6070474982,0.047926239700000005,-0.6243527532,-0.5661283731,-1.8618366718,0.21365971860000002,0.5961273313000001,-0.0836396217,-0.5946985483,-0.5452439785000001,-1.7985481024,0.2440000921,0.6138378382
27,236.869635,236.845548,236.869635,0.6746312976000001,239.1100158691,0.5179821253,238.2847137451,0.5832509398,238.5271759033,0.6361722946,238.4105834961,4.913553,3.956266,4.913553,-0.2775691748,5.7266054153,0.1768028736,4.4233827591,0.1714604795,5.0544128418,0.3327456117,5.0494012833,-1.202124,-1.179457,-1.202124,0.0183742195,-1.171761632,0.0173394047,-1.1829804182,0.0108272526,-1.2013965845,0.0022629462,-1.2174743414,310.837049,316.426199,310.837049,0.5428606272000001,311.5651550293,2.1497318745,313.0580444336,2.2393000126000002,309.8211975098,2.1330723763,306.9966125488,1.53652,1.95177,-0.7762183760000001,-1.2788514937,0.3505968123,-0.38585501910000003,-0.628600657,-0.6689586043,-1.7480777502,0.2868745029,-0.3289030492,-0.0195062608,-0.8807160258000001,-0.6227110624000001,-1.9358127117000001,0.2483692914,0.3632105887,-0.23695589600000003,-0.8980904222,-0.6489287019000001,-1.9195190668,0.0443079025,0.3634803593,-0.08098144830000001,-0.8970595598000001,-0.6401076317000001,-1.9983971119000001,0.2568411231,0.5346146226
28,235.937022,237.206522,235.937022,0.6886357665,238.9967193604,0.5102218986,238.101852417,0.5011281371,238.3019256592,0.5609940886,238.2611236572,4.46244,5.037378,4.46244,-0.1499933004,5.78195858,0.1215230972,4.4461050034,0.1457514465,4.8010854721000005,0.28774568440000003,4.8864893913,-1.302136,-1.227354,-1.302136,0.0207160339,-1.2818319798,0.020409748000000002,-1.3006342649,0.0187217109,-1.3132371902,0.0110426471,-1.3103635311000001,299.743734,313.673632,299.743734,1.7158114910000002,306.0821838379,0.9633427262,307.469543457,0.7651008368000001,303.8418273926,1.6367409229,303.2301330566,1.476587,1.450605,-0.7329084357,-1.2106140204,0.42138813210000003,-0.1618440449,-0.6098780036,-0.2283347547,-1.6497017145,0.4785149992,0.4409185648,-0.2638460696,-0.8244442940000001,-0.4376991391,-1.7198828459,0.1965291351,0.5727609396000001,-0.3416405618,-0.8775655627000001,-0.6127236485,-1.8264027834,-0.0667194128,0.5105743408,-0.1583160758,-0.8553887606,-0.5632437468,-1.6238918304,0.08157562460000001,0.5537085533
29,236.690341,237.328604,236.690341,0.6794089675,238.8987121582,0.5216033459,238.1869506836,0.5059204698,238.3100280762,0.5516149402,238.3909301758,4.652826,4.979917,4.652826,-0.1789444983,5.9642920494,0.1391627192,4.6464276314,0.190095216,5.0734443665,0.21131357550000002,5.1531190872,-1.19508,-1.23294,-1.19508,0.0183325745,-1.1678284407,0.0218890402,-1.1813663244,0.0162986331,-1.1991183758,0.0071676299,-1.2062854767,313.111188,313.522914,313.111188,1.7039365767999999,313.5848693848,-0.1960370541,315.2518005371,-0.0539742708,313.5342407227,-0.6350026131000001,313.0172119141,1.948656,1.946891,-1.6338548524,-0.3035961205,1.0176484044,-0.5104950666,-1.9311255217,0.0557264835,-0.7839384675000001,0.32410898800000004,0.8337492943,-0.2666337192,-1.9353157282,-0.3566867709,-0.6931974888,0.4665125906,1.1579045057,-0.6689527631000001,-1.9958049059,-0.2161619663,-0.7057862282,0.18595647810000002,1.1079647541,-0.6202974319,-2.0447375774,-0.1393664479,-0.6085638999999999,0.3058830202,1.2830786705000001
30,236.272143,237.607378,236.272143,0.6860457659,239.354675293,0.5136688948,238.4416351318,0.5472922921,238.6821594238,0.5561944842000001,238.4307403564,4.179205,4.98699,4.179205,-0.4635661244,5.7918806076,0.0247634891,4.9954881668,0.19692811370000002,5.2964487076,0.337521255,5.1904058456,-1.210537,-1.213035,-1.210537,0.0197709389,-1.1864202023,0.019210439200000002,-1.2012091875,0.0135940816,-1.2114446163,0.0049902312,-1.213778615,314.524297,309.514491,314.524297,0.5198330283,314.8492126465,0.7544596791,316.1926879883,-0.39615070820000003,315.5570068359,0.9749450684000001,313.5410461426,1.947202,1.898386,-1.3893891529,-0.0154434409,1.3641689097,-0.4528610408,-1.4871295691,0.2027683854,-0.34770217540000004,0.560289979,1.2318543196,-0.42685747150000003,-1.5842432976,-0.2343776524,-0.3677393794,0.5783501267,1.5850920677,-0.6477221251,-1.6190485954,-0.1300719082,-0.38744676110000004,0.3689304292,1.6270977259000001,-0.5284376740000001,-1.8572943211,-0.060868896500000005,-0.3658445477,0.48950222130000004,1.7447462082
31,236.786529,237.133133,236.786529,0.5908449292,238.817276001,0.49225595590000004,237.997177124,0.47648459670000004,238.2328338623,0.5613836646,238.2736053467,4.976878,4.550439,4.976878,-0.44215989110000004,5.4926118851,0.150979206,4.7483310699,0.0762241855,5.0057125092,0.2020111382,4.8539609909,-1.206891,-1.204414,-1.206891,0.016905434400000002,-1.1810419559,0.019038649300000002,-1.1952372789,0.015004435600000001,-1.2154413462,0.0023734067,-1.213403821,314.763426,309.121568,314.763426,3.2232694626,315.7732543945,0.1064827442,317.9696044922,0.8118051291,316.3584594727,0.366920948,315.7067565918,1.430661,2.120636,-0.7053306306,0.28645170470000003,1.2112993011,-0.3649353087,-1.068467617,0.1251736283,0.0926863551,0.72710675,1.3312442303,-0.3025693893,-1.0441535711,-0.0540953465,0.2342206091,0.4328276217,1.4596699476000001,-0.4793204963,-1.0865063667000001,-0.179387778,0.0324620456,0.4802689552,1.5887475013999999,-0.4723604321,-0.9880305529000001,-0.1012479141,0.21169483660000002,0.5670318007,1.6048747301000001
32,236.62285,236.945204,236.62285,0.6405953765,238.7775115967,0.5186530948,237.98046875,0.5259408951,238.2700042725,0.5915259123000001,238.1864318848,4.513403,4.608566,4.513403,-0.3799864054,5.7472057343,0.2655577958,4.8482532501,0.2202628106,4.8779153824,0.1565228999,4.8102426529,-1.168714,-1.209867,-1.168714,0.016222734000000003,-1.1476163864,0.017826464,-1.1648669243,0.0097914254,-1.1841740608,0.0021124985,-1.1928459406,320.497341,312.389653,320.497341,1.1878705025,318.3500976562,0.46576124430000004,320.1147766113,0.0202971697,318.9866027832,-0.5694556236,316.5769958496,1.840148,1.860346,-0.6518257466,-0.16827582400000002,1.7125864041,-0.316185832,-0.5334826112000001,-0.23085753620000002,-1.0279507637,0.4220376611,1.4091751575,-0.0541507304,-0.3775596619,-0.4580850601,-0.8093744516,0.5545366406000001,1.7222911119000002,-0.09877693650000001,-0.3617941737,-0.34999793770000004,-0.701770246,0.5556846261,2.0245928764,-0.0011626314,-0.5299996138,-0.31771734360000004,-0.7070052624000001,0.6354914904,2.0889296532
33,236.818417,237.180415,236.818417,0.7055656314000001,239.195526123,0.5461162329,238.4555969238,0.5597391129,238.8028106689,0.5874664187,238.6756134033,4.339587,5.03486,4.339587,-0.3896955848,5.5715470314,0.2799617648,4.2431211472,0.20920977000000002,4.7915649414,0.1526327431,5.0506753922,-1.246507,-1.204042,-1.246507,0.02200686,-1.2037233114,0.0233824793,-1.217105031,0.0118541168,-1.2403264046,0.0020210687000000002,-1.2508085966,302.062653,317.460024,302.062653,1.8159825802,308.8768920898,2.3778204918,308.5267028809,2.1546144485,304.4765319824,2.6306591034,302.2757568359,1.643636,2.000512,0.5290389612,1.1694785905,-1.0266333559,0.2104305327,0.2776305974,0.3194430768,1.7719864845000002,-0.610866189,-0.7807282805,0.3310704231,0.5250920057,0.40369111300000005,1.7814503908,-0.1149186641,-1.0087665319,0.1126452461,0.6451119781,0.5494041443000001,1.6656113863000002,-0.2380077392,-1.0467224121,0.15040797,0.5846717358,0.47868311410000003,1.5902767181000002,-0.2596180439,-1.0447567701
34,236.965664,237.261097,236.965664,0.7127515078000001,238.9796600342,0.5625587702,238.2914123535,0.5771856308000001,238.6100006104,0.6038867831,238.4658813477,4.64124,4.518542,4.64124,-0.2983269095,5.4248437881000005,0.25364473460000003,4.6544823647,0.1391020715,4.8566632271,0.2321095765,4.8840851784,-1.207646,-1.168659,-1.207646,0.0188741647,-1.1708768606,0.017614100100000002,-1.1829614639,0.0130556868,-1.1964681149,0.0033230688,-1.2020360231,314.776737,315.29527,314.776737,1.4892123938,317.2999267578,0.2391606867,317.8858337402,-0.99815166,316.6368408203,-0.9240252972,315.0433654785,1.744039,2.591868,0.29000734,-1.0106562094,-1.3914531449,0.2580728531,0.2964631915,-0.2653484344,-0.519272089,-0.4731669128,-1.7282398939,0.3661848307,0.7113058567,-0.3756219745,-0.9462422729000001,-0.4996913671,-1.7358705997000001,0.1672183424,0.5822473168,-0.1641630828,-0.9641450644,-0.5669175386,-1.857755065,0.24593147640000002,0.6409013271,-0.3696710467,-1.1772444248,-0.6013380885,-1.7708810568
35,236.970113,237.354459,236.970113,0.6346453428000001,238.9766845703,0.49604785440000004,238.168548584,0.5417007208,238.5624237061,0.6099460721000001,238.6925201416,4.484407,4.804037,4.484407,-0.20268896220000002,5.2476601601,-0.1010902151,4.6254258156,0.2675538659,4.7761478424,0.35625064370000004,4.8470821381,-1.205539,-1.177425,-1.205539,0.0165272765,-1.1826002598,0.0183606595,-1.1972142458000001,0.016217418,-1.2166705132,0.0031105261,-1.2277929783000001,315.321606,316.957662,315.321606,2.3103196621,315.2219848633,0.33388409020000004,317.592010498,0.40278655290000004,314.3889160156,-0.6635451317000001,314.070526123,1.702328,2.566576,0.3019680782,-0.9871789132000001,-1.3535923419,0.1662752032,0.5011407137,0.0158750564,-0.7138512135,-0.7260124683,-1.6712810993,0.3322070837,0.6875761151,-0.2747356892,-0.9531084299,-0.5357431769000001,-1.8083897829,0.2250204086,0.6748729944,-0.21401809160000002,-0.8099492788,-0.6851829886,-1.7544798851,0.1640461087,0.6389063597,-0.3039661348,-1.0931066275,-0.5827820897,-1.9039362669000002
36,236.712437,236.9788,236.712437,0.7302818298,239.3692626953,0.5250420570000001,238.5403289795,0.5325194597,238.794128418,0.5899896622,238.62840271,4.642957,4.933455,4.642957,-0.22751671080000002,5.7102227211,0.0368459001,4.3240818977,0.20032745600000001,4.6740489006,0.1820904613,4.8308033943,-1.253504,-1.169837,-1.253504,0.021641396,-1.2138724327000001,0.0215905458,-1.2234330177000001,0.015953714,-1.2368744612,0.007377503400000001,-1.2427170277,308.152728,309.067989,308.152728,1.4572091103,311.0177001953,1.6825525761,312.5947265625,1.3938741684,309.724029541,1.6607993841000002,308.382019043,1.220335,2.400038,-0.9161298109,-0.7659064790000001,0.251615656,-0.2465505749,-0.5167536139,-0.2010566443,-0.5395482779,0.5141973495000001,0.0744000673,-0.40949615840000003,-0.7274244428000001,0.0420025513,-0.6517556906,0.3129138649,0.3801956177,-0.015254706100000001,-0.8275690675,-0.1241235435,-0.8421404958,-0.0265840609,0.2425690591,-0.1784130931,-0.5683682561,-0.1475148648,-0.7668296695,0.06590558590000001,0.3139235675
37,236.561951,237.18411,236.561951,0.6326227188,239.0982055664,0.5071430802,238.4668426514,0.5444095135,238.8621673584,0.5543464422000001,238.683303833,4.393013,4.967727,4.393013,-0.320928514,5.0738019943,0.0833236277,4.5435810089,0.2663050294,4.7326302528,0.2994306982,4.7539715767,-1.197227,-1.223542,-1.197227,0.0172474682,-1.1643835305999999,0.0163093377,-1.1822192669,0.0144442152,-1.1959320307,0.0073399562,-1.2077714205,321.265413,308.588827,321.265413,1.5007842779,319.8303222656,0.4239711165,321.833190918,-0.1269629002,320.1041259766,-0.1442750692,319.0989379883,1.545627,2.26645,-1.0347998924,-0.30688598840000003,1.1063331702,-0.22350443900000003,-1.045792222,-0.0065476103,-0.971993804,0.6766811013,0.6244525909,-0.3498011231,-1.1344606876,-0.1731109768,-0.45324563980000004,0.2709479034,1.0000289679,-0.2635240853,-1.0997920036,-0.2708702981,-0.5386329889,0.309201628,1.0506421328,-0.24929210540000002,-1.1699982882,-0.2263874561,-0.6825562119,0.320500344,1.1205966473
38,236.524873,237.194275,236.524873,0.7143374085,239.0100402832,0.5132013559,237.9747314453,0.4930197597,238.217300415,0.5562782884,238.3668823242,4.106046,4.636786,4.106046,-0.2467187345,5.8639082908999995,0.25686019660000003,4.3898177147,0.1341541409,4.6754984856,0.1705232561,4.952214241,-1.279637,-1.230603,-1.279637,0.0249436554,-1.2418431044,0.025083262500000002,-1.2521666288,0.0171802677,-1.2700711489,0.0032673515,-1.2695928812,298.488626,298.907228,298.488626,1.6308964491,305.7184753418,3.2314584255,303.9539489746,3.9517440796,301.5724487305,1.5843299627,299.4808959961,0.969141,2.103418,-0.27213210660000003,0.0346319141,0.9295047524000001,-0.2475601882,-0.20393465460000001,0.2904622853,-0.47359603640000003,0.2398412526,0.8271859288000001,-0.1002146825,-0.1820922792,0.0575881451,-0.1373347938,0.1650141031,1.1068265438,-0.1301195174,-0.06295441090000001,-0.075573951,0.20065990090000002,0.2888508141,1.1621477604,-0.174324736,-0.2761383355,0.1080884859,0.281180203,0.2320523858,1.1269153357
39,236.997716,237.021565,236.997716,0.6967818737,238.6395721436,0.5095545053,237.7224731445,0.5553383231,238.2042388916,0.5738815665,238.0993041992,4.421496,4.716984,4.421496,-0.24362275,6.3146715164,0.2419616431,4.2861309052,0.046712227200000005,4.69591856,0.277631104,4.8943152428,-1.259458,-1.221359,-1.259458,0.0234104581,-1.2110280991,0.0259891488,-1.2213759422,0.0173019506,-1.2345423698,0.0110500734,-1.2192134857,300.614925,313.845184,300.614925,2.3514306545,308.0982055664,2.7173092365000002,305.9501342773,3.2411079407,304.1396179199,2.2428569794,302.9846191406,1.086014,2.422528,-0.020601994300000002,0.31516598700000004,1.0390726799,0.1128179207,0.0046120435,0.4913511574,-0.101841867,0.32498598100000003,1.2345796824,-0.0034408374,-0.11607794460000001,0.2694738507,0.213061884,0.3714388609,1.5226352214999999,-0.0014098994,0.15899688010000002,0.1466467381,0.20746758580000002,0.42014786600000004,1.4361107349,0.0162175577,-0.11870051920000001,0.1921404898,0.38894701,0.4455966055,1.3919358253
40,236.443356,236.999128,236.443356,0.6717424393,238.8899536133,0.5388448238,238.181350708,0.5903855562,238.4326324463,0.6220688224,238.3484039307,4.333807,4.553635,4.333807,-0.172213465,5.3883633614,0.0043173898,4.3334794044,0.1630500406,4.8151931763,0.259344697,4.6560611725,-1.218518,-1.213481,-1.218518,0.0222665705,-1.2005034685,0.0248939097,-1.2112244368,0.0212946367,-1.2311819792,0.008351149,-1.2429069281,310.859432,312.52999,310.859432,3.2152941227,311.5604553223,1.6837263107,310.8219909668,2.0547056198,312.7057189941,2.6415715218,310.0143127441,1.072477,1.990174,0.44182251600000005,0.9601482529,-0.18197708840000001,0.2514753342,0.40087825060000004,0.2697660625,0.8370796442,-0.1420941055,-0.3674942553,0.2009346187,0.439234972,0.2308810353,0.8872803450000001,-0.2289151996,-0.295455575,0.17245095970000002,0.2106495202,0.15308681130000001,1.0849624872,0.0582119934,-0.1184128374,0.13618984820000002,0.46851462130000004,0.1612379253,1.1319127083,0.0286973994,-0.2212126106
41,236.719386,237.692685,236.719386,0.6760557294,238.9472198486,0.5540523529,238.1907501221,0.6625335217,238.463760376,0.6398137212,238.4315795898,4.407292,5.018434,4.407292,-0.15760253370000002,5.2071790695,-0.0728602335,4.1329488754,0.1461866498,4.758140564,0.2019357085,4.6682405472,-1.245624,-1.175788,-1.245624,0.0220330507,-1.2151798010000001,0.02236991,-1.2274960279,0.0172681361,-1.2505179644,0.009768288600000001,-1.262455821,307.198465,323.346342,307.198465,2.3921272755,311.0102233887,2.1772322655,309.2718811035,0.48386842010000003,309.1625671387,1.2929414511,306.3989868164,1.059655,2.295182,0.4051011014,0.9520382245000001,-0.2288785939,0.35460177060000003,0.1293780953,0.40162014960000003,1.0728896856,-0.2839636803,-0.2337067723,-0.0501201339,0.1979552507,0.37232008580000003,0.9111922383000001,-0.41555345060000004,-0.3025109768,0.0345765948,0.2090527117,0.1695780158,1.163646698,-0.0039302148,-0.0836506635,0.1371605545,0.18216525020000002,0.30584827070000004,1.245470047,0.0297550466,-0.2437658757
42,237.002844,237.328611,237.002844,0.6904200315,238.7899627686,0.5721784830000001,238.137878418,0.5633741021,238.2646942139,0.6575433612,238.1787567139,4.919658,4.625341,4.919658,-0.2984083295,5.7626991272,0.061143107700000005,4.6405057907,0.1100155488,5.0337347984,0.1791603863,4.9988427162,-1.224292,-1.222282,-1.224292,0.0200175792,-1.1967172623,0.0236526765,-1.2027760744,0.0160651579,-1.231197238,0.0086109433,-1.2359936237,310.731747,306.308457,310.731747,1.6826943159,311.4959716797,2.440114975,313.4652709961,0.8369953632,312.1283874512,4.0550026894,310.836517334,0.907914,1.83286,0.5702786478,0.4908653656,-0.5080752948,0.4398660064,0.44277924300000004,0.2399246395,0.4715071321,-0.5711084604000001,-0.6059949398000001,0.1766227633,0.5660687685,0.0125551214,0.2690640986,-0.43904221060000004,-0.522258997,0.1495720148,0.837004602,0.1553797275,0.3739553094,-0.0609244741,-0.49011030790000004,0.13343243300000002,0.7283571959,0.2051803768,0.5134714246000001,-0.0751883388,-0.4639971852
43,236.493545,236.96822,236.493545,0.6252204776,238.7090454102,0.46256482600000004,237.870513916,0.5758370161,238.26953125,0.5866947770000001,238.1529998779,4.588418,4.116437,4.588418,-0.40069401260000004,5.9653520584,0.0897758827,4.9504714012,0.4318203926,5.181854248,0.4022944868,5.0796914101,-1.215068,-1.351073,-1.215068,0.019084256100000002,-1.1750658751,0.0190613866,-1.19368577,0.0099462569,-1.2100478411,-0.0003340393,-1.211555481,307.453596,292.295373,307.453596,1.0378528833,312.9776000977,1.169927597,313.6802062988,0.6373851299000001,310.9829406738,1.0260548592,309.6596984863,1.2607,2.327468,1.1418951554,-0.0993347166,-0.5249504282,0.5263241529,1.4674261808,0.0840259418,0.4292299747,-0.33696332570000004,-0.28654396530000004,0.4115156233,1.6096129417,0.1965691745,0.1684401929,-0.3493771553,-0.5426079035,0.4843119979,1.6230316162,0.2589430213,-0.0314851701,-0.1602519751,-0.6853382587,0.4768159389,1.7662862539000002,0.043679826000000005,-0.042781695700000004,-0.2431859225,-0.8726010919
44,236.819711,237.153798,236.819711,0.6960175633,239.1454772949,0.573167026,238.3528442383,0.5489655137,238.6101379395,0.5953879356,238.4930419922,4.099772,4.282885,4.099772,-0.358504355,5.6988992691,-0.0045762984000000005,4.3952693939,0.0866159499,4.7683076859,0.18949505690000001,4.7762451172,-1.290369,-1.267594,-1.290369,0.0230511501,-1.2504173517,0.0255646892,-1.2609761953,0.0166239161,-1.2809046507000001,0.006431192200000001,-1.2772401571,302.201902,310.803891,302.201902,2.7107844353,308.4078674316,1.9087553024,307.170135498,2.3018965721,305.8427429199,0.5245985985,304.3024291992,1.114756,1.62294,-0.1443967874,0.5756796856,0.9436225431,0.032861575500000004,-0.30745041370000004,0.487439096,0.1008875892,0.2872309983,0.8403813243,0.022243056400000003,-0.1861063093,0.20327924190000002,0.2445584983,0.3502030969,1.2393411398,-0.063330844,-0.1284453273,0.0531891808,0.4164255857,0.48971208930000004,1.349545598,0.0418228358,-0.0456909537,0.15075615050000002,0.4790613651,0.31871536370000003,1.2336542606
45,237.0224,237.124984,237.0224,0.6677950621000001,239.1301727295,0.5130968690000001,238.194732666,0.4826236367,238.5269317627,0.5696715117,238.4222564697,5.060331,4.657347,5.060331,-0.3864149451,6.1137104034,0.1687035412,4.6798229218,0.2462560982,5.0782599449,0.41296923160000004,5.0254969597,-1.220047,-1.223986,-1.220047,0.0197365917,-1.1825495958,0.021597752300000002,-1.1952389479,0.0112442458,-1.2198793888,0.0015396681000000001,-1.2116932869,309.080269,309.864174,309.080269,1.8795280456999999,313.9190368652,1.4160470963,314.8374938965,1.363048315,312.244140625,1.6207430363,311.391784668,1.076661,2.091763,1.0342635089,-0.029430827700000002,-0.2977122413,0.5353247523,1.2993779182,-0.046341776800000005,0.32976180320000004,-0.4325598478,-0.3073695302,0.6058114171,1.5516452789000001,0.09091424940000001,-0.10353024300000001,-0.3621519506,-0.5950908661000001,0.4708008468,1.5443679094,0.0941942036,-0.23091906310000002,-0.1353728324,-0.5540723205,0.4348929226,1.4952697754,-0.0083141346,-0.0423262045,-0.1017102897,-0.6827588081
46,237.013687,237.062259,237.013687,0.6670157909000001,238.9206695557,0.47018963100000005,238.0183258057,0.5102280378,238.3834838867,0.5467962027000001,238.4059295654,4.87799,4.843008,4.8779900000000005,-0.23036748170000002,5.6012196541,0.2084700018,4.4995517731,0.2440535724,4.6309976578,0.2744160593,4.9408845901,-1.243609,-1.201376,-1.243609,0.022582775000000003,-1.2077889442,0.0241032317,-1.2236433029,0.017100431000000003,-1.2484606504,0.0058644991,-1.2494773865,302.875152,309.90865,302.875152,1.4582053423,308.8230895996,1.8951644897,310.2405700684,2.2417268753,306.2074890137,2.5313324928,304.7182617188,1.17616,1.96294,1.0468553225,-0.5193353872,-0.13318259870000002,-0.0570597351,1.2362730503,-0.2677654028,-0.19829458,-0.5410054922,-0.0901754349,0.5017000437,1.4826726913,-0.2192212492,-0.6923218369,0.07840899380000001,-0.2964862585,0.4759260118,1.4716752768,-0.1425400823,-0.7464852929,-0.023218542300000002,-0.1920682192,0.43341457840000003,1.5535181760999999,-0.16260451080000002,-0.661440134,-0.019344233000000002,-0.15616190430000002
47,236.736134,236.917706,236.736134,0.6875676513,238.7548980713,0.537470758,238.165145874,0.5686922073,238.6025390625,0.7020971775,238.4306945801,5.050056,4.318938,5.050056,-0.1942290217,5.9330778122000005,0.3668906987,4.2336392403,0.2417596281,4.9188642502,0.2680618763,5.0035004616,-1.189763,-1.176136,-1.189763,0.0174121968,-1.170249939,0.0200206619,-1.1885045767,0.009700826400000001,-1.211955905,0.0004086997,-1.2140313387,310.923243,309.297903,310.923243,0.8846977353000001,311.6443481445,1.7102181911,314.5644226074,1.6942229271,312.0238952637,0.853194654,310.7196960449,1.287322,2.359552,0.1015756423,-1.2690033012,-0.19107790600000002,-0.013979841000000002,0.48752218480000004,-0.6567719579,-1.4881973267,0.0332580246,-0.3383089602,0.1631238312,0.380207032,-0.2052411884,-1.7962385416000002,0.0304784402,-0.18341705200000002,0.08361649510000001,0.3774879575,-0.5418955684,-1.7192898989,-0.0544619262,-0.1651559919,0.0816157386,0.21646092830000002,-0.46533307430000004,-1.8589340448,-0.0797705501,-0.3247528672
48,236.20797,237.011618,236.20797,0.5917754769,238.9280090332,0.4731854498,238.2276611328,0.470476985,238.2158355713,0.57995224,238.1860046387,4.34378,4.480242,4.34378,-0.4518714547,5.8050899506,0.297018975,4.8183765411,0.3295682669,5.1030879021,0.2737578452,4.9264798164,-1.219971,-1.199833,-1.219971,0.020161394000000003,-1.189386487,0.0198892169,-1.2057747841,0.0105689922,-1.2200964689,0.0020835195,-1.2234853506,315.522161,311.39542,315.522161,0.5918904543,316.2334594727,0.0749476552,316.9750976562,0.3660060167,316.4581298828,-0.8862586021000001,314.4924316406,1.188985,2.591481,-0.021967328300000002,1.0540546249,0.5497017091,0.2541207075,0.0803418458,0.5627049804,0.7899723649,0.07915124300000001,0.28677704930000003,0.33855441210000004,0.30678880210000004,0.29346477990000003,1.0669826269,0.3129123151,0.6397366524,-0.1266294271,0.0338211209,0.2957065105,1.0592828989,0.1464037597,0.765879631,-0.0419776216,0.027292341,0.24766242500000002,1.3341569900999999,0.1645614803,0.8465248346
49,236.70649,237.632156,236.70649,0.6344454885,239.1729431152,0.5133162737,238.4898986816,0.6587347984,238.6174316406,0.6754406095000001,238.5843048096,4.268543,4.771752,4.268543,-0.5020289421,5.9042034149,0.1977395117,4.7570905685,0.3230374753,5.1777791977,0.301407814,4.9636158943,-1.226899,-1.152868,-1.226899,0.0197332837,-1.1909083128,0.0208483189,-1.2080168724,0.0117943743,-1.2223638296,0.0032352656,-1.2185715437,311.686628,325.661941,311.686628,1.3096872568,314.5660400391,0.5351819992,315.2830505371,1.0418925285,314.081817627,0.7520962954,312.4653930664,1.080722,2.021694,-0.0071409539,1.0414904655,0.2884559863,0.0089045223,0.0317510962,0.3486152589,0.9698444605000001,-0.0744239688,-0.1289690435,0.32142350080000004,0.0081581473,0.3389733136,1.0898977518,0.1876563877,0.2832091451,-0.08677920700000001,-0.06616552170000001,0.44344049690000004,1.1464755535,-0.1026393622,0.3193978369,-0.016955172600000002,-0.1092026383,0.4339444637,1.5032253265,0.0935389996,0.42145445940000004
50,236.05701,236.991287,236.05701,0.6615331173,238.8950805664,0.4625985622,237.9253540039,0.4912829399,238.1989440918,0.5949352384000001,238.1836700439,4.660263,4.130774,4.660263,-0.2227026373,6.1418371201,0.1782638729,4.6403622627,0.2948806286,4.7808814049,0.3398865759,5.0252304077,-1.28317,-1.239565,-1.2831700000000001,0.0245660767,-1.2493929863,0.0258256961,-1.2661123276000001,0.0178449713,-1.2813321352,0.004187027,-1.2755316496,301.565895,299.745652,301.565895,1.2085016966,308.0462341309,0.5735036731,308.6256713867,1.1701869965,303.2107849121,2.0955984592,303.1803894043,0.879123,2.848667,-0.1433600622,0.744423606,-0.4451283796,0.2381416708,-0.3467526734,0.5749034882,0.7880936265,0.1068633422,-0.7329481244,0.1357015371,-0.1797280014,0.3758842349,1.1677064896,-0.2100525647,-0.5974033475,-0.1505079865,-0.18026682730000002,0.3235591352,1.1450284719,-0.38345652820000004,-0.5715826154,-0.1342140734,-0.1505124271,0.2827278078,1.2242869138999999,-0.16606956720000002,-0.5173419118
51,236.833544,237.245964,236.833544,0.7065311670000001,239.0290222168,0.5007843375000001,238.281463623,0.6409565806,238.4755859375,0.6337928772,238.3764038086,4.446122,4.627985,4.446122,-0.2694158554,5.6998734474,0.08343745770000001,4.3216686249,0.1829369962,4.7687191963,0.2063901722,5.0068626404,-1.244998,-1.200025,-1.244998,0.0236701295,-1.2134119272000001,0.0258324817,-1.2221301794000001,0.0167388842,-1.2457491159,0.0053132568,-1.2484201193,301.417838,312.136163,301.417838,3.0110898018,307.9374694824,1.6883647442,307.6657409668,1.5353573561,304.1264038086,1.9798812866,302.063873291,1.764312,2.873252,-0.07057732230000001,1.0820602292000001,-1.3917481983,0.1641676426,-0.45392027500000004,0.2939738333,0.7572811842,-0.3315955102,-1.850035429,-0.0119386343,-0.1542701572,0.6200360656,1.1318017244,-0.4640814662,-1.7975150347,-0.097811833,-0.2747390568,0.3176744282,1.3818987608,-0.6866654158000001,-1.7477644682,-0.1308496743,-0.1792721301,0.40183639530000004,1.3201259375,-0.5213800669,-1.8158859015000002
52,236.627632,236.881548,236.627632,0.6496272683000001,238.9029998779,0.5211090446000001,238.1903381348,0.5634843707,238.4962310791,0.6198515892,238.4302520752,4.661852,4.598211,4.661852,-0.3853956461,6.0663361549,0.368935436,4.619890213,0.2255449891,5.0508174896,0.3461951911,5.1138420105,-1.23372,-1.220869,-1.23372,0.0214231797,-1.2052582502,0.0219256356,-1.2226668596,0.0147555042,-1.2411339283,0.0035193954,-1.2444014549,303.523672,315.30864,303.523672,2.2496888638,307.6826477051,0.19019520280000002,307.7669677734,1.8944568634,307.754486084,-0.1571661234,304.8809814453,1.697598,2.725786,0.006831986000000001,0.1272172309,-1.6928111746,0.14484763150000002,-0.3633922637,0.3028045297,0.1017843187,-0.3991464972,-1.7354074716999999,0.1777853966,-0.4805063009,0.1821195632,0.1057083458,-0.5120981336,-2.0231525898,-0.07948162410000001,-0.4140906036,-0.045642621800000005,0.1434718221,-0.7575683594,-2.2927353382,-0.07188458,-0.21461790800000002,0.0621788912,0.231410265,-0.7683756351000001,-2.210411787
53,237.251109,237.297648,237.251109,0.7158097029,238.936416626,0.5014208555,237.9295806885,0.5733063221,238.2518615723,0.565875113,238.3129730225,4.51024,5.011657,4.51024,-0.1801042259,5.779797554,0.1758476794,4.7572774887,0.2606067657,4.6539735794,0.27912145850000003,4.973716259,-1.250966,-1.189076,-1.250966,0.0219108444,-1.2169023752,0.0229985155,-1.2291442156,0.0154870376,-1.2502250671000001,-6.19721e-05,-1.2486310005,303.448807,316.292448,303.448807,1.5721180439,309.1484069824,1.4430246353,311.9776916504,2.1591932774,306.8335571289,1.3884925842,305.2021179199,1.546979,2.488917,0.12971793850000002,-0.577523541,-1.429260329,0.2046477199,-0.4213702977,-0.3092526793,-0.5151974559,-0.41155591610000003,-1.3265981674,-0.0478325859,-0.1014289111,-0.1697499007,-0.7802981138,-0.33631756900000004,-1.8044372797000001,-0.2131676227,-0.2111659348,-0.1929264665,-0.5913047194000001,-0.3841966391,-1.8605433702,-0.0383316167,-0.151823163,-0.1177012771,-0.4723339677,-0.4502279162,-1.7265989780000002
54,236.291097,237.407993,236.291097,0.5855844021000001,239.1028594971,0.5195680261,238.1409606934,0.6513171196,238.461730957,0.6371425986,238.1200408936,4.623479,5.144136,4.623479,-0.3064137697,5.1340427399,-0.2444384098,4.0208554268,-0.014474943300000001,4.7042222023,0.0315675326,4.7055468559,-1.250265,-1.197769,-1.250265,0.0203602612,-1.20921278,0.0212651119,-1.2226544619,0.015805155,-1.2244911194,0.0141384453,-1.2298653126,311.216651,320.183206,311.216651,1.2112686634,314.3051147461,1.3389883041,313.9276733398,-0.3333392143,312.5204162598,-0.6389498711,310.6476135254,0.635163,2.502195,0.0520006982,-0.4701265934,0.4239209291,0.09902901950000001,0.2061216831,-0.3968937397,-0.5559618473,0.0723161846,0.5814541578,0.2147351056,0.1896257401,-0.2561384141,-0.6844210625,-0.1251051575,0.31114438180000004,-0.1459929347,0.0532992631,-0.1729747206,-0.857660532,0.15531781320000002,0.3835708499,0.0515142716,0.07751344140000001,-0.2605721653,-0.8986709714000001,0.028237784300000002,0.359952867
55,236.75841,236.776375,236.75841,0.6793676019,238.9497680664,0.5421702266,238.2376251221,0.666275382,238.5401916504,0.6361734867000001,238.3715820312,4.789657,4.705409,4.789657,-0.1736016273,5.8354330063,-0.1889879107,3.9991033077,-0.022659376300000002,4.4680666924,0.1245132238,4.681391716,-1.284135,-1.205739,-1.284135,0.0233999491,-1.249866128,0.0267470572,-1.2604225874,0.0175399147,-1.282459259,0.0078208689,-1.286149621,303.062267,320.678153,303.062267,1.4044373035,307.5820922852,1.4751218557,306.2044677734,2.3266806602,305.6110229492,1.2534979582,303.1033630371,0.736113,2.439243,-0.07339120660000001,-0.7256503689,0.0995391892,-0.21572454270000002,0.1589807272,-0.632355392,-0.9246573448000001,0.0706263855,-0.2123417109,-0.3195202053,-0.3331649005,-0.6274864674,-1.1803896427,-0.0938910767,-0.0668305308,0.14818792050000001,-0.1695837677,-0.4066493809,-1.2557544708,-0.0708626062,0.0990915447,-0.12790659070000002,-0.39410185810000004,-0.3689134717,-1.2616080046,-0.049910742800000005,0.0522016883
56,237.091103,236.807753,237.091103,0.7082885504,238.7559967041,0.5303601623,238.0135345459,0.5938525796,238.357208252,0.6799190044,238.2826080322,4.629187,4.434647,4.629187,-0.10849386450000001,5.7773323059,0.1592894346,4.1626596451,0.1224312112,4.819817543,0.1897424161,5.0179948807,-1.24601,-1.177937,-1.24601,0.0224792995,-1.203682065,0.0257700682,-1.2168271542,0.015602028,-1.2456861734,0.0049925726,-1.2417867184,299.207847,314.631536,299.207847,2.2524933815,306.7171325684,1.7557346821,306.8595275879,3.4754781723,302.1668701172,3.9971210957,301.0714416504,1.442723,1.859672,-0.8743599108000001,-0.16207953190000002,1.136078911,-0.2152215391,-1.4162079096,0.0925405249,-0.5491375327,0.602321744,1.0567859411,-0.272747457,-1.4496723413,-0.1242628843,-0.3513860106,0.462985754,1.5568025112,-0.4499714077,-1.3117281199,-0.024716913700000002,-0.3135777712,0.42483764890000003,1.4575545788,-0.26089325550000003,-1.2639026642,-0.1590512693,-0.3561057448,0.41250962020000004,1.6517910957000002
57,236.770934,237.183531,236.770934,0.5742977858,238.9698181152,0.4536429644,238.2053070068,0.5105780363,238.730255127,0.5113243461,238.5323638916,4.719257,4.912995,4.719257,-0.35504955050000003,5.6861896515,0.28731200100000004,4.790333271,0.3373856246,4.9731602669,0.28623297810000004,4.9835057259,-1.197835,-1.233811,-1.197835,0.0183476955,-1.1608296633,0.0181215107,-1.178137064,0.0133346524,-1.1875144243,0.0007491857,-1.1923142672,313.572879,307.304692,313.572879,1.5269861221,314.699005127,0.7577902079000001,316.2006530762,0.8516983986000001,314.3829040527,-0.4673044682,312.7733154297,1.695836,2.608469,1.6946558609,0.06222706,-0.0114189951,0.2979627848,1.3598455191,0.27008840440000004,0.3001493514,-0.23753497,0.47304707770000004,0.5339874625000001,2.1092059612,0.019151756500000002,0.223637104,0.1661846787,0.1167035252,0.4297184646,1.9720369576999999,0.121294491,0.0683308393,0.20157864690000002,0.2493001521,0.6713837385,2.0961518288,0.0330132246,0.1649011225,0.06484478710000001,0.2820326388
58,236.96404,237.537511,236.96404,0.6726549864,238.699005127,0.48393222690000004,237.9305114746,0.5543695688,238.4300689697,0.5641784072,238.3065795898,4.608268,5.24683,4.608268,-0.25438174610000003,5.8603067398,0.1699031442,4.6192483902,0.2207246423,5.0243473053,0.0829709992,5.0386629105,-1.210553,-1.241617,-1.210553,0.018871840100000002,-1.1707466841,0.0182839055,-1.1857712269,0.0096598072,-1.2059278488,0.0029720087,-1.2170506716,309.884404,308.237515,309.884404,1.3255403042,312.7735290527,0.9008955956,312.4208984375,0.39755755660000003,311.4398193359,-0.5346097946,308.2825622559,1.938055,2.571437,0.7875907587000001,-1.0445367464,1.4299297395,0.33276188370000004,1.4790350199,-0.1745938212,-0.6608082056,0.3710735142,1.2461413145,0.3181846142,1.3058562279,-0.1136016697,-0.9431154132,0.589443326,1.7526369095,0.43056038020000004,1.2626447678,0.0060966872,-0.8113840222,0.216871649,1.7126094103,0.31884124880000003,1.084602356,-0.3190729022,-1.1086013317,0.5541116595000001,1.8972187042000002
59,236.42732,236.886832,236.42732,0.6563467979000001,238.7035980225,0.501511991,238.1665344238,0.5454135537,238.4356079102,0.6559841633,238.3591003418,4.908034,4.261211,4.908034,-0.2483685911,5.5420160294,-0.0291080661,4.3533668518,0.0949563533,4.9137988091,0.21501544120000002,4.9427509308,-1.211755,-1.263754,-1.211755,0.017504775900000002,-1.1855800152,0.0173752401,-1.2027014494000001,0.011381113,-1.2168836594,0.0027991273000000003,-1.2290410995,306.361106,295.0053,306.361106,0.8474782705,312.3811950684,0.36656352880000004,314.0405883789,0.3323304057,310.6863708496,0.16093695160000002,310.7356872559,1.563688,1.551503,0.7760137678,-0.6396966956,1.1973766829,0.3041046262,1.37010324,-0.451572448,-0.9822052121,0.3477785289,1.6094245911,0.39898297190000004,1.2120476961,-0.1978809685,-0.8724261522000001,0.6855754852,1.8676189184,0.3989264965,1.3382415771,-0.24925053120000001,-0.9150241613000001,0.5383549929,1.7384366989000002,0.3098952472,1.1605945826,-0.3698601127,-1.0612781048,0.5209450126,1.7263834476
60,236.997147,237.395003,236.997147,0.6642974019,238.4992828369,0.5055716634,237.7266235352,0.5653437376,237.9687042236,0.7043815255,238.0787353516,4.626184,5.053888,4.626184,-0.2843691707,5.4977359772,0.13498468700000002,4.2713413239,0.1170517132,4.7061095238,0.2501263022,4.9881839752,-1.246838,-1.222881,-1.246838,0.0215697475,-1.2086732387999999,0.0242862031,-1.2190026045,0.0186644047,-1.2348120213,0.0032375213000000003,-1.2430541515,305.406251,308.547473,305.406251,1.9630217552,309.0360717773,1.7239525318000002,310.5090332031,1.6792690754000001,308.9346313477,1.2959725857,307.1399230957,0.825423,2.557861,-0.08161811270000001,0.47711046290000003,0.6686006431,-0.2369349748,-0.355943501,0.44625335930000004,0.5172723532,0.4247060418,0.5186893344,0.1266049445,-0.2745680511,0.4115131795,0.6423902512,0.07882868500000001,0.8656305671000001,-0.0535384901,-0.23219931130000002,-0.0017047711000000001,0.3877009451,0.2251026481,0.629960537,-0.0404440202,-0.2812898159,-0.0222527757,0.39190331100000003,0.2436421812,0.8031612039
61,236.281388,237.074684,236.281388,0.6478411555,238.9859313965,0.5098392963,238.131729126,0.6367260814,238.5010681152,0.6028270721,238.3807525635,3.826726,5.176727,3.826726,-0.40195202830000004,6.0112066269,-0.0144702345,4.40421772,0.1076628417,4.9796295166,0.1285019517,4.9367098808000005,-1.213704,-1.198401,-1.213704,0.023302938800000002,-1.1856374741,0.0247462224,-1.1919437647,0.019838655400000002,-1.2056987286,0.010218519700000001,-1.2102688551,305.303371,314.715907,305.303371,2.1911609173,308.5857849121,1.4117437601,307.5100097656,1.3729562759,308.755859375,3.4321913719,307.8038024902,0.957924,2.370653,0.3160237145,0.9042922324,-0.0018184255,0.0351523645,-0.002450332,0.38466718790000004,0.5703357458,-0.2410947084,-0.2579649687,0.4789466262,0.2058806121,0.311481446,0.815307498,-0.0308449771,-0.3127370477,-0.0020660311,0.2483413965,0.2155895531,1.0467612743,0.0026822165,-0.2272575796,0.1403014809,0.45555546880000003,0.381532073,1.1557966471,0.029453780500000002,0.0073430166
62,237.262539,236.986655,237.262539,0.6242491007000001,239.325592041,0.5134192705,238.5022735596,0.4587789774,238.7071533203,0.5726661086,238.7942962646,4.769988,4.322134,4.769988,-0.2955582738,5.6921639442,-0.07089219990000001,4.3462004662,0.1345619857,4.6637811661,0.2389058471,4.8927240372,-1.266608,-1.226686,-1.266608,0.0206194986,-1.2273664474000001,0.0202867202,-1.2368030548,0.016618100900000002,-1.2530783415,0.0094559938,-1.2586396933000001,305.041478,308.48602,305.041478,1.9645097256000001,309.7041625977,1.6549258232000001,308.7732849121,1.062669158,309.4151916504,2.0242257118,307.1616821289,0.9867,2.31604,0.3165055163,0.9037914236000001,-0.2378282653,0.5478615761,0.27954789999999996,0.3390553296,0.8495476842,-0.22539241610000002,-0.8231438398,0.3300334513,0.2287690043,0.3010346889,0.8041754961,-0.3618429899,-0.5293661952000001,0.0781813264,0.2948037684,0.21595762670000002,1.0903178453,-0.0277206488,-0.3326906562,0.1252565235,0.31206706170000004,0.243181318,1.0980832577,-0.2097636759,-0.30317568780000004
63,236.705248,237.463154,236.705248,0.6741273999,239.2250671387,0.48069360850000004,238.4177398682,0.45700991150000003,238.8538513184,0.5059186816,238.6660461426,4.410141,4.411166,4.410141,-0.3557233214,5.9064874649,0.055484324700000004,4.5931887627,0.0747579485,4.8347129822,0.0337030739,4.8386936188,-1.261378,-1.250222,-1.261378,0.0215262827,-1.2276699543,0.0219405051,-1.2428135872000001,0.0119469445,-1.2638670206,0.0029525515,-1.2574424744,306.354514,302.534311,306.354514,1.8668186665,311.0274963379,0.3220189512,312.1842346191,1.8034965992,307.037322998,0.7187242508,306.3036193848,1.814326,2.403168,0.2201948373,-0.30958359550000003,-1.774105851,0.3364199102,-0.092751123,0.2145461589,-0.25680220130000003,-0.3164223731,-1.9620528221,-0.0068961615,-0.0024444107,0.0025988685,-0.49858725070000004,-0.5439469218,-1.9391233921,-0.005553475600000001,0.040925428300000004,-0.2786046267,-0.49735635520000004,-0.6521541476,-2.1727569103,-0.0413170382,0.1173776239,-0.2146963477,-0.5229233503,-0.5750668049000001,-2.2081749439
64,237.227642,237.059146,237.227642,0.6969871521000001,239.1258850098,0.5100095868,238.3379974365,0.5799081326000001,238.6077423096,0.6364765167,238.5287017822,4.404698,4.972563,4.404698,-0.2769651413,5.693198204,-0.11507101360000001,4.0095043182,0.2530272603,4.6919708252,0.09227661790000001,4.6719326973,-1.243416,-1.21777,-1.243416,0.0206463058,-1.195302248,0.0239801109,-1.2024165392,0.0120110437,-1.2336922884,0.0027776621000000002,-1.2356566191,300.809061,307.718795,300.809061,1.6284793615000002,309.5819396973,2.3723812103,308.5572509766,2.493771553,303.4792785645,1.4652918577,302.9000244141,1.910166,2.442008,-0.7622526186,-1.5226533929000001,-0.8655827111000001,-0.0361698344,-1.3568629026,-0.6444151998000001,-1.605219245,-0.2771827877,-0.9858258367,-0.4640454948,-1.2008373737,-0.7777173519,-1.8238865137,-0.4193718731,-1.0076146126,-0.49696245790000004,-1.3126194477,-0.5598433614,-2.0019156933,-0.2627566457,-1.2336987257,-0.40102452040000003,-1.0977140665,-0.49215668440000004,-1.9451234341,-0.4326449633,-1.2601317167000001
65,237.087302,237.160854,237.087302,0.6795707941,238.9109039307,0.516751945,238.0637969971,0.6480463743,238.4455413818,0.6428722739,238.3248138428,4.872216,4.631174,4.872216,-0.1996749789,6.0419712067,0.2754066586,4.0501689911,0.1643131673,4.8136687279,0.35192748900000004,5.1264195442,-1.23981,-1.221792,-1.23981,0.0229027979,-1.2025651932,0.0245815329,-1.2141348124,0.0182444099,-1.2335783243,0.0056916997,-1.2344620228,297.524794,307.734811,297.524794,2.5110578537,306.873626709,2.2883048058,307.4318237305,3.6231226921,303.573059082,1.7317521571999999,301.4957580566,0.97461,2.986523,-0.007182082100000001,-0.352757186,0.9085015333,0.1162291914,0.43557870390000003,-0.5630100369000001,-0.1508987397,0.1768184006,1.291692853,0.017911676300000002,0.1950567961,-0.3230010867,-0.5215750933000001,0.1606040746,1.3853070736,0.013729196,0.07928535340000001,-0.1265148371,-0.59179461,0.4596748948,1.4539892672999999,-0.10554152730000001,-0.0248132348,-0.1769450009,-0.5485591888,0.42429691550000004,1.4790532589
66,237.15846,236.857819,237.15846,0.7124100327,239.3404693604,0.4671653807,238.4399414062,0.5505918264,238.7275695801,0.5980918407,238.5927276611,4.559724,4.859369,4.559724,-0.1841997802,5.9384155273,0.062418066,4.6694259644,0.36595153810000003,4.835290432,0.3751117289,5.0500731468,-1.233407,-1.23007,-1.233407,0.0220638625,-1.1925480366,0.0228260905,-1.1998873949,0.0165945459,-1.220676899,0.0060847234,-1.227317214,305.950668,304.369518,305.950668,1.7131516933,310.1107788086,1.6939320564,313.6491394043,1.7339971066,307.6492614746,2.2752864361,306.4159851074,1.260675,2.761017,0.25898546170000003,-0.3565713667,1.1811369348,-0.1412182152,0.4230914712,-0.3002640307,-0.0793195069,-0.0419521034,1.0993360281,0.0261725951,0.3246240318,-0.2957887053,-0.3745325506,0.24599857630000002,1.3886176348000001,0.1522562057,0.1816608906,-0.0490315631,-0.33346137400000003,0.4299427867,1.6641443968,0.1342777312,0.3202198148,-0.0132253487,-0.4431903958,0.4274301827,1.5369107723000002
67,236.369086,237.321625,236.369086,0.6367352009,239.0409393311,0.5068837404000001,238.2136535645,0.6071457863,238.6329650879,0.5970607996,238.5657196045,4.402727,4.937813,4.402727,-0.29864427450000003,5.7771677971,0.2517167628,4.7113099098,0.16633951660000001,4.9802966118,0.2387610674,5.0207972527,-1.182945,-1.17117,-1.182945,0.0163236298,-1.1610536575000001,0.0170381647,-1.1777757406,0.0090633072,-1.1898452044,-0.0011566021,-1.1977440119,313.284424,316.860545,313.284424,1.4177513123,313.0655212402,1.3529374599000001,315.236328125,0.1492944956,312.7036132812,-0.2966389656,310.1961364746,1.444293,2.402535,0.0014421004000000001,-0.7850643748,1.2122930386,0.027670759700000002,0.6268090606,-0.3706778884,-0.5744584799,0.28720209,0.9675477743,0.0774141029,0.4666648805,-0.2624847591,-0.5135998726000001,0.3143751025,1.4937418699,0.2495150268,0.3463592231,-0.15311804410000002,-0.545792222,0.3634839952,1.5679591894,0.1012949124,0.34870585800000004,-0.0886073783,-0.6708986163,0.4883439839,1.6589100361
68,237.240479,236.753281,237.240479,0.6834408641,239.0499725342,0.5320248008,238.3604736328,0.5188677907,238.6718139648,0.4907405972,238.6645965576,4.682117,4.583178,4.682117,-0.2504206002,6.0260949135,0.0554868057,4.651720047,0.10559283200000001,5.2475643158,0.232000649,5.0799241066,-1.206672,-1.23218,-1.206672,0.0200151093,-1.1754217148000001,0.0207813177,-1.1912224293,0.0133690769,-1.2129945755,0.0063181147,-1.2232698202,310.584641,307.564118,310.584641,1.518422842,311.7412719727,1.2853903770000001,311.7138366699,0.32930177450000003,312.3095092773,0.7907058597000001,310.2639770508,0.97432,2.23901,-0.2303578658,-0.6477477878,0.6904033691,0.0794933587,0.0518987775,-0.2642425299,-1.0638532639,0.2991996109,0.34324830770000003,-0.31696927550000004,-0.1206513941,-0.2046601921,-0.7530987263000001,0.1886788607,0.5168851018,-0.036412634,-0.137522161,-0.36653625970000003,-0.9116941690000001,0.11244449020000001,0.7297688723,-0.027258696000000002,-0.0977135301,-0.340495199,-0.8936353922,0.2340312451,0.9622397423000001
69,236.122353,237.121281,236.122353,0.6478537917,238.5517730713,0.5283543468,237.773727417,0.552380681,238.2905273438,0.6235209107,238.1324768066,4.892102,4.942629,4.8921019999999995,-0.3277522326,5.8795061110999995,0.12514670190000002,4.7324666977,0.2631066442,5.2061347961,0.3520275056,5.0746016502,-1.195007,-1.203985,-1.195007,0.0207505152,-1.1651674509,0.0229367018,-1.1832245588,0.0154244155,-1.1929206848,0.0064029898,-1.1941758394,313.32846,311.332387,313.32846,1.7260302305000002,315.9282531738,1.2751803398,316.8368225098,1.7884167433,315.031829834,-1.0209610462,314.0117797852,1.098106,2.6063,-0.5017927634,0.2400610914,0.9467899347000001,-0.4448860586,-0.8858892918,-0.1448806375,-0.1035642028,0.5422236919,1.0500791073,0.0479930043,-0.6578100920000001,0.034881804100000004,0.0653682351,0.3831494749,0.9660029411000001,-0.2863965631,-0.6162905693,-0.058603346300000005,0.09828710560000001,0.40101403,1.1060187817,-0.18488460780000002,-0.7470745444,-0.022990081500000002,0.3432024121,0.36159127950000003,1.2642542124
70,236.553855,237.419494,236.553855,0.6415682435,238.7943267822,0.49053359030000004,238.1853027344,0.5296320915,238.4189758301,0.5980683565,238.3631591797,4.842788,5.16265,4.842788,-0.3513250351,5.8531236649,0.2005114704,4.7138009070999995,0.2357609272,5.0869054794,0.2971580327,5.1055603027,-1.195073,-1.23431,-1.195073,0.019601531300000002,-1.1690196991,0.0208354406,-1.1842699051,0.013971244,-1.2044421434,0.0023219753,-1.2089884281,310.976151,309.3364,310.976151,1.5361196995,313.4552307129,0.8025134802,314.4483337402,0.9794587493,312.3319702148,-1.130310297,312.1209106445,1.459689,2.173418,-0.6930863519,0.8186553076,0.9900136220000001,-0.6500280499000001,-1.1184936762,0.2176995128,0.6786243916,0.380179733,0.9047561288,-0.21243065600000002,-1.0292196274,0.388969928,1.0820111036,0.2649109364,1.3466024399,-0.32134008410000003,-1.0577795506,0.2443024665,1.0907696486,0.2587417662,1.2883951664,-0.3084357977,-1.0878382921,0.3232610524,1.280572772,0.3040884137,1.303751111
71,236.740768,236.933192,236.740768,0.653781116,239.0427246094,0.5144694448,238.2500610352,0.5425359607,238.7318115234,0.6320453882,238.5800933838,4.639859,4.690833,4.6398589999999995,-0.3258535266,5.9096279144,0.1962034255,4.2676496506,0.3100736141,4.8124089241,0.36950242520000004,4.9555001259,-1.205829,-1.220876,-1.205829,0.0199488681,-1.1911718845,0.0229484364,-1.2022225857,0.018804827700000002,-1.2188044786,0.0026944112,-1.2304633856,304.495795,309.491989,304.495795,1.7363706827,309.0327758789,2.6888773441,309.9908447266,3.1176424026,307.2062988281,1.8596060276,306.2322387695,1.36297,2.424704,1.2213379954,-0.5661595672,0.21326825700000002,0.37928107380000003,1.4913067818,-0.6022287011,-0.4240579009,-0.1793050319,0.5596187711,0.5100019574,1.7268202305,-0.1240649447,-0.8439689875,0.25959098340000003,0.4386740029,0.43988594410000004,1.558398366,-0.2678764164,-0.9561723471,0.2693466842,0.5697300434,0.43685472010000004,1.6878620386,-0.3481487632,-0.8184611797,0.1630425751,0.6040903926
72,236.469067,237.368133,236.469067,0.6908850670000001,239.1906433105,0.5093869567,238.1933441162,0.5630725622,238.4517974854,0.5629891157,238.3782348633,4.945656,5.103044,4.945656,-0.1436920464,6.2267842293,0.1867372841,4.6893601418,0.12549683450000002,4.9576420784,0.32558429240000003,5.2282247543,-1.245085,-1.18826,-1.245085,0.0223278813,-1.2184947729,0.0244910605,-1.2285839319,0.0177979376,-1.2522763014,0.0045031253,-1.2517700194999999,300.925855,320.535322,300.925855,2.1296238899,306.8477172852,1.8883311749,308.0055541992,2.8580303192,303.1756591797,2.4444622993,301.8833618164,0.902078,2.14171,-0.6418316255000001,0.6252467338000001,0.1042240561,0.2349529564,-1.0926412344,0.21777905520000002,1.0648046732,0.154987067,-0.167593807,-0.2154694647,-0.8462551236,0.0974362195,1.0081347227,0.27348178630000003,0.20300093290000001,-0.2933622301,-0.7935530543,0.29302012920000003,1.1230407953000001,0.1238137111,0.2465569973,-0.1581592709,-0.7707958817,0.2082485855,0.9875277877,0.0420712382,0.1536040455
73,236.236466,236.940085,236.236466,0.6905218363000001,238.9951324463,0.5306655765,238.1461791992,0.641941011,238.46925354,0.5820878744,238.2869567871,3.702641,4.152213,3.702641,-0.1673097908,5.8334980011,0.20237249140000002,4.6407265663,0.21399019660000002,4.8587756157,0.1811465323,4.6511144638,-1.195714,-1.232624,-1.195714,0.022878661800000002,-1.1549954414,0.0249558426,-1.1582585573,0.0182915293,-1.1691385508,0.009232293800000001,-1.1793711185,308.287278,302.418285,308.287278,2.1841375828,311.5152282715,1.9832732677,310.5276489258,1.5535745621000001,310.133605957,0.7758405805,308.2537231445,1.954731,1.570972,0.3594662692,1.0141416087,-1.631953494,0.2753746808,-0.2215743214,0.21614260970000002,1.0293326378,-0.4006693065,-1.5716433525,0.13901712,0.0694761351,0.6617504358,1.2808625698,-0.4272395968,-1.8346201181000001,0.0500059463,-0.1032535881,0.4076443315,1.4293215275,-0.5922047496,-1.9376087189,0.1893372238,0.2116601318,0.5109595060000001,1.4748750925,-0.5500453115,-1.9759486914000002
74,236.590444,237.178795,236.590444,0.6527560353,238.8984680176,0.5080990791000001,238.0155334473,0.5847783685,238.3854217529,0.5389630795,238.4076385498,4.29191,4.332884,4.29191,-0.4925295115,5.2109603882,0.057417728,4.0322237015,0.1146506369,4.4327726364,0.11600569640000001,4.5743575096,-1.265347,-1.309438,-1.265347,0.022813132,-1.2318502665,0.025085846000000002,-1.2418484688,0.0136898654,-1.2624950409,0.0028058011,-1.2635406256000001,303.640378,297.982318,303.640378,1.7340073586,310.4366149902,0.6266068816,310.8631591797,0.960735023,307.6581420898,0.0829738379,307.6271362305,1.512717,1.094249,0.1970835748,-0.0467077344,-1.4990956963,0.6010584831,-0.2474811375,0.1080873832,-0.0678938329,-0.2259470224,-1.6800355911,0.2061983496,0.1403490305,0.0648790374,0.09844109420000001,-0.5387449265,-2.0965781212,-0.1045531183,0.1938491464,-0.14662197230000001,0.088622883,-0.5157324076,-2.0189549923,0.0462236218,0.2943961024,0.0647160858,0.07311420140000001,-0.5768672824000001,-1.8511215448
75,236.529121,236.758454,236.529121,0.6760383248,238.8763885498,0.5239998102,238.0256500244,0.5675721169,238.3288269043,0.6324299574000001,238.2953186035,4.829304,4.715731,4.829304,-0.2743506432,6.152636528,0.1225159019,4.5784225464,0.1269769967,5.2008109093,0.23353314400000003,5.0965747833,-1.204004,-1.189321,-1.204004,0.018374186,-1.1806869507,0.0202074498,-1.1973720789,0.0114343362,-1.223933816,0.0033394229,-1.2303702831,309.285031,313.763959,309.285031,0.794590354,311.2795410156,1.3017287254,311.4158630371,1.2304251194,309.6559753418,2.3381874561,308.3369445801,0.649867,1.297047,-0.19633897020000002,-0.5959506503,0.1691762015,-0.37693744900000004,-0.5424425602,-0.37961095570000003,-0.7196184397000001,0.024914844000000002,0.0872159451,-0.10197423400000001,-0.20319919290000002,-0.2702006996,-0.7725663185,-0.0371476747,-0.0103207864,-0.15549030900000002,-0.2767962813,-0.28136000040000003,-0.7959120274,0.2474008799,0.20141787830000002,-0.0441578701,-0.296800971,-0.3225626051,-0.9221686721000001,0.10371403400000001,0.09105902910000001
76,236.417861,237.120401,236.417861,0.656095624,238.7610626221,0.46700459720000004,238.068572998,0.5138295293,238.373550415,0.5815824866,238.3274383545,5.30785,5.026126,5.30785,-0.3831653595,5.7868480682,0.125740096,4.3773050308,0.2304945737,4.7823843956,0.1212908849,5.0382843018,-1.178565,-1.348307,-1.178565,0.017478188500000002,-1.1605786085,0.018734945000000003,-1.17316854,0.0102031855,-1.1958684921,-0.0020811316,-1.2088464499,309.375133,293.447086,309.375133,1.4248777628,311.9339294434,1.4723341465,314.7972717285,0.5127890706,312.6030273438,-0.8396008015,310.3697509766,1.115725,1.214486,-0.0861054772,-0.3970038672,1.0391414678,-0.1525780857,0.0419740528,-0.0541380718,-0.1867446899,0.3150857985,1.1405804157000001,0.11601433900000001,-0.2046342194,-0.0286460984,-0.3499567509,0.35671404,1.5580619574,-0.018537093,-0.1319488883,-0.1411712021,-0.3506067395,0.4132531881,1.3645613194,-0.0561687201,0.00083673,-0.10518595580000001,-0.4730581641,0.4635550976,1.5423802137
77,236.341827,237.210027,236.341827,0.6631546021,238.7738342285,0.5276130438000001,238.0419921875,0.5352209210000001,238.2513275146,0.6131242514,238.2569885254,4.841353,4.928102,4.841353,-0.21155045930000002,6.120472908,0.2783103287,4.8797330856,0.22462005910000002,5.2050890923,0.2929582894,5.1886587143,-1.18893,-1.259312,-1.18893,0.0199506581,-1.1526023149,0.0210817996,-1.1703164577,0.013424797,-1.1908043623,0.0041683577,-1.1969865561,309.540621,301.064074,309.540621,1.0069662333,313.4594116211,0.4770672917,314.0613708496,0.5734886527,311.8159484863,0.9066624641000001,310.2870483398,1.503324,1.451551,0.1010903783,-0.47287484900000004,1.4234300843,0.2992038429,0.6896454692,-0.1731251031,-0.3518797755,0.4620033801,1.8263089657,-0.011556960600000001,0.47353515030000004,-0.0110185873,-0.1891879737,0.45399907230000003,1.907803297,0.12047137320000001,0.0965324491,-0.0991226733,-0.4207724929,0.6536486745,2.0001556873,0.0621440262,0.056436792000000006,-0.1880691797,-0.4604393244,0.5230776668,2.1039829254
78,236.566297,237.078021,236.566297,0.6699919701,239.0053405762,0.5062763095,238.1730804443,0.5058898926000001,238.4664306641,0.5458962321,238.2384643555,4.547676,4.963283,4.547676,-0.13537231090000001,5.3071184158,0.17508432270000002,4.6683692932,0.3523966968,5.0865082741,0.25143635270000003,5.0039644241,-1.183592,-1.23316,-1.183592,0.0167787299,-1.1705430746,0.0195069239,-1.1829869747,0.014728928,-1.2055206299,0.003288731,-1.210670352,310.780841,312.078164,310.780841,1.1433815956,313.6494445801,1.2628831863,315.4261779785,1.0215857029,314.2279052734,-0.7407462597000001,312.6159667969,1.666612,1.501906,0.010435105200000001,-0.5779929873,1.5631411743,-0.16461548210000002,0.555410862,-0.2838160396,-0.44178864360000003,0.6901936531,1.5920739174,0.11777561160000001,0.2799154222,0.0439289808,-0.48922812940000004,0.5409560800000001,1.6932222843,0.1898427308,0.3237956762,-0.1275973618,-0.5609276295,0.5396171212,1.886777997,0.014081465100000001,0.2170125693,-0.0726950839,-0.4498415589,0.6802654266,2.1887512207
79,236.606279,237.340016,236.606279,0.7238055468,239.1061248779,0.5184433460000001,238.2930603027,0.499746263,238.5665283203,0.5781678557000001,238.2459716797,4.645379,4.989409,4.645379,-0.11677169800000001,5.6051368713,0.1661234349,4.6349458694,0.21530170740000001,4.9590234756000005,0.2088357508,4.9460287094,-1.264045,-1.189694,-1.2640449999999999,0.018542643600000002,-1.2255079746,0.020397447000000003,-1.237580657,0.0093787601,-1.2627623081000001,-0.00023155470000000002,-1.2790083885,306.534425,307.177725,306.534425,1.8279470205,309.4481201172,1.3962919712000001,309.4385986328,3.4187688828000002,305.5881958008,2.2553164959,303.1864318848,1.665093,1.156801,0.7106902505,-0.7020592827000001,1.3321281171,0.09808536620000001,1.069224,0.2118160427,-0.7658617496,0.6908214092,1.1571043730000001,0.4358746409,0.9473717213,-0.1898219287,-0.9404168725000001,0.42958804970000003,1.5024347305,0.2606472671,1.0883572102,-0.3079737127,-0.9008874297,0.3394163847,1.5672653912999999,0.28265717630000003,0.9896258116000001,-0.3233288825,-0.9626339674000001,0.32414558530000004,1.4242124557
80,236.262961,236.846967,236.262961,0.6187471151,239.1773376465,0.45204022530000004,238.1328277588,0.49725353720000004,238.3739318848,0.5927928090000001,238.1801605225,4.011584,4.719886,4.011584,-0.2671681046,5.7757005692,0.0269537289,4.1887607574,0.2065339088,4.4778652191,0.3592901826,4.7517895699,-1.263202,-1.193347,-1.263202,0.0232708864,-1.2357597351,0.0238958895,-1.2480508089,0.0189338662,-1.2608106136,0.0063736886,-1.2552148104,303.521181,309.410966,303.521181,1.9781891108,309.3170166016,2.1516902447,308.204864502,3.173997879,303.8549499512,0.5234878063,302.2420959473,1.16624,1.573939,-0.1486466698,0.5129320221,1.0367833235,0.1039545089,-0.3409317434,0.6784521341,0.2970854938,0.0191752054,1.2730073929,-0.032340198800000004,0.0443070792,0.2270730585,0.6953585148,0.12527482210000002,1.3401107788,-0.0949627608,-0.023971337800000003,0.0876567215,0.49327060580000004,0.36121281980000003,1.4635134935,0.039630346000000004,-0.11864524330000001,0.1405525208,0.6284049153,0.4185452461,1.3762573004
81,236.706917,237.668638,236.706917,0.7105121613000001,239.2139587402,0.5302126408,238.28125,0.6098805070000001,238.58644104,0.6726089120000001,238.5246276855,4.445206,5.068878,4.445206,-0.2407004386,5.5474586487,0.1520705074,3.9883158207,0.3492154181,4.6400289536,0.14172992110000002,4.800839901,-1.216525,-1.220876,-1.216525,0.0207536407,-1.1755801439,0.0237094648,-1.1854013205,0.0141200367,-1.205988884,0.0034316685000000003,-1.2005447149,304.892234,306.865652,304.892234,1.2453423738,311.6191101074,1.0901653767,312.8004760742,1.9290312529,309.0374145508,2.3340587616,307.9847717285,1.268968,2.022842,0.051933991000000006,1.076851352,0.6693077509,0.18281057480000001,-0.1418453455,0.4220848083,1.0940521955,0.0501833484,0.8100190163000001,0.3562072217,0.1808448434,0.4319967628,1.322078824,0.07371669260000001,1.1073153019,0.0446043462,0.2309077829,0.43745988610000003,1.2050120831,0.2684898376,1.0980058908,0.0287040323,0.2153059542,0.2911653221,1.3864367008,0.3748277128,0.8793786168000001
82,237.079682,237.19064,237.079682,0.7207038403,239.0076446533,0.49696087840000003,238.234085083,0.48938417430000003,238.5829467773,0.5854051709,238.5406951904,5.067902,4.592988,5.067902,-0.2331229746,5.578789711,0.1285157055,3.8966262341,0.2277057022,4.6890077591,0.1494219899,4.7141780853,-1.208097,-1.248813,-1.208097,0.019689871,-1.1755657196,0.0222059712,-1.1860998869000001,0.015454731900000001,-1.2116798162,0.0023180898,-1.2167981863,306.068519,303.411469,306.068519,1.6933910847,311.0165100098,2.1750714779,312.9200744629,2.991764307,309.1473693848,2.4023349285,308.7967529297,1.175798,1.700729,0.28405856160000004,0.9891699738,0.5686424585000001,0.0488785133,-0.25905576350000004,0.3193819523,0.9931710362,0.0177933648,0.467851758,-0.1287956387,0.1278149039,0.21212656800000002,1.2295765877,0.1261253506,0.8459080458,-0.0246445127,0.13349570330000002,0.3491415083,1.105347991,0.20868340130000002,0.7591291666000001,-0.0579727851,0.0835814252,0.26641035080000003,1.2490620613,0.2123353332,0.7652605772000001
83,236.602641,236.810708,236.602641,0.7063134313,239.1138916016,0.5312356949,238.1760559082,0.6343989968,238.5827331543,0.6385150552000001,238.4125518799,4.414507,4.711965,4.414507,-0.41908442970000004,5.7088193893,0.070999667,4.2325329781,0.0586598963,4.9982180595,0.1983252168,4.9214587212000005,-1.233395,-1.230919,-1.233395,0.0201593842,-1.2038531303,0.021801278,-1.2147203684,0.0109318253,-1.2368260622,0.0008281078000000001,-1.2390071154,303.640809,302.704902,303.640809,1.6200342178,310.0549926758,2.2693252563,310.8821105957,1.4748804569,306.8015136719,-0.0924943686,305.0491027832,1.114014,1.598293,0.2976884513,1.0309942944,-0.2990969758,0.14773027600000002,-0.3260534108,0.4686311185,1.4446873665,-0.32614755630000003,-0.2567465305,0.1008691117,0.2581867278,0.3140155673,1.7975084782000001,-0.1310912371,-0.2926920056,-0.0711082593,0.3130153418,0.3895754218,1.5919748545,-0.1463325322,-0.212759614,0.1338039935,0.42939639090000004,0.3784182668,1.4702018499,-0.1257598847,-0.3203336
84,236.68043,237.351356,236.68043,0.675021708,238.7604217529,0.5198420286000001,237.9733428955,0.5905101299000001,238.1326446533,0.5949732065000001,238.2041778564,4.861211,4.859251,4.861211,-0.2254625708,5.6704759598,0.2645678818,4.5397224426000005,0.1876369119,4.8929491043,0.3303581476,5.0146689415,-1.17934,-1.237085,-1.17934,0.019142650100000002,-1.1647908688,0.0210738517,-1.1777771711,0.0138174035,-1.1955868006,0.006466420400000001,-1.2094763517,309.666892,301.289599,309.666892,1.4358496666,311.4573059082,1.1872968674,310.803527832,0.0497244596,311.6188964844,0.4720323682,309.3167114258,0.912343,1.625344,-0.0765206526,-0.9089654252,-0.0171851381,-0.0332788453,0.11787828800000001,-0.5181217194000001,-0.9113242626,-0.0942623243,-0.2639788389,-0.0610009581,-0.0592771173,-0.2105124891,-0.8986872435000001,0.0087292176,-0.0028231442,0.22932524980000002,0.0823458135,-0.1745071709,-0.8388308883000001,0.043797686700000005,-0.1518263221,0.0447975211,0.1765230894,-0.31852114200000003,-0.9831158519000001,0.059013091000000004,-0.1062166616
85,236.670725,236.70958,236.670725,0.6529770494,239.0663146973,0.4610587358,238.1836547852,0.5092678666,238.4772491455,0.5922259688,238.4781494141,4.276024,4.93679,4.276024,-0.1666260362,5.5433554649,0.221847713,4.0397777557,0.2469038665,4.6300792694,0.2483027875,4.8314471245,-1.249893,-1.222613,-1.249893,0.0217646919,-1.2232004404,0.024791708200000002,-1.2340642214,0.017635576400000002,-1.2548353672,0.0025323518000000002,-1.2641721964000001,303.748463,304.125295,303.748463,2.1729693413,309.0946655273,1.707400322,311.127166748,3.1453533173,305.7820739746,3.7260603905,304.9454650879,1.605735,0.932558,-0.3687757812,-1.3153404862,0.8439595269,0.2931646109,-0.5680519342,-0.4265711904,-0.8947697878,0.0331670642,1.2148785591,-0.2670857012,-0.6126797199,-0.2228378654,-1.4186553955,0.3750711083,1.1594768763,-0.0876780823,-0.7314767241,-0.312114805,-1.4799059629,0.4154765904,1.2807463408,-0.2617415488,-0.7895253897000001,-0.401976645,-1.5888037682,0.3342112303,1.2360645533
86,236.429453,236.740166,236.429453,0.6679856777000001,238.6960144043,0.49667263030000003,237.986618042,0.6330544353,238.3649749756,0.6975064278,238.3821258545,4.574689,4.583831,4.574689,-0.35917812590000003,5.4187245369,0.2791878283,4.0413341522,0.1298419237,4.5603542328,0.4197796285,4.9448056221000005,-1.235209,-1.255014,-1.235209,0.0221843533,-1.214905262,0.022831481,-1.2268630266,0.013801218,-1.2398494482,0.0009576473,-1.2504864931,301.094546,300.545317,301.094546,2.1557309628,308.3205871582,2.6105251312,306.9335632324,3.0649461746,305.0257873535,1.2554321288999999,303.1348266602,1.716053,1.223992,-0.34342983520000003,-0.2898245404,1.6561689673000002,-0.344797045,-0.7617183328,-0.4096474648,-0.0368029103,0.20419965680000002,1.7044622898,-0.45228400830000004,-0.5726466179,-0.1231112629,-0.2170522064,0.40165740250000004,1.933811903,-0.1518810987,-0.5502313972,0.0249116495,-0.17513576150000001,0.7175859809,2.193860054,-0.08753763140000001,-0.3263425529,-0.0594624653,-0.268704474,0.5800022483,2.2733831406
87,236.794784,236.823135,236.794784,0.6311346889,238.658203125,0.5305885673,237.9805603027,0.5374450684000001,238.3696746826,0.6430062652,238.4186248779,4.405271,4.851852,4.405271,-0.2265648097,5.2246279716,0.037517294300000004,4.2199106216,0.18128180500000002,4.7176790237,0.2717643678,4.7941560745,-1.246628,-1.235626,-1.246628,0.0211552102,-1.2211059332,0.021009581200000002,-1.2377887964,0.0174255949,-1.251789093,0.0056967176,-1.2643135786,304.380475,302.445457,304.380475,1.4680110216,308.7936401367,1.1000475883,309.0468444824,1.5078663826,309.4300231934,1.890337348,307.5552062988,1.011095,1.81083,-0.3294682869,0.359788824,0.8856162675,-0.21942782400000002,-0.3274787664,0.2792614102,0.011515885600000001,0.4749765694,0.9053196311,-0.39401936530000004,-0.3735566735,0.2416754216,0.1343615055,0.4251202047,0.8306920528,0.0056306943,-0.20228390400000001,0.131816864,0.1673192084,0.23060765860000002,0.9724198580000001,-0.1363313794,-0.4191245139,0.09921874850000001,0.3087255061,0.39900633690000004,1.0201944113
88,236.552559,237.062666,236.552559,0.6051279902000001,238.5943603516,0.5167158842,238.0052185059,0.5840541124,238.3228912354,0.6752114892000001,238.3809356689,4.361217,4.856684,4.361217,-0.37850248810000003,4.7457957268,0.0420034826,4.3166031837,0.10915434360000001,4.8294014931,0.2183966339,4.6408910751,-1.181866,-1.267889,-1.181866,0.018457269300000002,-1.1644771099,0.017906410600000002,-1.1812107563,0.0112476759,-1.1984289885,0.0048919823,-1.2051066160000001,319.047456,299.992458,319.047456,0.6992503405,319.5877685547,0.0420541763,319.4136352539,-0.1049631834,320.2764587402,0.1866614819,319.823059082,1.13608,1.455977,-0.0675937246,0.5309305176,1.0021089176,0.1013231426,0.18689462540000001,0.1586057395,0.3996700644,0.3697753251,1.1914737225,-0.2180592567,-0.2808378935,0.1580843925,0.5715801716000001,0.363450855,1.108720541,0.2344458103,-0.1492229849,0.0335479453,0.5916019082,0.3581965864,1.2375705242000001,0.1624154449,0.0297817439,0.1254471391,0.6518485546,0.21400025490000002,1.1641811132
89,236.389807,237.321636,236.389807,0.6613681316000001,238.75831604,0.5479168296,237.9449920654,0.5813607574,238.2280426025,0.6440467834,238.0598754883,4.586084,5.071814,4.586084,-0.25594785810000004,5.6309976578,-0.0654853955,4.6162257195,0.2346903384,5.0927381516,0.26885494590000003,4.967602253,-1.206517,-1.225104,-1.206517,0.0219113193,-1.1637021303,0.023859238300000002,-1.1790298223,0.0197380967,-1.1912626028,0.0121109011,-1.2053769827,313.336073,306.908954,313.336073,0.8978283405,314.0952453613,0.5226705074,312.087097168,0.5082332492,313.4223937988,0.9688862562,312.4458007812,0.796106,1.770895,-0.5139093994,-0.5667846733,0.22008592970000002,0.07748279720000001,-0.5550788641000001,-0.31483829020000004,-0.6365722418,0.16401536760000002,0.37626940010000004,-0.2350022048,-0.5839772224,0.0662697256,-0.5231003165,0.2383403778,0.1796082854,0.1467958987,-0.6184645295,-0.3729044795,-0.752992034,0.1018618941,0.18732860680000002,-0.1952567846,-0.7717129588,-0.18747785690000002,-0.7149206996,0.1536411047,0.3750475049
90,236.271927,237.478651,236.271927,0.6013954282,238.5320739746,0.48798879980000004,237.6747894287,0.4018102884,238.0474090576,0.4928990602,238.1379394531,4.598612,5.363776,4.598612,-0.5135068297000001,5.6247024536,0.112405315,4.9870824814,0.3165511489,5.0954146385,0.3100523651,5.0137472153,-1.170449,-1.252253,-1.170449,0.0170380566,-1.1471904516,0.0151967872,-1.1631336212,0.0111994697,-1.1691281796,0.005554335200000001,-1.1788806915,323.54267,305.365317,323.54267,1.3021167517,323.6557312012,-0.2864598632,325.1569213867,0.1607980728,323.6821594238,1.2388985157,325.4494018555,1.458597,1.414382,0.43742834270000003,1.1645540934,0.7615617402,0.3574152291,0.5009257197,0.3963979781,1.1242388487,0.2613045573,1.2889845371,0.12019962070000001,0.4204979539,0.4046926796,1.3133056164,0.0578536205,0.7371592522,0.25529593230000003,0.4762844443,0.25352919100000004,1.3236292601000001,0.4082148969,0.959143281,0.2872383296,0.6898175478,0.1651258618,1.2593314648,0.21884544190000002,0.7878623009
91,236.465817,236.889674,236.465817,0.6179571748,238.6822509766,0.49193561080000003,237.9948272705,0.39785438780000004,238.1662597656,0.5241595507,238.2959594727,4.896101,4.762689,4.896101,-0.2736489475,5.2156004906,0.11532549560000001,4.5991578102,0.0890112743,4.8380050659,0.25816601510000003,4.856610775,-1.175669,-1.221088,-1.175669,0.0151652806,-1.158890605,0.014863528300000001,-1.1732705831999999,0.008705032100000001,-1.1848245859,0.0042157620000000005,-1.1891955137,325.972528,306.911215,325.972528,1.1137139797,324.4414978027,0.0146815777,325.873626709,0.1904249787,323.7400817871,0.3207042217,326.7484741211,1.369766,1.775668,0.49663445650000004,1.1064640952,0.636671799,0.48916107420000005,0.7112299204,0.350604564,1.3663970232,0.4927316606,1.1412744522,0.2310443968,0.6485940218,0.2785066068,1.4764950275,0.19259242710000002,0.8113427162,0.2594820261,0.7406139970000001,0.4076351225,1.457531333,0.2660683393,0.6776134372,0.23831380900000002,0.6907566786,0.20603606100000002,1.3651165962,0.290863663,0.796411097
92,236.250949,237.14045,236.250949,0.6393960118,239.0883636475,0.4639654756,238.1686248779,0.6417976022,238.5069580078,0.5868006945,238.2964324951,4.551097,4.795475,4.551097,-0.3079512119,5.143073082,0.0570645332,4.793753624,0.2868907154,4.8391218185,0.31699618700000004,4.8455901146,-1.145419,-1.216495,-1.145419,0.0163829662,-1.1275646687,0.0155994678,-1.1425864696999999,0.0073154755,-1.1545639038,-0.0019522421000000001,-1.1604076624,325.737818,303.111818,325.737818,1.436796546,322.5983886719,0.3236522377,327.229309082,0.6480600238,325.6941223145,-0.0710736513,324.3363647461,1.328352,2.398233,0.7539977238000001,1.0920236312,-0.059079364700000005,0.1916863024,0.7432076335000001,0.2193004787,1.4021600485,0.0166153908,0.1665181518,0.0174438804,0.8802219629,0.1718536019,1.5020054579000002,0.18221403660000002,0.11843171720000001,0.27619701620000003,0.9965108633,0.4810344279,1.466381669,0.3099069893,0.1610244662,0.2981980741,0.8215675354,0.3654644489,1.4265511036,0.258189261,0.3364951313
93,236.299477,236.942145,236.299477,0.6691699624,238.9064788818,0.5199261904,238.1564788818,0.6329138279000001,238.423034668,0.6247640848,238.5384368896,4.798188,4.286933,4.798188,-0.39550346140000003,5.38489151,0.151659295,4.5881786346,0.1958962679,5.051756382,0.18926066160000002,4.8940792084,-1.151139,-1.26438,-1.151139,0.016587466000000002,-1.1343643665,0.015813088,-1.1468516588,0.0079943445,-1.1688584089,0.0023646411000000003,-1.1697922945,320.906197,302.053272,320.906197,0.8481669426,320.8179016113,0.4930658638,323.7793884277,1.8798666,322.9573059082,3.3899719715,321.9970092773,1.148911,2.026428,0.606819301,0.9643219773,-0.147817994,0.5373145342,0.4637591541,0.42058777810000003,1.0254747868,-0.1586919129,-0.0810311437,0.3128559589,0.8622592688,0.2191341221,1.2052513361,0.1642314345,-0.2296374589,0.2234452218,0.7158336639,0.4063749909,1.2428196669,0.1530168653,-0.2635020018,0.10006982090000001,0.6880022287,0.36057245730000004,1.3429940939,0.1392314136,-0.0346445441
94,236.588688,236.848495,236.588688,0.697042942,238.9257507324,0.5742790699,238.0570831299,0.5701650977,238.5612487793,0.5562230349,238.3877105713,4.71795,4.717143,4.71795,-0.4178507328,5.3357086182,0.208784923,4.5234322548,0.19364655020000002,4.7228155136000005,0.2868847549,4.6321263313,-1.191348,-1.19455,-1.191348,0.0179108437,-1.1723719835,0.0170712098,-1.1813933849,0.0105922939,-1.1953488588,0.0050602015,-1.1976754665,324.540778,308.343172,324.540778,1.1200889349,323.6454772949,1.5526455641,325.0005493164,0.42802345750000004,324.3668212891,1.7633085251,325.2897338867,1.380033,1.603012,0.3035622197,-0.7474399061,-1.119676041,0.2926711142,0.3917533159,-0.1533988565,-0.6669604182000001,-0.3733853102,-1.0551631451,0.12403118610000001,0.34886807200000003,-0.4788705111,-0.8285682201,-0.1450828016,-1.0205358267,0.3301927745,0.5979506969,-0.0971971303,-0.8904201984000001,-0.3136219978,-1.1797378063,0.12202584,0.4894934595,-0.0999913514,-0.8266262412000001,-0.2544145584,-1.4033302069
95,236.377783,236.798858,236.377783,0.7351214886,239.2687683105,0.5696999431,238.3597412109,0.6061896682,238.7037506104,0.643383801,238.7352294922,4.410918,4.660756,4.410918,-0.23158082370000002,5.3223781586,0.29931262140000003,4.7994270325,0.33486256000000003,4.7615427971,0.3435233533,5.0302910805,-1.137509,-1.197055,-1.137509,0.0186486244,-1.1126166582,0.0174370073,-1.1330281496,0.0114736939,-1.1513866186,0.002712274,-1.1605023146,323.980613,314.572731,323.980613,1.675260067,322.5230407715,0.7902587652,324.0809631348,0.5922784209,322.6197509766,-0.0385409594,321.8134765625,1.429387,2.023804,0.16764279980000002,-1.0875215915,-0.91232725,-0.0870398134,-0.1203907579,0.0733969808,-0.8560847044000001,-0.3472658992,-1.1104543209,0.08386856320000001,0.1145276278,-0.2330947518,-0.7745224237,-0.1967363358,-1.0051970482,0.0499966666,0.2050252259,-0.09259174020000001,-1.0185611248,-0.3444983363,-0.9936505556,0.0930751264,0.2814127803,-0.2690066695,-1.0036917925,-0.29590967300000004,-1.1832687855
96,236.670155,237.306237,236.670155,0.6598148942000001,238.8895874023,0.5016505718000001,238.1092529297,0.4730921388,238.4762268066,0.5935501456,238.3542938232,5.124774,4.778547,5.124774,-0.14858847860000002,5.5495138168,0.1872836649,4.6596908569,0.2153691202,5.0904555321,0.36029729250000003,5.0247473717,-1.186574,-1.244294,-1.186574,0.01592898,-1.1516884565,0.0171281751,-1.169496417,0.0131313726,-1.1770757437000001,0.0065324381,-1.1732033491,319.006368,302.294815,319.006368,1.6413565874,319.4770507812,0.6740221977,320.7481079102,0.5295164585000001,319.2823181152,-0.5721926689,320.1248168945,1.229997,1.382552,-1.1710106106,0.2373635945,0.29203719910000003,-0.7792612314,-1.6788957119,0.2408597916,0.540976882,-0.1763060242,0.0526057482,-0.41959890720000004,-1.5229738951,0.1934669912,0.5900398493,0.099016957,0.3188736737,-0.5186537504000001,-1.6737369299,0.29213100670000003,0.4727796614,-0.019393328600000002,0.3177488446,-0.5167563558,-1.6343034506,0.1379642338,0.5223189592,0.0065206029,0.2426112443
97,236.752801,236.851175,236.752801,0.6281315088,238.8729553223,0.5056158304,238.1888580322,0.5147119761,238.5573120117,0.6132065058,238.4228668213,4.865495,4.713177,4.865495,-0.14567574860000002,4.9932808876,0.0297167916,4.1584806442,0.1795995682,4.5982117653,0.3119875193,4.693333149,-1.211017,-1.270342,-1.211017,0.019380435300000002,-1.1883947849,0.0203124769,-1.198479414,0.0133808982,-1.213277936,0.0063863136000000004,-1.2208815813,309.992382,304.271089,309.992382,1.1994172335,311.9741821289,2.7956116199,312.938079834,1.3062958717,311.1253967285,3.287694931,311.5383911133,0.948938,1.600486,-0.4109316376,0.4711454363,0.7138909465000001,-0.17882141470000001,-0.3755780756,0.15467698870000002,0.4045237005,0.4889187813,0.8542600274000001,-0.006702806800000001,-0.3976118863,-0.0382832065,0.4224368334,0.5280646086,1.0331912041,-0.16251784560000002,-0.5930806994,0.1659207046,0.45034375790000003,0.1480116993,0.8901355267000001,-0.21025080980000002,-0.6148724556,0.0753749013,0.6386609077000001,0.11357267200000001,0.8998714089000001
98,236.698145,237.542942,236.698145,0.6812516451,238.7053070068,0.5248175859,237.7822113037,0.548727572,237.9750061035,0.5635856986000001,238.0927276611,5.002571,4.777759,5.002571,-0.21562983100000002,5.9789133072,-0.2673015594,4.2594819069,0.13566032050000001,4.6470966339,0.17920774220000002,4.8294949532,-1.288844,-1.247081,-1.288844,0.0215442665,-1.2529276609,0.0231675878,-1.2644065619,0.016827995000000002,-1.284106493,0.0068918746,-1.2822592258,299.874879,304.782141,299.874879,2.4287705421,307.3318786621,2.2561621666000002,306.2904968262,1.4132660627,305.2120361328,1.5934164524,302.868560791,0.835352,1.438977,-0.4966643647,0.5549309532,0.3784035338,-0.372672677,-0.27802097800000003,0.4327502251,0.9342539907,0.500215888,0.2533817887,-0.0905237794,-0.4461888671,0.2266281098,0.7355889678,0.3796722591,0.4791909754,-0.1419760585,-0.6960238218,0.2394714803,0.8872210979,0.0921807438,0.4119114876,-0.0849663168,-0.5535439253000001,0.23990911250000002,0.7546117306,0.09313114730000001,0.436399132
99,236.930972,237.143221,236.930972,0.725102365,239.1151580811,0.5633441806,238.3895568848,0.5757501125,238.7180786133,0.4854073226,238.7180633545,4.712338,4.816027,4.712338,-0.32758945230000003,5.7368068695000005,0.1806667894,5.1260023117,0.1638758928,5.1723270416,0.12417358910000001,5.0034966469,-1.175966,-1.249357,-1.175966,0.018522393,-1.1432832479,0.0210173428,-1.1586952209,0.016361493600000002,-1.1809215546,0.0063378178,-1.1876989603,320.622506,305.944249,320.622506,2.1160578728,318.4692382812,1.512324214,319.2655944824,0.9038360715,318.6763916016,-0.7781763077,317.6297607422,1.317283,1.368072,-0.3018551109,1.2818615278,0.0307939477,-0.24052129690000001,-0.5523566008,0.5323745608,1.3502827883,-0.3012200892,-0.4316134453,-0.0539328195,-0.8469145894000001,0.38982033730000004,1.2832307816,-0.1506545544,-0.3240906,-0.2149710953,-0.7451007366,0.26492404940000003,1.3373012543,-0.22439982,-0.31712943320000003,-0.1047762483,-0.6644335985,0.47280207280000003,1.4015682936,-0.2307306677,-0.3671866655
100,237.082709,237.019895,237.082709,0.7334492207000001,238.9909667969,0.6094912291,238.2478027344,0.6574579477,238.6205291748,0.6124495864,238.6068725586,4.64625,4.857883,4.64625,-0.2666170001,5.1875991821,0.18588620420000002,4.4990625381000005,0.104644835,4.7962942123,0.15757626300000002,4.8162107468,-1.187773,-1.227498,-1.187773,0.017231471800000002,-1.150133729,0.0164859444,-1.1602169275,0.0087596169,-1.1715066433,0.0040274449000000006,-1.1734545231,317.176263,304.056824,317.176263,1.2194944620000001,321.0611572266,1.2883267403,322.7485656738,1.0810778141,321.529510498,1.5072976351,320.4179992676,1.2545,0.843886,-0.056935983600000004,1.2382686952,-0.1929259797,0.0666687042,-0.4373994768,0.47143077850000004,1.4926017523000001,-0.061793521000000004,-0.48828023670000004,-0.1439068466,-0.4656786919,0.2944541872,1.586502552,0.0006921794,-0.41802948710000004,-0.2056488544,-0.3568662405,0.509721756,1.5937129259,-0.1465477049,-0.2851011157,-0.2890530229,-0.4956437945,0.4430800378,1.6633538008,-0.20150245730000002,-0.3762188554
101,236.571584,236.684315,236.571584,0.6589456201,238.9755401611,0.47864604,238.016708374,0.5394874811,238.2547149658,0.5240536928,238.3102416992,4.697506,4.698055,4.697506,-0.3257243633,5.1511435509,0.0049843285,4.3992996216,0.2200685889,4.5673160553,0.1543808579,4.6784219742,-1.199949,-1.247299,-1.199949,0.0169483796,-1.1694301367,0.0158514436,-1.1780282259,0.0102520324,-1.1935880184,0.0041307695,-1.1884624958,314.118229,305.522745,314.118229,1.2203224897,319.4176025391,1.7661955357,320.8836975098,1.7191544771,320.0726013184,0.4440318942,319.4976501465,1.457746,1.387923,0.047193457,1.366567777,-0.5052604296000001,0.2625363171,-0.21593429150000001,0.5134049058,1.3331068754,0.0391115844,-0.8506307602000001,0.040300831200000005,-0.2685933113,0.3901352584,1.5971782207,-0.34887954590000003,-0.9683195353,-0.22134709360000002,-0.2960361838,0.42965072390000003,1.9029300213,-0.2195980102,-0.6815745831000001,-0.1206290498,-0.3696410954,0.4200805426,1.7190308571,-0.3835611641,-0.8909812570000001
102,236.347124,237.703211,236.347124,0.6495963931000001,238.8461151123,0.5531604290000001,237.9781188965,0.6599913836,238.3263092041,0.6716862917,238.2282867432,4.229891,4.848024,4.229891,-0.5141450167,5.5511131287,0.2141753435,5.240819931,0.3362853229,5.1679725647,0.3353663087,5.0587158203,-1.141562,-1.226802,-1.141562,0.0168528482,-1.1245230436,0.0192945078,-1.1408538818,0.0118403854,-1.1450126171,0.008129539,-1.1454130411,322.320851,308.815072,322.320851,1.2139391899,322.3394165039,0.1522888839,324.7276916504,1.0289252996,324.0413818359,0.18566977980000002,324.5948181152,1.775914,1.720964,0.3910384659,1.308587841,-1.1351470698,0.1505267471,0.4709789157,0.4238059819,1.2743372917,-0.6048324108,-2.1836025715,-0.0944807753,0.3107243776,0.512175858,1.6385550499,-0.4315246344,-1.7403156757,-0.0500157699,0.3584819138,0.3744142354,1.7191354036000002,-0.7562389970000001,-1.7752121687,0.038948625300000005,0.334164083,0.4314887524,1.7053592205,-0.6659952402,-1.7270750999
103,236.571096,236.724619,236.571096,0.6600137353000001,238.6909942627,0.5003677607,238.0597076416,0.5868941545,238.4803619385,0.6856709719,238.3449249268,4.870114,4.770057,4.870114,-0.2684506774,5.7912802696,0.1057996452,4.9175834656,0.3169903159,5.261993885,0.33087232710000003,5.1696090698,-1.191913,-1.187972,-1.191913,0.0196982771,-1.1675219536,0.0212652907,-1.1858280897,0.0114241336,-1.2068450451000001,0.0006069448,-1.2200987339,312.210991,308.120929,312.210991,1.1855415106,312.9309997559,0.579357028,314.7869873047,0.27250218390000003,310.8991394043,1.8358860016,309.1693115234,1.765988,1.184138,-0.2437083036,-0.6775074764,1.61254585,-0.0772185028,-0.41022717950000004,-0.1213423312,-1.2992805243,0.4168082476,1.985710144,0.1820661277,-0.22020409999999999,-0.3816082478,-1.0494359732,0.8526951075,2.1944208145,-0.0948403552,-0.3261570334,-0.5351430774,-1.0960034132,0.4867911935,2.2002055645,-0.1139407307,-0.2777765989,-0.39724913240000004,-1.1721947193,0.5775178671,2.2611899376
104,236.381032,237.128814,236.381032,0.65504843,238.3876647949,0.4890834093,237.7716064453,0.5253968239,238.0493011475,0.5816996694000001,238.2095947266,4.933877,5.213367,4.933877,-0.2953052521,5.4540843964,0.1262215972,4.2292833328,0.0832165182,4.7125310898,0.19065678120000001,4.7825431823999995,-1.228529,-1.288744,-1.228529,0.018513903,-1.2004419565,0.0217341445,-1.2056120634,0.017522506400000002,-1.2229282856,0.0071380883000000004,-1.2235488892,300.139383,303.086711,300.139383,2.0333325863,308.4929199219,2.1685137749,307.6708984375,0.6796054840000001,307.6447143555,1.4041934013000001,307.6285095215,1.089245,1.177679,0.8924822942,-0.5070864347,-0.36440927030000003,0.2566436529,0.8458827734000001,-0.2157706916,-0.947922051,-0.2611059248,-0.5053266883,0.3649194241,1.0096547604,0.0072712917,-0.8989245892000001,-0.2326074839,-0.47390955690000003,0.21196219330000002,0.8401491046,-0.3635578752,-0.9371682405,-0.3365905285,-0.4847204685,0.09409647430000001,0.9534407258,-0.3261292279,-0.9708414078000001,-0.14914409820000002,-0.6076790094
105,236.597631,237.036649,236.597631,0.6695011258,238.76171875,0.47715434430000003,237.9413452148,0.5649752021000001,238.2633361816,0.5985072851000001,238.2060089111,4.4111,4.608261,4.4111,-0.28683370350000004,5.7757883072,0.1364734322,4.292942524,0.103351362,4.5971875191,0.25483003260000003,4.8653597832,-1.263268,-1.226162,-1.263268,0.024059461400000003,-1.2297949791,0.0239794999,-1.2349100113,0.016961667700000002,-1.2550133467,0.0031824708,-1.2580029964000001,301.240226,310.53464,301.240226,2.0402343273,308.1415100098,2.5817570686,308.0858764648,1.6626707315,304.6936645508,3.7853333950000003,305.5380249023,1.087726,1.717377,0.8664035611,-0.27941777230000003,-0.5953300599,0.4254527986,1.0470006466,0.2267451286,-0.4215844274,-0.6085670590000001,-0.5187085271,0.2817447782,0.9484825134,0.08813451230000001,-0.41256695990000003,-0.4264513254,-0.8772535324,0.1117645651,0.8978174925,-0.20303909480000001,-0.4374861121,-0.2512563467,-0.717315793,0.1724517643,0.9447718859,-0.1202661768,-0.49288272860000004,-0.2947452664,-0.8230313063
106,236.591646,236.908841,236.591646,0.6933497190000001,238.9904632568,0.47542893890000004,238.1163330078,0.6275541186,238.3307342529,0.6190108657,238.3942260742,4.317076,4.349266,4.317076,-0.2758770585,5.7027788162,-0.1073455289,4.5285716057,0.19545920190000002,4.8097190857,0.165900141,4.8320345879,-1.248663,-1.224855,-1.248663,0.0229576267,-1.2154481411,0.0255327895,-1.2272248268000001,0.015720201700000002,-1.2556700706,0.0001982227,-1.2638708353,306.369015,305.266731,306.369015,1.8554401398,311.1636352539,0.8051816225,312.0602722168,0.8624202013000001,307.1158447266,1.8305528164,306.0158081055,1.058973,1.452315,0.6727305119,-0.6860218153000001,-0.4452331177,0.4897679687,0.584472239,-0.2182080895,-0.7441710234000001,-0.35857430100000004,-0.4569780827,0.38487654920000003,0.5505722761,-0.0674037784,-0.7678394318,-0.1827606857,-0.7542813420000001,0.0922306702,0.4996726215,-0.27402254940000004,-0.8101159334,-0.12816956640000002,-0.6843130589,0.09502852710000001,0.5861640573,-0.1900608093,-0.7802596092,-0.139410466,-0.5999166965
107,236.110515,237.378809,236.110515,0.5904431343000001,239.0935211182,0.4246229231,238.3994750977,0.47134220600000004,238.4394226074,0.5471148491,238.1399230957,4.581214,4.930679,4.581214,-0.424731493,6.2960166931,-0.06756941970000001,4.7665286064,0.21981035170000002,5.2065110207,0.2097472548,4.9938726425,-1.220463,-1.311708,-1.220463,0.020568613000000003,-1.1969305277,0.0229650661,-1.2110621929,0.0160430409,-1.2328411341,0.0009991899,-1.2345449924,310.47049,298.024526,310.47049,2.0287613869,311.6247558594,-0.1911222339,313.174041748,0.7533227205,310.8797302246,0.7963263392000001,310.2210998535,1.298853,1.881639,0.16408809300000002,-1.2568774767,0.28346636270000003,0.33148926500000003,0.5616024733,-0.3209681213,-1.6012259722,0.0885815248,0.6164308190000001,-0.0745713264,0.19712014500000002,-0.5008950830000001,-1.5929470062000002,-0.0247909538,0.5672613382,0.1880627722,0.09131391350000001,-0.4733020961,-1.5799649954000001,0.3101519942,0.4401097894,-0.0273619909,0.0744021982,-0.4859959185,-1.7726728916,0.216178745,0.34876534340000004
108,236.305912,236.742842,236.305912,0.6543582678000001,239.010925293,0.49201217290000004,238.2611694336,0.5601627827,238.5598297119,0.6256353259,238.3016052246,4.981299,4.368861,4.981299,-0.2958263159,5.9855041504,0.4273013175,4.6170220375,0.2720702887,4.7994451523,0.3316675425,5.0193681717,-1.235844,-1.250836,-1.235844,0.020635435400000002,-1.2096941471,0.0224838369,-1.2170360088,0.0162428506,-1.2387434244,0.0045663044,-1.2373378277,303.258115,298.565429,303.258115,1.6382949352,309.576751709,2.9936721325,309.3075256348,3.3021445274,306.6829528809,2.377253294,306.6940917969,1.214138,1.832568,0.26906069790000003,-1.1768585723,0.1293878693,-0.0695826262,0.5709096193000001,-0.3681630194,-0.8537222147,0.0988066643,0.4103116989,-0.057569962,0.40523850920000004,-0.41286477450000003,-1.5521705151,-0.0255454853,0.6347225904,-0.0622635372,0.1070518196,-0.2714890242,-1.3981199265,0.2228114307,0.5382121205,0.0806635618,0.3579942584,-0.3427059054,-1.5170212984,0.0692786127,0.3636478782
109,236.890338,237.160824,236.890338,0.7090558410000001,239.1267700195,0.519235611,238.1667480469,0.5685251355000001,238.4946594238,0.605419457,238.3838348389,4.418697,4.467694,4.418697,-0.3442615271,5.4702644348,0.0442071855,4.0843925476,0.07040116190000001,4.9400954247,0.24658495190000002,4.8000559807,-1.23387,-1.306229,-1.23387,0.018918454600000002,-1.1868174076,0.0161972269,-1.197303772,0.008609688800000001,-1.2138830423,0.0014864467,-1.2260395288,309.920387,300.280502,309.920387,1.2424775362,313.8136901855,2.2808821201000002,315.3192138672,1.3930469751,311.090423584,0.42555499080000003,308.9596252441,1.201817,2.066184,0.34183783970000003,-0.9163712749,0.6984078573,0.2138984203,0.8083631992,-0.6061230302,-0.5783151388000001,0.0838299617,1.0670573711,0.1196392924,0.3753887117,-0.1435144246,-0.8207631111,0.0851399973,1.1548401117,0.0864725783,0.3789620697,-0.0848719552,-0.8858942389000001,0.3007159829,0.9748359919,-0.043858066200000004,0.2652439475,-0.1890310645,-0.7784719467000001,0.1991815865,1.0044711828
110,236.426925,237.437078,236.426925,0.6151167750000001,238.8773651123,0.5079141855,238.1470947266,0.5370166898000001,238.4520568848,0.5533000231,238.3889465332,4.435849,4.609278,4.435849,-0.2240625322,5.2284007072,0.2981022894,4.3624153137,0.2389627397,4.6584367752,0.3621560931,4.7735137939,-1.207046,-1.198802,-1.207046,0.0200247243,-1.1732078791,0.0217357092,-1.1863421202,0.0154930586,-1.1945948601,0.0082785841,-1.2002664804,308.012638,302.140797,308.012638,1.0739461184,313.4798278809,1.2217297554,312.7144470215,0.1940017939,312.9162597656,1.0953633785,310.8739929199,2.054327,2.204761,-0.06748940590000001,0.6780602703,1.9380246248000002,0.0946678817,0.012465745200000001,0.3009595275,0.1785869896,1.0050771236,2.2856326103,0.2333593518,0.0679554939,-0.0779879019,0.1651073694,0.8156971931,2.3999047279,-0.044937811800000005,-0.1713791192,0.0217632204,0.3811169565,0.8493437767,2.5628120899,-0.0923631862,-0.0847805887,0.0349167995,0.5701666474,0.8468297124,2.5929598808
111,236.466213,236.883555,236.466213,0.6770894527,238.9653930664,0.5497356057,238.1761169434,0.6540955305,238.4797363281,0.6169243455,238.4462127686,4.70818,4.53289,4.7081800000000005,-0.2548024058,5.1669836044,0.0371917784,4.2566781044,0.09948216380000001,4.8061532974,0.3759018481,4.755343914,-1.173505,-1.251648,-1.173505,0.0197451748,-1.1518878937,0.0201774072,-1.1667070389,0.0123655125,-1.1851388216,0.0036048889,-1.1946362257,311.603991,301.175569,311.603991,1.765514493,314.7158813477,2.7591581345,315.1422729492,2.4134473801,313.7844848633,1.2524596453,312.3780822754,0.799358,2.040882,-0.1152498556,-0.05971633900000001,0.7887483607,-0.034730859100000004,-0.11541080470000001,0.0587101281,-0.3473177552,0.5094454885,0.9411444664,-0.3539738953,-0.291549325,0.008911483900000001,0.18494692440000002,0.1894931048,1.0234959126,0.023761104800000002,-0.23677313330000002,-0.0026543699,0.033917769800000004,0.1117049605,0.93174088,0.0161265898,-0.20482197400000002,0.0583265647,0.030939623700000002,0.2623017132,1.1666496992
112,236.771064,237.127958,236.771064,0.6246244311,238.8826599121,0.4722152352,237.9967346191,0.46763512490000003,238.4445953369,0.5555663109,238.3158569336,4.373677,4.916287,4.373677,-0.3827319145,5.6601786613,0.2611005604,4.3472833633,0.09753947710000001,4.8643622398,0.17691361900000002,4.9531421661,-1.187665,-1.271674,-1.187665,0.0172503199,-1.1549265385,0.0173730068,-1.1630398035,0.011035674300000001,-1.1754754782,0.0003224481,-1.1817322969,312.260191,300.196728,312.260191,1.3453948498,315.4864196777,1.4384291172,315.8789672852,0.2415514588,315.7330932617,-0.54718256,314.6552124023,1.210088,1.143046,0.9637174795000001,0.7259597348,0.0924276534,0.2546333373,0.9941105843,0.1301154792,0.4070494175,0.0954814628,0.46025681500000004,0.2797145247,1.2540173531,0.0140634039,0.4595359862,0.0578661859,0.25326591730000003,0.4021976292,1.1757726669,0.024524489400000002,0.5868585706,0.0435629599,0.011625491100000001,0.3535921574,1.3219296932,0.11387498680000001,0.6031295657,-0.021003637500000002,0.040855512000000004
113,236.413859,237.201362,236.413859,0.635678947,239.1199645996,0.4224081635,238.1842956543,0.4337745905,238.4401092529,0.48128193620000004,238.3949584961,4.817733,4.869607,4.817733,-0.2834394574,5.6390714645,0.2212391943,4.4671664238,0.3627927899,4.7703919411,0.36655884980000003,4.9071025848000005,-1.213972,-1.242714,-1.213972,0.021702740300000002,-1.1845085621,0.0221451912,-1.2013618946,0.0162531659,-1.2138385773,0.004047269,-1.2204976082,313.376249,301.365322,313.376249,1.5402095318,317.7089538574,1.5128536224,319.2499389648,1.7110801935,315.758972168,1.5178035498,313.3384094238,1.138982,1.719859,0.8437975602000001,-0.747784887,-0.1615624008,0.4196877778,1.333147645,-0.0213931724,-0.3796212077,-0.2175710201,0.20780096950000002,0.22753369810000001,1.1863032579000001,-0.14764072,-0.9827755690000001,0.0606470816,0.0102238432,0.5020770431,1.1701028347,-0.3715619445,-1.0129683018,-0.0195269026,-0.2655692995,0.4396231472,1.4432463646,-0.2222077549,-0.9091777802000001,-0.0643217117,-0.38142368200000004
114,236.891366,236.798339,236.891366,0.6082054973000001,238.9300689697,0.5050337911,238.2856292725,0.5729442239,238.571975708,0.6420750022,238.5678405762,4.948268,4.931073,4.948268,-0.5389182568,5.8082728386,0.0066790041,4.2125959396,0.0468300804,4.870909214,0.4101374447,4.9457397461,-1.261772,-1.24452,-1.2617720000000001,0.0245411117,-1.224815011,0.02861901,-1.2386264801,0.0234111845,-1.2589159012,0.0057553444,-1.2673290968,303.207994,305.620662,303.207994,3.111430645,306.9026489258,1.0482040644,307.4019775391,4.2099003792,306.2814025879,1.9213687181,304.6999816895,1.03642,1.39966,0.3173231111,-0.9631303550000001,0.21413295040000002,0.2757155597,0.5570634007,-0.6549229622,-1.2687710524,0.0647868067,0.5861793756,0.09961152820000001,0.3926354647,-0.4413047433,-1.5148831606000002,-0.1107194647,0.410361886,-0.0498025008,0.0966977328,-0.3826043308,-1.2856081724,0.2250297517,0.6194261312,0.0983637422,0.1853448749,-0.4431182146,-1.3015289307,0.1717321575,0.41775020960000003
115,236.297004,236.833331,236.297004,0.6132386923,238.837097168,0.4580259025,238.1112060547,0.5028455853,238.1688232422,0.5986017585,238.1884002686,4.484927,4.669479,4.484927,-0.4988034368,5.975777626,0.16759403050000002,4.9601764679,0.195261389,4.9541158676,0.2644203603,5.033914566,-1.200566,-1.23887,-1.200566,0.0222964473,-1.1790306568,0.024648413100000002,-1.1924738884,0.0170589779,-1.2141479254,0.0008764584,-1.2248451710000001,310.578266,304.458592,310.578266,2.2579741478,313.442199707,0.7594165802,313.2853393555,0.5262486935,311.9875793457,0.6164585948,310.748260498,1.344341,1.750617,0.0598174423,-1.3383688308,0.1115515569,-0.0106711769,0.17942723630000001,-0.34704318640000004,-1.4697818756,0.11216273900000001,0.3961569667,0.0218553338,-0.0207155012,-0.7076878548000001,-1.8343946934000002,-0.15856999160000002,0.14888770880000002,0.009694125500000001,-0.2042735219,-0.3643759787,-1.4728155136,0.3167245984,0.2473247349,-0.0085129477,-0.054765701300000004,-0.36745929720000003,-1.6821268797000002,0.1767186075,0.374214828
116,236.625818,237.466736,236.625818,0.5811682343,238.9210662842,0.4507910013,238.2899475098,0.5028171539,238.5045471191,0.5791679621,238.4652404785,4.315597,5.011722,4.315597,-0.34012800460000003,5.7311153412,0.2789914906,4.5119905472,0.1865056306,4.952422142,0.2644641101,4.7750062943,-1.208583,-1.233741,-1.208583,0.020634826300000002,-1.1777638197,0.0238411091,-1.1871035099,0.0184326731,-1.2050122023,0.012438740600000001,-1.2129836082,311.07534,306.754215,311.07534,0.9752049446000001,311.8934326172,1.3082392216,312.4586486816,0.9831779003000001,312.6497497559,0.7331329584,311.4075927734,1.06613,1.20933,-0.008146692,-1.0552322371,0.1518288893,-0.037683896700000004,0.5758391023,-0.6414750218,-1.079857707,-0.1102660745,0.0024054348,0.08195222170000001,0.09575177730000001,-0.3554514945,-1.0117331743,-0.2787299454,-0.0239808708,-0.0958033204,0.0495779105,-0.24347651,-1.0598917007,0.24312382940000002,0.0303805768,0.039758198,-0.0354881622,-0.2159546018,-1.1227496862,0.106242612,0.0956984013
117,236.950413,237.100682,236.950413,0.6114954352,238.8791809082,0.4273190498,238.0569915771,0.5146291256000001,238.2429199219,0.6077677608000001,238.3536987305,4.425404,4.934584,4.425404,-0.2266924083,5.670003891,-0.05020088700000001,4.4916090965,0.034042634100000004,4.7418036461,0.2573513985,4.7684860229,-1.259188,-1.24459,-1.259188,0.0236904733,-1.2194155455,0.024400543400000002,-1.2279111147,0.017272140800000002,-1.247240901,0.0035269763000000003,-1.253277421,306.343362,305.764483,306.343362,2.5335319042,312.1151428223,1.2142306566,312.5816040039,1.1869412661,311.1184082031,1.2179466486,308.5129394531,1.08443,0.78799,-0.5544102912000001,-0.6435547965,0.6741324262,-0.10915239160000001,-0.1244538054,-0.6662711501,-0.6873143911,0.23430110510000002,0.773255825,-0.31005346780000004,-0.48092103,-0.5052346587000001,-0.7885891199,0.0454513058,0.7057124972000001,-0.0930381715,-0.6378847957,-0.2596155405,-0.8120521307,0.2361779213,0.8083078861,-0.0951277912,-0.7297237515,-0.2222486585,-0.9905025363000001,0.3398300111,0.8370554447
118,236.74462,237.073799,236.74462,0.7486119866000001,238.9558868408,0.5066256523,237.8941345215,0.5293350816,238.5029754639,0.5338746309,238.2174377441,4.97034,4.985438,4.97034,-0.4007149935,5.8621077538,0.042319968300000003,4.1070656776,0.11440806840000001,4.5782194138,0.1363945007,4.8231239319,-1.261293,-1.238844,-1.261293,0.021138310400000002,-1.2171845436,0.0203891285,-1.2267001867,0.0108551038,-1.2456637621,0.003280092,-1.2433331013,303.735405,309.318756,303.735405,2.2605919838,308.2490844727,2.4665033817,309.7782287598,0.9395218492,306.9397888184,1.2155766487,305.1081237793,1.276175,1.662517,-0.2438922989,0.5422413523,1.1292090234,-0.1587339491,0.5743564963000001,-0.011112567,0.6837699413,0.3694471419,1.1785626411,0.0977048054,0.1217182279,0.1340978444,0.7923305631,0.2899770141,1.6200984716,-0.0089113824,-0.1690622568,0.3573841453,0.8327537775,0.38556161520000004,1.4284274578,-0.0458616912,-0.0107727647,0.1996691227,0.7895522714000001,0.39514130350000004,1.6287301779
119,236.820856,237.026765,236.820856,0.7221460938,238.8126220703,0.4998500943,237.942276001,0.5746447444,238.2599029541,0.6231882572,238.1356964111,4.491714,4.199641,4.491714,-0.2584838271,5.9793386459,0.1230012625,4.5909891129,0.4112372696,4.9247303009,0.1809971631,5.1615409851,-1.209456,-1.222757,-1.209456,0.0229932815,-1.1696834564,0.0254621617,-1.1826809645,0.017072223100000002,-1.207097888,0.0064493269,-1.2048830986,306.793296,301.661616,306.793296,1.2752879858,310.402130127,3.0173134804,312.7502441406,1.4427089691,308.8494262695,1.409024477,307.1538391113,1.811822,2.306505,0.3338410827,1.6301247163,0.7168975592,-0.0594732724,-0.3572625518,0.31325739620000004,1.5316951275,-0.157070294,0.8656787872,0.0635295287,0.1173632592,0.45635083320000003,1.7852184772,0.2690856159,0.9223296642000001,-0.0877474919,0.1150289848,0.41923275590000003,1.9269193411,0.31467798350000004,1.009776473,0.0602262542,0.09635529670000001,0.540839076,2.0109581947,0.2816591859,1.0452111959
120,235.89744,236.629776,235.89744,0.6374233961,238.6783294678,0.5374541879,238.0307006836,0.6249299645,238.2368011475,0.5649750233,238.080657959,4.278477,5.291874,4.278477,-0.24679046870000002,6.4091162682,0.2101391554,4.8536386490000005,0.22906690840000002,5.2583427429,0.1662177444,5.1857237816,-1.221442,-1.180369,-1.221442,0.021064512400000002,-1.1913336515,0.020777015000000003,-1.2130417824,0.014110228,-1.2184678316,0.0098635722,-1.2214334011,307.922217,313.639932,307.922217,0.9279571176,309.6508789062,-0.0776037574,310.1791687012,0.5850327015,309.5875244141,2.3155171871,309.2061462402,0.882418,2.128906,0.5552408463,0.0657582637,-0.6826745935,0.6093140244,0.4764020443,-0.320081532,-0.9881657958000001,-0.2876195312,-0.6733715534,0.32945549490000003,0.7281487584,0.1291027814,-0.3067777157,-0.6568043232,-0.9225749373000001,0.046235889200000005,0.7182695866000001,-0.14303870500000002,-0.1535729766,-0.5229856372,-1.0689431429,0.0209469981,0.7788472176,-0.0841033757,0.028746061000000003,-0.47294765710000003,-1.2110735178
121,236.018694,236.710848,236.018694,0.6819217801,238.6867523193,0.4995885491,237.9363708496,0.6099147797000001,238.2492675781,0.5831102133,238.1042480469,4.522526,4.677569,4.522526,-0.0035805553,6.1062674522,0.3973226547,5.018679142,0.4113928974,5.3388123512,0.2894844413,5.2050867081,-1.233165,-1.161378,-1.233165,0.0197691843,-1.2062255144,0.0210180283,-1.2263492346,0.0156588964,-1.2389498949,0.009307155400000001,-1.2408345938,310.784809,313.281406,310.784809,1.0064587593,311.6726379395,-0.4493288398,311.1564941406,-0.2762593031,312.1967773438,0.3748139143,310.4049072266,1.185582,2.577899,0.4474921095,0.050190248,-1.0967392598,0.1441046447,0.19339543580000002,-0.0385523662,-0.47421476240000004,-0.7887330651000001,-1.6446306705,0.0716013834,0.4433392584,-0.1670694202,-0.2570394874,-0.30767536160000003,-1.6065235138,-0.1861810535,0.5186449885000001,-0.1273904145,0.1540315002,-0.5374159813,-1.6305764914,-0.0034303693,0.4314509332,0.0469190404,-0.1455624998,-0.5954475403,-1.7001647949
122,237.130872,237.113886,237.130872,0.6627570391000001,239.1468048096,0.45917341110000004,238.2856292725,0.5540862083,238.573425293,0.5536414981000001,238.4542541504,4.657289,4.860256,4.6572890000000005,-0.3690192103,5.9025735855,-0.1775037646,4.4891834259,0.0212025791,4.7410154343,0.12733359630000002,4.7273283005,-1.261696,-1.232622,-1.261696,0.022634387000000002,-1.2213327885,0.023114860100000002,-1.2307521105,0.0146069154,-1.2581356764,0.0011630785,-1.2660490274,304.980307,302.957571,304.980307,1.8496265411000001,310.2995300293,1.0613386631,309.4293823242,0.8707396388,305.899597168,1.0665131807,305.4094848633,1.413496,1.839393,0.2025174707,1.3987479127,0.0214951959,0.1789511591,-0.3899346292,0.4145410955,1.8349063396,0.0877353474,0.3015348315,0.20507623260000002,0.1048823893,0.5940597653,2.0257165432,-0.0997192189,0.0282603353,-0.1271124482,0.1188348755,0.5495143533,1.8454169034999999,0.0619930699,0.12178465720000001,0.024038780500000002,0.1858039796,0.5582916737,1.9957021475,0.0831609964,0.19619944690000002
123,236.440522,236.550739,236.440522,0.6404398680000001,238.6252441406,0.4611156583,237.7707824707,0.6027720571,238.2764282227,0.4994317293,238.2303771973,5.022074,4.48421,5.022074,-0.3415418267,6.1981744766,0.2746203542,4.7543649673,0.404227376,5.0153384209,0.2186767161,4.8969707489,-1.215831,-1.251666,-1.215831,0.019295945800000002,-1.1875779629,0.018002159900000002,-1.207120657,0.0102079287,-1.2211062908,0.0052722432,-1.2300622463,311.97389,305.285523,311.97389,1.9425257444000001,312.1827087402,0.9002097845,315.3239135742,0.9906438589000001,313.3320007324,0.9385980964,312.5006103516,1.236576,1.016239,0.1773946124,-0.1993601271,-1.207438567,-0.1276920587,-0.30239617820000003,-0.060663633,-0.6257153749000001,-0.3029735982,-1.6220554112999999,-0.06615479290000001,-0.0387062654,-0.031034044900000002,-0.3320799172,-0.9552037716,-1.4299279451,-0.2367999107,-0.0777369663,-0.0072074123,-0.25613585110000003,-0.6724693179,-1.7056457996,-0.1272666156,-0.1311925054,-0.0688163713,-0.2977030873,-0.650496006,-1.7826356888000001
124,236.874262,237.401487,236.874262,0.6554813385,238.9200134277,0.5042621493,238.2240905762,0.589069128,238.5550689697,0.517378211,238.6834564209,4.879031,4.997889,4.879031,-0.30101841690000003,5.7441062927,0.2536868453,5.0073022842,0.2527342439,5.0252342224,0.24343279,5.1777973175,-1.206574,-1.2285,-1.206574,0.0165074058,-1.1717038155,0.0149668753,-1.1909300089000001,0.012830846000000002,-1.2016072273,0.0074508209,-1.2004574537,315.304204,306.656479,315.304204,1.5173715353000001,314.9131469727,0.9494915605,318.4042053223,1.3346105814,315.4421386719,1.8311388493,316.1483459473,1.319468,0.964114,0.2955056488,-0.3698276627,-1.231624845,-0.0680454001,-0.29249155520000003,0.1558093727,-0.5851592422,-1.2459108829,-1.5473886728,-0.1854118407,-0.24693878,-0.0549858809,-0.3990982175,-0.3907664716,-1.3292822838,-0.2304148376,-0.0289485119,-0.0150923841,-0.3486130536,-0.6041636467,-1.6488367319,-0.250374794,-0.1516715139,-0.1456433088,-0.3996751904,-0.5227047205,-1.6325827837
125,236.567155,237.003888,236.567155,0.7411237955000001,239.1595458984,0.5264797211,238.2962493896,0.5850162506000001,238.4738769531,0.5898993611000001,238.2115325928,4.971134,4.832597,4.971134,-0.2007466406,6.3657236099,0.0603143126,4.4161472321,0.2159301639,5.1560440063,0.3975092173,4.9443717003,-1.238583,-1.240948,-1.238583,0.017743852,-1.2005937099,0.0162250269,-1.2130010128,0.0088233398,-1.2276593447,0.0043026842,-1.2200827599,310.438459,305.311749,310.438459,0.9825718403,315.7994384766,1.2676739693,314.3175964355,1.4951343536000001,314.3978271484,1.5118570328,311.615447998,1.010074,1.451689,0.0842350836,-0.9273791894000001,-0.3913082479,0.0865450799,-0.42958438400000004,-0.8642700911000001,-0.9456180334000001,-0.1472053379,-0.258593291,0.1325623691,-0.0526756644,-0.5647848248,-1.0233184099,-0.1833776385,-0.6328139901000001,-0.05694719400000001,-0.0501573384,-0.37030828,-1.1308511496,-0.0726771653,-0.355024308,0.0116931256,-0.12619820240000001,-0.4057484865,-1.2047584057,-0.1045681536,-0.49658775330000005
126,237.175046,236.850127,237.175046,0.6987494826,239.0606994629,0.5553477407,238.2856445312,0.5963672996,238.6147155762,0.5737128854,238.6837005615,5.015498,4.378989,5.015498,-0.2040193975,6.2726478577,0.40570476650000004,4.3133077621,0.0602962822,4.8585758209000005,0.1159344167,4.9339008331,-1.21832,-1.325768,-1.21832,0.0194256622,-1.188806057,0.0185857005,-1.2011835575,0.0102812098,-1.2166321278,0.0013656765,-1.2218261957,309.088537,294.943846,309.088537,1.9389650822000002,312.065612793,1.2597581147999999,313.2231750488,0.3731979132,311.700958252,0.5660796165,310.8675231934,1.262207,1.214194,-0.7403640493,-0.7702861278,-0.6720765009,-0.28630512950000003,-1.4452384710000001,-0.2002551854,-0.4412390292,-0.21881024540000002,-0.4925465584,-0.3260233998,-1.1211807728,-0.2656450272,-0.6768471003000001,-0.37903219460000004,-1.2156983614,-0.2937580943,-1.0594034195,-0.1903951764,-0.9024156332000001,-0.3812507391,-1.1917850971,-0.3625588417,-1.1545397043,-0.176876694,-0.9243932366000001,-0.3735379279,-1.1333272457
127,237.432622,236.718972,237.432622,0.6586305499,239.270401001,0.5464546084,238.5404815674,0.547778964,238.7769927979,0.5915772915,238.7398834229,5.24086,4.636676,5.24086,-0.0548123755,5.0963492393,0.0344430134,3.6603133678,0.1375306398,4.3968100548,0.2335094512,4.6343021393,-1.26191,-1.287526,-1.26191,0.020107053200000002,-1.2288388014,0.0209592581,-1.2316895723,0.0145044178,-1.2554348707,0.0045249332,-1.2643598318,308.222127,298.442845,308.222127,1.4815107584,311.7890014648,4.1720957756,313.5223999023,3.1034736633,310.9148254395,2.3314394951,311.3619384766,0.848371,1.580836,0.43521583820000004,0.6937471574,-0.2214378045,0.341178,0.2508802116,0.20602500440000002,0.5717334747,-0.2498733252,-0.21192920210000002,0.20152144130000002,0.38449561600000004,0.0037941453,0.7788056135,0.0113404011,-0.19105206430000002,0.054869413400000004,0.3487873077,0.3367679417,0.9730775356,0.036799937500000005,-0.1465308368,-0.0008110636,0.43372854590000004,0.2992039621,0.9958037138,0.0565749519,-0.2321754098
128,236.340842,236.702503,236.340842,0.5844177008,238.946685791,0.4903714061,238.1848602295,0.5284073949,238.5094604492,0.4485483766,238.3496246338,4.554273,4.335312,4.554273,-0.2437341958,6.0749521255,0.3701895177,5.2515001297,0.3874120116,5.1598300934,0.3584902287,5.0693979263,-1.159239,-1.356178,-1.159239,0.0174919441,-1.1338317394,0.0168089103,-1.1501635313,0.0114287222,-1.1612170935,-0.0012194756,-1.1746809483,318.559715,296.380846,318.559715,0.5826595426,317.1592407227,0.7251513004,319.0284729004,-0.16997563840000002,315.3605651855,-0.2621884346,316.01953125,1.669516,1.676833,-1.0656620796,-1.2025246138,-0.45341149610000003,-0.4473923147,-1.4029192924,-0.103993021,-0.6109784842,-0.0325182118,-0.6755847931,-0.1752003133,-1.2051708698,-0.187852025,-1.1221357584,-0.31523296240000004,-0.8009235859,-0.1880854666,-1.1101090908,-0.1609943658,-1.0940816402,-0.3321281672,-0.8037163615,-0.2263661623,-1.16535151,-0.3345157206,-1.2991316319,-0.3841766417,-0.9574152231
129,236.561181,237.176147,236.561181,0.6349223852,238.7596588135,0.5103732347000001,237.9837036133,0.5722281337,238.2210388184,0.5695316792,238.2479400635,4.994234,4.993717,4.994234,-0.2787885666,6.1943736076,0.2879785299,4.6147031784,0.0633642972,5.2432579994,0.22384893890000002,5.1877140999,-1.197669,-1.368318,-1.1976689999999999,0.0182494447,-1.1711559296,0.0161005817,-1.1929051876,0.0069008870000000005,-1.2075644732,0.0018153470000000001,-1.2137335539,314.880474,297.104908,314.880474,1.2497524023,314.5066833496,0.10656204820000001,317.6235656738,1.0674804449,315.8049316406,0.2052994967,316.7314147949,1.308534,1.512625,-1.2840153673999999,-0.11120893200000001,0.22627175160000002,-0.4488517642,-1.7751301527,-0.1938145906,0.13829647,-0.050955891600000004,-0.33945146200000004,-0.4302705526,-1.5750735998,-0.0541102216,-0.2829259932,0.029549256000000003,0.026315815700000002,-0.5416179895000001,-1.7758693695,-0.13076582550000002,-0.28896999360000003,-0.0631587356,0.2397281229,-0.4928178489,-1.6069436073,-0.08440044520000001,-0.20990920070000002,-0.0391012356,0.2655498981
130,236.712001,236.350267,236.712001,0.6981120706,238.9397735596,0.5255889297,238.130355835,0.6447232962,238.5265808105,0.5367550254,238.3719024658,4.529864,3.945502,4.529864,-0.4714446068,5.6793808937,-0.034403272000000006,4.3244533539,0.11103630810000001,4.8174929619,0.108700946,4.8592023849,-1.207542,-1.370702,-1.2075420000000001,0.015818547500000002,-1.1682401896,0.0133708399,-1.186221838,0.0065367967,-1.1990478039,-0.0033922587000000002,-1.2064656019,313.319008,291.436267,313.319008,1.0349776745,315.7428588867,0.6137119532,315.280456543,1.4840586185,313.0488586426,0.073123455,312.3287658691,1.517665,1.761636,-1.1539503662,0.23981317800000002,0.956136143,-0.6210958958,-1.603815794,0.0527025536,0.1362960935,0.3508838117,0.7469003201000001,-0.3850128651,-1.6282356977,0.3073312938,0.1782457978,0.4454959929,1.2655072212,-0.41421279310000003,-1.5376391411,-0.1090580523,0.1011707336,0.2459217608,1.2357113361,-0.47879931330000003,-1.5819165707,-0.012164911300000001,0.2504543662,0.4758507609,1.1623344421
131,236.073623,236.879635,236.073623,0.6434582472,238.7338409424,0.44089564680000004,237.8463134766,0.5349350572,238.0903167725,0.6630120277,238.0192260742,4.551677,4.625641,4.551677,-0.3686378598,6.0168418884,0.0368702561,4.3528146744,0.2942428589,4.7327899933,0.3228356242,4.9814596176,-1.205333,-1.254895,-1.205333,0.022899951800000002,-1.1811175346,0.0255759992,-1.1926612854,0.0203190967,-1.2052315474,0.0057127569,-1.2159163952,305.795548,299.674104,305.795548,1.1931529045,310.9146118164,0.9244584441,311.2426452637,1.1050033569,309.286315918,0.5143142939,307.7040710449,1.566531,1.429665,-0.7021376323,1.3857128574,-0.2020475888,-0.1812071204,-0.6749379039,0.42385026810000004,1.5091267824,-0.1688742638,-0.6237400174000001,-0.2802687585,-0.7564080954,0.5398910642,1.8416421413,-0.0541377142,-0.4855902791,-0.29744270440000004,-0.9283046722,0.4155133963,1.7288531065,-0.057456653600000004,-0.3853109777,-0.3446083665,-1.0516474247,0.5313301086000001,1.5766379833,-0.0595570281,-0.31825929880000003
132,236.454038,237.264771,236.454038,0.6914926767,238.9629364014,0.4597401023,238.1448059082,0.5829414725000001,238.4568023682,0.5468601584,238.4620819092,4.154439,4.858071,4.154439,-0.3108496368,5.436811924,0.15391191840000001,4.5629119873,0.3041125536,4.847465992,0.3541628122,4.9952569008,-1.204207,-1.244169,-1.204207,0.020682998,-1.1830792427,0.0212727077,-1.1967631578,0.0166713074,-1.2105833292,0.0049770623000000005,-1.2142782211,310.887196,304.42548,310.887196,1.6206365824,312.9783935547,1.2997817993,315.9144592285,0.7572706938,313.2330322266,0.1586335897,310.3946838379,1.805363,1.484379,0.4017637576,1.5576906483,-0.8194640172000001,0.0347076058,0.3356580436,0.47930482030000005,0.7807916999000001,-0.3161287606,-1.123652339,0.11607020350000001,0.4886770248,0.3971843719,1.2506817579,-0.2747018933,-1.1395019293,0.11579953130000001,0.387789011,0.3558226526,1.3138251305,-0.5064896941,-1.107742548,0.1558004171,0.5343619585,0.4296652675,1.6399962902,-0.2707803547,-1.2081775665
133,237.069372,236.384634,237.069372,0.6732320786,239.0387420654,0.47746121880000003,238.1801300049,0.5526553392,238.5820770264,0.5830644965,238.6069641113,5.187675,4.503156,5.187675,-0.3198589683,5.5347733498,0.0316370502,4.5618491172999995,0.1137016118,4.9997410774,0.155282259,4.8115968704,-1.217286,-1.218207,-1.217286,0.0168577842,-1.1882450581,0.017417851800000002,-1.2046811581,0.0114086289,-1.2213237286,0.0015026983000000001,-1.2297160625,314.882117,308.726855,314.882117,1.6510437727,316.6676940918,0.1708628237,316.5293884277,1.0558229685,314.0506896973,0.5628126264000001,314.4332580566,1.527074,1.930348,0.9466135063000001,-0.5217974272,-1.0787059392,0.5030362606000001,1.1750208139,-0.2997548282,-1.1666713953,-0.12268465760000001,-0.9153345823000001,0.35761940480000004,1.1950039864,-0.4506937265,-1.1196147203,-0.40233147140000003,-1.4122154713000001,0.30627706650000003,1.2268464565000001,-0.3067294061,-0.9353504181000001,-0.3765344322,-1.4507958889,0.3548567593,1.4235644341,-0.2065332085,-0.8302237391,-0.3686842024,-1.3886054754
134,236.72607,236.560274,236.72607,0.5796759725,238.6351776123,0.4263131022,237.8408660889,0.5039336681000001,238.2096710205,0.5244783759,238.21434021,5.035809,4.981355,5.035809,-0.3620391488,5.6832637787,0.1625521779,4.5871019363,0.2705060542,4.7604794502,0.469209969,4.7666335106,-1.21337,-1.223671,-1.21337,0.0189788323,-1.1821100712,0.0190204848,-1.2012722492,0.015155605,-1.21375072,0.0091957562,-1.2253408432,313.52381,307.660272,313.52381,1.7006376982,314.6811828613,0.24915230270000002,315.6606445312,-0.1024965048,313.9068603516,-0.8701946735,314.0198364258,1.427438,1.752533,0.9402788741,-0.4630299386,-0.9690504464,0.3786830306,1.313721776,-0.38151898980000004,-1.0538403988,-0.38239941,-0.9901063442,0.48862597350000003,1.3095229864,-0.1415569186,-0.6611081958,-0.4152286649,-1.0444360971,0.4350959063,1.2543067932,-0.4275245965,-0.6299363375,-0.3664683104,-1.2729891539,0.4204740226,1.421276927,-0.24750791490000001,-0.7308878303,-0.4431684315,-1.1917067766
135,237.062203,237.17603,237.062203,0.6422780156,239.05027771,0.5039935708000001,238.4408874512,0.523798883,238.6241149902,0.6436290145,238.7812805176,4.281332,5.151382,4.281332,-0.1706490517,5.1773672104,0.1425588578,4.3151750565,0.2886691689,4.5305900573999995,0.3051444888,4.841989994,-1.230795,-1.408959,-1.230795,0.0210063532,-1.2045834064,0.0215110593,-1.2089267969,0.0157790668,-1.2235957384,0.0061925519,-1.2381875515,311.95611,287.750624,311.95611,1.2923640013,313.4122314453,2.1211001873,312.8850708008,2.0321853161,313.0899963379,1.5222586393,312.1884155273,1.37538,1.173067,0.9099712341,-0.892112643,-0.517453089,0.344560802,0.889528513,-0.2712762952,-0.5853874087000001,-0.3392269611,-0.5279567242000001,0.34910768270000003,0.7686260343,0.0657975823,-0.7925908566000001,-0.17755341530000002,-0.5753875971,0.0445388332,1.0291246176,-0.26063686610000003,-0.9977206588,-0.1352158785,-0.4594329596,0.25096973780000004,1.0716711283,-0.1872614175,-1.118399024,0.021606693,-0.5355108976
136,236.891546,237.205211,236.891546,0.6343655586,238.7654418945,0.5141863227,238.1708679199,0.5422515869,238.5192108154,0.5638551712000001,238.5650787354,4.602973,4.836829,4.602973,-0.3803197742,5.2731513977,0.0735051632,4.2457294464,0.09494552760000001,4.6798582077,0.1616102904,4.7963218689,-1.247605,-1.261402,-1.247605,0.0212174784,-1.2199116945,0.0214913134,-1.2296204567,0.016524955600000002,-1.2459141016,0.0084554795,-1.2463656664,306.224556,298.663736,306.224556,1.2499493361,311.7490234375,2.1775872707,311.8206176758,1.9546337128000002,311.3190612793,3.5092942715,310.4398498535,0.978425,1.595012,0.41877629790000004,-0.804712524,-0.3665776947,0.15867754820000002,0.384975791,-0.2492508441,-0.6946974993,-0.48954519630000004,-0.16846190390000002,0.1458401084,0.5595964193,-0.2274011225,-0.6128717661,-0.2664475441,-0.2351863682,-0.0174704716,0.44688344,-0.3899070919,-0.9860231876000001,-0.07011306290000001,-0.2485330105,0.0696250051,0.46602725980000004,-0.34966126080000004,-1.1336116791,-0.08813178540000001,-0.31812050940000003
137,237.135815,236.872438,237.135815,0.6576916575,239.1057891846,0.5482747555,238.3796386719,0.5575094819,238.7480010986,0.5478419065,238.7362976074,5.14775,4.856459,5.14775,-0.28524684910000003,5.3396654129,-0.0176894199,4.1498022079,0.1497450471,4.8557891846,0.2967191041,4.7090101242,-1.230282,-1.270256,-1.2302819999999999,0.0167914629,-1.2054606676,0.018730785700000002,-1.2212226391,0.0109251812,-1.2414615154,0.0030307900000000002,-1.2481049299,312.384754,299.691992,312.384754,2.6218144894,314.1606140137,1.0754451752,314.8493347168,0.16932308670000001,313.524230957,0.9553841352,311.9723205566,1.273418,1.563521,0.4350933202,-1.1889207483,0.1369476668,0.3435788155,0.5170382261,-0.5331493616,-1.3462061882,0.09412454070000001,0.3473247886,0.1271752417,0.2909399867,-0.36336541180000004,-1.5716286898,-0.1231666133,0.2895568609,0.2615121007,0.5040315390000001,-0.5243191719,-1.6494271755,0.23329773550000002,0.2415694445,0.17233660820000002,0.5618271232000001,-0.4154272974,-1.4909687042,0.1929049343,0.2576037645
138,236.64101,236.775106,236.64101,0.7388230562,238.812789917,0.5862116218,238.0264587402,0.6410502195000001,238.3386535645,0.5914512873000001,238.2116699219,4.683544,5.036564,4.6835439999999995,-0.4083964229,5.4519901276,0.0324223936,4.4685850143,0.1096656024,4.9981675148,0.20021066070000001,4.8371167183,-1.207345,-1.228921,-1.2073450000000001,0.017881928000000002,-1.1743841171,0.0167445336,-1.1911566257,0.0095674507,-1.2089345455,0.0027544685,-1.2121968269,318.108701,303.643735,318.108701,1.9100866318,317.1981506348,1.0199275017,320.3920288086,0.071451664,319.2261962891,1.0895655155,317.6878356934,1.133632,1.996063,0.353911564,-1.0637915511,-0.1679721435,0.0741944537,0.4322809577,-0.6193280816,-0.9398192167,-0.027219245200000002,-0.043834582000000004,-0.0085835075,0.1011477858,-0.41268712280000003,-1.4798299074,-0.1618308574,-0.0113575459,0.1226597428,0.41312301160000003,-0.364490211,-1.4207183123,0.1513254642,-0.031078517400000002,0.10691820090000001,0.4593123794,-0.5162157416,-1.2501629591,-0.0215352736,-0.08912380040000001
139,236.409543,236.797784,236.409543,0.6636728048,238.7748718262,0.5546375513,238.0060119629,0.6012859344,238.3268585205,0.6113244295,238.2127685547,4.583251,5.12084,4.583251,-0.38351190090000004,5.4950056076,0.1687796563,4.5290565491,0.2225310504,4.8491792679,0.22236979010000002,4.745994091,-1.226235,-1.222601,-1.226235,0.0182013661,-1.2058538198,0.018517140300000002,-1.2245907784,0.0078530787,-1.248368144,-0.0005322676,-1.2510535717,312.986909,305.457504,312.986909,0.9451825619,312.2960510254,0.2171602249,312.7344970703,-0.28604817390000004,312.2552185059,1.5891667604,313.4737243652,1.17844,2.302011,0.4548240545,-1.0824263641,0.10104021340000001,0.0056878915,0.4444039464,-0.5267320275,-1.4263343811,0.2112334967,0.5780267715,0.1737935394,0.3452408314,-0.4054686725,-1.3002479076,-0.11799217020000001,0.3657412827,0.1988218874,0.49481382970000004,-0.2917244136,-1.3997868299,0.19628462200000002,0.33037066460000003,0.1719402373,0.41316068170000003,-0.473790437,-1.4334170818,0.14190754290000002,0.23023030160000002
140,236.717978,236.075185,236.717978,0.6519726515000001,239.1252593994,0.5358603001,238.4190979004,0.67012465,238.6656951904,0.6050249934,238.4970855713,4.246477,4.593345,4.246477,-0.5787208676,5.8779859543,0.016920933500000002,4.5329351425,0.2296396345,5.1450457573,0.1865673065,4.9733910561,-1.207065,-1.191895,-1.207065,0.0201556534,-1.1711540222,0.0229742527,-1.1847229004,0.0164380986,-1.194493413,0.0061916653,-1.1925786734,311.19514,304.018011,311.19514,1.8057378531000001,315.9429626465,0.9801979065,314.8589782715,1.0510748625,314.9329833984,-0.8673839569,313.6137084961,1.503539,2.240769,0.5777140726000001,-1.0842135106,0.8668086747,0.5215811729000001,0.9499179721000001,-0.5246717334000001,-1.2419068813,0.3328405917,1.0980124474,0.23294869070000002,0.9388064146,-0.2994306684,-1.2205617428,0.3852024674,1.3483983278,0.5084171891,0.8806951642,-0.3315908313,-1.0751154423,0.4541230798,1.2171934843,0.19693586230000001,0.8081927896000001,-0.35777565840000003,-1.2671587467,0.4698991477,1.2715239525
141,236.447474,237.208432,236.447474,0.6559966803,238.6919250488,0.49650999900000004,237.8406829834,0.5203149319,238.1620025635,0.5634342432,238.1338806152,4.750095,4.524559,4.750095,-0.48413968090000004,5.3544049263,0.0433691591,4.413816452,0.0878784806,4.9050359726,0.2800568342,4.8168377876,-1.202251,-1.219203,-1.202251,0.0171926022,-1.1845855713,0.019216124,-1.2036477327,0.013026038200000001,-1.2160811424,0.0016621854,-1.2178798914,316.968841,311.00621,316.968841,1.1752915382,317.4319458008,0.7464258671,320.1847229004,-0.21970117090000002,317.576385498,-0.7095162868,317.0949707031,1.528645,1.722449,0.3027821951,-1.1904639957,0.9098762776,0.3138944209,0.7032703161,-0.35093122720000003,-1.2563222647,0.2670743465,1.1209266186,0.18389324840000001,0.7844858170000001,-0.450239867,-1.3605329990000001,0.5071768165,1.4247055054,0.4768451154,0.6787956953000001,-0.3790183961,-1.2261747122,0.4251862764,1.4604365826,0.30038520690000003,0.7325288057,-0.4203077853,-1.5309541225,0.44924768810000004,1.3985898495
142,237.208277,237.361423,237.208277,0.6442971826,238.6528167725,0.5033365488,237.9608917236,0.5595223904000001,238.4755706787,0.5840969086000001,238.4948272705,5.08279,5.064242,5.08279,-0.42081683870000003,5.6190433502,0.15150599180000002,4.9045639038,0.2664530277,4.883354187,0.3585678339,5.0880064964,-1.144554,-1.236468,-1.144554,0.0157306828,-1.1184185743,0.0150452619,-1.1367502213,0.008606699300000001,-1.1594562531000001,-0.0017422736000000001,-1.1691262722,323.663677,303.135549,323.663677,0.81004107,321.7914428711,0.36906555290000004,324.1851501465,0.0907506943,322.8461914062,0.10755002500000001,322.6388549805,1.497494,1.649037,-1.0798775964,-0.7820461082,0.6817300408,-0.306074053,-1.5099568367,-0.3448837101,-1.1950289011,0.011804251,0.3994612098,-0.3352037966,-1.518147707,-0.3584184945,-1.3184981346,0.17494647200000002,0.7958641052000001,-0.5672723651,-1.5344077349,-0.5667939782,-1.4433355331,0.1141043156,0.8263956904,-0.47581398490000004,-1.6375728846,-0.46050640940000004,-1.4532390833,0.1225818694,0.7015981674
143,236.730776,236.772073,236.730776,0.6327961087,239.0015869141,0.4955078959,238.2272949219,0.5649935603,238.7211151123,0.5971205235,238.6343994141,4.704118,4.560594,4.704118,-0.38398396970000004,5.9367580414,0.2872099876,4.6740112305,0.1522428244,4.9778904915,0.3702743053,4.9987449646,-1.216683,-1.241555,-1.216683,0.0179639868,-1.1907963753,0.018895767600000002,-1.2096762657,0.0128722247,-1.2257128954,0.0010250844,-1.2334524393,315.10511,298.707819,315.10511,1.8255732059,315.8344726562,0.6073802114,316.4353637695,0.43831729890000004,315.352355957,-0.49999940400000004,314.3522033691,1.363819,2.035978,-0.1657712319,1.3211398504,-0.295145268,-0.4613899589,-0.3187083006,0.7321462631,1.6288033724000002,-0.2612804472,-0.6931189299,0.043494954700000005,-0.4206294417,0.4594821334,1.4044545889,0.0863619223,-0.3563737273,-0.2468316257,-0.2572174072,0.5747431517,1.5957353115,-0.14388923350000002,-0.1794416308,-0.2247229815,-0.24501872060000002,0.5142768025000001,1.6986758709,-0.13768485190000002,-0.4249540567
144,236.303748,237.163845,236.303748,0.6532601118,238.8436737061,0.5108801126,238.2249450684,0.5877423882,238.4151916504,0.550699234,238.498916626,4.061141,3.974201,4.061141,-0.47765779500000005,5.5917758941999995,0.086243175,4.6352338791,0.142545253,4.9393825531,0.2795804143,4.8293104172,-1.233168,-1.326031,-1.233168,0.0203348603,-1.1996328831,0.022394266000000003,-1.2150802612,0.0170986,-1.2296960354,0.007508078600000001,-1.2378572226,310.953085,294.814615,310.953085,0.8445462584000001,312.6104431152,1.7664432526,313.0277099609,1.5056549311,312.3564453125,2.3761856556,312.1525878906,1.543576,1.878867,0.3315392766,1.1094417287,-1.020709053,0.3843967915,0.1775615811,0.3347306848,0.8942918777000001,-0.338394016,-1.3219257593,0.23252558710000001,0.4231853783,0.0611515976,0.9563908577,-0.2711943686,-1.1939136982,0.0642102957,0.3887037635,0.1935473382,1.0978155136,-0.2966444492,-1.1995785236,0.1816140711,0.49509075280000003,0.2929569483,1.2412183285,-0.4329633713,-1.5338073969
145,236.636958,236.869833,236.636958,0.6951924562,238.8739929199,0.51097399,238.060333252,0.6666855812,238.4017028809,0.6872942448,238.2321472168,4.72824,4.513086,4.72824,-0.6057143807,6.5369234085,0.2712393105,4.9118213654,0.0829474032,5.1448726654,0.2842075825,4.8709602356,-1.236926,-1.177229,-1.236926,0.0204492658,-1.2059350014,0.0222978946,-1.2184230089,0.012129461400000001,-1.2338842154,0.0018285103,-1.2296216488,308.992763,305.60705,308.992763,0.9056778550000001,312.488494873,1.0034714937,312.6844482422,1.8751474619000001,310.3381652832,1.8977006674,308.7046508789,1.1897,1.602448,-0.2231457574,0.39697544770000004,-1.0990922299,-0.0640089139,-0.48223781590000003,-0.362239331,0.5726305246,-0.3575752676,-1.4488132,-0.1017523706,-0.2950201631,0.022337120000000002,0.40412861110000003,-0.3902590275,-1.6974121332,-0.23080033060000002,-0.2515818775,0.1848458648,0.6700905561,-0.4778863788,-1.5004700422,-0.0103572067,-0.3292576671,0.0529544502,0.5201717019000001,-0.5455303788,-1.7255498171
146,237.040521,236.650334,237.040521,0.6563028097,239.1442565918,0.4880343676,238.3104858398,0.5251996517,238.6676330566,0.5504711866,238.7089996338,4.752808,4.391243,4.752808,-0.4030146003,5.5517635345,-0.0171380583,3.950596571,0.1478980035,4.7065534592,0.2790521681,4.7964110374,-1.23983,-1.183119,-1.23983,0.021015904800000002,-1.202054739,0.0211119242,-1.2062914371,0.0129177198,-1.2314345837,0.0026551895000000002,-1.2348978519,303.072484,303.577472,303.072484,1.6846832037000001,308.8993530273,2.5966596603000003,308.8371887207,2.6242599487,306.4172668457,2.6772348881,304.380859375,0.978836,1.050118,-0.6213604803,0.7328765085000001,0.1868771247,-0.027328878600000002,-0.7440357208,0.4535931647,0.5967767239,0.2727557719,0.0056690276,0.059157975,-0.9144383669,0.4475709498,0.7778249979,0.1404502988,0.1973222792,-0.20885011550000002,-0.8784655333,0.1938825548,0.7572474480000001,0.2794761062,0.4139359295,-0.27669158580000003,-0.8959286213000001,0.1373601109,0.9485367537,0.2014348507,0.1973566562
147,236.03972,236.792979,236.03972,0.6208353639,238.7682189941,0.4362122715,238.0648498535,0.4796395302,238.5380401611,0.6471295953,238.3714599609,5.025316,4.908672,5.025316,-0.4232652187,5.786942482,0.1125735939,4.1636600494,0.19799777870000002,4.9354724884,0.2352155447,4.7473120689,-1.260828,-1.204973,-1.260828,0.0214103237,-1.2266403437,0.0219265074,-1.2405451536,0.012412917800000001,-1.2589948177,0.0004256442,-1.2640218735,309.226187,310.560083,309.226187,1.0801413059,312.3568725586,1.8121314049000001,312.609588623,2.5308184624,310.6997375488,1.1699478626,309.2997131348,1.036204,1.370368,-0.14057537450000002,-1.0265952732999999,0.0077310777,-0.6889418364000001,-0.4685407579,-0.2614005804,-0.9899833202,0.0354252905,-0.1412417889,-0.1645904779,-0.3917646408,-0.23370537160000002,-1.3677936792,0.1322690099,-0.24224898220000002,0.037655204500000004,-0.1651990563,-0.3538974822,-1.0541284084,0.0445343852,0.0634343177,-0.17222477500000002,-0.5720856786,-0.3246146142,-1.1979043484,-0.006889276200000001,-0.1515538692
148,236.741186,236.869794,236.741186,0.5953294039,239.0215911865,0.47049775720000003,238.3003082275,0.4296088219,238.5832519531,0.4750499427,238.5302276611,4.209451,4.460258,4.209451,-0.4940295219,5.2992634773,0.010529995,4.84623909,0.1992100179,5.065012455,0.2830053866,4.8170604705999995,-1.165967,-1.231435,-1.165967,0.018146919100000002,-1.1523528099,0.0157522932,-1.1688266993,0.009067467400000001,-1.1836720705000001,0.0030004121,-1.1921373606,323.399356,307.75204,323.399356,1.0047960281,323.7265930176,0.2507472038,325.9129943848,-0.06440901760000001,323.5275268555,1.4135811329,325.7067260742,1.900043,2.710822,0.8093006603,0.0741719864,-1.717467428,0.4569098949,0.8046336770000001,0.2314058542,0.5697801709,-0.40838027,-2.0326609612,0.41432261470000004,1.0785088539,-0.1003691554,0.0688131899,-0.3559624851,-1.9760273695000001,0.18220525980000002,1.0538529158,0.28477627040000003,-0.0012488812000000001,-0.5312747955,-2.094196558,0.23697219790000001,1.0930786133,0.2832159698,0.3003554344,-0.4251402617,-2.0587742329
149,236.642659,237.549912,236.642659,0.5222990513,239.0681152344,0.4235530496,238.3297119141,0.4411823153,238.5805053711,0.5001631975,238.5267791748,4.877762,4.75972,4.877762,-0.5577098131,5.3395624161,0.1005870402,4.7725391388,0.031842716,4.9465618134,0.0958683193,4.7827014923,-1.190171,-1.208689,-1.1901709999999999,0.0163659919,-1.1611442566,0.0161092598,-1.1717830895999999,0.0094863297,-1.1863442659,0.0023503695,-1.1845477819,321.395564,306.152014,321.395564,1.1909364462,321.9508666992,-0.6576592326,322.6617431641,0.1915236712,322.0082702637,-0.1032601595,321.1817321777,1.314492,2.630022,-0.9076019054000001,-0.3762977161,0.8732400896,-0.5508934259,-1.0191022158,-0.1449175775,-0.5688008666000001,0.2981249988,0.6451319456,-0.3933682442,-1.0046688318,0.2214737386,-0.2887634635,0.2933567762,0.7327053547,-0.2082263678,-0.8692363501,-0.3109268546,-0.4209446311,0.1430967897,1.0427863598,-0.3058825731,-0.9895964861000001,-0.1432386041,-0.37487742300000004,0.1390887201,0.9029912949000001
150,,237.147155,,,,,,,,,,,4.819504,,,,,,,,,,,-1.216635,,,,,,,,,,,303.299516,,,,,,,,,,,2.03139,,,,,,,,,,,,,,,,,,,,,,,,,,,
151,,237.094798,,,,,,,,,,,4.877098,,,,,,,,,,,-1.244806,,,,,,,,,,,309.467162,,,,,,,,,,,1.883595,,,,,,,,,,,,,,,,,,,,,,,,,,,
152,,236.721998,,,,,,,,,,,4.64157,,,,,,,,,,,-1.337459,,,,,,,,,,,310.627465,,,,,,,,,,,1.155199,,,,,,,,,,,,,,,,,,,,,,,,,,,
153,,236.784803,,,,,,,,,,,4.715625,,,,,,,,,,,-1.234025,,,,,,,,,,,311.229062,,,,,,,,,,,1.417961,,,,,,,,,,,,,,,,,,,,,,,,,,,
154,,236.902098,,,,,,,,,,,4.598281,,,,,,,,,,,-1.165089,,,,,,,,,,,317.400015,,,,,,,,,,,1.92749,,,,,,,,,,,,,,,,,,,,,,,,,,,
155,,236.840934,,,,,,,,,,,5.087528,,,,,,,,,,,-1.149965,,,,,,,,,,,324.776991,,,,,,,,,,,1.846338,,,,,,,,,,,,,,,,,,,,,,,,,,,
156,,237.175742,,,,,,,,,,,4.956513,,,,,,,,,,,-1.202775,,,,,,,,,,,314.135181,,,,,,,,,,,1.398554,,,,,,,,,,,,,,,,,,,,,,,,,,,
157,,236.677941,,,,,,,,,,,4.705922,,,,,,,,,,,-1.197671,,,,,,,,,,,308.985916,,,,,,,,,,,1.297493,,,,,,,,,,,,,,,,,,,,,,,,,,,
158,,237.143693,,,,,,,,,,,4.409969,,,,,,,,,,,-1.354008,,,,,,,,,,,295.302131,,,,,,,,,,,1.919875,,,,,,,,,,,,,,,,,,,,,,,,,,,
159,,237.036534,,,,,,,,,,,4.924966,,,,,,,,,,,-1.201181,,,,,,,,,,,310.746276,,,,,,,,,,,2.338611,,,,,,,,,,,,,,,,,,,,,,,,,,,
160,,237.082649,,,,,,,,,,,5.011889,,,,,,,,,,,-1.23426,,,,,,,,,,,301.593421,,,,,,,,,,,2.666729,,,,,,,,,,,,,,,,,,,,,,,,,,,
161,,237.077948,,,,,,,,,,,4.576095,,,,,,,,,,,-1.35517,,,,,,,,,,,297.004218,,,,,,,,,,,2.351692,,,,,,,,,,,,,,,,,,,,,,,,,,,
162,,237.373024,,,,,,,,,,,4.759402,,,,,,,,,,,-1.214761,,,,,,,,,,,304.51435,,,,,,,,,,,2.305929,,,,,,,,,,,,,,,,,,,,,,,,,,,
163,,237.169899,,,,,,,,,,,4.704401,,,,,,,,,,,-1.221634,,,,,,,,,,,308.99483,,,,,,,,,,,2.274329,,,,,,,,,,,,,,,,,,,,,,,,,,,
164,,236.647006,,,,,,,,,,,4.477977,,,,,,,,,,,-1.402298,,,,,,,,,,,296.025207,,,,,,,,,,,1.404048,,,,,,,,,,,,,,,,,,,,,,,,,,,
165,,236.989947,,,,,,,,,,,5.027644,,,,,,,,,,,-1.398942,,,,,,,,,,,294.151709,,,,,,,,,,,0.73294,,,,,,,,,,,,,,,,,,,,,,,,,,,
166,,237.231295,,,,,,,,,,,4.866229,,,,,,,,,,,-1.229013,,,,,,,,,,,307.671805,,,,,,,,,,,2.322972,,,,,,,,,,,,,,,,,,,,,,,,,,,
167,,237.140963,,,,,,,,,,,4.8155,,,,,,,,,,,-1.273949,,,,,,,,,,,300.052501,,,,,,,,,,,1.899766,,,,,,,,,,,,,,,,,,,,,,,,,,,
168,,236.957061,,,,,,,,,,,4.45293,,,,,,,,,,,-1.215015,,,,,,,,,,,304.369307,,,,,,,,,,,1.963428,,,,,,,,,,,,,,,,,,,,,,,,,,,
169,,236.982058,,,,,,,,,,,4.632423,,,,,,,,,,,-1.225295,,,,,,,,,,,306.053836,,,,,,,,,,,2.504356,,,,,,,,,,,,,,,,,,,,,,,,,,,
170,,237.152157,,,,,,,,,,,4.974216,,,,,,,,,,,-1.186417,,,,,,,,,,,303.580964,,,,,,,,,,,1.999552,,,,,,,,,,,,,,,,,,,,,,,,,,,
171,,237.368884,,,,,,,,,,,4.926831,,,,,,,,,,,-1.204696,,,,,,,,,,,301.246909,,,,,,,,,,,1.293046,,,,,,,,,,,,,,,,,,,,,,,,,,,
172,,236.700537,,,,,,,,,,,4.472787,,,,,,,,,,,-1.213256,,,,,,,,,,,313.972316,,,,,,,,,,,1.261179,,,,,,,,,,,,,,,,,,,,,,,,,,,
173,,237.095325,,,,,,,,,,,4.686185,,,,,,,,,,,-1.204236,,,,,,,,,,,311.755938,,,,,,,,,,,1.39838,,,,,,,,,,,,,,,,,,,,,,,,,,,
174,,236.207045,,,,,,,,,,,4.527749,,,,,,,,,,,-1.286544,,,,,,,,,,,308.184152,,,,,,,,,,,1.057388,,,,,,,,,,,,,,,,,,,,,,,,,,,
175,,236.956208,,,,,,,,,,,4.305891,,,,,,,,,,,-1.256687,,,,,,,,,,,304.531976,,,,,,,,,,,1.026407,,,,,,,,,,,,,,,,,,,,,,,,,,,
176,,237.66298,,,,,,,,,,,4.915556,,,,,,,,,,,-1.214347,,,,,,,,,,,310.121008,,,,,,,,,,,1.27242,,,,,,,,,,,,,,,,,,,,,,,,,,,
177,,237.211552,,,,,,,,,,,4.767759,,,,,,,,,,,-1.198978,,,,,,,,,,,318.09973,,,,,,,,,,,1.168012,,,,,,,,,,,,,,,,,,,,,,,,,,,
178,,237.348026,,,,,,,,,,,4.845071,,,,,,,,,,,-1.265098,,,,,,,,,,,303.731677,,,,,,,,,,,1.264446,,,,,,,,,,,,,,,,,,,,,,,,,,,
179,,237.000959,,,,,,,,,,,5.103094,,,,,,,,,,,-1.32236,,,,,,,,,,,298.748034,,,,,,,,,,,1.297317,,,,,,,,,,,,,,,,,,,,,,,,,,,
180,,236.722096,,,,,,,,,,,5.031063,,,,,,,,,,,-1.313526,,,,,,,,,,,299.986297,,,,,,,,,,,1.28339,,,,,,,,,,,,,,,,,,,,,,,,,,,
181,,236.885937,,,,,,,,,,,5.227948,,,,,,,,,,,-1.266572,,,,,,,,,,,303.032817,,,,,,,,,,,0.937968,,,,,,,,,,,,,,,,,,,,,,,,,,,
182,,237.489898,,,,,,,,,,,4.599907,,,,,,,,,,,-1.249158,,,,,,,,,,,302.485109,,,,,,,,,,,0.938454,,,,,,,,,,,,,,,,,,,,,,,,,,,
183,,237.278536,,,,,,,,,,,5.2832,,,,,,,,,,,-1.235475,,,,,,,,,,,312.334917,,,,,,,,,,,0.849582,,,,,,,,,,,,,,,,,,,,,,,,,,,
184,,237.333323,,,,,,,,,,,4.943015,,,,,,,,,,,-1.201254,,,,,,,,,,,314.379573,,,,,,,,,,,1.165412,,,,,,,,,,,,,,,,,,,,,,,,,,,
185,,236.969748,,,,,,,,,,,4.923312,,,,,,,,,,,-1.200261,,,,,,,,,,,312.23296,,,,,,,,,,,1.133468,,,,,,,,,,,,,,,,,,,,,,,,,,,
186,,237.114885,,,,,,,,,,,5.115604,,,,,,,,,,,-1.218824,,,,,,,,,,,309.89615,,,,,,,,,,,1.303945,,,,,,,,,,,,,,,,,,,,,,,,,,,
187,,236.943055,,,,,,,,,,,5.101669,,,,,,,,,,,-1.241272,,,,,,,,,,,310.007674,,,,,,,,,,,1.467977,,,,,,,,,,,,,,,,,,,,,,,,,,,
188,,237.529838,,,,,,,,,,,4.880781,,,,,,,,,,,-1.18441,,,,,,,,,,,317.453061,,,,,,,,,,,1.43741,,,,,,,,,,,,,,,,,,,,,,,,,,,
189,,237.05122,,,,,,,,,,,4.212091,,,,,,,,,,,-1.198,,,,,,,,,,,308.484253,,,,,,,,,,,1.183757,,,,,,,,,,,,,,,,,,,,,,,,,,,
190,,236.465292,,,,,,,,,,,4.203879,,,,,,,,,,,-1.201108,,,,,,,,,,,314.219735,,,,,,,,,,,1.362591,,,,,,,,,,,,,,,,,,,,,,,,,,,
191,,237.156113,,,,,,,,,,,4.786971,,,,,,,,,,,-1.236879,,,,,,,,,,,309.102853,,,,,,,,,,,1.058521,,,,,,,,,,,,,,,,,,,,,,,,,,,
192,,237.599897,,,,,,,,,,,4.629173,,,,,,,,,,,-1.267929,,,,,,,,,,,298.311861,,,,,,,,,,,1.061778,,,,,,,,,,,,,,,,,,,,,,,,,,,
193,,237.028203,,,,,,,,,,,4.660055,,,,,,,,,,,-1.24302,,,,,,,,,,,312.549114,,,,,,,,,,,1.494004,,,,,,,,,,,,,,,,,,,,,,,,,,,
194,,237.17439,,,,,,,,,,,4.589785,,,,,,,,,,,-1.186471,,,,,,,,,,,314.702548,,,,,,,,,,,2.56082,,,,,,,,,,,,,,,,,,,,,,,,,,,
195,,237.405881,,,,,,,,,,,4.714979,,,,,,,,,,,-1.166318,,,,,,,,,,,323.069397,,,,,,,,,,,1.136016,,,,,,,,,,,,,,,,,,,,,,,,,,,
196,,237.012432,,,,,,,,,,,4.884254,,,,,,,,,,,-1.18043,,,,,,,,,,,319.018316,,,,,,,,,,,1.568072,,,,,,,,,,,,,,,,,,,,,,,,,,,
197,,237.066626,,,,,,,,,,,5.101783,,,,,,,,,,,-1.177609,,,,,,,,,,,322.741169,,,,,,,,,,,2.252908,,,,,,,,,,,,,,,,,,,,,,,,,,,
198,,237.141819,,,,,,,,,,,4.555977,,,,,,,,,,,-1.212259,,,,,,,,,,,315.76101,,,,,,,,,,,1.462389,,,,,,,,,,,,,,,,,,,,,,,,,,,
199,,237.280484,,,,,,,,,,,4.922708,,,,,,,,,,,-1.256094,,,,,,,,,,,304.417158,,,,,,,,,,,2.242688,,,,,,,,,,,,,,,,,,,,,,,,,,,
