frame_idx,eat_gas_ref,eat_solvent_ref,eat_gas_base,eat_pred_delta_30,eat_pred_direct_30,eat_pred_delta_40,eat_pred_direct_40,eat_pred_delta_50,eat_pred_direct_50,eat_pred_delta_70,eat_pred_direct_70,gap_gas_ref,gap_solvent_ref,gap_gas_base,gap_pred_delta_30,gap_pred_direct_30,gap_pred_delta_40,gap_pred_direct_40,gap_pred_delta_50,gap_pred_direct_50,gap_pred_delta_70,gap_pred_direct_70,mbd_gas_ref,mbd_solvent_ref,mbd_gas_base,mbd_pred_delta_30,mbd_pred_direct_30,mbd_pred_delta_40,mbd_pred_direct_40,mbd_pred_delta_50,mbd_pred_direct_50,mbd_pred_delta_70,mbd_pred_direct_70,pol_gas_ref,pol_solvent_ref,pol_gas_base,pol_pred_delta_30,pol_pred_direct_30,pol_pred_delta_40,pol_pred_direct_40,pol_pred_delta_50,pol_pred_direct_50,pol_pred_delta_70,pol_pred_direct_70,dip_gas_ref,dip_solvent_ref,dip_gas_base_x,dip_gas_base_y,dip_gas_base_z,dip_pred_delta_30_x,dip_pred_direct_30_x,dip_pred_delta_30_y,dip_pred_direct_30_y,dip_pred_delta_30_z,dip_pred_direct_30_z,dip_pred_delta_40_x,dip_pred_direct_40_x,dip_pred_delta_40_y,dip_pred_direct_40_y,dip_pred_delta_40_z,dip_pred_direct_40_z,dip_pred_delta_50_x,dip_pred_direct_50_x,dip_pred_delta_50_y,dip_pred_direct_50_y,dip_pred_delta_50_z,dip_pred_direct_50_z,dip_pred_delta_70_x,dip_pred_direct_70_x,dip_pred_delta_70_y,dip_pred_direct_70_y,dip_pred_delta_70_z,dip_pred_direct_70_z
0,97.559959,97.987442,97.559959,0.4534166455,98.5564193726,0.47000479700000003,98.4760971069,0.4879487753,98.42578125,0.4382300973,98.3384094238,6.856253,7.249421,6.856253,0.2155779004,7.4462070465,0.19962668420000002,7.3930187225,0.1390000582,7.2262616158,0.1566131413,7.2728996277,-0.361365,-0.367162,-0.361365,0.0053623207,-0.3513721824,0.0051678582,-0.3489427269,0.0060587982,-0.3482808471,0.008801543200000001,-0.34587061410000003,115.012397,115.893355,115.012397,-0.0604939908,114.3725662231,-0.30581337210000004,114.7630767822,-0.2837958336,114.1884765625,-0.5850676894,114.9963760376,0.60591,0.70132,-0.4020063056,-0.1017779979,-0.44176767180000004,-0.0829827338,-0.5003723502,-0.0607747436,-0.0671701729,-0.057515375300000005,-0.5729697943000001,-0.0556848533,-0.4683553874,0.0598277971,-0.1457922012,-0.06575570260000001,-0.4633987248,-0.109187685,-0.48991665240000004,-0.067516163,-0.22373922170000002,-0.081525445,-0.5291720033,-0.0565887615,-0.5353215933000001,-0.0673526973,-0.19464251400000002,-0.0392168686,-0.4333583415
1,97.311046,97.674488,97.311046,0.4085074663,98.4067382812,0.4228011668,98.3347167969,0.44342902300000003,98.3121795654,0.4496985376,98.3167266846,6.968471,6.855676,6.968471,0.27441269160000004,7.2115578651,0.18796575070000002,7.0686645508,0.1519984305,7.0777635574,0.1661143303,7.0254268646,-0.351256,-0.360184,-0.35125599999999996,0.0046956697,-0.3506878316,0.0049739061,-0.3491052687,0.0061287545,-0.3499906659,0.007368143200000001,-0.3474309444,115.758703,113.4013,115.758703,-0.2508347631,116.1151733398,-0.362019062,116.0355224609,-0.3476566672,115.5998382568,-0.3487408161,115.7361221313,0.686313,1.039624,0.3268590253,0.47679581790000003,0.36993890620000003,0.180469647,0.4175269902,0.1334373951,0.6310483217,0.1515710354,0.45042753220000004,0.07841295,0.3135662079,0.0677595735,0.5437459946000001,0.0878269151,0.46904170510000004,0.0793031007,0.4081832469,0.1091124415,0.5671883821,0.12409919500000001,0.4747797251,0.139771834,0.47890058160000004,0.0983517468,0.572597146,0.1304711103,0.5036560297
2,97.603283,97.848561,97.603283,0.41408449410000003,98.3936920166,0.4389767647,98.3564987183,0.4503207803,98.33934021,0.412096858,98.3270263672,7.066778,7.148107,7.066778,0.2401726097,7.2703256607,0.1499860138,7.2506885529,0.1430500746,7.0352020264,0.2310131788,7.2136931419,-0.356551,-0.362342,-0.356551,0.0036322796,-0.351320833,0.0036229915,-0.349434942,0.0056141792000000005,-0.3500674367,0.008632542600000001,-0.35191926360000003,116.325807,113.374295,116.325807,-0.4097275138,116.1614303589,-0.5354956985,116.1714706421,-0.24029016490000002,115.4756240845,-0.0804175138,116.0978851318,0.626006,1.135872,0.0463452883,0.0710509656,0.6202322245,0.031740725000000004,0.0639760494,0.030539678400000003,0.2316853553,0.1612181365,0.7179024220000001,-0.0306262784,0.0570756383,0.0442101955,0.1781517565,0.1042132825,0.6979608536,-0.0319245607,0.1023422256,0.015722798200000002,0.10312333700000001,0.1435421705,0.7713357806000001,-0.0179237891,0.08382865040000001,0.0035526874000000003,0.0956581682,0.1869239658,0.8332251310000001
3,97.45659,97.570684,97.45659,0.3932420909,98.3869552612,0.4084659815,98.3303909302,0.4222722054,98.3714294434,0.3976672888,98.3100509644,7.164054,6.901995,7.164054,0.2314725816,6.9381065369,0.0764243901,6.7940993309,0.0620796084,6.8620157242,0.09469343720000001,7.0839691162,-0.353767,-0.349516,-0.353767,0.0045193462000000005,-0.3552549481,0.0052733580000000006,-0.3545288742,0.0064760619,-0.3560507894,0.0072609973000000005,-0.3566396236,117.347221,114.555415,117.347221,-0.1991908699,116.5244293213,-0.1066948771,116.0917816162,-0.5188868046,115.6138687134,0.0085862875,116.1262817383,0.943574,0.74139,-0.8146801695,-0.1240319861,0.45961218730000003,-0.24878753720000002,-1.0097851753,0.0263163298,-0.16228976850000001,0.0891858116,0.7057360411,-0.2779243886,-1.0702592134,-0.0022013038,-0.1196786761,0.0901450068,0.6236833334,-0.2646994293,-0.9910450578000001,0.0031955168,-0.054419845300000005,0.0480264872,0.5512428284,-0.2640072107,-1.0024443865,0.0094716586,-0.07803756,0.0778776482,0.5199453235
4,97.588142,97.691626,97.588142,0.4353857338,98.4618301392,0.4546481967,98.4780426025,0.4596998096,98.4842681885,0.43974673750000004,98.4885177612,6.813311,6.69817,6.813311,0.25710320470000003,7.2135682106,0.2066354752,7.0102262497,0.1656585932,7.0200138092,0.18027532100000002,7.1857600212,-0.347523,-0.387131,-0.34752299999999997,0.0042711170000000005,-0.3493948281,0.0046207733,-0.3478314281,0.005486758400000001,-0.348811537,0.0073959222,-0.3532980978,116.503653,108.509286,116.503653,-0.10825023060000001,116.4384918213,0.183023721,116.0485534668,-0.1175339222,115.8233413696,-0.2016825676,116.1943206787,0.922031,1.332872,-0.4576603675,-0.3316973969,-0.7284676355,0.0578172132,-0.6798465848,-0.09046663340000001,-0.42515408990000003,-0.2721346617,-0.9890753031,-0.0448298305,-0.578379035,-0.0728390589,-0.5094584227,-0.2979879975,-1.0450987816,-0.0300754383,-0.5080949664000001,-0.1167545468,-0.3972047269,-0.2629613876,-0.9562829137000001,-0.0740995333,-0.5385665298,-0.1204554364,-0.3518052399,-0.24578438700000002,-0.9143505096000001
5,97.561738,97.705863,97.561738,0.4557675719,98.4898223877,0.4687782824,98.4509353638,0.4720556736,98.3982696533,0.4567836523,98.411529541,6.97703,7.016808,6.97703,0.2743513584,7.2472696304,0.26756584640000003,7.151799202,0.2604588568,7.0691256523,0.2145257592,7.1709675789,-0.348151,-0.346339,-0.348151,0.0032440037000000003,-0.347376883,0.0030706751,-0.34536910060000003,0.0042185537000000006,-0.3458914161,0.008567689,-0.3490669429,118.001476,115.231495,118.001476,-0.4625834823,117.7947921753,-0.44036465880000003,117.7210540771,-0.25398212670000003,117.2129592896,-0.2533070445,117.446395874,0.587417,1.139423,-0.47747941930000004,-0.0192809201,0.3416147409,-0.16337275510000002,-0.6876969337000001,0.0230969042,0.045389711900000004,0.0214023888,0.3725561798,-0.17036896940000001,-0.6592417955000001,0.0088343099,0.0002635419,2.33743e-05,0.3256303072,-0.12474627790000001,-0.6001355052,0.035575702800000004,0.0393960178,-0.0024443455000000003,0.22887191180000002,-0.1145553067,-0.553171277,-0.0122821182,0.0162109435,-0.0409635678,0.1790134013
6,97.581566,97.757789,97.581566,0.4124984443,98.5179901123,0.4249399602,98.4492111206,0.4636707306,98.3995285034,0.4323781431,98.3678588867,6.912456,7.364859,6.912456,0.14343383910000002,7.4171533585,0.1258543283,7.1743574142,0.1934646368,7.0518126488,0.1626493037,7.1617722511,-0.348573,-0.37686,-0.34857299999999997,0.0046827393000000005,-0.3462246954,0.0056096138000000005,-0.3443585336,0.0063153044,-0.3453381658,0.008541323200000001,-0.3449983895,117.343595,112.03198,117.343595,-0.0046786368,116.2012786865,0.1665275097,116.0330429077,0.1238677204,115.9241714478,0.3485271633,116.168586731,0.836741,0.965172,0.7662861343,-0.1671200744,-0.2915670101,0.2692042589,1.0138688087,-0.10323695840000001,-0.3609219193,-0.0327836163,-0.3598311543,0.1730331182,0.9377288818,-0.241454944,-0.3848027885,-0.077818498,-0.3781716228,0.1819468737,0.9520776272,-0.0873007253,-0.3221929073,-0.1427825093,-0.37350842360000003,0.1974633485,0.9966920018000001,-0.1113686562,-0.33264398570000003,-0.09253635260000001,-0.4674440622
7,97.236137,97.668822,97.236137,0.44838738440000003,98.303817749,0.44642052050000003,98.2337265015,0.47503021360000003,98.2333831787,0.4431298971,98.1332626343,6.814188,6.867329,6.814188,0.2998304665,7.3027353287,0.2880446911,7.2192487717,0.3414396346,7.187669754,0.2902028859,7.1239109039,-0.348869,-0.378961,-0.348869,0.0041985479,-0.3502402008,0.00560551,-0.34926211830000004,0.007416008500000001,-0.3500106931,0.0088378889,-0.3530378938,116.346494,112.16263,116.346494,-0.26311630010000003,115.6867141724,-0.0957136452,115.7367172241,0.0411405712,115.8295211792,0.43718084690000003,116.1696166992,0.852513,0.722419,-0.8240530121,0.2085986602,0.0648253431,-0.26559275390000003,-1.0341870785,0.0691403002,0.4158145487,0.0019413978000000001,0.088957116,-0.19310389460000002,-1.0206005573,0.1047091633,0.3614376783,0.032893575700000004,0.11831106990000001,-0.1955526173,-0.9848236442,0.0502018631,0.33107575770000003,0.0087486729,0.039305463400000004,-0.23613074420000002,-1.0204907656,0.09949715440000001,0.33238533140000004,-0.0156277791,0.0780087411
8,97.514089,97.94726,97.514089,0.4815710783,98.5057754517,0.48375108840000003,98.3602142334,0.48894539480000004,98.2868118286,0.47249138360000004,98.1811141968,6.82749,7.25101,6.82749,0.2999103665,7.2606401443,0.340244472,7.2683367729,0.3662412465,7.1268920898,0.22993460300000002,7.1769075394,-0.372593,-0.378515,-0.372593,0.0046871961,-0.36365771290000004,0.005693194,-0.3620036542,0.0082509751,-0.3608880043,0.0134935947,-0.3581821918,113.496201,109.101656,113.496201,-0.0362344235,113.2300796509,0.0587921739,113.2761993408,0.0561833084,113.080078125,-0.1988696456,113.1597671509,0.796923,1.032812,0.6812596039000001,-0.2652144843,-0.3172260118,0.2253498435,0.8677909374,-0.13869944210000001,-0.4894424081,-0.2227048874,-0.49091672900000005,0.1475947648,0.8559826612,-0.200114131,-0.5501471758,-0.1873887777,-0.4826264381,0.0861313641,0.8500151634,-0.1878859252,-0.46154117580000004,-0.1438527852,-0.4843021631,0.11162044110000001,0.8897815943,-0.18268389999999998,-0.4211074114,-0.1618863642,-0.5108983517
9,97.31343,97.996722,97.31343,0.46153274180000003,98.2750854492,0.4582764506,98.1588668823,0.47364085910000003,98.1651000977,0.4458711743,98.1332473755,6.535136,6.873312,6.535136,0.2914330363,7.1244840622,0.3612665534,7.0366668701,0.4079913497,7.0210638046,0.38902235030000004,7.0395789146,-0.37746,-0.365631,-0.37746,0.0055249212,-0.3799764514,0.0069969776,-0.38157308100000004,0.0080347843,-0.3777515292,0.0128641147,-0.3756106496,113.532274,114.185633,113.532274,-0.1224905849,113.3521270752,0.7353355289,113.0681762695,-0.033931911,113.4974899292,-0.4079381824,113.7339324951,1.057196,1.005178,0.12987589700000002,-0.6010603205,0.859954992,0.1347334385,0.3134517372,-0.12301461400000001,-0.8556141853,0.0626036897,0.9459775686,0.1052737534,0.3041063547,-0.1359274983,-0.8368095160000001,0.19891044500000002,0.9975208044,0.1463655978,0.31035560370000004,-0.1089355424,-0.7279906273000001,0.1592625082,0.9377087355,0.1763183177,0.3105697036,-0.2072865069,-0.7967993617,0.2223017216,1.0263137817
10,97.079239,97.891584,97.079239,0.4482501447,98.12059021,0.4460427165,98.0034790039,0.428673923,98.0074539185,0.4498627186,98.0951538086,6.63605,6.977403,6.63605,0.28048512340000004,7.3491597176,0.33881682160000004,7.0324077606,0.3457493484,7.385433197,0.3297133148,7.1106562614,-0.379708,-0.368407,-0.379708,0.006521288300000001,-0.3775803149,0.010019643200000001,-0.3762029409,0.0117827374,-0.37507021430000004,0.0139282122,-0.3775238991,112.077288,113.351322,112.077288,-0.0122046173,111.1967163086,0.060553073900000004,111.4277648926,0.3961515725,112.0425338745,-0.044532716300000004,111.7768249512,0.896502,1.054196,0.7446715739,0.0964284166,0.4897768515,0.1764842868,0.9516716003000001,-0.0103100389,0.16128978130000002,0.0453379415,0.6384691596000001,0.1423976868,0.9462106228,0.10509514810000001,0.23964273930000002,-0.0647440702,0.5231363773000001,0.1419516802,0.7666907907,0.0917563587,0.1971607804,0.0665621012,0.57330513,0.13704997300000002,0.9695615172000001,0.11380059270000001,0.1756074578,0.0222876668,0.4962687492
11,96.936121,97.71011,96.936121,0.38085991140000003,98.2554092407,0.3706659675,98.241394043,0.43858239050000003,98.1924209595,0.40170094370000003,98.145401001,6.345969,6.781807,6.345969,0.1886055022,7.1145925522,0.2663878202,7.0574007034,0.1910119057,6.8113546371,0.1943282187,7.0510883331,-0.377834,-0.355718,-0.377834,0.0044572824,-0.3796517253,0.0056817527,-0.38021543620000003,0.0059400965,-0.38204386830000003,0.009305248,-0.3796415627,112.459901,114.924069,112.459901,0.0738705918,110.9636535645,0.120182097,111.3585662842,-0.1467916965,111.6859741211,-0.6302101016,111.9884185791,0.657985,1.398698,-0.18533576100000002,0.5935035925000001,0.2152877535,-0.0261273757,-0.3101100922,0.1755942702,0.8023713827000001,0.1238022968,0.12277075650000001,-0.1448671818,-0.2258450985,0.1730645597,0.8440003991,0.0570579208,0.19522885980000002,0.0172571205,-0.20386056600000002,0.1583128422,0.8796433210000001,0.0498519652,0.18490542470000002,-0.065811649,-0.15053257350000002,0.21067844330000002,0.8470349312000001,0.00592086,0.152568236
12,97.161436,97.775803,97.161436,0.4183709621,98.4038162231,0.4258180559,98.3196258545,0.43840664630000004,98.2620010376,0.41298168900000004,98.1935882568,6.467596,7.336728,6.467596,0.24127809700000002,7.6893596649,0.2733981609,7.538310051,0.22157770400000001,7.2135467529,0.2223626971,7.2941203117,-0.358296,-0.369892,-0.358296,0.0052517103,-0.35534814000000003,0.0066004349,-0.35776978730000003,0.0082765808,-0.36049330230000004,0.0045316257,-0.361720264,114.229285,113.410062,114.229285,0.162383765,112.3199691772,-0.071838975,113.1376342773,-0.5134280324,112.5082931519,-0.2681257725,112.9433288574,0.53995,1.212803,-0.4529888972,0.25821756020000003,0.1402508133,-0.1406453103,-0.7697433829,0.058931578000000005,0.4764969349,0.0343739465,0.15981742740000002,-0.27220302820000003,-0.6358687282000001,0.14436855910000002,0.4066196084,-0.0631270334,0.123764962,-0.19315363470000002,-0.7477266788,0.0973590165,0.3843376935,0.0220458582,0.11320301890000001,-0.1984691322,-0.7106990814,0.0952095017,0.3923560083,-0.013416439300000001,0.024310708
13,97.316922,98.018258,97.316922,0.45145198700000005,98.4612731934,0.455275178,98.3752441406,0.47404304150000004,98.3173522949,0.48861330750000004,98.2896881104,6.574529,7.150883,6.574529,0.234148711,7.4135437012,0.3776385188,7.2596712112,0.2652287185,7.2602148056,0.2401795089,7.2842946053,-0.360124,-0.383831,-0.360124,0.0045240331,-0.35682636500000003,0.0041816598,-0.3567001224,0.0058485433,-0.35412532090000004,0.0052514174000000005,-0.3545907736,113.453624,111.882779,113.453624,0.1710817814,112.6787490845,-0.0183541328,112.9083786011,-0.1413940787,112.7758026123,0.1172396243,113.0026626587,0.61902,1.010581,-0.5086163545,0.3083937073,-0.1714317316,-0.1657640785,-0.7128004432,0.0504443459,0.31627607350000003,-0.058340393000000004,-0.2127246112,-0.1567686349,-0.7287242413,0.0488299057,0.3087309599,-0.0966069177,-0.3392310143,-0.1663220823,-0.6872202158,0.0166760534,0.25667750840000003,-0.058288130900000006,-0.2822931409,-0.19789543750000002,-0.7187488079000001,0.0031138018,0.3491789699,-0.09019494060000001,-0.2726295888
14,97.157046,97.525642,97.157046,0.4348547459,98.245803833,0.4071574509,98.1053237915,0.44012519720000004,98.1289138794,0.4323029518,98.1335830688,6.709158,7.154514,6.709158,0.335694015,7.4232087135,0.3379150629,7.4293756485,0.2585427165,7.2341761589,0.257917136,6.9998250008,-0.357569,-0.370427,-0.35756899999999997,0.0033162562,-0.3584797382,0.0034659319,-0.3596636057,0.0034934352,-0.35425511,0.009575652,-0.356923759,115.983531,110.785637,115.983531,-0.0521293133,114.2507781982,-0.39842486380000003,114.2530517578,-0.39213633540000004,113.8747634888,-0.5928658843,113.9495315552,0.626254,1.02223,0.020458185400000002,-0.6071076884000001,0.15230200500000002,-0.023784812500000002,-0.1246912926,-0.1886841059,-0.7417730093,0.087959297,0.1774729192,0.0293919705,0.064216271,-0.17875579,-0.7397612333,0.0353999771,0.1147127002,-0.0682879835,-0.0463181287,-0.18036432560000001,-0.8076323271,0.0305605382,0.2077660859,0.006942967,-0.1573510468,-0.24081079660000002,-0.9754157066,0.1073978171,0.3019392192
15,97.287539,97.761791,97.287539,0.4349200428,98.4089889526,0.4107871652,98.3369903564,0.4643036723,98.3285064697,0.4345955849,98.2600021362,6.744003,7.167992,6.744003,0.1912204623,7.2914113998,0.2845188379,7.3464779854,0.28352782130000004,7.2549915314,0.2457429469,7.2136254311,-0.368627,-0.380134,-0.368627,0.0047828401000000005,-0.363966763,0.0062652016,-0.3628678322,0.007984985600000001,-0.3619743288,0.0117849335,-0.3600874543,113.223386,110.198487,113.223386,-0.3695403337,113.6404800415,-0.1256279647,113.7622909546,0.1263095737,113.339225769,-0.36992138620000004,114.4301452637,0.659176,0.984656,-0.5430062262,0.0950660527,0.3614141967,0.0117390752,-0.6853760481000001,-0.0942638591,0.0388683602,0.13561773300000002,0.5373802781,-0.1148810685,-0.6208262444,-0.048594456200000004,0.1122227684,0.1175667197,0.5146745443,-0.0131417103,-0.6396820545,-0.0367993899,0.034704737400000005,0.1284351796,0.4768624306,-0.1148308814,-0.6468837261,-0.0744528174,-0.010580986700000001,0.16427034140000002,0.4602971375
16,97.400323,97.986415,97.400323,0.4523100853,98.4503326416,0.4651435018,98.3712463379,0.4877171516,98.3991241455,0.4469386339,98.3731384277,7.089869,7.631774,7.089869,0.2206764817,7.3340363503,0.1881037951,7.1213965416,0.16996976730000002,7.0077695847,0.2165328562,7.1442089081,-0.348741,-0.351632,-0.34874099999999997,0.0042552273,-0.3500197232,0.0045787143,-0.3484380245,0.0060214945,-0.3479687274,0.0070557143,-0.3495216966,116.590865,115.228266,116.590865,-0.2967122197,115.7361221313,-0.37282902,115.7325439453,-0.0362745821,115.7786941528,-0.1816523075,115.9975204468,0.584012,0.749039,0.23686819250000002,0.2296869232,-0.4818795174,0.0845472515,0.4494949281,0.0712566078,0.3878273666,-0.0312796682,-0.5171242952,0.1415899247,0.46805423500000004,0.1325900704,0.3133864999,-0.1098489463,-0.5611093044000001,0.12243600930000001,0.4381735027,0.0409078114,0.2590146661,0.0379261747,-0.503657341,0.09176539630000001,0.40852540730000003,0.08634206650000001,0.33690404890000003,-0.0550987124,-0.4486269653
17,97.301657,97.509878,97.301657,0.4185862541,98.25365448,0.40341311690000003,98.1375198364,0.41464704280000003,98.1735610962,0.4339862466,98.1470870972,6.305141,6.81334,6.305141,0.1298931539,7.2838511467,0.353718996,7.1937184334,0.2968078554,6.9062604904,0.31222531200000003,6.695183754,-0.3573,-0.379335,-0.3573,0.004924429100000001,-0.35609245300000003,0.0074878442000000005,-0.3565017581,0.0092071062,-0.3597825766,0.0079342434,-0.3606554568,113.004576,110.710882,113.004576,0.012074545,112.9532318115,-0.37290084360000003,113.7309341431,-0.1757895052,113.3463973999,-0.11634743210000001,113.673034668,1.074287,1.065816,-1.0193018359,0.21274444180000002,-0.2643010906,-0.3130236268,-1.4619443417,-0.0289933756,0.2707630098,-0.0239721499,-0.1434599161,-0.3564904332,-1.497396946,0.0345457606,0.2254746258,-0.0789012983,-0.17213279010000002,-0.34317481520000004,-1.4316471815,0.0165337753,0.20157609880000002,-0.0383392349,-0.3311946988,-0.37969875340000003,-1.4572916031,0.039605476,0.28574866060000004,-0.0887946934,-0.323510766
18,97.401019,97.582933,97.401019,0.4256528318,98.3916778564,0.4166121781,98.2885818481,0.44131523370000003,98.2795333862,0.4408339262,98.2506027222,6.814385,6.576172,6.814385,0.221839413,7.7493596077,0.2647861838,7.4587688446,0.1989771128,7.4940347672,0.27118858700000004,7.4886002541,-0.368233,-0.360757,-0.368233,0.0066343406,-0.3620906472,0.0081165126,-0.3614846766,0.0091478648,-0.3615927994,0.0054891263,-0.3651159108,111.208991,114.03352,111.208991,0.0117458925,109.6159744263,0.2111793756,110.0703201294,0.5789903402000001,109.8007354736,0.19502833490000002,109.6334075928,0.883719,1.351005,-0.7571063473,0.22673059550000002,-0.3954026318,-0.0455797687,-1.0161395073,-0.0305656306,0.2804903984,-0.2112893164,-0.6489949226,-0.17667049170000002,-0.9865960479,0.0270672664,0.2722940743,-0.2170991153,-0.5880706906000001,-0.17637254300000002,-0.9582316279,-0.0483609885,0.3208987713,-0.1346658766,-0.6066541672,-0.1577820331,-0.9378685951,0.0462872908,0.3171410561,-0.1758921295,-0.5643299222
19,97.647358,97.522346,97.647358,0.4038768411,98.5237884521,0.392249167,98.5075531006,0.3796856403,98.5084152222,0.3960336149,98.5021438599,6.771389,6.913814,6.771389,0.2825521231,7.0969443321,0.2840998173,7.3018255234,0.3502760231,7.0650606155,0.31180089710000003,7.0787000656,-0.389844,-0.359103,-0.38984399999999997,0.0065436908,-0.3849309087,0.0081327138,-0.38871157170000004,0.0099855484,-0.392223537,0.0083931703,-0.3926701546,110.121613,114.08768,110.121613,-0.2924579382,109.3883972168,-0.1546641588,109.4748382568,-0.2946606874,109.5311660767,-0.1732171774,109.778968811,0.769258,0.968339,-0.0320268155,-0.7407149308000001,-0.2051194379,-0.0177947842,-0.052647352200000004,-0.2731231153,-1.0604481697,-0.17066639660000002,-0.24419650440000001,0.0236490164,-0.018775031,-0.34103688600000004,-0.9840738773000001,-0.2031311393,-0.4631446004,-0.0779777467,0.014867484600000001,-0.2484170943,-0.9836908579,-0.1792924106,-0.3555748463,-0.050098598,-0.0569722801,-0.2750123143,-1.1074655056,-0.12572865190000002,-0.26480078700000004
20,97.344648,97.644361,97.344648,0.4486621618,98.351890564,0.44166162610000004,98.3174972534,0.3978607953,98.3355789185,0.43421164160000003,98.3259735107,6.72782,6.690972,6.72782,0.2009907961,6.8512401580999995,0.2733207345,7.0252919197,0.3336262405,6.8645458221,0.3976916969,6.8786058426,-0.380171,-0.352195,-0.380171,0.006906946200000001,-0.38208591940000003,0.009455777700000001,-0.3833243847,0.0119433273,-0.3838605285,0.0089697931,-0.3869619668,110.695387,115.712906,110.695387,-0.1479971111,110.1380615234,0.2189950943,110.1340560913,0.6897681355,110.396522522,-0.026810824900000002,110.9247665405,0.510666,1.037624,-0.2807084141,-0.42622579460000004,0.017731618,-0.029522055800000002,-0.30838966370000004,-0.1653474718,-0.6522635221,-0.0010731734,-0.032516844600000004,-0.10515480490000001,-0.34849995370000003,-0.1283170134,-0.6324592233,0.0030189715000000002,0.057568565,-0.0841926038,-0.3725365996,-0.0496101975,-0.5494081378,-0.10497388240000001,-0.060941427900000004,-0.0495926589,-0.42769420150000004,-0.19369158150000002,-0.6039582491000001,-0.0206710845,-0.0207997933
21,97.416758,97.869798,97.416758,0.37093257900000004,98.5304641724,0.361476481,98.5598983765,0.3078868985,98.5645217896,0.3782605827,98.5198440552,7.066038,7.018077,7.066038,0.24098134040000002,7.0558757782,0.26887547970000003,7.1680760384,0.2822746336,7.1774530411,0.32346555590000003,7.170730114,-0.408952,-0.37407,-0.408952,0.0057531092,-0.4099263251,0.006494341900000001,-0.41157865520000003,0.007726221300000001,-0.41673499350000004,0.0042329608,-0.4219388962,110.127741,113.308829,110.127741,-0.3727431297,109.0031204224,0.049844503400000004,109.0963516235,0.0457426757,109.1323776245,0.0074352622,109.3648300171,0.459585,0.852507,-0.36214062810000003,-0.2586332943,-0.1148094983,-0.11297679690000001,-0.43967443700000003,-0.1216595396,-0.4529331326,-0.0505532324,-0.1379199922,-0.1036181077,-0.3227528632,-0.1269529462,-0.3708268404,-0.1989447623,-0.298951745,-0.0705857128,-0.2952177823,-0.0916523784,-0.2478568405,-0.2074816227,-0.3013284802,-0.06936481600000001,-0.4814923406,-0.08361303810000001,-0.4187508821,-0.1566275209,-0.29718163610000004
22,97.436293,98.047285,97.436293,0.42727452520000003,98.3451080322,0.43558728690000004,98.3065567017,0.44812229280000004,98.3684616089,0.43886893990000003,98.3821792603,6.759701,7.078124,6.759701,0.2415430993,7.1414394379,0.1746308208,6.9084329605,0.1226244345,6.9240226746,0.1227393821,7.0036087036,-0.338917,-0.348168,-0.33891699999999997,0.0032205314,-0.3444259167,0.0034038951,-0.3427634835,0.0031961952000000003,-0.34206789730000003,0.0053636464,-0.34663879870000003,116.56374,115.635056,116.56374,-0.3729269505,116.9346466064,-0.3819455504,116.7964859009,-0.5274727941,116.3832321167,-0.0075461268000000005,116.8928985596,0.536465,1.259696,0.4864010843,0.1880546639,-0.1258726278,0.1071142182,0.6678254604,0.06346371020000001,0.2663434148,-0.0045194291,-0.09523457290000001,0.1210992262,0.6378816366,0.057207901000000005,0.3498838842,0.010029532,-0.07943362,0.0906741917,0.6736509204000001,0.07623782750000001,0.2883782983,0.0164267868,-0.0894837379,0.11214508120000001,0.6564254761,0.062406301500000004,0.2990022302,-0.0413654521,-0.1615269929
23,97.560274,97.699184,97.560274,0.42315551640000004,98.5511627197,0.4289751053,98.4920272827,0.3269866705,98.46144104,0.4083439708,98.4761810303,7.025308,6.919285,7.025308,0.2690159082,7.4161143303,0.2980960608,7.5480070114,0.33604070540000003,7.5545215607,0.343221873,7.4875321388,-0.403088,-0.392737,-0.403088,0.0070280256000000004,-0.3938885331,0.0079882704,-0.3932825029,0.010295908000000001,-0.3984578848,0.0079369014,-0.4025976658,109.645135,111.976929,109.645135,0.1413942873,109.1904830933,0.2560548782,109.5367660522,0.5088866949,109.3505172729,0.4488908052,109.9261932373,0.496469,0.999345,-0.484508757,0.1019662804,0.0365423458,-0.1834857613,-0.6252759695,0.1081385165,0.052096590400000004,-0.1583315134,-0.20204186440000002,-0.19843320550000002,-0.6686826348,0.0743177533,0.1748529822,-0.0777937844,-0.16297149660000002,-0.1382728815,-0.5873057842,0.0863928944,0.1887023449,-0.065901652,-0.3129662573,-0.1785034537,-0.6554836035,0.1027929932,0.1586031467,-0.0612437502,-0.1675105542
24,97.497975,97.936804,97.497975,0.4378701448,98.3928375244,0.4698625207,98.3853912354,0.4607743025,98.3849716187,0.4589029551,98.4486618042,6.830218,6.734412,6.830218,0.29339313510000004,6.9671549797,0.2745543122,6.9675140381,0.251401484,6.8301696777,0.2179592252,7.0216999054,-0.348927,-0.345236,-0.348927,0.0031711250000000003,-0.3497874439,0.0033195862000000003,-0.3483714163,0.005362257400000001,-0.3499620855,0.0093028964,-0.3542007804,116.802284,118.278964,116.802284,-0.33978813890000004,117.2496795654,-0.3096451163,116.8206710815,-0.2743766904,116.2541275024,-0.1344636679,117.2628707886,0.575898,1.538628,0.31748354230000003,0.0915997192,0.47166984170000004,-0.007579591100000001,0.3211440444,-0.0040859617,0.10022759440000001,0.1460464746,0.5320773721000001,-0.012039376400000001,0.2985726595,0.08803361650000001,0.0919592083,0.18052519860000002,0.6162971258000001,-0.0199679974,0.2489279211,0.0097382143,0.0864551961,0.1485615671,0.5390500426,0.06596446040000001,0.28485557440000003,-0.0022704229,0.1508657038,0.1681298018,0.5977843404000001
25,97.48076,97.690558,97.48076,0.410541296,98.2991409302,0.41337925200000003,98.2608413696,0.4074282348,98.2966842651,0.40239760280000003,98.2270812988,7.020373,7.141744,7.020373,0.22170290350000002,7.0938010216,0.27524274590000003,7.061627388,0.2900623083,7.0858888626,0.3494238853,7.0739154816,-0.402412,-0.371169,-0.402412,0.0068670008,-0.3938333988,0.0082961544,-0.3953951597,0.009947614700000001,-0.39863657950000003,0.0083574541,-0.3943061829,108.037588,110.49367,108.037588,-0.0279974937,108.9198379517,0.0150557607,108.8268203735,-0.1670636535,109.2065887451,0.014658033800000001,109.5873260498,0.602386,0.936293,0.3817738995,0.46511749620000004,0.027995975700000002,0.18179497120000002,0.6453301311,0.1881885231,0.7500883937,0.1030599326,0.2028010935,0.1597167552,0.6187316179,0.1978594214,0.7422149777,0.0609265193,0.2475097179,0.1910391897,0.6281154752,0.2232087255,0.7603189349,0.0375869423,0.19964194300000002,0.1294616908,0.5545150042,0.20169678330000002,0.831392765,0.0585918948,0.1258258522
26,97.472409,97.88062,97.472409,0.3626651466,98.2947769165,0.3895460367,98.2575912476,0.3819829226,98.1846389771,0.3340269327,98.1802597046,6.734496,7.326431,6.734496,0.2482138872,6.7637171745,0.12295396630000001,6.7350640297,0.222913295,6.7050542831,0.239231199,6.7652535439,-0.425649,-0.37132,-0.425649,0.0046144794000000005,-0.4188191295,0.005533813,-0.4189686179,0.005034688900000001,-0.4183079004,0.0028153416,-0.41320288180000003,105.651511,110.752999,105.651511,0.5020585656000001,107.0834884644,0.4415554404,107.340927124,0.2783109248,107.6628417969,0.0622423291,108.0752105713,0.564055,1.029204,0.3490849861,0.3677310576,0.2471265668,-0.0031029582,0.2491878122,0.2430716604,0.5392875671,0.1152740419,0.3919467628,0.08872478460000001,0.2921243012,0.174740836,0.6031917334,0.1783289462,0.2458346784,0.0943777561,0.38573551180000004,0.14313231410000002,0.6333184242000001,0.1399834007,0.43687716130000004,0.1388141364,0.4434890449,0.1570546478,0.6494009495,0.1082624197,0.3655742705
27,97.527438,97.943143,97.527438,0.3956257701,98.5450820923,0.3805263638,98.5430908203,0.3960477114,98.5436859131,0.38879221680000003,98.5041656494,7.000078,6.80238,7.000078,0.3220399022,7.5008573532,0.206915766,7.443502903,0.252676487,7.3765273094,0.3635780811,7.3365321159,-0.405408,-0.358075,-0.405408,0.0052810479,-0.3958442211,0.0061447253,-0.3958798945,0.0069608674,-0.3994658589,0.007207963600000001,-0.39823418860000004,107.96758,115.091197,107.96758,-0.38771313430000004,108.7191467285,0.0055917054,108.7514190674,-0.08495220540000001,108.5218658447,0.4867786169,108.8629455566,0.841155,0.854728,-0.2518309029,0.6931286164,0.40459306170000003,-0.11297865210000001,-0.4256475568,0.32539483900000005,1.0583838224,-0.0478136018,0.5798027515,-0.11206174640000001,-0.41268464920000003,0.37319263820000004,1.029684782,0.0675935671,0.5236836672,-0.1256801784,-0.36259603500000004,0.3890269697,1.1007288694,0.1042308956,0.6094607711000001,-0.0764682591,-0.319527626,0.2978329062,1.0294414759,0.1747285426,0.6138759851000001
28,97.679234,97.750845,97.679234,0.4331464767,98.5395126343,0.4217153192,98.4954376221,0.3985872865,98.5138473511,0.4101080298,98.3906555176,6.978288,7.011042,6.978288,0.174109593,7.385717392,0.243531391,7.6066174507,0.2801941335,7.3294978142,0.29540637140000003,7.2842850685,-0.382648,-0.358135,-0.382648,0.0065718656,-0.3743274808,0.007352137900000001,-0.3757587969,0.00817848,-0.3772156835,0.0080437381,-0.37809741500000005,112.250607,111.513586,112.250607,-0.1561709195,109.9289093018,-0.2495557964,110.1492156982,-0.1751857996,110.2494277954,-0.5749912858,110.1859817505,0.909867,1.045084,-0.22075260900000002,0.7813092831,0.4107083926,-0.1035540253,-0.18703213330000001,0.3790895939,1.1266136169,0.1536873877,0.5406323671000001,0.0300088115,-0.2308098525,0.30610460040000004,1.1175301075,0.1004858613,0.5532125235,-0.007305519700000001,-0.1704263091,0.2316747308,0.9863285422,0.1131342575,0.4699552953,0.0005142782,-0.1196095496,0.2507312,1.0481911898,0.12285349520000001,0.5944407582
29,97.650646,97.557894,97.650646,0.3867616057,98.574432373,0.3855284452,98.5347747803,0.3751695156,98.4289550781,0.3895840049,98.3746414185,6.864363,6.797463,6.864363,0.2942590714,7.1368165016,0.2265596241,7.2062749863,0.2436047792,7.1930675507,0.2704298496,7.1777029037,-0.404024,-0.348972,-0.404024,0.006437812,-0.3950269818,0.0069728065,-0.3965871334,0.007536863,-0.40094947810000003,0.0049980665,-0.3973694444,108.859346,114.794769,108.859346,0.3440384269,109.3231658936,0.4527562261,109.0530090332,0.2150168121,109.3283691406,0.9374831915,109.5888061523,0.658826,1.560444,0.0031534708,0.5274887665,0.3947111958,-0.1092687324,-0.2215894908,0.2479288131,0.8887764812000001,0.11487104740000001,0.4397072792,-0.0759494007,-0.07963315400000001,0.21799136700000002,0.9063446522,0.155021295,0.45909452440000004,-0.059073232100000005,-0.1242555156,0.2646068633,0.8771260381,0.19501049820000002,0.4874489903,-0.010781839500000001,-0.0968519151,0.185994193,0.8088353276,0.1641971171,0.5885418653
30,97.626816,97.899699,97.626816,0.41982838510000003,98.3431472778,0.4268277884,98.3618392944,0.40449595450000003,98.3434753418,0.39585366850000003,98.3284988403,7.022809,7.383791,7.022809,0.22644990680000002,7.203066349,0.2974057794,7.1516661644,0.29251512890000003,7.2327718735,0.393894434,7.3280968666,-0.387442,-0.364613,-0.387442,0.008352069200000001,-0.3868390322,0.0100227762,-0.3873406649,0.010744134,-0.3903909922,0.0084078368,-0.39213061330000004,109.984614,112.688964,109.984614,-0.11609069999999999,109.4937362671,0.1352226138,109.2473983765,0.3341870308,109.6029815674,-0.1443499923,110.1757202148,0.603579,0.981881,0.0277448348,0.26406131790000004,0.5420424113,-0.08193665,-0.0712956488,0.18179592490000002,0.5907903910000001,0.2134924829,0.644067049,0.0088695697,-0.0545929223,0.14517207440000002,0.5663365126000001,0.1778450906,0.6216549873,0.0431743003,0.0826788917,0.1412265003,0.5194756985,0.1383679211,0.6984918714,0.020131807800000002,0.106343329,0.16724011300000002,0.5503991842,0.1928434074,0.7991757989
31,97.31298,97.846683,97.31298,0.38975957040000003,98.220451355,0.4018164873,98.2015609741,0.3735016584,98.1639556885,0.33913800120000004,98.0925292969,6.618668,7.038107,6.6186679999999996,0.2512126565,7.2470383644,0.1041695252,6.9540491104,0.2406146526,6.9888877869,0.21653702860000001,6.9651198387,-0.414033,-0.357676,-0.414033,0.0057885265,-0.408928901,0.0073671429,-0.4100902677,0.0070879967,-0.41235858200000003,0.005987178100000001,-0.4164252579,107.927027,113.900015,107.927027,0.1616130173,107.6362075806,0.3041871786,108.1675720215,0.6159800291,108.6489334106,0.4216279685,108.3973922729,0.542481,0.713283,-0.2605617569,0.2539081297,0.4023976347,-0.034662492600000004,-0.48190397020000003,0.1667874008,0.4275897443,-0.0387387685,0.4483520091,-0.08480949700000001,-0.3172180653,0.0907856375,0.47245448830000003,0.1480962783,0.4821722209,-0.069829233,-0.4402323663,0.10751834510000001,0.4043754935,0.0885584578,0.6595388055,-0.0645219758,-0.371876806,0.1085438132,0.41917002200000003,0.24015966060000002,0.5747420788000001
32,97.631762,97.672375,97.631762,0.41179701690000003,98.4511032104,0.4029351473,98.47681427,0.3640182316,98.5018539429,0.3676971793,98.5087509155,6.876785,6.774604,6.876785,0.30522447820000004,7.4197220802,0.1707795262,7.0514574051,0.35994297270000003,7.1837091446,0.2914092243,7.2866029739,-0.408168,-0.34591,-0.408168,0.007100407,-0.4018266499,0.0085969288,-0.4042943418,0.0098626902,-0.4100834727,0.0060165958,-0.4139517546,107.593341,113.901221,107.593341,-0.1585800201,107.7627487183,0.9099050164,107.7406387329,0.375426352,107.7377624512,0.2703619897,107.8139648438,0.327635,0.83002,-0.2093212761,0.23187511700000002,0.0988105601,0.0066766739,-0.2880889475,0.2712841332,0.5565074682,0.0601598993,0.1024072766,-0.0290047899,-0.1383630335,0.1852220595,0.46068519350000003,0.0413701795,0.1442531049,0.0208697356,-0.23223702610000002,0.1214669421,0.5073906779,0.037798386100000005,0.0613838732,-0.08912072330000001,-0.2954410315,0.0961732268,0.48502150180000003,0.10656628010000001,0.2420808971
33,97.188274,97.902621,97.188274,0.4506702721,98.2232666016,0.43573477860000004,98.1854858398,0.4199961126,98.1928863525,0.420589745,98.1711120605,7.024342,6.826898,7.024342,0.2310753763,7.163672924,0.1890647262,6.9924073219,0.2846761942,6.9875264168,0.37668856980000004,7.2122559547,-0.385727,-0.371024,-0.385727,0.0075215395,-0.38257321720000004,0.0103966054,-0.3841522634,0.012350687800000001,-0.38333120940000004,0.0084123574,-0.38571935890000003,109.341409,111.120474,109.341409,0.1065102071,108.8306350708,0.5806517601,109.0835800171,0.34457641840000003,109.3913269043,0.4099020064,109.4467926025,0.431157,0.746494,-0.2234307878,0.3681681879,-0.0206761056,-0.0166502036,-0.26353469490000003,0.2599011362,0.6039583683,-0.008055076000000001,0.0565005243,-0.1030159593,-0.3159658313,0.15335804220000002,0.511955142,-0.023663103600000002,0.0488004088,0.055468693400000005,-0.21293234830000002,0.1941380352,0.49852770570000005,-0.0657022148,-0.0725664496,-0.1213794351,-0.32173228260000003,0.1732177138,0.5442692041,0.058416605,0.0256958604
34,96.987795,97.739314,96.987795,0.404700011,98.1624603271,0.4275887907,98.0702438354,0.38932552930000003,98.0885009766,0.47766026850000004,98.0789871216,6.566812,6.89656,6.566812,0.0967501104,6.9425296783,0.1327820122,6.9431796074,0.2113887966,7.0373091698,0.3066416681,6.9497909546,-0.390256,-0.364984,-0.390256,0.0046285838,-0.38817209010000003,0.006423481700000001,-0.3912025988,0.0088792974,-0.3917995989,0.0058900113,-0.3929246664,110.142958,113.868171,110.142958,-0.1605469733,110.3160934448,0.0634258986,110.4294052124,-0.1118819118,110.5461273193,0.2885048389,110.4518432617,0.854204,0.885869,-0.4856427613,-0.6523700683,-0.2612067914,-0.2486785203,-0.7395443916000001,-0.1847270727,-0.8337138295000001,-0.1996588558,-0.390961349,-0.14848740400000002,-0.6811329722,-0.23429387810000002,-0.8667728305,-0.07458155600000001,-0.4217689633,-0.1859982908,-0.646794796,-0.2000638247,-0.7927511930000001,-0.1078851521,-0.5264953375,-0.18704523150000002,-0.7387862206,-0.2123485953,-0.8015812039,-0.2159797847,-0.45336607100000004
35,97.265264,97.482103,97.265264,0.41177529100000004,98.2195739746,0.4030511975,98.1778335571,0.42251861100000004,98.2080078125,0.40803033110000003,98.1725311279,6.899793,6.854385,6.899793,0.17433986070000002,6.9822301865,0.1624731272,6.8532767296,0.1005902067,6.9380602837000005,0.1319449842,6.8498425484,-0.382995,-0.355721,-0.382995,0.0045134937,-0.38030034300000004,0.006330651200000001,-0.3799600601,0.0058302553,-0.38111567500000004,0.0048229294,-0.37656778100000005,109.037773,113.382418,109.037773,0.1794484854,109.5748062134,0.3540015221,110.2171020508,-0.1090907156,110.062828064,0.5248565078,110.491065979,0.580257,1.29672,-0.3084505749,-0.1378673813,-0.4717508447,-0.1165841818,-0.5513218641000001,-0.014269311000000002,-0.2558085322,-0.19162605700000002,-0.6422482133,-0.1620694101,-0.5039931536,-0.0835860595,-0.1360462457,-0.1966507137,-0.7152098417,-0.0731724054,-0.5577483177,-0.0674096644,-0.1895015538,-0.1939477473,-0.6808661222,-0.1594410241,-0.4457096457,-0.060832195000000006,-0.2608611584,-0.1987349689,-0.6774878502
36,97.330959,97.76881,97.33095900000001,0.4157711864,98.246963501,0.40052583810000003,98.186882019,0.4052333534,98.1374511719,0.4179676175,98.0643615723,6.645291,7.185055,6.645291,0.2166293114,7.1078443527,0.1626523882,6.8638744354,0.1519923508,6.7407102585,0.1509343833,6.7844247818,-0.381963,-0.358719,-0.381963,0.0049630189,-0.3817467988,0.0066676801,-0.3827742934,0.0077604279,-0.3868342638,0.0036115721,-0.38528546690000004,109.513634,114.542072,109.513634,0.33202195170000004,109.6707382202,0.10797725620000001,109.9854660034,0.1465646923,109.8285293579,0.32381632920000003,109.7998504639,0.767261,1.485179,-0.49687843930000003,0.0342301283,-0.5836345263,-0.2586101592,-0.6167802811,0.0428848453,0.0793404281,-0.2652955949,-0.7102751732,-0.2384728193,-0.6622721553,0.0056897141,0.12087519470000001,-0.2855120897,-0.7764068842,-0.1980040818,-0.7269728184,-0.0121615343,0.128562212,-0.2421947122,-0.6349927187000001,-0.191452682,-0.7370070815,0.0215636604,0.0669642389,-0.22452397640000002,-0.6879686713000001
37,97.17848,97.939245,97.17848,0.40685296060000004,98.2909622192,0.4218896031,98.2372665405,0.4391265512,98.227394104,0.4478622973,98.2296829224,6.758703,6.953459,6.758703,0.1707735956,6.7457361221,0.2239664197,6.6752972603,0.0935895815,6.8486871719,0.133242473,6.9428596497,-0.383697,-0.34883,-0.383697,0.0037251706,-0.3874021769,0.0048142364000000005,-0.3910977244,0.0066524353000000005,-0.3905882537,0.0043220511,-0.3909095526,111.554188,115.343549,111.554188,0.0847459584,110.7682189941,-0.1380251646,111.0820465088,-0.1936374307,110.6944732666,0.014260828500000001,111.3591995239,0.854716,1.026484,-0.4678417795,0.3654785063,-0.6148892617,-0.1496666521,-0.5761416554000001,0.1297702342,0.4345898032,-0.3788899183,-0.8154888153000001,-0.1519337296,-0.6565716863000001,0.1189308465,0.5810628533000001,-0.2416192591,-0.8637779355,-0.1268183589,-0.611794591,0.0951559022,0.5638382435,-0.2344158292,-0.8666293621000001,-0.1613919288,-0.6724680066000001,0.14176072180000002,0.43956688050000003,-0.3182761967,-0.9006837606
38,97.677519,97.716166,97.677519,0.4452767372,98.6790008545,0.4444597065,98.6595153809,0.4617109895,98.5655212402,0.4827806354,98.5635757446,6.888488,6.465119,6.888488,0.205152154,7.0982666016,0.17603798210000002,7.0152740479,0.20406207440000002,6.9167795181,0.1756974459,7.1269488335,-0.347292,-0.347469,-0.347292,0.0031842724000000003,-0.3439125121,0.0023824077000000003,-0.340682596,0.0029572346,-0.3405086398,0.008584003,-0.3401446939,117.881586,115.503722,117.881586,-0.3674558401,118.2391052246,-0.2271730006,118.1102752686,-0.2918656468,118.0093612671,-0.0128415227,118.1372909546,0.750058,1.16216,0.3233714016,-0.4460220435,0.509001842,0.1358241886,0.4144884944,-0.1096103638,-0.5000343323,0.1265240312,0.6276659966,0.1674782336,0.4940204322,-0.125731796,-0.5275323391,0.0431914292,0.5847651958,0.1413095891,0.4849860668,-0.0993411914,-0.5547350645,0.1074724793,0.5458678007000001,0.16754403710000002,0.4272311032,-0.0806863159,-0.5219731331,0.0792623684,0.5870705843
39,97.222104,97.7183,97.222104,0.3886577785,98.2251434326,0.3787249029,98.0726928711,0.40135937930000004,98.1435470581,0.42001935840000004,98.060333252,6.891104,7.00857,6.891104,0.2959249914,6.7999744415,0.2051263154,6.7636499405,0.1346769333,6.8793358803,0.2567900121,6.7631053925,-0.383528,-0.339023,-0.383528,0.005072372,-0.3840594292,0.0070401975,-0.3881669044,0.0078651384,-0.38734969500000005,0.0042627188,-0.3898199201,110.411741,118.273732,110.411741,0.13059751690000002,110.7784042358,0.1664910913,110.8293533325,0.0088130385,110.19871521,0.08633607630000001,110.7021026611,0.745024,0.680427,0.2135879108,0.7132461282,0.026859703500000002,0.0826137587,0.2693893909,0.3027427495,1.0301916599,0.0473666862,-0.1608579904,0.12688556310000002,0.3261720836,0.3587438464,1.079220295,-0.0113981515,0.0549308732,0.1394820511,0.2899314165,0.27348640560000004,0.9731073976000001,0.0320698358,0.12964272500000001,0.08632567520000001,0.3513450027,0.3564280868,1.0389555693,-0.0087914644,-0.008226811
40,97.231924,97.87049,97.231924,0.4585856199,98.2628250122,0.455008328,98.2299728394,0.44851887230000004,98.2191009521,0.46462839840000003,98.1801605225,6.784574,6.761696,6.784574,0.2451294363,7.1632165909,0.3065700531,6.9400281906,0.2606176734,6.8267641068,0.2795369327,7.1475400925,-0.365144,-0.345328,-0.36514399999999997,0.0051443661000000005,-0.3679692745,0.0062119644000000005,-0.3690848947,0.0080359969,-0.3696607053,0.0072992099,-0.3688644171,112.213095,116.763145,112.213095,-0.11471034590000001,111.2516937256,0.10548676550000001,111.4250946045,-0.3300098181,111.6700668335,0.0225220323,111.8303833008,0.819166,1.43128,-0.0354738349,0.8162862307000001,0.058746563,-0.0252828598,-0.0410463363,0.4489089549,1.1010651588,0.0960132033,0.1626137942,-0.0695922896,-0.0913629383,0.3293972015,1.1577944756,0.11268861590000001,0.23143535850000002,-0.0322631598,-0.1632389873,0.2841819823,1.0344568491,0.0831944421,0.21198807660000002,-0.0320846029,-0.1625728756,0.3168544471,1.1245998144,0.07943397020000001,0.1154237315
41,97.326367,97.95484,97.326367,0.4102267623,98.3570861816,0.4041239619,98.30834198,0.40014335510000004,98.3738632202,0.4703769982,98.3520431519,6.855893,7.15686,6.855893,0.1736490726,6.9162511826,0.1542829722,6.9074621201,0.2089244425,7.0112524033,0.31177866460000003,6.9033064842,-0.378093,-0.358973,-0.37809299999999996,0.0047683371000000006,-0.3804042339,0.0064994562,-0.38380396370000003,0.0081703821,-0.3831532896,0.0047760173,-0.3830824494,112.052307,114.130031,112.052307,-0.1542103738,111.4794158936,-0.07438060640000001,111.468208313,-0.0030395985000000003,111.2266921997,-0.0271929502,111.7113342285,0.796178,1.101518,-0.0906720169,0.7763929882,0.1513019212,-0.0647212565,-0.035409607,0.3666292727,1.026106596,0.135745585,0.2423441708,-0.0920508653,-0.1696065068,0.4211274385,1.1456633806,0.1690862775,0.2611603141,-0.0662575066,-0.2111853957,0.29453808070000004,1.0056796074,0.12941657010000002,0.313157618,-0.060224264900000005,-0.11067716030000001,0.3502413332,1.0531977415,0.0690524504,0.2841025293
42,97.236079,97.94893,97.236079,0.3779599369,98.3055496216,0.3607085943,98.2754440308,0.4079490006,98.2874298096,0.4132536054,98.331413269,6.787852,6.890923,6.787852,0.1255659461,6.8969511986,0.1908189505,6.8350672722,0.1128725186,7.004336834,0.1751137376,6.9020290375,-0.3947,-0.365155,-0.3947,0.0044640368000000005,-0.3999966681,0.0050570387000000005,-0.4020223618,0.0043165321,-0.4002500772,-0.00024122650000000002,-0.39929503200000005,109.614103,113.437969,109.614103,-0.0154540539,109.64012146,0.130336374,109.931098938,-0.13986530900000002,109.6154556274,0.1641587615,109.7607421875,0.848888,1.085685,-0.18337169520000002,0.8105530972,-0.173172672,-0.028790762600000002,-0.092325896,0.2073520422,1.1568086147,-0.1282842159,-0.2631461024,-0.030615896000000004,-0.2421683967,0.3380675316,1.1487567425,-0.11928068850000001,-0.1936637908,-0.073539719,-0.2540587187,0.2894172668,1.1394652128,-0.0647833943,-0.17129582170000002,-0.0431915447,-0.1753151566,0.3451146483,1.0986802578,-0.055614721000000006,-0.23163010180000002
43,97.424634,98.032363,97.424634,0.41395491360000003,98.4033584595,0.4211396277,98.4542999268,0.4216088355,98.3931350708,0.4529908299,98.3279571533,7.002885,7.187612,7.002885,0.15398329500000002,7.2907919884,0.1932720393,7.2384653091,0.1555910707,7.2491779327,0.1366791725,7.1859731674,-0.345305,-0.350059,-0.345305,0.0029073255000000003,-0.3462589383,0.0027201166,-0.3433306813,0.0036884274000000003,-0.3464946747,0.008637775700000001,-0.3453264236,117.993807,116.247697,117.993807,-0.43215090040000004,117.6315612793,-0.3363754749,118.3161621094,-0.3614122272,117.9429855347,0.0999801755,118.1023712158,0.668423,0.757861,-0.3871849605,-0.47125720590000003,0.2734855419,-0.1050117314,-0.5085445642,-0.1040906385,-0.7325171232000001,0.0772925392,0.2480438203,-0.0292457659,-0.45269206170000004,-0.0438767523,-0.4955864847,0.0147555098,0.2804681063,-0.045412555300000004,-0.4691291749,-0.0853864402,-0.5809727907000001,0.0587410182,0.2892627418,-0.0740993246,-0.4382432103,-0.0847299844,-0.4669846594,0.0475001857,0.2364090979
44,97.283528,97.768108,97.283528,0.3696632385,98.2644882202,0.3644170463,98.2379455566,0.3995497823,98.2729568481,0.39490982890000004,98.2349853516,7.116182,6.64663,7.116182,0.1873040795,6.9547576904,0.333717525,6.6953287125,0.1999703944,6.9553394318,0.24969962240000002,7.0003175735,-0.380969,-0.35124,-0.380969,0.0065324288,-0.384090215,0.0081901206,-0.385242939,0.008445387700000001,-0.3843488097,0.0035073766,-0.38526266810000004,109.767647,115.394641,109.767647,0.1009970233,110.5725250244,0.5744795799,110.6319732666,0.3063428402,111.1231231689,0.419464618,111.1307144165,0.60613,0.769508,-0.0938511422,-0.1450323642,-0.5809919903,0.0286578275,0.0475697964,0.0025417265,-0.09970171,-0.1739580929,-0.8140372634,0.1044340208,0.0195738375,-0.0978573039,-0.2292676568,-0.11374443020000001,-0.7308495045000001,0.0680932105,0.0224264562,-0.030182151100000002,-0.1670205146,-0.09917723390000001,-0.6939842701000001,0.0467936136,0.0675133914,-0.0545257404,-0.1374590546,-0.1820219606,-0.7486867905
45,97.178569,97.890253,97.178569,0.3887731433,98.3388595581,0.38968586920000003,98.2982635498,0.40931850670000003,98.2578659058,0.4181528986,98.2737426758,6.587428,6.894855,6.587428,0.16007182,6.8103728294,0.1832968891,6.9005250931,0.17423149940000002,6.8838157654,0.1564758122,6.7397127151,-0.394833,-0.35903,-0.394833,0.0060836989,-0.39389410610000003,0.007703092900000001,-0.3973289132,0.0094627216,-0.39868891240000004,0.0054531815,-0.4029977322,112.338985,113.330384,112.338985,0.428160429,111.1657485962,0.6277911067,111.0405960083,0.36201131340000003,111.3682479858,0.329841435,110.874130249,0.682158,0.922649,0.2858323736,-0.048086073800000004,0.6175167605,0.0387944989,0.32611888650000004,0.1065942571,0.1023279279,0.2250827849,0.7341082096,0.0378796011,0.3319841623,0.0745663047,0.10792112350000001,0.1696016937,0.6549578309,0.0835982561,0.3617767692,0.0870953202,0.0933203697,0.1988574713,0.6946460605,0.040247544600000004,0.3041982055,0.0489707775,0.1403067708,0.1579166651,0.7648067474
46,97.32077,97.604214,97.32077,0.44611909990000004,98.3103027344,0.44681513310000004,98.3592147827,0.4629388452,98.3963470459,0.4630581439,98.4039154053,6.520851,7.061112,6.520851,0.1695717871,7.1794743538,0.2811723351,7.0838088989,0.2520516813,7.0955681801,0.24966081980000002,7.1359872818,-0.379974,-0.366403,-0.379974,0.0068109599,-0.38019678,0.0079390574,-0.3824663162,0.008592246100000001,-0.3830208182,0.0044054766,-0.38906481860000003,112.165588,112.06939,112.165588,0.0894705877,110.948890686,-0.0549646616,111.157333374,-0.0677260756,111.36277771,0.33883473280000004,111.1379241943,0.657883,0.997711,-0.0782196599,-0.053320514000000006,0.651036955,-0.0280269533,-0.1365294605,0.010691747100000001,-0.0188523531,0.2154018581,0.9859563112,-0.0771262422,-0.13886693120000002,0.0273733884,0.0062363595,0.15189348160000002,0.8935406208000001,-0.06268966940000001,-0.1158542708,-0.0185947679,-0.0859207213,0.1723840535,0.8996890187000001,-0.0539784878,-0.09286533300000001,0.033988885600000004,-0.0290974081,0.1975333095,0.9365637302
47,97.400171,97.780463,97.400171,0.392103821,98.4639816284,0.39947068690000004,98.4883499146,0.4209231436,98.5065612793,0.4353276193,98.4640960693,6.170587,6.82323,6.170587,0.0916552991,6.7769756317,0.18175747990000002,6.889134407,0.128698051,6.8658876419,0.0983197391,6.9154510498,-0.376682,-0.3721,-0.37668199999999996,0.005789499300000001,-0.3742350042,0.0072509702,-0.3774985075,0.0082653938,-0.38006123900000005,0.0052674077,-0.3809432983,113.545908,113.834993,113.545908,-8.80957e-05,111.9277038574,-0.027236804400000002,112.2537689209,-0.5532656312,112.6328964233,-0.1707491875,112.4617843628,0.592603,0.769677,-0.12520849920000002,0.177504036,0.5513556651,0.0013530329,-0.0959783345,0.09350923450000001,0.3245604634,0.2213834822,0.7040897012,-0.0241017528,-0.043794602200000005,0.0671126246,0.3121656775,0.16866739090000002,0.6760880351,-0.0156819355,-0.0879844278,0.0400955975,0.2756513655,0.1194815114,0.6766535044,-0.013391505900000001,-0.0748323202,0.1361349076,0.3172222376,0.1232658252,0.6628240347000001
48,97.218194,97.744865,97.218194,0.4436069727,98.3428878784,0.442102313,98.295753479,0.44240134950000004,98.3510971069,0.4630345106,98.2662200928,6.679621,6.865145,6.679621,0.12176147100000001,7.213912487,0.2371695936,7.193444252,0.2452194989,7.0173363686,0.29372996090000003,6.950717926,-0.377084,-0.355247,-0.377084,0.005676141500000001,-0.374640733,0.0075497418,-0.37701845170000003,0.0090783769,-0.38081642990000003,0.0076591168,-0.3816099465,111.633487,114.90061,111.633487,0.0506539643,110.9531402588,-0.2127170563,111.2570648193,-0.2157989144,111.6326217651,-0.3863366246,111.7034301758,0.571403,0.900904,-0.46490774760000003,-0.28421029810000004,-0.1720075166,-0.22993011770000002,-0.5641848445000001,-0.21758794780000001,-0.47371882200000004,-0.0877118632,-0.15750411150000002,-0.1179856881,-0.6200664639,-0.17165024580000002,-0.4294480979,-0.0017074198,-0.24824780230000001,-0.1150183827,-0.4815099239,-0.1057308391,-0.4483812749,-0.1024407372,-0.21825030450000002,-0.162299037,-0.6496274471,-0.17468787730000002,-0.459954083,-0.0179075543,-0.2683997154
49,97.497957,97.559775,97.497957,0.4418394566,98.436630249,0.44414764640000004,98.4197311401,0.4465572834,98.4292221069,0.4437921345,98.364616394,7.161672,7.522175,7.161672,0.1893508136,7.2860798836,0.1858086586,7.2128839493,0.1868751049,7.1590061188,0.14210112390000001,7.1318583488,-0.358829,-0.356604,-0.358829,0.0039281696,-0.3589393198,0.0032595927,-0.35676136610000003,0.0032955345000000003,-0.3606481552,0.0070823734000000005,-0.3596994281,115.917396,113.878247,115.917396,-0.3047140837,115.5468673706,-0.36011999850000004,116.0269165039,-0.26105356220000003,115.7963867188,-0.5624577403000001,115.5924453735,0.752659,0.940207,0.5690241582000001,0.2044098811,-0.44824463340000004,0.11426153030000001,0.6201015711,0.0974805504,0.2645145655,-0.1134714037,-0.5136287212,0.0582192875,0.6875114441,0.0389749184,0.22165524960000002,-0.1229625493,-0.544844687,0.1013710797,0.6962760687,0.0457195342,0.25260359050000003,-0.1018518358,-0.5066499114,0.1080329716,0.6668072939,0.062416151200000006,0.293184638,-0.1494050622,-0.6471796036
50,96.95609,97.903868,96.95609,0.34523555640000003,98.2977828979,0.32473468780000003,98.1608352661,0.3751401305,98.173034668,0.34716504810000004,98.1828460693,6.472044,7.207042,6.472044,0.2123000771,6.9878592491,0.33933490510000003,6.7217025757,0.20944312210000002,6.7785720825,0.20822039250000002,6.9726939201,-0.39701,-0.36077,-0.39701000000000003,0.0063425871,-0.3964775205,0.009872406700000001,-0.3920302391,0.011090897,-0.388189435,0.0107285958,-0.3835876286,106.383635,113.209763,106.383635,1.3407435417,107.4411621094,0.6300714016,108.5600128174,-0.0047329068000000005,108.4883956909,0.7465354204,108.2565155029,1.098388,1.306086,-0.2589943729,-1.0346092994,-0.2626039127,0.09116502110000001,-0.2086608708,-0.2061140537,-1.1876478195,-0.2074991316,-0.4588608146,-0.015283133800000001,-0.1522291005,-0.2927111387,-1.337859273,-0.19695934650000002,-0.5814844370000001,0.0313807391,-0.2667146623,-0.33381158110000003,-1.396302104,-0.0851592571,-0.397333622,-0.037187174,-0.3079068363,-0.4109859467,-1.3177493811,-0.1195740253,-0.4755946398
51,97.183075,97.970906,97.183075,0.44169214370000004,98.3377838135,0.44376769660000004,98.1588363647,0.4288987517,98.1673660278,0.4482550621,98.1637496948,6.610525,7.026431,6.610525,0.2368067801,7.1610245705,0.34312680360000003,7.2052507401,0.23460209370000001,7.1717319489,0.232637316,7.1350359917,-0.374282,-0.379236,-0.374282,0.0045223278,-0.37090092900000005,0.0049340138,-0.37288385630000004,0.0069482829,-0.372100085,0.0056703859,-0.36971178650000003,111.972702,110.331215,111.972702,-0.0714610517,111.9446563721,-0.0125428438,111.8733901978,-0.0600957572,111.3821792603,-0.067895472,112.2086181641,0.82524,0.886241,0.7109755694000001,0.011138431,-0.41882105280000004,0.3106328845,1.0200971365,0.0896367133,0.1310694516,-0.295424968,-0.5543016195,0.3711823523,1.066059351,0.1262866557,0.10634699460000001,-0.163208887,-0.5648499727,0.2677851021,0.9560836554000001,0.057797327600000004,0.031731985500000004,-0.1571850032,-0.702236712,0.36561903360000003,0.9565025568000001,0.038735345000000004,0.013310320700000001,-0.1597809047,-0.5649231672
52,97.318894,97.674423,97.318894,0.4923262298,98.5329437256,0.4896649122,98.4602584839,0.45100942250000003,98.378074646,0.5118567944,98.2672729492,6.533431,7.101459,6.533431,0.14790633320000002,7.4108247757,0.25656145810000003,7.3019375801,0.27007734780000003,7.1834392548,0.2236634493,7.1419315338,-0.376434,-0.39731,-0.376434,0.0054350737,-0.3690056503,0.0065802028000000005,-0.3689118326,0.0079396851,-0.3737738729,0.0067740469000000005,-0.3753203452,112.056268,107.715054,112.056268,0.3545154929,110.8891296387,0.1127490923,111.3084869385,0.1337680221,111.24193573,0.0814928412,111.3607940674,0.957076,0.95246,0.9388522277,-0.1299667671,0.1328866685,0.2617041171,1.1733663082,0.0685609132,-0.0671892241,-0.0537152812,0.06480214000000001,0.2759507298,1.250767231,-0.0320283584,-0.15525618200000002,-0.0037831524000000003,0.1202383414,0.33296722170000004,1.2515925169,-0.0629942864,-0.16069245340000002,0.025315525000000002,0.1822002083,0.340323925,1.2455999851,-0.0152786067,-0.1323836893,0.0477591679,0.1615853459
53,97.04608,97.612797,97.04608,0.38170081380000004,98.0835418701,0.3687375188,97.9581756592,0.38256889580000003,97.9580383301,0.3958049119,97.9739608765,6.39045,7.196588,6.39045,0.32035523650000003,7.1642532349,0.39469790460000004,6.5514068604,0.2890194356,6.4546737671,0.2266848683,6.7029972076,-0.414879,-0.381837,-0.414879,0.0058501568,-0.406693846,0.008075803500000001,-0.4020868242,0.011152392300000001,-0.3938621283,0.0099916039,-0.3968414664,106.299971,112.324955,106.299971,1.7912026644,106.5785217285,0.43444114920000004,106.7670593262,1.7581262589,106.7701187134,-0.5834117532,107.0595321655,0.780333,1.584048,-0.2500178173,0.2668292201,0.6893572448,-0.2993960083,-0.508027792,0.1341574043,0.38499939440000003,0.3302257061,0.8893529177,-0.20469692350000002,-0.38308677080000003,0.1813927293,0.4692848623,0.2176930755,0.7743165493,-0.1532636285,-0.38831582670000003,0.16409194470000002,0.3953383267,0.2291639298,0.9921878576000001,-0.1770227849,-0.4332362711,0.1354112029,0.4446873069,0.203251794,0.9081376791
54,96.948226,97.472027,96.948226,0.4413656294,98.0470046997,0.4323935807,97.9727249146,0.4082345665,97.8971786499,0.41004186870000003,97.9220199585,6.203708,7.223061,6.203708,0.34997075800000005,7.2330198288,0.3657096624,6.8823060989,0.342768997,6.7181706429,0.2056320012,6.8166618347,-0.395552,-0.368847,-0.39555199999999996,0.0058584544,-0.3990002871,0.0084291631,-0.3961717784,0.0121784955,-0.3931093812,0.0131315617,-0.3952806592,108.174159,110.902162,108.174159,-0.3089516163,107.8458633423,-0.07347518210000001,107.6531143188,0.5419941545,108.755355835,-0.6344805360000001,107.7183837891,0.764509,1.556656,-0.3499681781,-0.3400278156,0.5885379234,-0.2828035057,-0.5104011297000001,-0.221770972,-0.4885372519,0.3346608877,0.6834700108,-0.0518414974,-0.4059478641,-0.155266583,-0.4989122152,0.0848676711,0.7213096619,-0.0809132978,-0.5511254072,-0.20486024020000002,-0.5583510995000001,0.1678328663,0.7924551964000001,-0.0951052159,-0.4581685364,-0.18803329770000002,-0.5282945037,0.2050445378,0.8857638240000001
55,97.432578,97.723298,97.432578,0.4621318579,98.2587585449,0.49123996500000006,98.2290039062,0.45527416470000004,98.278678894,0.49126139280000003,98.290725708,6.82654,7.590764,6.82654,0.1716659069,7.6299257278,0.3893815875,7.300620079,0.4031872749,7.2445268631,0.3549290597,7.3127083778,-0.367541,-0.400697,-0.367541,0.0081185279,-0.3624437749,0.0121885594,-0.36159256100000003,0.0175981168,-0.36254879830000003,0.0156432036,-0.3647999465,109.595492,107.591279,109.595492,0.2743757665,109.4414825439,0.1467284858,109.8438720703,0.8607277274,110.1318054199,0.2068730593,109.4032745361,1.114688,1.848393,-1.0268241488,-0.2409077236,0.3607278058,-0.3530441821,-1.4717648029000001,-0.0543528758,-0.2286455184,0.17197641730000002,0.40994346140000004,-0.46837830540000003,-1.4217028618,-0.050949689000000006,-0.2101828754,0.1400434226,0.4580907226,-0.324925065,-1.3848986626,-0.0577459857,-0.26444795730000004,0.0837382227,0.3730173707,-0.3440963924,-1.3117699623,-0.0429780409,-0.2567710876,0.0787857622,0.385642767
56,97.424473,97.812123,97.424473,0.3972448409,98.4712142944,0.3980304599,98.4130706787,0.41289898750000004,98.3593673706,0.4203813672,98.4103012085,6.689211,6.942999,6.689211,0.2528735995,7.1922025681,0.182377696,7.0671296120000004,0.3210587502,7.1255178452,0.30238619450000004,7.0928416252,-0.3722,-0.370698,-0.37220000000000003,0.005792242,-0.3726631701,0.0068880003000000006,-0.3721357584,0.0088295024,-0.3698917031,0.0100011462,-0.3676120639,112.376732,113.484954,112.376732,0.0474535748,111.4034576416,0.3194798231,111.0569458008,0.3217026591,111.4831695557,0.5105840564,111.6613693237,0.533145,1.354185,-0.3797791236,0.0717571701,-0.3672362435,-0.1410549283,-0.5895905495,0.0487840287,0.0611411035,-0.0877319872,-0.5790355802,-0.2061090022,-0.5944209695,-0.065714404,-0.044325225100000004,-0.2307658494,-0.4656406045,-0.1708565503,-0.5530651212000001,0.047130487900000004,-0.005679935200000001,-0.0958085209,-0.3942294717,-0.1100450307,-0.5684902668,-0.0006996021,0.0872550458,-0.1221557632,-0.47833469510000004
57,97.452363,97.494264,97.452363,0.436719805,98.2134246826,0.4359863997,98.1631698608,0.4418021441,98.101524353,0.4047705233,98.1463851929,7.166807,6.859467,7.166807,0.3030417562,7.0956225395,0.3207072616,7.156167984,0.35727775100000003,7.2479381561,0.3506447971,7.1184854507,-0.379352,-0.385402,-0.37935199999999997,0.004331491000000001,-0.37662974,0.0050587789,-0.375222981,0.0063949721,-0.37336844210000003,0.007019794100000001,-0.37114661930000004,110.626089,109.595652,110.626089,0.09003658590000001,110.0539016724,0.14379467070000002,109.8318710327,0.044167742100000004,110.1242446899,0.0642687082,111.0304641724,0.752308,1.081779,0.1447946379,0.5592973435,-0.4818588321,0.09064474700000001,0.14390119910000002,0.1785153002,0.7423423529000001,-0.1821947992,-0.6266587377,0.0355444513,0.1305595785,0.2128425539,0.6345047951,-0.1836134791,-0.5700997114,0.0320182964,0.2017543614,0.19908982520000001,0.6309428811000001,-0.1611635685,-0.5857676268,0.0759336129,0.316336453,0.16772827510000002,0.7130957842,-0.1626984179,-0.5376814008
58,97.144067,97.702874,97.144067,0.4297972023,98.2542572021,0.443092078,98.2351608276,0.4184172451,98.2722854614,0.42889997360000004,98.1959915161,6.704479,6.741377,6.704479,0.2256421149,6.9852385521,0.2702691555,7.0758228302,0.34004524350000004,7.1374363899,0.28974971180000003,7.1183614731,-0.374841,-0.385783,-0.374841,0.0046527712,-0.3784503341,0.005911334900000001,-0.378357172,0.0070281331,-0.3784725666,0.0073597808,-0.3804016113,109.973034,110.022553,109.973034,0.0158717781,110.1430892944,0.1572770476,109.8479156494,0.1263057441,110.1490097046,0.1539812982,110.9847717285,0.804871,1.050416,0.08733234670000001,0.6255233002,-0.4989098644,0.0396864377,0.3032720089,0.2085305154,0.9158327579000001,-0.1777191609,-0.5163919926,0.0724349245,0.2123582661,0.2258264422,0.7261397243000001,-0.2495551407,-0.5914820433,0.054135371,0.1019404009,0.2379389554,0.8126602173,-0.1116280109,-0.6058405638000001,0.0332253948,0.1858615577,0.1955790818,0.9323747158000001,-0.1952021271,-0.5566055179
59,97.574265,98.154795,97.574265,0.4271287322,98.3632354736,0.4453822374,98.3019714355,0.48210149999999996,98.2460250854,0.4472516179,98.237159729,7.060157,7.052836,7.060157,0.17644724250000002,7.200173378,0.1964530498,7.0876669884,0.1750022471,6.9086651802,0.1284620464,7.0958886147,-0.34649,-0.355426,-0.34649,0.0035267493,-0.3445122242,0.0035233903,-0.3420937061,0.0045723468,-0.3418611884,0.0097501809,-0.3453297615,117.529111,114.736945,117.529111,-0.40797799830000003,117.0582733154,-0.316693306,116.9599838257,-0.2023652196,116.511177063,-0.0285513401,117.344833374,0.58631,1.277292,-0.1402982605,0.3742684424,-0.4289507191,-0.1121006608,-0.2858662903,0.10581494870000001,0.4782803655,-0.0345745906,-0.3457493186,-0.105480507,-0.2533982396,0.11665391180000001,0.4546815455,-0.0050777122,-0.3638402522,-0.0488637388,-0.1912799925,0.1374433786,0.54436028,-0.0231398027,-0.42730426790000003,-0.0633409545,-0.2620000839,0.12190134820000001,0.5076432228000001,-0.0884462669,-0.44920080900000003
60,97.20666,97.711213,97.20666,0.4215923548,98.3325042725,0.4374234676,98.3071060181,0.4588397443,98.3146972656,0.4399701059,98.3118362427,6.92866,6.905144,6.92866,0.1929782331,6.8435087204,0.2411254495,6.719953537,0.2950918078,6.7609906197,0.24628561740000002,6.7986927032,-0.374174,-0.38071,-0.374174,0.00386489,-0.3776023686,0.0053413096,-0.37709024550000003,0.0057630101,-0.3738735616,0.0067025800000000005,-0.3746679127,109.356431,112.458861,109.356431,-0.035642609000000006,110.0292129517,-0.026813596500000002,110.2035827637,-0.0972530544,110.2978820801,-0.0676751137,110.5498962402,0.798308,1.165866,0.10432962380000001,0.7105336465000001,-0.3486438841,0.0434279963,0.143989116,0.3114341497,1.133487463,-0.0543175191,-0.3616514206,0.1186306104,0.012566939000000001,0.2732123435,0.9952423573,-0.1568826735,-0.4995937943,-0.0052367169000000005,0.1661037505,0.2524757981,0.9611622691,-0.1075480878,-0.49352926020000004,0.0383943021,0.1625538021,0.24306024610000002,1.0016344786,-0.11272591350000001,-0.46762096880000004
61,96.984851,97.761908,96.984851,0.4352011085,98.2188339233,0.4105772674,98.1728363037,0.4166305363,98.1463699341,0.41914582250000004,98.2410354614,6.756235,6.73878,6.756235,0.27226817610000004,7.3721752167,0.3781109452,7.4231348038,0.2583111823,7.388666153,0.2772154808,7.3776550293,-0.369226,-0.372213,-0.369226,0.0037125500000000002,-0.3725486994,0.0050960216,-0.3716099262,0.0068336078000000005,-0.3727710843,0.0059563788,-0.37013316150000003,114.251448,111.107498,114.251448,-0.3147288561,113.7297897339,-0.41563034060000004,113.9642868042,0.0946833342,113.8800506592,0.0723325014,113.879699707,0.842868,1.098366,0.2455771799,-0.5059161884,0.6278270004000001,0.0959191546,0.1855688393,-0.17423865200000002,-0.6406450272,0.12997342650000002,0.8277872801,0.0390480608,0.2287239581,-0.0980601534,-0.8211485744,0.1760328263,0.8024638295000001,0.0304890871,0.2122869641,-0.1562267393,-0.7218497992,0.1441610157,0.7106656432,0.0226701479,0.2469689846,-0.1933021992,-0.7237563729000001,0.137504667,0.7085123062
62,97.209337,97.746975,97.209337,0.4643312395,98.4607772827,0.4398573637,98.3359146118,0.46441662310000004,98.2328414917,0.4636648893,98.2372741699,6.620875,7.236661,6.620875,0.1675091833,7.5311570168,0.2862699628,7.5400476456,0.2580553889,7.4773101807,0.2553240061,7.3715581894,-0.350583,-0.383037,-0.350583,0.0040276814,-0.3491164744,0.0046346579,-0.3469182253,0.005032124000000001,-0.3474683166,0.008717736200000001,-0.35080009700000003,117.848236,109.892047,117.848236,-0.353143692,114.893913269,-0.1447881162,115.2274093628,-0.0929521918,115.756980896,-0.43287652730000004,115.9505233765,0.755694,1.01201,-0.6876892674,-0.300389819,0.08901167680000001,-0.1380095184,-0.7657626867,-0.1276751161,-0.4391638041,0.10412620010000001,0.0461537838,-0.1841223836,-0.7692410946,-0.0994868428,-0.3881998956,0.0378698148,0.1227620542,-0.18774989250000002,-0.7642849088,-0.0582112558,-0.3606999516,0.0884406641,0.12002417450000001,-0.1501006335,-0.7881016135000001,-0.1008975133,-0.3673979342,0.0577916615,0.1477471888
63,97.133465,97.814433,97.133465,0.4458194375,98.0644836426,0.4271826148,97.8540039062,0.4373023808,97.9307937622,0.4291958213,97.9591140747,6.777347,7.050794,6.777347,0.19144642350000002,7.4323091507,0.2545452714,7.3775110245,0.2243642509,7.1922192574,0.1977192461,7.2272028923,-0.351748,-0.363184,-0.351748,0.0034721731000000003,-0.3537296653,0.0047893082,-0.35277092460000004,0.0070171235,-0.3524113894,0.0102090212,-0.3488298059,113.823748,114.017567,113.823748,-0.0200340822,113.7375869751,-0.1840372086,114.2483901978,-0.0421023369,114.224571228,-0.3623367548,114.2445602417,0.84799,1.22553,0.7728800804,0.28825730110000003,0.19659972280000002,0.2588738203,0.8415688276000001,0.1948504597,0.3892368972,0.037224073,0.2603803277,0.14583325390000001,0.8386558890000001,0.0859549195,0.4047228098,0.11257743840000001,0.2764883041,0.2207872421,0.9282721281,0.14639280740000002,0.4171937108,0.0809162632,0.2830895483,0.1814780235,1.0363122225,0.0641438961,0.34789535400000005,0.1423771083,0.3027154803
64,97.122748,97.750651,97.122748,0.43899393080000004,98.0983886719,0.4274525642,97.9730453491,0.443732053,97.910118103,0.4118697941,97.783531189,6.938061,7.038189,6.938061,0.2699704468,7.6162681580000005,0.3072233796,7.3118824959,0.21730878950000002,7.2609071732,0.1803840697,7.2956213951,-0.352211,-0.357901,-0.352211,0.0037934356,-0.3554759026,0.0052039525,-0.3535760045,0.006813702600000001,-0.3552336693,0.0076926034,-0.3513667583,113.45443,113.605654,113.45443,-0.1456995308,113.5594863892,-0.2616665661,114.0901947021,-0.5111458898,113.6299285889,-0.29840523,113.9155273438,1.021118,0.904392,0.9790998873000001,0.24740437180000002,0.1511185995,0.2828189135,1.1071431637,0.0826229304,0.2936244011,0.0034706313,0.28785571460000003,0.2189211249,1.2000960112,0.0608818755,0.3728099465,-0.0221744701,0.1671845317,0.21060323720000002,1.1392021179,0.1042240858,0.4182937443,0.0194664635,0.20745474100000003,0.1809268296,1.0232642889,0.103985779,0.3908598125,0.09304688130000001,0.2583359778
65,97.402153,97.58969,97.402153,0.4454366267,98.1472167969,0.4495350718,98.0628814697,0.44522580500000003,98.106300354,0.44194069500000005,98.1064987183,7.122321,7.130774,7.122321,0.2898737192,7.4691734314,0.2875520587,7.2678189278,0.2558947206,7.3446464539,0.2451693416,7.330139637,-0.358238,-0.360004,-0.358238,0.0032789297,-0.3577584028,0.0047036833,-0.3564072251,0.0060855695000000005,-0.3564812839,0.0075170812,-0.351569593,113.266068,115.341594,113.266068,-0.0952564925,113.6829605103,-0.4422659874,113.8035125732,-0.451074481,113.3327865601,-0.2848863602,113.8472518921,0.86511,1.371654,0.61760282,0.1433271469,0.5885903633,0.2422348857,0.7244298458,0.1102222353,0.21393691,0.16515977680000002,0.7224020362,0.2523781359,0.8061289787,0.085508123,0.2431723177,0.1447332352,0.6542450190000001,0.20164243880000002,0.7627636194,0.15686851740000002,0.26519525050000003,0.1311380863,0.6502804756,0.10534867640000001,0.7540187836000001,0.1285366714,0.3194129765,0.1506612897,0.7093310356
66,97.115755,97.742363,97.115755,0.44417837260000004,98.176940918,0.42231383920000004,98.079574585,0.4303953648,98.1172409058,0.4188691378,98.0925598145,7.202123,6.921553,7.202123,0.3462598324,7.3962116241,0.348107934,7.3612041473,0.3462853134,7.3486900330000005,0.3106679916,7.1871352196,-0.354765,-0.362991,-0.354765,0.004214042800000001,-0.3576050103,0.0065663964000000005,-0.35824579,0.0075770328,-0.35842120650000003,0.0097676655,-0.3632539511,115.478144,113.714006,115.478144,-0.3391067386,113.0784683228,-0.1691943705,113.4385528564,-0.1748839915,113.4517745972,-0.27225691080000003,113.3707199097,0.897345,0.892973,0.6070551585,-0.1281267981,0.6483015257,0.1450381875,0.6403101683,-0.0133573888,-0.1814400703,0.18110050260000002,0.848537147,0.22081860900000003,0.8083487153000001,-0.0977753103,-0.22171986100000002,0.08480197190000001,0.6400005817000001,0.21447281540000002,0.7499524355,0.0118371844,-0.20515684780000001,0.15063868460000002,0.6845028400000001,0.1470606625,0.7525190711,0.0033789587000000003,-0.1033292264,0.0963027105,0.7066034079
67,97.198626,97.829262,97.198626,0.40626972910000003,98.4548873901,0.42777901890000003,98.4042205811,0.422282517,98.3979110718,0.41344392300000005,98.4285964966,6.851154,6.791746,6.851154,0.2465075254,7.0661945343,0.29682469370000003,6.8239593506,0.2831634879,7.0715379715,0.3053971231,7.0798549652,-0.357035,-0.353564,-0.357035,0.0044669146,-0.3631294966,0.006397542500000001,-0.3610113263,0.0068646022,-0.3617225885,0.0083856434,-0.3640851378,114.096295,114.387959,114.096295,-0.08937262,112.6252059937,0.0210393965,112.4486999512,0.0418568254,113.0200500488,-0.4855559468,113.5185394287,0.603326,1.180493,0.0856237515,-0.3645981393,0.4730109287,0.058733843300000005,0.0702936873,-0.1098038405,-0.4643590152,0.10864426940000001,0.6754896641,-0.0812140554,0.1618751287,-0.0673297048,-0.42101264,0.1567275673,0.585739255,0.0377966985,0.090733543,-0.0986204594,-0.4486516714,0.1627080142,0.6546703577,-0.0260448996,0.11062915620000001,-0.0701299235,-0.422033757,0.1382561773,0.6685905457
68,97.086322,97.888228,97.086322,0.4185176492,98.3613433838,0.41028821470000004,98.2692947388,0.4449524879,98.2783966064,0.43819415570000003,98.2623138428,6.929409,6.989773,6.929409,0.3331989348,7.1315145493,0.3036930561,7.0629720688,0.2984090447,7.0888996124,0.3167721331,7.1975684166,-0.359913,-0.357122,-0.359913,0.0046865498,-0.3621991873,0.0057708751,-0.36236682530000003,0.0059175855,-0.3636439145,0.0072622625,-0.3603591323,114.64808,114.151986,114.64808,-0.0959050506,113.9935913086,-0.161132127,114.1489334106,0.1577479839,114.000579834,0.2738548517,114.3766326904,1.157805,0.707393,-0.1462210072,-0.21174766150000002,1.1288463668,0.0898451805,-0.10618123410000001,0.0675483346,-0.2151420414,0.28800114990000003,1.4834053516,-0.0287970286,-0.0072628744,-0.064088136,-0.2852284312,0.22710037230000002,1.4282133579,0.009871469800000001,-0.0980606079,-0.0591486581,-0.2562277019,0.2746278942,1.3097364902,0.0504447855,-0.0066370815,-0.0294932723,-0.1740725338,0.3180350363,1.3220171928
69,97.285159,97.813077,97.285159,0.42631360890000003,98.3785858154,0.41517138480000004,98.2863693237,0.4091588557,98.2932815552,0.43973314760000004,98.2825622559,6.764562,7.017548,6.764562,0.2005102336,6.8610906601,0.2295768708,6.8125448227,0.3391049802,7.1765346527,0.3561038077,7.0420889854,-0.367311,-0.357375,-0.367311,0.0050413413,-0.36716580390000003,0.0066080950000000005,-0.3644129634,0.0081758751,-0.3638315797,0.0088226311,-0.3570468128,110.111124,114.476529,110.111124,0.1035948396,110.9657974243,-0.2282151878,110.7581558228,0.2827761471,111.3598251343,-0.1310237646,111.9727706909,0.490498,0.952352,-0.1168389855,-0.3318988298,-0.3417303832,-0.022082286000000003,-0.2130354345,-0.1418838948,-0.4166100621,-0.14899197220000002,-0.46476987000000003,-0.038350638,-0.10040188580000001,-0.0465843789,-0.3781448603,-0.11941452320000001,-0.3940008283,-0.0204201639,-0.1020991653,-0.08622834830000001,-0.435928762,-0.10377871990000001,-0.5178062916,-0.0225581955,-0.0578390136,-0.0784022957,-0.4439367652,-0.0973850042,-0.5053038001
70,97.330469,97.570664,97.330469,0.4401581585,98.3767700195,0.4422492981,98.3868560791,0.4618264735,98.4019851685,0.45941951870000003,98.3554763794,6.654927,7.09807,6.654927,0.2145278156,7.1573395729,0.212953046,7.0188922882,0.20725771780000002,7.0370168686,0.2106098831,7.0688724518,-0.356063,-0.363118,-0.35606299999999996,0.0034941281,-0.3565204442,0.0040418450000000005,-0.3568926156,0.003408117,-0.35863801840000004,0.0036791032,-0.3594328463,112.790024,111.453164,112.790024,-0.1603019685,111.8458175659,-0.09600579740000001,111.7454681396,-0.5505211949000001,111.5242385864,0.0415663719,112.1575164795,1.29354,0.782673,0.2900426794,-0.912855641,-0.8693766704,0.034800022800000004,0.38429299,-0.2634635568,-1.124211669,-0.2771527767,-1.1178131104,0.0371293277,0.42829909920000003,-0.2336272299,-1.2169651985,-0.3417274356,-1.1985746622,0.104289636,0.3267235458,-0.2334623784,-1.2046922445,-0.30496460200000003,-1.1902538538,0.0849032849,0.3096854389,-0.2956338525,-1.2973464727000001,-0.3211446404,-1.2188668251
71,97.424722,97.415954,97.424722,0.4920390248,98.3409194946,0.5041666031,98.3125915527,0.5188474655,98.3315963745,0.5165080428000001,98.2915649414,6.59907,6.770081,6.59907,0.2635385096,6.9868869781,0.3002877235,6.9929771423,0.31067416070000003,6.9313378334,0.279274255,7.1398816109,-0.362256,-0.369046,-0.36225599999999997,0.0025745537,-0.36102992300000003,0.0027884508000000003,-0.3583549261,0.0025392324,-0.3577911258,0.0020937808000000002,-0.3551642299,110.708475,111.927492,110.70847499999999,0.15861707930000002,111.4055404663,-0.17197811600000001,111.2255020142,-0.1779350042,111.3690490723,-0.3058716059,111.8471221924,1.252849,0.831765,0.7989352056,-0.5216395027,-0.8119267852000001,0.2034388185,1.1029355526,-0.1524532139,-0.8328629136,-0.23818638920000001,-1.0558547974,0.29803767800000003,1.1449728012,-0.12202709910000001,-0.7255269289,-0.3082059026,-1.1279280186,0.2971755862,1.0709818602,-0.1258055866,-0.6905268431,-0.2374233603,-1.0837538242,0.2622959018,1.0224058628,-0.1456633061,-0.6790745258,-0.2931779325,-1.1360464096
72,97.284111,97.692657,97.284111,0.4720967412,98.196762085,0.46897202730000004,98.1275558472,0.4630545676,98.2063446045,0.4433115423,98.1977157593,6.905363,6.798529,6.9053629999999995,0.2435039282,7.411634922,0.1987611353,7.257226944,0.2856935859,7.1832709312,0.29183313250000004,6.9561223984,-0.375733,-0.364619,-0.375733,0.0030040378,-0.3708677292,0.0064259307000000005,-0.3670299649,0.008984318,-0.3640547395,0.0112056788,-0.3560195565,107.848058,114.97502,107.848058,-0.11477400360000001,109.3405761719,0.0925305262,109.3560409546,0.2458315492,109.0757751465,-0.1005343795,109.5560684204,1.255068,0.843383,0.7056943827000001,-0.7833668922,0.6808279093,0.0941949338,0.9604822993000001,-0.2478298992,-1.0598692894,0.2134496123,1.0147286654,0.27250382300000003,0.9703945518,-0.28848165270000004,-1.0794328451,0.1671937704,0.8264551759000001,0.2438411117,1.0080664158,-0.3209528029,-1.1369066238,0.21891731020000002,0.8416193128,0.2278451324,0.9676946998,-0.3240049183,-1.0788795948,0.1581882983,0.8417298794
73,97.22745,97.625651,97.22745,0.4419683814,98.4528121948,0.45848226550000004,98.4704055786,0.4177462161,98.4320297241,0.42716804150000004,98.40574646,6.444871,6.176371,6.444871,0.2126660049,6.9209151268,0.3669368625,7.021396637,0.3154138923,6.9814519882,0.3511436284,7.0285158157,-0.365899,-0.345353,-0.365899,0.0065174215,-0.36567816140000003,0.0068603745,-0.3659796417,0.0065436247,-0.3702862263,0.0029663928000000003,-0.36890912060000003,115.646505,117.955761,115.646505,-0.2581019402,112.8890991211,-0.2458071709,112.9011077881,-0.2773032784,113.660949707,-0.2637585998,113.4588928223,1.143611,1.365239,0.9646682428000001,0.2216971651,0.5728111999000001,0.42245969180000004,1.2586159706,0.1463373303,0.20973512530000002,0.1378831118,0.6779792309,0.3831149936,1.260432601,0.1377128512,0.2836973369,0.20239649710000002,0.6836154461,0.3633784652,1.2631497383,0.1163946688,0.279361248,0.0996270403,0.611643672,0.39035180210000003,1.3481559753,0.10205496850000001,0.3124467731,0.1322149932,0.7277005911000001
74,97.466844,97.823493,97.466844,0.4816998243,98.4603805542,0.4765175283,98.5113601685,0.4696020782,98.4449386597,0.47417169810000004,98.3658905029,6.440025,6.663935,6.440025,0.332652241,6.9738631248,0.3654913902,6.8830070496,0.3010978401,6.859577179,0.2044344246,6.8318662643,-0.377747,-0.353505,-0.377747,0.005325275,-0.3760948777,0.0066906014,-0.3744045496,0.0074298335,-0.378708005,0.0055104475000000005,-0.37460982800000003,110.640364,114.892513,110.640364,-0.1368560046,110.8430175781,-0.15601551530000002,110.677154541,0.1720517725,110.509185791,-0.1893439889,110.8503875732,0.858255,1.210097,0.4798088659,0.6092616200000001,0.3676751877,0.1102088541,0.48362082240000004,0.15340444450000001,0.8184350729000001,0.2112173289,0.4666170478,0.1065415516,0.5483142734,0.2733288705,0.7638969421,0.1922826022,0.597225368,0.0198817067,0.5285881162,0.1931654066,0.8255677223000001,0.1942137033,0.6014499068,0.1179750115,0.5679579973000001,0.2236224115,0.8517613411,0.1802900583,0.6001617908
75,97.453333,97.982082,97.453333,0.3921518326,98.3265914917,0.39271736150000003,98.3199310303,0.4023900032,98.3518981934,0.3827235699,98.3422393799,7.034984,7.03707,7.034984,0.2543864846,7.2105913162,0.3204376101,7.0975260735,0.2945564389,7.1125597954,0.25135782360000003,6.9394402504,-0.341824,-0.352226,-0.34182399999999996,0.0036045585,-0.35012957450000004,0.0050919438,-0.3499944806,0.005461799000000001,-0.35240003470000003,0.006728467100000001,-0.3583841324,118.831494,115.581439,118.831494,-0.4043266177,117.1105194092,-0.3186886907,117.6336746216,-0.22106581930000002,117.4209594727,-0.23899096250000001,117.3979415894,0.977072,0.843694,-0.1665572881,-0.21226537280000002,0.9390800799000001,-0.00043388080000000004,-0.2794416249,-0.0219478365,-0.20351672170000001,0.1592303663,1.0909358263,-0.0315989777,-0.1335697472,-0.0326997489,-0.15175633130000002,0.1848009378,1.0450978279,-0.0446057804,-0.19728508590000002,-0.0730333328,-0.2907417715,0.1799274385,1.0638400316,-0.0434820578,-0.1865395904,-0.0684852749,-0.2403072119,0.1978053898,1.1097912788
76,97.245631,97.743832,97.245631,0.4882684648,98.4375991821,0.4938610196,98.4367675781,0.47049847250000004,98.4563827515,0.5187782049,98.385055542,6.422449,6.962621,6.422449,0.3241496682,7.3955116272,0.35222083330000004,7.2695407867,0.3327775598,7.0927801132,0.29531496760000003,7.0031161308,-0.361158,-0.358316,-0.361158,0.0047838711,-0.35832831260000003,0.0057860753000000004,-0.35773494840000003,0.0060860398,-0.3618745208,0.0042616525,-0.3565254807,112.559345,112.832418,112.559345,-0.1821074933,112.4100036621,-0.26860493420000003,112.2560806274,-0.3949260712,112.3624191284,-0.3049896955,112.5776519775,1.317864,0.906058,-0.5708296232,1.1476085664,0.3064532319,-0.048474066,-0.6941897869,0.4254109263,1.4321349858999999,-0.0157678649,0.29227665070000003,-0.1195037961,-0.6531496644,0.4030496776,1.6251118183000002,0.1256275028,0.2943782508,-0.047139965000000006,-0.7010675669,0.39221996070000004,1.5932841301,0.0678468049,0.2793783844,-0.09398669,-0.6786055565,0.4488627911,1.6321966648,0.0804214627,0.2645550668
77,97.380277,97.258025,97.380277,0.4172009528,98.3604049683,0.41791930790000004,98.381980896,0.4554876983,98.4077606201,0.4466906786,98.4153442383,6.421782,7.143231,6.421782,0.4301952124,6.8378601074,0.47336506840000003,6.869820118,0.46052494650000003,6.7393531799,0.3019877374,6.7699956894,-0.392878,-0.355771,-0.392878,0.0037704648,-0.39290344720000003,0.0052949511000000005,-0.3911602497,0.0045927018000000005,-0.3907318115,0.0051719043,-0.3900145888,109.420844,114.190446,109.420844,0.7931052446,109.6237106323,0.1016209349,109.9094390869,0.3871534169,109.9569854736,0.736723721,109.8271179199,1.226445,1.273503,-1.0298999447,0.25459557720000003,0.6153485745,-0.0868641138,-1.0310455561,0.1495388895,0.3092584014,0.2392883301,0.8436307907,-0.2310657501,-1.1556171179,0.037559256,0.3354543447,0.2635194659,0.9445743561000001,-0.2657816112,-1.2081274986000001,0.0992154479,0.2745519876,0.2941502929,0.9317792058000001,-0.1892780662,-1.1748939753,0.0324470699,0.373740226,0.3019141555,0.9453051090000001
78,97.52025,97.825608,97.52025,0.43803960080000004,98.3959274292,0.45138767360000004,98.4238891602,0.4611774683,98.393661499,0.43100899460000003,98.3621902466,6.392909,6.528045,6.392909,0.38873904940000004,6.8167667389,0.4728901982,6.9152927399,0.4101321697,6.9130687714,0.4225123823,7.0332660675,-0.395881,-0.347829,-0.395881,0.0066821808000000005,-0.3866396546,0.0076397816,-0.3854491115,0.0087671485,-0.3864412606,0.0073697297,-0.3845552206,109.496415,113.214145,109.496415,-0.4314543605,109.9301452637,0.053190484600000004,110.0671920776,0.0389497727,110.4351959229,0.7256295681,110.1639175415,1.265088,1.40724,-0.25990463810000003,0.20805841590000002,-1.2204954606,0.032799467400000004,-0.1717277914,0.0490956083,0.12581840160000002,-0.39871001240000004,-1.6921862364,0.057291247000000003,-0.22076493500000002,0.0375177301,0.1382899433,-0.39600789550000004,-1.6966710091000001,0.0836836472,-0.17387059330000001,0.0651311874,0.2748546898,-0.41580727700000003,-1.6719666719,0.0367751829,-0.21665322780000001,-0.0093582682,0.2532900274,-0.3761877716,-1.6436672211
79,97.129876,97.386917,97.129876,0.4626118541,98.2353134155,0.4640816152,98.1874542236,0.41868281360000004,98.1404800415,0.4396430552,98.0748214722,6.658335,6.346826,6.658335,0.31840962170000003,7.3096599579,0.2703392804,7.1389465332,0.2686391175,7.1446800232,0.3264117539,7.2181577682,-0.389867,-0.366436,-0.38986699999999996,0.0064071119,-0.38144308330000004,0.0088296179,-0.3800574541,0.0120384619,-0.37809222940000003,0.010385083,-0.3789864182,109.048138,112.433935,109.048138,0.1263722628,109.5449447632,0.7924021482,109.0326766968,0.1335566342,109.8164596558,0.5265793204,110.3185424805,0.946643,1.084462,0.0683971312,0.9375539138000001,-0.1115720604,0.0530234203,0.2830393612,0.20008105040000002,1.2087805271,-0.1870586574,-0.29925632480000003,0.0356827751,0.34167379140000004,0.3145828545,1.2715262175,-0.151658237,-0.2889674008,0.022877346700000002,0.2834415138,0.21154716610000002,1.2082884312,-0.1523048729,-0.2658624649,0.06458128240000001,0.2307799757,0.3305281699,1.3086305857,-0.1184027269,-0.26195323470000004
80,97.013034,97.639858,97.013034,0.4637179375,98.4236526489,0.4568035305,98.3741073608,0.40996944900000004,98.3528671265,0.4156974554,98.3226242065,6.424684,6.643566,6.424684,0.1748167574,7.5070958138,0.17513704300000002,7.3445997238,0.3525408208,7.2079958916,0.27151203160000004,7.3535394669,-0.379168,-0.361564,-0.379168,0.007106781,-0.36889150740000004,0.0100820158,-0.3675378561,0.0127834696,-0.3705533445,0.010963435300000001,-0.37178152800000003,110.481988,114.202456,110.481988,0.5943244696000001,109.1881256104,0.1652828455,109.2707061768,-0.1758450568,109.7810821533,0.2166827321,110.4728012085,0.93013,1.228647,-0.025757840100000002,0.9289077429,-0.0401164644,-0.0951716527,0.0563601106,0.3237575293,1.2228045464,-0.0628363937,0.0946519822,0.0177773517,0.0759616196,0.2771910727,1.2491574287,-0.0128179416,-0.10140676800000001,-0.030525429200000002,0.0234251767,0.24929744010000002,1.1523084641,-0.052071265900000004,-0.1223002374,0.0272074733,0.0480883121,0.2902598381,1.1669652462,-0.11903588470000001,-0.0672982931
81,97.239256,97.778208,97.239256,0.3858166337,98.1270904541,0.3598589897,98.0863876343,0.3769374788,98.1065139771,0.3324042559,98.0904922485,6.934027,6.962678,6.934027,0.1877430975,6.9427204132,0.10262981060000001,6.8541288376,0.3009048402,6.7852425575,0.34985086320000003,6.842622757,-0.392391,-0.36146,-0.392391,0.0041570291,-0.39648208020000003,0.0064582042000000004,-0.3962930143,0.0047144708,-0.39690613750000003,0.005878211,-0.3979818821,108.83994,112.357561,108.83994,0.43172061440000004,108.3495559692,0.4025895894,108.882194519,-0.2196932435,108.4482574463,-0.3098226786,108.7777862549,0.975638,0.880969,0.6465928308000001,0.3970086027,0.6133282054,0.1431484818,0.8460911512,0.1945057511,0.3954385221,0.24017615620000002,0.7996152639,0.1779718697,0.7100910544,0.1774505824,0.474198997,-0.0027182922000000003,0.7028076053,0.1427776664,0.8523392081000001,0.1210275143,0.46193003650000003,0.2348718494,0.7423385382000001,0.1561321914,0.7460575700000001,0.1534089595,0.5116950274000001,0.1301157922,0.7516385317000001
82,97.457701,97.725271,97.457701,0.44481867550000004,98.3363800049,0.4339219928,98.2686843872,0.3979301751,98.3513412476,0.46228528020000004,98.3310546875,6.928431,7.119952,6.928431,0.281575799,7.2218413353,0.31992912290000003,7.1421542168,0.2726142704,7.2506523132,0.3050375283,7.1751070023,-0.365363,-0.343711,-0.365363,0.0047103418,-0.3716875911,0.006628383000000001,-0.3732916117,0.008914087900000001,-0.3752862811,0.007264208,-0.3746678829,112.825067,116.246424,112.825067,-0.0221937299,111.5617141724,0.1244872883,111.4150085449,1.0294387341,111.8103942871,0.055357039000000004,111.6807632446,0.610331,1.030028,-0.1869652677,0.3227026502,-0.4831256265,-0.07821268590000001,-0.28296852110000004,0.0481405109,0.292137444,-0.19628351930000001,-0.6221831441,-0.0836493298,-0.3183375895,-0.0232371986,0.31406039,-0.2148271054,-0.7588762045,-0.0557548478,-0.2795428336,-0.0065441374,0.32533520460000004,-0.1443848163,-0.6214342713000001,-0.09126752610000001,-0.2783372998,0.020806699999999997,0.3526500463,-0.1865279377,-0.7462259531000001
83,97.400741,97.911096,97.400741,0.4235784709,98.2765197754,0.4133570194,98.2102584839,0.4039507806,98.2291946411,0.4334939718,98.2756652832,6.614988,6.810893,6.614988,0.19585150480000002,6.9973382950000005,0.20948100090000002,6.8655381203,0.25885099170000003,6.8561668396,0.2801891267,7.0119724274,-0.36933,-0.348222,-0.36933000000000005,0.0035332120000000004,-0.3714626133,0.0045375125,-0.3709781468,0.0048798122,-0.37125834820000003,0.0040527615,-0.36868277190000004,111.71111,114.513185,111.71111,0.1497415602,111.7652435303,-0.0458315164,111.2772750854,-0.0534513593,111.4052505493,0.2666190565,111.887336731,0.920605,1.142568,0.0800641618,0.47829201330000004,-0.7825210311,-0.0597507581,-0.0328566134,0.1007211357,0.5548266768,-0.3398644328,-1.0415627956,-0.0339372978,-0.050498113000000004,0.0758672059,0.5450712442,-0.2989637256,-1.2309488058,0.021001879100000002,0.0572815761,0.1326826364,0.4882709086,-0.2822594345,-1.1473937035,-0.0078412797,0.051364854,0.078927204,0.5273189545,-0.32282722,-1.1811426878
84,97.439379,97.895811,97.439379,0.396899879,98.3552093506,0.39725551010000004,98.340637207,0.4103173316,98.4024581909,0.42600122090000003,98.377494812,6.700267,6.643558,6.700267,0.0580826215,6.8385267257999995,0.11440271140000001,6.895357132,0.050276450800000004,6.9572734833,0.0783039257,6.823325634,-0.377453,-0.354885,-0.377453,0.0049510472,-0.37993043660000003,0.0061279945,-0.3835400343,0.0063733044,-0.3842130899,0.0024227798,-0.3875026107,110.82286,115.234245,110.82286,0.2900184393,110.2271957397,1.0581908226,110.3486785889,0.46996104720000004,110.0548553467,0.3179732561,110.7302856445,0.600453,1.235967,0.2275955402,0.553427126,-0.0496267016,0.1647711843,0.27215904,0.044358886800000004,0.6175462604,0.08365464210000001,-0.002931729,0.0968268812,0.3690549135,0.1194131747,0.5938413143,0.06584556400000001,0.019518435,0.1700160652,0.3532811701,0.09973102810000001,0.5594929457,0.0062239785,-0.1781651527,0.0732670352,0.34261211750000004,0.1346699297,0.6838780642000001,0.036844939,-0.0909083188
85,97.586721,97.804675,97.586721,0.4237941504,98.2581787109,0.4226649106,98.1543197632,0.4439594746,98.209022522,0.4185031652,98.2236557007,6.895177,6.851712,6.895177,0.2273432612,6.7727527618,0.20508791510000002,6.8184814453,0.348231703,6.8958368301,0.3337384164,6.811293602,-0.385548,-0.350516,-0.385548,0.0048784274,-0.3803824186,0.0080108074,-0.3807922006,0.0100886216,-0.37678748370000004,0.0131272366,-0.37296500800000004,108.81076,114.803521,108.81076,0.2000204325,110.1590423584,0.6017508507,110.5085601807,0.1429448426,110.3330078125,1.0925079584,110.4664840698,0.687656,0.742779,0.0428289965,-0.14353156890000002,0.6711450446,-0.0406275578,0.1301365197,-0.1119032353,-0.3425977528,0.21285337210000002,0.8155342937000001,-0.045079972600000004,0.0719117075,-0.17481812830000001,-0.36443558340000004,0.1629790217,0.7653158307,0.0220638532,0.084740825,-0.1504759789,-0.3729628325,0.1871686876,0.733103931,0.0016712109,0.09338981660000001,-0.0967176035,-0.3220261931,0.2073093802,0.8228324652000001
86,97.504252,97.643707,97.504252,0.3631577492,98.3905334473,0.37198588250000003,98.3089523315,0.3967657685,98.25365448,0.37511184810000003,98.2156143188,6.721673,6.969985,6.721673,0.1674506962,7.1072459221,0.165535748,7.1423654556,0.2158247232,7.1289463043,0.17816469070000002,7.0886592865,-0.358944,-0.350966,-0.358944,0.0026344799,-0.363114953,0.0043765781,-0.36198914050000003,0.0030070567,-0.3620894253,0.004433258000000001,-0.3643251657,112.280637,113.111054,112.280637,-0.2457223684,111.7531051636,0.0665142536,111.7679519653,-0.4580574632,111.9936218262,0.0120494962,112.3660583496,0.581603,0.833325,-0.1268403045,-0.056059756,0.5648283636,0.0078368569,-0.1346936226,-0.1467720568,-0.0714687854,0.14932231610000002,0.7322438955,-0.0083461739,-0.1784809828,-0.0319907516,-0.0943131968,0.1726434529,0.8416004181000001,-0.0315977894,-0.15150591730000001,-0.0900717899,-0.0981484205,0.12226586040000001,0.8174787760000001,-0.0506604053,-0.1251272559,-0.0738964081,-0.14239691200000001,0.1885143518,0.7691496611
87,97.322774,97.779765,97.322774,0.4474076927,98.3122177124,0.4566948414,98.3328704834,0.44623154400000004,98.2589569092,0.4769766331,98.2832183838,6.700292,6.583801,6.700292,0.1790225655,7.0321388245,0.1882983744,7.1884784698,0.26082372670000004,7.0621352196,0.18891027570000002,6.9522047043,-0.371773,-0.354124,-0.37177299999999996,0.0034923963,-0.36504891510000004,0.0048916601,-0.3661428094,0.0076478943,-0.3683206737,0.0069390917,-0.371237874,111.941431,114.686164,111.941431,-0.1059944928,110.8048706055,0.0147268623,111.2509307861,-0.3989114761,111.3582229614,-0.0638490319,111.3373031616,1.101975,0.593825,-0.6145478773,0.4790987056,0.7791953077,-0.22590707240000002,-0.7945927978,0.1661836803,0.5030551553,0.2870804369,1.0300239325,-0.12487132100000001,-0.7208066583,0.1706783623,0.5155038834,0.3030202687,1.0513900518,-0.1642639488,-0.7986869216,0.0806678608,0.3798024654,0.2509852648,1.0252059698,-0.1675614417,-0.7929053307,0.0980260372,0.4804751575,0.2611497343,1.0615856647
88,97.125891,97.804749,97.125891,0.3596503139,98.1892166138,0.3576242924,98.2827987671,0.39650961760000003,98.2613449097,0.3925040066,98.2241821289,6.808331,6.697606,6.808331,0.17593389750000002,7.0033102036,0.1268945038,6.9910163879,0.2285174131,7.0309467316,0.19383758310000002,6.9419221878,-0.359356,-0.357997,-0.359356,0.0016240766000000001,-0.372852385,0.0030102548000000002,-0.37399876120000003,0.001548944,-0.3748700917,0.00027409200000000003,-0.3782901168,111.502811,113.197547,111.502811,-0.39849072690000004,110.5357666016,-0.2117793858,110.7993469238,-0.5874949098000001,110.4994888306,-0.14312696460000002,111.3125686646,1.178729,0.677324,0.0434128302,1.1777504109,0.0204988172,-0.0131668262,0.0018185824000000001,0.3892515898,1.3110654354,0.0091756806,0.0364208519,-0.0773292109,-0.1007835269,0.3082844019,1.5605926514,0.07289666680000001,0.0126305819,-0.07186026870000001,-0.1256524622,0.3598408997,1.5128693581000001,-0.0095811598,-0.0196896493,-0.0635400191,-0.0883238465,0.3625156879,1.5122737885,-0.0090057626,-0.028857559
89,97.342687,97.930679,97.342687,0.39288234710000003,98.463684082,0.39986535910000004,98.4445648193,0.3947806954,98.3616485596,0.43838724490000003,98.3887405396,6.747095,6.858946,6.747095,0.2527453899,7.2362780571,0.1931705028,7.1876354218,0.2536819875,7.0565619469,0.2489322722,7.0117688179,-0.37537,-0.353097,-0.37537000000000004,0.0045302864,-0.3692910373,0.0065171584000000005,-0.3682980537,0.0078564659,-0.3664974868,0.0123773413,-0.3684239984,111.96227,113.273178,111.96227,0.14918226,110.8242797852,0.13743728400000002,110.6927566528,0.325592041,111.2158432007,-0.31896948810000003,111.1250076294,0.920586,0.929998,0.5094995274,0.6733613047,0.3667071129,0.2163622081,0.5878371,0.27004739640000003,0.85418576,0.127408877,0.44201070070000004,0.1469770372,0.6845096350000001,0.24949418010000002,0.9560081959000001,0.11877288670000001,0.5228335857,0.1757564098,0.6420528889,0.22203427550000002,0.9077796936,0.0016529625,0.3981969953,0.1899282783,0.7972853184,0.2501392961,0.9260386229,0.039598316,0.3759275675
90,97.07312,97.664183,97.07312,0.4462076426,98.3994979858,0.42108285430000003,98.2683410645,0.4176575541,98.2423171997,0.38857632880000004,98.1226730347,6.888814,7.327696,6.888814,0.15245394410000002,7.1376614571,0.287127465,6.9826860428,0.25975164770000003,6.9316263199,0.2178999782,7.0679440498,-0.354084,-0.355195,-0.354084,0.0031295042,-0.355928421,0.0045617013,-0.3547074199,0.005686583,-0.35238397120000003,0.009241119,-0.3527403772,117.289944,111.431266,117.289944,-0.19364120070000002,115.3821411133,-0.0059972256,115.3996658325,-0.027519226100000002,115.288848877,-0.4775332808,115.8474960327,0.706465,1.219064,-0.3518118646,0.5467633302,-0.2763529051,-0.1484105587,-0.5021851063,0.0835506022,0.5619366765,-0.1013417095,-0.4149837494,-0.1398763508,-0.4506713748,-0.0921761692,0.4567658305,-0.0070477743,-0.2385788113,-0.0951221585,-0.4871365428,0.09906166050000001,0.4204210639,-0.1169290543,-0.30169582370000003,-0.116649732,-0.4523310661,-0.0418028608,0.47283577920000003,-0.026185404500000002,-0.3336767852
91,97.271364,97.652722,97.271364,0.42461177710000003,98.1868209839,0.4231034815,98.1714248657,0.4198423624,98.2119140625,0.4059085846,98.1832275391,6.82242,7.198888,6.82242,0.1346452832,7.1948199272,0.1696441472,7.1231298447,0.143695116,7.1820087433,0.12543240190000002,7.1946310997,-0.352697,-0.355716,-0.352697,0.0036915117,-0.3526713252,0.0054649930000000005,-0.3503829241,0.0056165569,-0.3508715034,0.0101507781,-0.3488901258,115.133903,113.175576,115.133903,-0.2740176916,115.2042770386,-0.1466965973,115.3418579102,-0.2795589566,115.3249969482,-0.41145163770000004,115.4166183472,0.681306,1.290952,-0.4192334519,0.4729461216,-0.2544466835,-0.17402650420000002,-0.6798805594,0.0832472816,0.6416128874,-0.071434781,-0.40029487010000003,-0.16941255330000002,-0.5505807996000001,-0.0053281821,0.5544601083,-0.0851081908,-0.3292002678,-0.0853262842,-0.5719171762,0.073639147,0.49438169600000004,-0.0165097918,-0.3301128447,-0.1082274616,-0.6000906229,0.08677317200000001,0.4904009104,-0.0477105007,-0.29181331400000005
92,97.34536,98.018773,97.34536,0.4091523588,98.3888015747,0.4225029945,98.2564849854,0.42842713,98.1649169922,0.3813456297,98.0859527588,6.885579,6.842467,6.885579,0.2089911699,7.4850387573,0.22656078640000002,7.3570799828,0.19151970740000002,7.1657319069,0.1898255348,7.195130825,-0.350769,-0.348511,-0.350769,0.0047179996,-0.3477556109,0.0059697134,-0.3469418287,0.0057867235,-0.3489378393,0.0089086015,-0.3492175937,117.559804,116.433005,117.559804,-0.39746028180000004,115.4470291138,-0.29166948800000003,115.758895874,-0.4524698257,115.4725189209,-0.3712908626,115.6817779541,0.747041,1.474635,-0.3859975836,0.4022241124,-0.4972850116,-0.1325421631,-0.5169348717,0.0968061313,0.3577369452,-0.2635375857,-0.6590931416,-0.1355466247,-0.5258727074,-0.0366064124,0.4307122231,-0.1831979454,-0.6300840378,-0.0943933874,-0.464170754,0.053079564100000004,0.5305547714000001,-0.18647576870000002,-0.7822263241,-0.0903791934,-0.4144852161,0.1141920984,0.4991155863,-0.2173505872,-0.8486528397
93,97.570427,98.022106,97.570427,0.4399968684,98.4507751465,0.45060426000000003,98.3201065063,0.46612602470000003,98.2677001953,0.4373632073,98.2059860229,6.771291,7.493099,6.771291,0.3008188009,7.3346338272,0.272331804,7.15366745,0.3177707791,6.8155870438,0.2071480155,7.1376490593,-0.34818,-0.355746,-0.34818000000000005,0.0036083455,-0.35001266000000003,0.0036367893,-0.3458220065,0.0049607637,-0.3412878513,0.007455058400000001,-0.3431106806,117.417284,113.321967,117.417284,-0.1137750149,117.4353637695,-0.10986441370000001,117.2367019653,0.1566936672,116.7759857178,-0.040089488,117.2824707031,1.074633,0.919599,0.0677404237,0.4379192403,-0.9790169481000001,-0.0018726978,0.0891715363,0.07983429730000001,0.4334473908,-0.2213315666,-1.3027310371,-0.0789160728,-0.0754877031,0.028735978500000002,0.3145980835,-0.23895241320000002,-1.2153134346,-0.0439282134,-0.009970501100000001,0.08856534960000001,0.5576480031000001,-0.1887010932,-1.2813144922,-0.0248621423,-0.0501731038,0.12520819900000002,0.5756263733,-0.2590636611,-1.361998558
94,97.335155,97.929069,97.335155,0.4624975324,98.4889221191,0.47787210350000003,98.4480285645,0.44741478560000003,98.4303741455,0.4802049994,98.4549407959,6.531596,6.946589,6.531596,0.28656321760000003,7.0378723145,0.3029333651,7.3012008667,0.3456193507,7.2984809875,0.2881070673,7.2063031197,-0.371784,-0.355983,-0.371784,0.0032926779000000002,-0.3653085828,0.004601179600000001,-0.36059772970000004,0.0056979973,-0.36075052620000003,0.0096878167,-0.3550540209,112.116895,115.809288,112.116895,0.2174907178,112.5515594482,-0.2314844429,112.7522277832,0.1458021402,112.9912872314,0.2426550388,112.7788619995,0.635123,1.36397,0.4107589318,0.4512630097,-0.1761236214,0.11764065920000001,0.48958837990000004,0.1653309613,0.6086843014000001,-0.1098187864,-0.1755232811,0.0039394544,0.3872366548,0.1497927159,0.6350687146,-0.0707258284,-0.1780584455,0.0664210096,0.4351738691,0.1543117017,0.5977522731,-0.0368356742,-0.2471938729,-0.0462344177,0.4863103628,0.18354268370000001,0.5705171227,-0.0421938226,-0.2701704204
95,97.434679,97.755094,97.434679,0.4400776923,98.4306030273,0.44535595180000004,98.4685516357,0.4466306567,98.4237442017,0.4510421157,98.3846893311,6.805174,6.86502,6.805174,0.2447092831,7.4381127357,0.25661945340000003,7.3219833374,0.21421289440000002,7.2600460051999995,0.21746230130000002,7.2526612282,-0.356132,-0.345307,-0.356132,0.0044519757,-0.3563430309,0.0044187936,-0.35572057960000003,0.00353448,-0.35634976630000004,0.005766340500000001,-0.3589462042,115.743492,115.60566,115.743492,-0.3707855344,114.3227844238,-0.1732007265,114.5756988525,-0.5461700559,114.5596694946,-0.5960988402,114.4443740845,0.845785,0.999391,0.8113888953,0.0594313283,-0.2312329534,0.12182278190000001,0.882717967,-0.10479716210000001,0.0898620337,-0.2374357134,-0.44721674920000004,0.052237235,0.8902878165,-0.070619002,0.0496767834,-0.1061838642,-0.2796236277,0.09714320300000001,0.7832654715,-0.0492314138,0.09507467600000001,-0.1269868016,-0.3069746494,0.1840011775,0.8171721697000001,-0.0017314292000000001,0.0472081527,-0.1451866776,-0.3841811419
96,97.389178,97.664933,97.389178,0.33518564700000003,98.3571472168,0.34885340930000003,98.2806549072,0.39305180310000004,98.2535324097,0.3941043019,98.2437896729,6.609016,6.791561,6.6090160000000004,0.3639823794,6.9087839127,0.4371473193,6.9595770836,0.4560550451,6.9874410629,0.385108918,6.9676756859,-0.366957,-0.353166,-0.366957,0.0049270019,-0.3681287467,0.0067758337,-0.3692463636,0.0058964565,-0.3717016876,0.0077065607,-0.3733046949,114.794169,114.804865,114.794169,-0.3552493453,113.2259292603,-0.504483223,113.8802947998,-0.18288847800000002,113.2757720947,0.3429226875,113.0659484863,1.338715,1.346004,0.4197038932,0.4545754294,1.1871681332,0.19367823,0.3325948715,0.2158077955,0.5179846287000001,0.2567502856,1.3044476509,0.058683060100000004,0.5009501576000001,0.0673549101,0.6468576193000001,0.2112962306,1.3397291899,0.1268596649,0.4739445746,0.29342252020000004,0.563830018,0.3345569074,1.4156559706,0.10117387030000001,0.5499478579,0.2495817542,0.6472332478,0.27218851450000003,1.4355189799999999
97,97.433854,97.720082,97.433854,0.37772509460000003,98.3848648071,0.3740015626,98.3871002197,0.3755169511,98.4049835205,0.38346970080000004,98.4381713867,6.331649,6.813095,6.331649,0.43192163110000004,7.0104026794,0.3164618611,6.8569250107,0.38144484160000003,7.0087690353,0.3984570801,7.0270376205,-0.371733,-0.36826,-0.371733,0.0045366357000000005,-0.3726696074,0.0059550796000000005,-0.3725707233,0.0065812962000000004,-0.3713937402,0.0078443028,-0.3760715723,112.470043,112.278386,112.470043,-0.42974185940000004,112.6701583862,-0.1788828373,112.668548584,-0.1533356011,112.8027267456,0.42925229670000004,112.253578186,1.328239,1.269115,-0.3474138202,-0.1805516403,1.2692219656,-0.051642105,-0.33541470770000004,-0.1190018654,-0.2374438643,0.4221769273,1.441483736,0.1014021561,-0.2994971871,0.085463196,-0.2336421162,0.31135326620000003,1.6016815901,0.038989424700000004,-0.4755595326,-0.0445619524,-0.2399149835,0.38047954440000004,1.6827995777,0.0416434407,-0.3740739524,-0.09857895970000001,-0.28562736510000003,0.3552992344,1.5982232094
98,97.601507,98.009866,97.601507,0.4013653994,98.3857955933,0.40851521490000003,98.3997192383,0.39082613590000004,98.2982559204,0.4018953145,98.3213500977,6.667082,6.878262,6.667082,0.3607340455,7.0935530663,0.19793030620000002,6.9859342575,0.3646953404,7.1235108376,0.3496767879,7.0675601959,-0.385354,-0.346713,-0.385354,0.0057898322,-0.3774906397,0.0079418523,-0.3763453364,0.009634063600000001,-0.38037240510000003,0.0117235342,-0.3812009692,111.753458,115.362058,111.753458,-0.35470074420000003,112.0111923218,-0.0947948098,111.6633529663,-0.22178748250000002,112.0651168823,0.2496590018,111.0741424561,1.223214,1.77155,-0.8657733728,0.6426665771,-0.5776412389000001,-0.2578964233,-1.0322060585,0.2998751998,0.8408665061,-0.06697165220000001,-0.7373014092,-0.1239414439,-1.070356369,0.2501491308,0.8531038165,-0.0921257436,-0.7075684071,-0.20646743480000002,-1.117505312,0.2541537285,0.7857493162,-0.0857295841,-0.7136560678,-0.2513354719,-1.1288164854,0.2477535754,0.9337859154,-0.0670809746,-0.7063727379
99,97.418891,97.74909,97.418891,0.40051394700000004,98.2843780518,0.4309780002,98.2211532593,0.420039624,98.1449203491,0.4089080989,98.0305786133,6.731556,7.116581,6.731556,0.4298056364,7.1083397865,0.3593174219,7.1784949303,0.3736474812,7.1097378731,0.4045338929,7.151954174,-0.36517,-0.350606,-0.36517000000000005,0.0051288032,-0.3678710461,0.0065477239,-0.368696332,0.0069334209,-0.3741015196,0.0090619922,-0.37750765680000004,112.135195,112.530621,112.135195,-0.2966405153,112.3494262695,-0.2501287162,112.2632141113,-0.170306325,112.0182266235,0.5763272643,112.8003921509,1.046407,1.237483,0.8769099936,0.4629657307,0.33415425800000004,0.3295580447,0.9854201674,-0.0059386343000000005,0.4215235412,0.1848925352,0.2867174447,0.3388213813,1.0285408497,-0.0417678058,0.3059834838,0.0352954865,0.3772732317,0.2868312001,0.9746932387,-0.0347810425,0.39146402480000003,0.1309244335,0.3707267642,0.3046897948,1.2113600969,0.010196203400000001,0.40192779900000003,0.1311306059,0.46510365610000004
100,97.469947,97.754402,97.469947,0.3707212508,98.2383804321,0.359120369,98.2009353638,0.3839679956,98.2012405396,0.3744190335,98.1988067627,6.481859,6.865025,6.481859,0.3346525133,7.208422184,0.3243216872,6.8822546005,0.2506215572,6.953640461,0.24511972070000002,7.0428166389,-0.373434,-0.357394,-0.373434,0.004223648,-0.3773464561,0.005631059900000001,-0.37650957700000004,0.0062903245000000005,-0.37566003200000003,0.0075379177000000006,-0.3789315224,111.358456,111.904087,111.358456,-0.5537750721,112.2512741089,-0.4165331721,112.0903396606,-0.1065499783,111.8313369751,-0.3618831038,112.1329116821,1.263302,1.224782,0.7513194063,0.5819671864,0.8323250939,0.0829935223,0.6554065943,0.1615671962,0.7929020524,0.24924249950000002,1.0588482618,0.0210345108,0.6741145849,0.0872461945,0.7449621558,0.2663886547,1.0942479372,0.0671916604,0.8447458744,0.1339380741,0.7669620514000001,0.2414273918,0.9843115807,0.080998078,0.7825843096,0.15268060560000002,0.7240995169000001,0.3170498013,1.1391552687
101,97.351452,97.567678,97.351452,0.4016541541,98.5741958618,0.42378038170000004,98.5776367188,0.3957865834,98.5214996338,0.4237388372,98.5358276367,6.508473,6.728056,6.508473,0.3198993802,7.1412758827,0.21411411460000002,7.0145421028,0.3798116744,7.0972499847,0.3425536156,7.172955513,-0.383942,-0.364621,-0.383942,0.005623661,-0.37843635680000004,0.0072080763,-0.3776175082,0.0083361436,-0.37827646730000003,0.0089115445,-0.38760805130000003,112.952407,108.400082,112.952407,-0.2328700572,111.4545974731,0.2374381721,111.4791107178,0.1754041314,111.376083374,0.1262465119,111.2456512451,1.187275,1.184107,0.7356904606,0.6898475116,0.6264913613,0.0768347681,0.8419902921,0.2213157862,0.7954547405,0.1821079105,0.7866681814,0.1723657995,0.8937704563000001,0.0712814778,0.8735258579,0.0854710788,0.7262321115,0.0798404887,0.8638238907,0.20758271220000002,0.7039907575000001,0.1484592706,0.6819000244,0.058086313300000005,0.7894688845000001,0.2243216187,0.7837216258,0.1531227976,0.6889387369000001
102,97.50625,97.975933,97.50625,0.3783056736,98.4448242188,0.3800458908,98.4306564331,0.3513948917,98.4289474487,0.3873192072,98.3749084473,6.729891,7.251398,6.729891,0.33115088940000004,6.9550580978,0.1144053787,6.8258199692,0.2581991553,6.8484573364,0.2165011466,7.0976734161,-0.376585,-0.353538,-0.376585,0.003653982,-0.3775950074,0.004345323,-0.3776039779,0.0036052321,-0.3780716062,0.0055442024,-0.38155877590000004,112.867452,113.547718,112.867452,-0.1730357558,112.1392364502,-0.14411371950000001,112.6653137207,-0.260361135,112.2577438354,-0.3145163655,111.8685073853,1.151143,1.391425,-1.0111766284,0.5429850336,0.0884304509,-0.2548131347,-1.1720223427,0.1303106546,0.643021822,-0.0162000135,0.0570361912,-0.1565223634,-1.3328438997,0.090989545,0.6853217483,-0.0611210838,0.0913002789,-0.2469041348,-1.2374082804,0.133308813,0.6991984844,-0.0381512195,0.19372245670000002,-0.3041406572,-1.3789820671,0.1562803984,0.7030656934,-0.06749621780000001,0.0645305514
103,97.496967,98.013057,97.496967,0.396163553,98.4199371338,0.4358253479,98.2880935669,0.43983566760000004,98.2815322876,0.4385663569,98.2427215576,6.460885,6.816518,6.460885,0.31512349840000003,6.9641866684,0.2646351457,6.9412670135,0.3380818069,7.0380401611,0.29638555650000004,7.1091208458,-0.380722,-0.353921,-0.380722,0.0063298531,-0.38260352610000004,0.0084625091,-0.3797776997,0.0093092043,-0.3788365722,0.0113478582,-0.3830237985,112.072157,113.348346,112.072157,-0.37138926980000003,111.9731521606,-0.0354571939,111.8405685425,0.24320827420000002,111.8370132446,-0.017449677,112.1239471436,0.97845,1.472722,-0.9128286613000001,0.30003912380000003,-0.18461850770000002,-0.2395063341,-1.0976263285,0.1364496201,0.3630298078,0.09256049990000001,-0.0726599991,-0.1864119172,-1.0577230453,0.2169395685,0.46946251390000004,0.08824408800000001,-0.15368321540000002,-0.2176814228,-1.0650811195,0.1006859168,0.387981534,0.10843893140000001,-0.139040947,-0.3029065728,-1.139693737,0.16661378740000002,0.5014573932,0.089361757,-0.1464928687
104,97.458551,97.725703,97.458551,0.4282871187,98.399269104,0.41792836790000004,98.3169250488,0.3997023702,98.237953186,0.4450017214,98.1688842773,6.819882,7.081079,6.819882,0.25718945260000003,7.1472063065,0.2710043192,7.0816574097,0.2678534687,7.0260820389,0.15643900630000002,7.1726031303,-0.377122,-0.360487,-0.37712199999999996,0.0041937074,-0.37065309290000004,0.0052516926,-0.3696042597,0.0063819778,-0.3736301959,0.0094996812,-0.37028872970000004,113.127499,112.157123,113.127499,-0.2085769624,112.7958221436,-0.0241641849,113.2331542969,-0.1697372794,113.0997695923,0.17484337090000002,112.1263961792,1.206057,1.094619,0.3946380713,0.9029163673,-0.6953972179,0.1043118834,0.45403391120000003,0.2061130106,1.1172516346,-0.14943897720000002,-0.7130126357000001,0.0414853618,0.5093140602,0.2791091502,1.0552631617,-0.2894878685,-0.7149282694,0.0638805702,0.5143526793000001,0.23044385020000002,1.0703293085,-0.25615227220000003,-0.8615503907000001,0.0706509352,0.5899769068,0.19747513530000002,1.1121852398,-0.24074098470000002,-0.8787949085000001
105,97.481312,97.864451,97.481312,0.3827279806,98.4033508301,0.4044888318,98.4347686768,0.3975468576,98.3838119507,0.4303387702,98.4841308594,6.437453,6.61148,6.437453,0.4352428317,7.1359939575,0.42656958100000003,6.9590082169,0.3312443197,7.086432457,0.3156105578,7.1915726662,-0.376191,-0.353714,-0.376191,0.0049442067,-0.3782936931,0.0068470137000000006,-0.3778918982,0.0078017320000000005,-0.38025382160000004,0.0102019664,-0.3822504282,112.472002,112.448616,112.472002,-0.1493501514,111.6659545898,0.6199567318,112.0422058105,0.061615452200000004,112.45337677,0.0292326808,111.8957977295,1.110008,1.400115,0.8015955220000001,0.7632397026000001,-0.0838355048,0.1650203764,0.9299120307000001,0.2362383455,0.7475867867,-0.0662445426,-0.1264581829,0.1484163254,0.9313987494,0.083075799,0.8834558725,-0.045240741200000004,-0.13846188780000002,0.2536699474,0.8901359439000001,0.1534546912,0.8550486565000001,-0.0813799724,-0.12120266260000001,0.2540127337,1.0393528938,0.1901893467,0.9388965368000001,-0.0002145153,-0.1809833795
106,97.357881,97.746947,97.357881,0.3913490772,98.2018508911,0.37821564080000003,98.1916427612,0.3744946718,98.111541748,0.4103708267,98.0807800293,6.590915,7.062094,6.590915,0.2461885959,6.8252120018,0.2721874118,6.7206950188,0.2582927346,6.6703109741,0.257275641,6.8489160538,-0.379151,-0.35268,-0.37915099999999996,0.0038854713000000003,-0.38121685390000004,0.0047439826,-0.3823305368,0.0047156676,-0.3832902312,0.007846343300000001,-0.3834499121,112.504237,112.069916,112.504237,-0.4092049003,113.1452865601,0.0150993466,113.4501647949,0.1016622484,113.0215377808,-0.1644890904,112.2385025024,1.205453,1.249423,0.7221207846000001,0.9554188262000001,-0.1372374658,0.1212817878,0.7560170293,0.22214728590000002,1.0103867054,0.010468430800000001,-0.07591892780000001,0.15003417430000002,0.7816942334,0.06995179500000001,1.0121686459,0.0131571516,-0.2432169616,0.18610641360000002,0.8693242073,0.16530598700000002,1.0787776709,0.0491311885,-0.1709077507,0.2119985819,0.8946732879,0.17699939010000001,1.1117498875,0.038196824500000004,-0.20832750200000003
107,97.641518,97.902106,97.641518,0.42332169410000003,98.4995574951,0.4278107882,98.4630889893,0.44282943010000003,98.4656600952,0.4138999283,98.4626464844,6.778636,6.884676,6.778636,0.2555491328,7.4233131409,0.23384468260000002,7.3612909317,0.29636162520000003,7.2077894211,0.2636478841,7.2574772835,-0.345049,-0.361844,-0.345049,0.0038684919000000003,-0.34392330050000003,0.0038704388,-0.3402352929,0.0051452843000000005,-0.34004020690000003,0.0068612034,-0.34067195650000004,117.638826,114.601351,117.638826,-0.2198557109,117.8932571411,-0.0041752458000000004,117.9471817017,-0.0975725055,117.5907058716,-0.2958384156,117.7790145874,1.182419,0.848298,0.7056473744,-0.5874938554,0.7450022152,0.1653788388,0.8298382759,-0.1874371767,-0.7295126915,0.096579805,0.8221100569,0.1401582211,0.7640099525,-0.21602833270000002,-0.8095367551,0.1461134553,0.7891318798,0.2011113316,0.8978077769,-0.1760352254,-0.747232914,0.1647955626,0.9579917789,0.1911911219,0.8907648325,-0.2061876655,-0.8164594173,0.19474019110000002,0.9679159522
108,97.300518,97.689222,97.300518,0.40388369560000004,98.3851013184,0.4280249774,98.3126754761,0.4062845707,98.3189926147,0.4302235842,98.2717819214,6.362282,6.660755,6.362282,0.15813492240000002,7.0660047531,0.28184956310000003,7.0545473099,0.3279287517,7.0673208237,0.3503105044,7.0526638031,-0.405055,-0.358505,-0.405055,0.0086136777,-0.39629969,0.011098207,-0.3950033188,0.0125224162,-0.3969836235,0.0131475292,-0.39972671870000004,109.762271,113.422782,109.762271,0.8470957875,109.9035415649,0.4420998991,110.6339263916,1.1370973587,110.844367981,0.39604613180000003,109.3139266968,1.262866,1.060013,1.1309431426,0.4216353431,0.371512332,0.2977843881,1.372210741,0.0334505104,0.40574604270000003,0.19259487090000002,0.6485900879000001,0.2147569805,1.367397666,0.0299296658,0.4606179595,0.1584061235,0.5688363314,0.2568614781,1.2866311073,0.0719475895,0.4810664952,0.1058466956,0.4505778253,0.2633008659,1.3224122524,0.0661101043,0.454041332,0.1122884303,0.4112194777
109,97.621933,97.998058,97.621933,0.4079669714,98.4035720825,0.4132206142,98.3394622803,0.44089549780000004,98.3923721313,0.4322087169,98.3639450073,6.892299,7.281669,6.8922989999999995,0.2335269302,7.2955026627,0.220510006,7.1995611191,0.2063259482,7.2301015854,0.1928452551,7.369202137,-0.344335,-0.359807,-0.344335,0.0039672116,-0.3470585346,0.0043534124,-0.343208611,0.0046347575,-0.3449351788,0.004591696,-0.3445489109,116.442885,114.436923,116.442885,-0.4063557982,117.4533309937,-0.115937233,117.6088409424,-0.17850416900000002,117.4516601562,0.0053548813,117.3755187988,0.930822,0.75725,0.448657501,-0.3306380727,0.7455292356000001,0.08913029730000001,0.6601542234000001,-0.08623735610000001,-0.5445069075,0.0392259322,0.9047287107,0.0520174801,0.5300143361,-0.12687397,-0.4921484888,0.0650438517,0.8152287006000001,0.1132015884,0.5544630885,-0.1105466187,-0.4454554617,0.0852888152,0.7837544084,0.1233782023,0.442301333,-0.1281026602,-0.4476087689,0.1384159774,0.7839252949000001
110,97.102771,97.662001,97.102771,0.4082963765,98.2896270752,0.4211831093,98.2918624878,0.43968385460000003,98.2971343994,0.4356462955,98.3766479492,6.430047,6.660256,6.430047,0.3120164573,7.206553936,0.2291795611,7.1763715744,0.2607104778,7.143245697,0.24556973580000002,7.1628227234,-0.355548,-0.350371,-0.355548,0.0030221459000000003,-0.3618088365,0.0043529384,-0.3587240279,0.004576499600000001,-0.3589020371,0.0070620258,-0.3604332209,114.637347,112.874866,114.637347,-0.2678909302,114.2095184326,0.048368901000000006,114.4145889282,-0.09436285500000001,114.1909484863,-0.11215299370000001,114.767288208,1.10986,0.92181,-0.1419209152,0.38956315220000004,1.0295091898,0.0259229988,-0.2766545713,0.0939996243,0.6767426729,0.2646391094,1.2672610283,-0.024347268000000002,-0.16352930670000002,0.0520174913,0.6927219629,0.2684959769,1.220983386,0.0419054702,-0.1961135864,0.1152083576,0.5730994344,0.2683502138,1.3199852705000001,0.0330133662,-0.19517016410000002,0.08132945750000001,0.6033521295000001,0.27910000090000003,1.259391427
111,97.346761,97.864435,97.346761,0.41531136630000004,98.4872283936,0.42514926200000003,98.4368438721,0.4342375398,98.3817214966,0.42071127890000004,98.3791427612,6.782573,7.225717,6.782573,0.2923643291,7.563521862,0.4306877255,7.4933714867,0.2944685519,7.5188727379,0.24640655520000002,7.2569208145,-0.339087,-0.357881,-0.33908699999999997,0.00486477,-0.33894965050000003,0.00696587,-0.33900630470000004,0.0091719385,-0.3436963558,0.0088280682,-0.34363618490000003,117.376752,114.759211,117.376752,-0.1992476732,116.9778747559,-0.1815279126,117.0336608887,-0.1092777848,116.9831237793,0.098677814,116.9525527954,0.994303,0.854,-0.1557272308,-0.4017131836,0.8961107507,-0.1146188825,-0.3026791811,-0.1067307591,-0.4421744347,0.09202840920000001,0.9748196602,-0.0846422836,-0.3971027136,-0.0843401104,-0.3988525867,0.20672556760000002,1.0581849813,-0.0857169703,-0.2895843685,-0.11216071990000001,-0.45067888500000003,0.2541171908,1.0582038164,-0.1023024097,-0.365303278,-0.1254467815,-0.514577508,0.2160865515,1.0928938389
112,97.422372,97.695849,97.422372,0.43867990370000004,98.3421859741,0.4418658018,98.274055481,0.42691242690000003,98.3252639771,0.43985229730000003,98.3335571289,7.198859,6.350871,7.198859,0.3035338521,6.9439821243,0.17764136200000002,6.9620203972,0.2581165433,7.0364422798,0.2213572264,7.0983390808,-0.360262,-0.358353,-0.36026199999999997,0.0037911031,-0.36695081,0.0044491366000000004,-0.3677348197,0.0066186921,-0.36702376600000003,0.0067695598,-0.3634211123,115.011702,113.318283,115.011702,-0.3889870644,114.5431594849,0.0365537107,114.2700653076,-0.1538488269,114.0723114014,-0.306137681,114.4129867554,0.579812,1.040791,-0.46884350080000003,0.17949364,0.2900855256,0.0222951807,-0.6198562384,-0.0669808984,0.11582338810000001,0.1293170154,0.4428424239,-0.0643785372,-0.4422195256,0.061095230300000004,0.2141549885,0.1026294306,0.42462968830000003,-0.0720006675,-0.47697710990000003,-0.0137165952,0.1549842656,0.0905259699,0.4016087353,-0.1281829774,-0.5349334478000001,-0.0101493914,0.11681678890000001,0.0886628181,0.4249281287
113,97.433418,97.427007,97.433418,0.4193762243,98.2550811768,0.41918689010000004,98.1289291382,0.4133725166,98.1006851196,0.4270275235,98.092338562,6.873679,6.826627,6.873679,0.2741549611,7.1540045738,0.22180464860000002,6.8428115845,0.2313777804,7.0195045471,0.17921590810000002,6.9961819649,-0.377184,-0.350661,-0.37718399999999996,0.0064238366,-0.371494621,0.0086047621,-0.3681224883,0.0105148666,-0.36913996930000004,0.0116855819,-0.3679803908,111.067405,113.924804,111.067405,0.6782864332,111.903793335,0.6404190063,111.9320678711,0.8424021006,112.2278366089,0.8461288214,112.5784835815,0.8555,1.20676,-0.7796434627000001,-0.2132499787,-0.2802873126,-0.22816352550000002,-1.0750023127,-0.09520186480000001,-0.2793147862,-0.0624024719,-0.47222840790000004,-0.17834506930000002,-0.9595962763,-0.0057447744,-0.261534512,-0.086542666,-0.41533309220000003,-0.1634369195,-0.8396992683000001,-0.09446386250000001,-0.3202279508,-0.0023544952,-0.359787792,-0.1923424453,-0.9589966536000001,-0.0248254612,-0.3550837636,-0.0446964949,-0.33796525
114,97.383171,97.516255,97.383171,0.43074730040000003,98.2853546143,0.4397605062,98.1928939819,0.420814991,98.1190261841,0.4412072301,98.0995025635,6.822476,6.548723,6.822476,0.1652874202,7.2243022919,0.0461149737,6.9741382599,0.10509935020000001,7.1693096161,0.0924370587,7.0603075027,-0.385926,-0.360083,-0.385926,0.0070040878,-0.3744970262,0.009030614000000001,-0.3716155291,0.011693269000000001,-0.3731339574,0.014690128200000001,-0.3728935719,111.184053,113.354658,111.184053,0.9915969372000001,111.6737747192,0.7018001676000001,111.7632064819,0.6014730930000001,112.0951156616,0.158013165,112.6236953735,0.944707,1.090875,0.5224476527,0.0414070494,-0.7860055197,0.1107176617,0.70622015,-0.0108324327,-0.033890649700000004,-0.3039242327,-1.0552027225,0.2123227865,0.6697171926000001,0.0524583906,0.0420913547,-0.1986238658,-1.0905745029,0.15264031290000002,0.7531097531000001,-0.0031150593,0.024355262500000002,-0.3039250076,-1.1850879192,0.15667188170000002,0.7812114954,0.046915106500000005,0.0779527575,-0.34352099900000005,-1.2394630909
115,97.448623,97.742148,97.448623,0.4229592085,98.5223007202,0.4264978766,98.4105224609,0.4160865247,98.3908081055,0.4229774177,98.3400878906,6.802431,6.480061,6.802431,0.1726106554,7.3618988991,0.2509467006,7.0515527725,0.2209784091,7.1803455353,0.1834628284,7.0540013313,-0.362357,-0.35043,-0.362357,0.0049792631,-0.3576091528,0.006567908000000001,-0.35466995840000004,0.0087560955,-0.3548288047,0.0093915435,-0.3565416932,114.959669,113.250497,114.959669,-0.137046203,113.9183349609,0.15272895990000002,114.4621505737,-0.0250563622,114.1863555908,-0.0110068321,114.6248931885,1.203117,1.273334,0.6936587089,-0.1671144085,0.968711297,0.1177079976,1.015642643,-0.1450944692,-0.4089082778,0.14113953710000002,1.1058884859,0.20809520780000001,0.9283217192000001,-0.18753938380000001,-0.3864456415,0.21512819830000002,1.1981339455,0.1406053603,0.8457154632,-0.1421059966,-0.2581459284,0.2186087519,1.2517749071,0.155484736,0.8533937335,-0.1083005294,-0.37495663760000003,0.2224036455,1.1409131289
116,97.096087,97.723864,97.096087,0.43945997950000004,98.1738891602,0.4442538917,98.118850708,0.4559227824,98.1432800293,0.421374768,98.1379394531,6.639111,7.060638,6.639111,0.2607046068,7.25629282,0.23666259650000002,7.0564279556,0.2404373586,7.1748437881000005,0.2259291708,7.0585165024,-0.348905,-0.355868,-0.34890499999999997,0.0045331046,-0.3563229442,0.0050451355,-0.3567413092,0.0057609268,-0.3539134264,0.0081061013,-0.3601404428,116.43437,111.913368,116.43437,-0.41747868060000004,115.0883026123,-0.2514410317,115.4388809204,-0.27547371390000003,115.4216079712,-0.678506434,115.5307693481,0.920919,1.157703,-0.1401514915,0.512481694,0.752205148,-0.0415681303,-0.0135313645,0.1950112283,0.6235291958,0.048751168000000004,0.8357416391,-0.0060309861,-0.1912292689,0.1662225872,0.6350823045,0.0941845328,0.8129223585,-0.0052688331,-0.0691002235,0.1472397149,0.6659536362,0.1559861451,0.9030563831,-0.025425456500000002,-0.23826484380000001,0.1423839778,0.7106937766,0.1471791416,0.8276779056
117,97.158411,97.510513,97.158411,0.4225987196,98.4784622192,0.43239092830000003,98.3733215332,0.4332767427,98.324508667,0.3953834176,98.2792434692,6.789902,6.844723,6.789902,0.23982888460000001,7.2298650742,0.2429836243,7.0695457458,0.1874182671,7.1484231949,0.1538549662,6.9659547806,-0.366512,-0.358293,-0.366512,0.0061628269000000005,-0.35754930970000004,0.0082861511,-0.3543546796,0.0102771921,-0.35506391530000003,0.0113106892,-0.3540674448,113.944232,115.582869,113.944232,0.1670287251,112.6398925781,0.6727730036,113.0869750977,0.015357822200000001,113.3770523071,-0.0726988912,113.8268508911,0.774208,1.190308,0.4192838492,0.2990331431,0.5780811043,0.0701763406,0.5944331288,0.06364902110000001,0.4608949423,0.1107417867,0.7448284626,0.1419080496,0.6044996977,0.1615718901,0.49942439790000004,0.069408752,0.6402286291,0.1049141884,0.5993132591,0.11498890070000001,0.4099670053,0.1123688072,0.6161516905000001,0.0947438106,0.5672460198,0.1355377585,0.4204122126,0.0896434337,0.6793168783
118,97.57025,97.637302,97.57025,0.3942185342,98.487449646,0.4053991437,98.3788757324,0.4119675756,98.3288574219,0.4108631313,98.3045883179,7.061683,7.426066,7.061683,0.1913474202,7.2144765854,0.1069293395,7.1043558121,0.18302792310000002,7.2707781792,0.1301855147,7.1109132767,-0.363819,-0.353045,-0.363819,0.004927228200000001,-0.3584885299,0.0062314672,-0.3563817143,0.0081248805,-0.3543806672,0.0103277666,-0.3502083123,114.772168,113.92345,114.772168,-0.08283753690000001,114.5832824707,-0.1072727442,114.7835845947,-0.0380319953,114.8175964355,0.0101351142,114.4597625732,0.857582,1.168292,-0.5769532103,-0.2435001725,0.5859002349,-0.1704778224,-0.6275176406,-0.1055266559,-0.3691815138,0.17279195790000001,0.5982072353,-0.14294619860000002,-0.620539248,-0.1316111684,-0.4863429368,0.1525063217,0.7099829316,-0.1602834165,-0.7490543723,-0.1000638977,-0.3765273988,0.164560765,0.7202222347,-0.09244547780000001,-0.7145685554,-0.1112281382,-0.41874420640000004,0.1899472624,0.7715170383000001
119,97.593267,97.995136,97.593267,0.4402918816,98.4704818726,0.4398502111,98.4022293091,0.4563070536,98.4317245483,0.4351865351,98.4597167969,6.832316,7.130136,6.832316,0.2819819152,7.5289998055,0.3357221782,7.425491333,0.3030787408,7.2327857018,0.2721258998,7.2539286613,-0.337188,-0.357,-0.337188,0.0046580755,-0.34040868280000003,0.0056823627000000005,-0.3390724361,0.006577450800000001,-0.3391275406,0.0078306543,-0.3450264931,119.794353,114.944867,119.794353,-0.24925662580000002,117.7168045044,0.0064750314,118.0007781982,0.2013954818,117.8703384399,0.0648618937,117.841835022,1.072323,1.344683,-1.0636549585,-0.07583544510000001,0.1129793258,-0.1710389256,-1.1938058138,0.0156542603,-0.0472946167,-0.0504553318,0.056533381300000005,-0.24024686220000002,-1.2771588564,0.051136925800000003,0.0187349934,-0.059184927500000005,0.0919388235,-0.18501982090000002,-1.2792445421,-0.0056541879000000005,-0.0503937677,-0.028854105600000002,0.0785182118,-0.24375283720000002,-1.3234468699,-0.0132806264,-0.0091821887,-0.0042578559,0.040916577
120,97.504815,97.440951,97.504815,0.41969287400000005,98.5001296997,0.4235779047,98.3834686279,0.4337683916,98.3400115967,0.4142070413,98.3095474243,6.762352,6.662341,6.762352,0.2174835354,7.3917984962,0.1346246451,7.2748260498,0.1834630072,7.3357753754,0.10883729160000001,7.3130569458,-0.359214,-0.351379,-0.359214,0.005455652300000001,-0.35208779570000004,0.0062571699,-0.3487917781,0.007745362800000001,-0.34758442640000003,0.0107039474,-0.3440499306,114.576892,113.554985,114.576892,-0.1416423768,114.3443527222,-0.0858666003,114.5324020386,-0.0880867243,114.7227401733,0.07887160780000001,114.5800170898,0.868445,1.072383,-0.7079111050000001,0.3570368929,-0.3543777464,-0.11475668850000001,-0.9567129612,0.1359041631,0.49680987,-0.2049659342,-0.4662182331,-0.13557867710000002,-0.8788552284000001,0.0456013158,0.3753808737,-0.21039581300000001,-0.6651005149,-0.1332397908,-0.8539749384,0.0832995921,0.49487257,-0.1658549309,-0.5791596174,-0.1357385069,-0.7768841386,0.0395166762,0.4070642591,-0.19675332310000002,-0.6485591531
121,97.522498,97.668881,97.522498,0.4093017578,98.2894210815,0.4014052749,98.2214736938,0.4120123982,98.1692047119,0.4147335887,98.0840988159,6.844435,6.551645,6.844435,0.2855004668,7.1270303726,0.26029962300000004,7.0072541237,0.20594057440000002,7.0165309906,0.15893521900000002,7.0286345482,-0.365742,-0.3446,-0.36574199999999996,0.0043658623,-0.3616371453,0.0046108947,-0.3592203557,0.0062215566,-0.3576132059,0.0084145283,-0.3565685153,114.346593,116.130313,114.346593,-0.3302254081,115.3508834839,-0.3621012568,115.1958084106,-0.1433115602,114.9107818604,-0.5930647254,114.967880249,1.101682,1.304085,-0.6797945678,0.8214287501,0.277193891,-0.1222258657,-0.6535121202,0.2155147046,1.0726827383,0.1579922736,0.4403089583,0.0110232495,-0.5444808006,0.18348571660000002,1.0222311020000001,0.1529089957,0.4627538323,-0.057360172300000005,-0.6040643454,0.1800942421,0.9331045747000001,0.11866458510000001,0.4289227128,-0.1395676136,-0.6475226879,0.18430449070000002,0.9924371839,0.1362966299,0.39845079180000004
122,97.483107,97.647346,97.483107,0.42598196860000004,98.2628250122,0.42399448160000003,98.238319397,0.42391780020000003,98.2491836548,0.41902473570000004,98.168258667,6.835714,7.096122,6.835714,0.3166092038,7.2508335114,0.2455936819,7.1397428513,0.25918704270000004,7.2125806808,0.2140105069,7.0547032356,-0.355571,-0.359077,-0.35557099999999997,0.0048335209,-0.35560113190000003,0.0060032643,-0.354793638,0.0075498014,-0.3571482897,0.0095342081,-0.3563348055,115.227683,114.679571,115.227683,-0.35857898,115.0892562866,-0.319483161,115.2420272827,-0.5076898932,115.0582580566,-0.8150332570000001,115.0003051758,1.168161,1.21915,-1.1612260072,0.124956596,-0.0232535663,-0.34332782030000003,-1.3941338062,-0.10091311480000001,0.0380921513,0.0711468831,-0.0616913736,-0.24339771270000002,-1.4105952978,-0.0626477152,0.014993451500000001,-0.0217683334,-0.0352643132,-0.28141552210000004,-1.3265527487,-0.0095301643,0.09240950640000001,-0.0130274724,0.0046063066,-0.3041595519,-1.3554201126,-0.0217637364,0.0847965777,0.0029324610000000004,0.0168780684
123,97.108052,98.006718,97.108052,0.40411466360000003,98.3384170532,0.4204670787,98.2675094604,0.4307321906,98.2981796265,0.4274254441,98.3174209595,6.784923,6.494038,6.784923,0.2435777187,7.0873746872,0.12231794,6.860490799,0.12018284950000001,7.0470981598,0.1089416817,7.0106759071,-0.359258,-0.349653,-0.35925799999999997,0.0038134768,-0.3618190885,0.0051959422,-0.36080178620000003,0.005493225500000001,-0.36020815370000003,0.009140483100000001,-0.3596349359,114.454919,116.533869,114.454919,-0.1717003137,112.9053649902,-0.097447902,113.0729522705,-0.5521956682,113.1216201782,-0.1801043153,113.2276535034,1.097122,1.147582,0.9887427929,0.2792615282,-0.38480719,0.3236936331,1.2670120001,0.1146855056,0.3244351149,-0.0372688174,-0.3130568266,0.34847262500000004,1.3010313511,0.0567543358,0.2599457204,-0.0866348594,-0.3647869527,0.3610354662,1.2873924971,0.1326850504,0.3937594891,-0.0387330949,-0.3531163037,0.2647052109,1.2448074818000001,0.09827405210000001,0.3929941058,-0.0467955545,-0.4166211188
124,96.968606,97.382248,96.968606,0.43243709210000003,98.3415908813,0.4255204201,98.2140197754,0.4151827395,98.1981964111,0.40159523490000004,98.1166687012,6.800205,7.072007,6.800205,0.2517447174,7.3991374969,0.20189043880000002,7.1120758057,0.2006839812,7.3537564278,0.1239437833,7.0154671669,-0.355798,-0.348009,-0.355798,0.0046132989,-0.35392832760000004,0.0062731071000000005,-0.35260403160000003,0.0071794484,-0.34953081610000003,0.009506508700000001,-0.34936988350000003,116.121506,114.306242,116.121506,-0.21374379100000002,113.3894729614,-0.1238008738,113.9725341797,-0.2535917759,113.7844619751,-0.3464351296,114.0308685303,0.793605,1.229908,0.4046580188,0.4831165737,-0.4823483504,0.158611685,0.6222995520000001,0.0218809675,0.4166928232,-0.0988885239,-0.6098254323,0.1292534769,0.6084555387,0.11053507030000001,0.4723475575,-0.0961153507,-0.601672411,0.10324572030000001,0.5130773783,0.10278988630000001,0.5239210129,-0.155641675,-0.5184348822,0.0871490687,0.5083633661,0.048520196200000004,0.458317697,-0.1271200627,-0.5927388072
125,97.351551,98.08073,97.351551,0.3954814076,98.3116760254,0.39640462400000004,98.3111495972,0.4034444392,98.2987747192,0.3863584399,98.2668457031,7.142665,7.115378,7.142665,0.22887906430000002,7.0128121376,0.1354228854,6.8044490814,0.1693990529,6.9088172913,0.0795832276,7.0177311897,-0.359132,-0.345,-0.359132,0.0043896553,-0.36762562390000003,0.0054708757,-0.36667248610000003,0.006381134,-0.3685029745,0.006560578,-0.3664246798,114.846542,115.856191,114.846542,-0.37259376050000004,114.0935058594,-0.3028745651,114.1850509644,-0.5079677105,114.1288375854,-0.3688708544,114.484703064,0.701068,0.992064,0.0670023096,0.6108478735,0.3374491208,-0.005249710800000001,0.11957739290000001,0.2370085716,0.6664208174,0.10241633650000001,0.4672466516,0.0782588199,0.1008484811,0.1607328802,0.7047218084,0.1097530872,0.43877732750000004,0.0423104502,0.1184193417,0.1146743596,0.6561541557,0.08141942320000001,0.4534092247,0.0419078879,0.0745676681,0.1150379479,0.7104674578,0.0792356282,0.4826524854
126,97.205027,97.693955,97.205027,0.41763246060000003,98.522605896,0.4419450462,98.5627975464,0.3925656676,98.5369415283,0.3923943639,98.4918899536,6.654311,6.90854,6.654311,0.2953899801,7.2077479362,0.2140471488,6.9650797844,0.2429095805,7.1420969963,0.2100042403,6.9113721848,-0.352812,-0.345893,-0.35281199999999996,0.0053305286,-0.3552463353,0.0066026091,-0.3560292125,0.007394243000000001,-0.3626556993,0.005754265000000001,-0.3683969378,116.35471,113.60442,116.35471,-0.3139251471,114.3703155518,-0.4211381078,115.0349731445,-0.555541575,114.8371734619,-0.493319571,115.2366943359,0.804436,1.561332,0.41935474030000003,0.1360256803,0.6728717269000001,0.1519019604,0.4407079816,0.0388684347,0.10254137220000001,0.0478194281,0.6813306808,0.0807417482,0.4508011639,0.0355749056,0.2060248405,0.1032021865,0.7671160102,0.08511509,0.3365816176,0.053157862300000004,0.1882964671,0.0304313228,0.7217225432000001,0.1175329387,0.5129011273,0.0444739982,0.1748930663,0.0864826739,0.6589580774
127,97.018614,97.906049,97.018614,0.41968280080000003,98.3712539673,0.42715317010000003,98.3532180786,0.4198163152,98.3493499756,0.41965031620000004,98.3613967896,6.678182,7.106674,6.678182,0.3090551496,6.9661393166,0.1482133567,6.8331480026,0.1939088404,6.969874382,0.17983806130000002,6.9889416695,-0.363033,-0.385425,-0.363033,0.005947064100000001,-0.3663217127,0.0074641714000000005,-0.3641642928,0.0088408431,-0.3653556705,0.0089726588,-0.3672241569,112.929314,111.289007,112.929314,0.1992661357,112.8312835693,0.3443871439,112.7327728271,0.19923216100000002,112.9811782837,0.281953752,113.2520065308,0.911652,0.606844,0.4794257288,0.7549886054,0.1767824193,0.1757386029,0.504219532,0.1775060296,0.9100970626,0.0511125848,0.2266398668,0.1598881185,0.7194628119,0.1057669818,0.8164381385,0.0262795761,0.2468267828,0.1673636138,0.6145302653,0.10772585870000001,0.8573604822,0.0006241910000000001,0.2386049777,0.1663974971,0.6599723101,0.1143410057,0.7856171131,0.011020123000000001,0.1960880607
128,97.39671,97.514244,97.39671,0.41853094100000005,98.4374847412,0.4193022847,98.3849029541,0.4399353862,98.3344421387,0.42776691910000003,98.3803939819,6.759537,7.416141,6.759537,0.2044162601,7.0269985199,0.1651722789,6.9407320023,0.22920930390000002,7.0651955605,0.1362065971,6.9736762047,-0.358386,-0.365862,-0.358386,0.0044459738,-0.3543598056,0.0050342162,-0.3542181551,0.0056772036,-0.3529322445,0.0093933903,-0.3464606106,113.561409,112.871809,113.561409,-0.0024060607,114.1459197998,-0.22406259180000002,113.9997634888,-0.343536377,114.398223877,-0.42195051910000003,114.4217910767,0.603685,1.199871,-0.2461645513,0.5479744642000001,-0.0596826668,-0.0343075693,-0.1513159275,0.24750384690000002,0.5895140171000001,-0.06114996600000001,-0.1031147689,-0.0843179673,-0.3032877445,0.1504809856,0.6397427320000001,-0.0077243084,0.0616250634,-0.0353841074,-0.2622812986,0.19928427040000002,0.7030864954,-0.07688628880000001,0.0127163306,-0.0529897027,-0.2248620987,0.1908486187,0.8866966963,-0.0142543893,-0.1113430485
129,97.319586,97.901854,97.319586,0.4268036485,98.4789810181,0.4188732207,98.4453659058,0.4261597395,98.4028625488,0.44461637740000004,98.4486999512,6.531696,6.873588,6.531696,0.2455037683,7.2626562118999995,0.26961350440000004,7.198589325,0.2483079433,7.2635197639,0.1641028821,7.0236420631,-0.359319,-0.360515,-0.359319,0.0045089042,-0.35567611460000004,0.0049927388,-0.3551044464,0.005877242,-0.3544743359,0.0093332641,-0.3508560658,114.91635,116.389549,114.91635,-0.1175348014,114.1895217896,-0.3929858804,114.4995498657,-0.187746197,114.3655700684,-0.4000988603,114.3758087158,0.601732,1.221792,-0.35307619160000003,0.463329598,-0.1508101927,-0.0350588374,-0.4435195327,0.060145542,0.5522577763000001,-0.0703846216,-0.0577034131,-0.0837538466,-0.5138066411000001,0.07230445740000001,0.5167986155000001,-0.0254643224,-0.1297407001,-0.09124337140000001,-0.428545624,0.0860369802,0.5069671869,-0.0720417723,-0.1921035945,-0.042818848,-0.382068634,0.1100581437,0.6643348932,-0.0460315086,-0.1326673627
130,97.341834,97.530348,97.341834,0.420147419,98.4286270142,0.4401235282,98.4143829346,0.4264281988,98.4039077759,0.4037651122,98.3627243042,6.968132,6.719788,6.968132,0.3049352467,6.8845362663,0.036425069000000004,6.8066644669,0.1038318351,6.9202289581,0.06438472120000001,7.0584354401,-0.368622,-0.348801,-0.368622,0.0047299778,-0.3631789684,0.0056773480000000005,-0.3612396419,0.0067923614,-0.362939626,0.0092659006,-0.3603364229,113.304822,116.382539,113.304822,-0.1028053164,113.7401504517,-0.0911027789,113.9532546997,-0.2320684195,114.0707244873,-0.1539683938,114.0742340088,0.782429,1.039376,-0.413693242,0.3946513405,-0.5341373605,-0.1382710636,-0.3782095909,0.163239181,0.5776480436,-0.1235360652,-0.5402718782,-0.1329148561,-0.6036394238,0.0582618192,0.47317773100000005,-0.0563513711,-0.5670549273000001,-0.1372048408,-0.4874436259,0.13459979,0.577427268,-0.10917540640000001,-0.5593168139,-0.11720163380000001,-0.4956297576,0.09543536600000001,0.6119827032,-0.07763259110000001,-0.5359157324
131,97.575829,97.934653,97.575829,0.3947305083,98.4024429321,0.40570589900000004,98.3223953247,0.42430061100000005,98.2563934326,0.3907361925,98.2868804932,7.079317,6.651981,7.079317,0.32537895440000003,7.0373888016,0.1715842336,6.9501266479,0.19049248100000002,7.0825281143,0.140705511,7.0334944725,-0.361361,-0.369747,-0.361361,0.0041009197,-0.3570684195,0.0049666851,-0.35508069400000003,0.005632086200000001,-0.35109004380000003,0.0091192443,-0.3512343168,113.794011,112.156117,113.794011,-0.30384445190000003,115.0964202881,-0.2403034866,115.2743453979,-0.1089933515,115.118560791,-0.40674406290000004,115.2196807861,1.081327,0.811273,0.3068924282,0.6541595686,0.8044632644,0.062310859600000004,0.2412106693,0.21534051,0.7884899378,0.2626290321,1.0447164774,-0.0610390119,0.1714647114,0.0669303611,0.6794941425000001,0.1699084193,1.0487257242,-0.0035164729,0.22081357240000002,0.16313584150000002,0.7369605899,0.2398069501,0.9792539477000001,0.008829413000000001,0.2101922631,0.1393347681,0.6647989750000001,0.22565793990000002,1.036737442
132,97.101783,97.450143,97.101783,0.4232392609,98.3039550781,0.42081266640000003,98.2056427002,0.4182828665,98.2576293945,0.4260452986,98.2487792969,6.501819,6.861038,6.501819,0.2125602514,7.2294211388,0.2136371732,6.9697599411,0.2181779146,7.2024149895,0.1096475199,6.9725437164,-0.357889,-0.352053,-0.35788899999999996,0.0031867165,-0.359659642,0.0049097515,-0.3574430943,0.005610378,-0.3561438918,0.0070942659000000005,-0.3566396236,114.320157,112.469752,114.320157,-0.3259547353,114.0983200073,-0.1296685934,114.4049530029,-0.20998626950000002,114.8424377441,-0.36504387860000004,115.3121871948,1.112959,0.742851,0.4168332751,0.9226418270000001,0.4622328831,0.0914051533,0.4293782115,0.2126739919,1.1951503754,0.134644866,0.5198817253,0.0662242696,0.4216298759,0.26361548900000004,1.1879376173,0.132804364,0.5774137974,0.0728097931,0.4965654612,0.28455662730000003,1.1702163219,0.1764712334,0.5809673071,0.055987902000000006,0.47019159790000004,0.28240177040000003,1.2296738625,0.11670848730000001,0.6580580473000001
133,97.428376,97.569375,97.428376,0.45326277610000004,98.4957504272,0.4572768807,98.4000015259,0.47474205490000004,98.3423843384,0.43237945440000003,98.3113327026,6.898445,7.132254,6.898445,0.2581584454,7.2598919868,0.1901987642,7.0769228935,0.2383678854,7.2145161629,0.1467758268,7.1095075607,-0.361484,-0.363868,-0.36148399999999997,0.005253116600000001,-0.35483402010000004,0.0061761439,-0.35468560460000004,0.007234762400000001,-0.35578197240000003,0.0104148565,-0.35640555620000003,115.539346,110.301069,115.539346,-0.2408372313,114.0389938354,-0.0667386651,113.9521942139,-0.3137726188,114.1627731323,-0.0704370737,114.2740936279,1.01067,0.894197,0.8800417063,0.4969703058,-0.0011998941,0.31266474720000004,1.2084869146,0.1378089786,0.5615251064,-0.0340423919,-0.0252590925,0.2369659096,1.1305199862,0.067884624,0.641400516,-0.0778991133,-0.1289256215,0.2709332108,1.1316990852,0.08089904490000001,0.5635222197,-0.05773471300000001,-0.16066780690000002,0.26937282090000003,1.133641243,0.0790270418,0.5654652715,-0.0431595035,-0.19756639
134,97.287244,97.688861,97.287244,0.4191079438,98.3151245117,0.4383289218,98.3066177368,0.4114265442,98.2419281006,0.41834285860000003,98.2476348877,6.9631,6.758984,6.9631,0.2522577643,7.1452083588,0.24637168650000002,7.1556215286,0.2519032657,7.2009811401,0.1364508271,7.1664628983,-0.366223,-0.359663,-0.36622299999999997,0.0043581193,-0.3675805628,0.0050466955,-0.36624738570000004,0.0060846964,-0.37303501370000003,0.0060423943,-0.37110143900000003,114.173945,110.119604,114.173945,-0.0302562267,112.9768066406,-0.0362588167,113.4185256958,-0.3970220685,112.9558258057,-0.3340227604,113.1109848022,0.718967,1.367911,0.1492274415,-0.4957900092,0.4988353002,0.0374299735,0.27126717570000003,-0.0892968625,-0.5528017879,0.0786249861,0.49129262570000004,0.040750093800000005,0.2313009799,-0.107347101,-0.6105909348,0.0532327183,0.49762943390000003,-0.0160368271,0.13995200400000002,-0.1519440413,-0.49856475,0.0705337077,0.560963273,0.037953831300000004,0.2295742631,-0.07968179140000001,-0.5549222231000001,0.1242045462,0.6391132474
135,97.370242,97.757331,97.370242,0.4325475097,98.4346694946,0.43600496650000004,98.3065338135,0.42929527160000003,98.2730560303,0.45064383750000003,98.2897872925,6.450658,6.710439,6.450658,0.1528209895,7.3605775833,0.3356298804,7.3009872437,0.2171221375,7.106584549,0.1539468169,7.1537828445,-0.344534,-0.354535,-0.344534,0.0045922115,-0.3471863866,0.0049864305,-0.3458377123,0.0066176434000000004,-0.3435288668,0.0077580349,-0.3466514349,118.47205,113.273737,118.47205,-0.4466913939,116.0733337402,-0.1911918819,116.2457427979,-0.4295400977,116.4852142334,-0.5967200398,116.6794052124,0.650599,1.200688,0.3790646958,0.1893059241,-0.4937133852,0.0768450946,0.2848418057,0.0360449515,0.2802869678,-0.2083159387,-0.6279184818,-0.013030421,0.3153178096,0.1079133302,0.2938523293,-0.20326100290000002,-0.6526052952,0.0423851758,0.3875443041,0.0372120328,0.1908196956,-0.10212603960000001,-0.5506545305,0.081979014,0.3644641638,0.0442451835,0.2837979794,-0.1597607136,-0.6758565903
136,97.323866,97.759497,97.323866,0.4439768791,98.3602905273,0.4665497541,98.3396911621,0.44421887400000004,98.3393173218,0.46510726210000003,98.3491897583,6.868184,6.865337,6.868184,0.2859179974,7.2182855606,0.2087267637,6.9550042152,0.1983335018,7.0333023071,0.1522808075,7.091023922,-0.371602,-0.364865,-0.371602,0.0042045177,-0.3705761433,0.0056220861000000006,-0.3695483208,0.0076939352,-0.36976709960000004,0.0078026266,-0.37192371490000004,113.720115,111.03755,113.720115,0.1536423713,113.0944671631,-0.0678777695,112.8596420288,-0.5088139176,112.7445449829,0.2688919008,113.2067184448,0.646178,0.822083,-0.4385585644,-0.1056272147,-0.46266092470000003,-0.0140743777,-0.35912793870000004,0.1073848158,-0.20281669500000002,-0.024250861300000003,-0.5198258758000001,0.0106038526,-0.3587787449,0.0049985191,-0.1956530511,-0.0648315847,-0.5405476093,0.0249381028,-0.3433945775,0.025325335600000002,-0.0837536007,-0.071922712,-0.5131563544000001,0.0127271637,-0.30554947260000004,0.027200494000000002,-0.1050330102,-0.1059548482,-0.5622572899
137,97.427562,97.852577,97.427562,0.4489857554,98.2763900757,0.4570434988,98.1368179321,0.49393391610000004,98.1338653564,0.4262749851,98.073425293,7.078999,7.164477,7.078999,0.3224455714,7.6136403084,0.24503408370000002,7.3220672607,0.2756227255,7.4683384895,0.18399620060000002,7.3994684219,-0.353217,-0.363022,-0.353217,0.004760888400000001,-0.3441133797,0.005660216300000001,-0.3427686095,0.0060193739000000005,-0.3383951783,0.011227222200000001,-0.3360856175,113.02419,111.970228,113.02419,-0.18747286500000002,113.2827606201,-0.1577653289,113.5625457764,-0.2926405072,113.6583938599,-0.1111671925,113.8681793213,0.819682,1.382427,-0.28894355520000004,-0.070095339,-0.7638565841,-0.048596032000000004,-0.3210015297,-0.032020237300000004,-0.15458667280000002,-0.2521685362,-1.0129102468,-0.0124863535,-0.2910961807,-0.0242111906,-0.2691550851,-0.25193843250000003,-1.0238502026,-0.0095138587,-0.3847001493,0.0347791687,-0.1629109532,-0.27285048370000003,-1.0302586555,-0.032958906100000004,-0.48010554910000003,0.026595119400000002,-0.1275952458,-0.22265046830000002,-0.9966725707
138,97.227489,97.709169,97.227489,0.4208901823,98.415977478,0.42664492130000004,98.2923049927,0.45454519990000003,98.2677459717,0.4598929584,98.2286911011,6.555367,6.344558,6.555367,0.1845233887,7.069108963,0.1273960024,6.9376316071,0.16698190570000002,6.7303104401,0.18819478150000002,6.9942407608,-0.363561,-0.348159,-0.36356099999999997,0.0052025849,-0.36274635790000004,0.0065427842,-0.3615720868,0.0075676218,-0.3651622534,0.0085106036,-0.3666906059,115.04433,114.515814,115.04433,-0.0918024331,114.0333557129,0.0409654677,113.7074432373,-0.0402877033,114.1702957153,0.0933264494,114.1846466064,0.73876,0.805388,-0.5118555207000001,-0.0451735693,-0.5307818289,-0.162381202,-0.5984758139,-0.1563722193,-0.2257522643,-0.1543985605,-0.548329711,-0.1679646075,-0.5612382889,-0.1448174119,-0.3427112997,-0.1643327773,-0.6288136244,-0.0886528865,-0.551605165,-0.1480854005,-0.27828297020000003,-0.0778549165,-0.4713524282,-0.1550123394,-0.5819303393,-0.1150513366,-0.256047368,-0.134812057,-0.6155215502
139,97.24927,97.8712,97.24927,0.385953486,98.3397140503,0.3786740303,98.2321014404,0.39336383340000003,98.2545547485,0.393496573,98.1416168213,6.823044,6.737671,6.823044,0.2990085483,7.5322980881,0.3317855597,7.1685295105,0.2839352489,7.1185064316,0.1818808913,7.0532536507,-0.349263,-0.368121,-0.349263,0.0039223819,-0.3474705219,0.0053380984000000005,-0.3477469683,0.0061885444,-0.3464705348,0.0082325796,-0.35052090880000003,117.825556,113.884582,117.825556,-0.440718174,116.3735275269,0.0271280259,116.8082275391,-0.2223970294,117.161239624,-0.2387207747,116.8822021484,1.113269,1.201972,-0.3840114922,0.9016480741,-0.5281411405,-0.0182653368,-0.4472244978,0.320522368,1.1253433228,-0.11236352470000001,-0.6762089729,-0.058310326200000005,-0.3596936166,0.19914771620000002,1.0426551104,-0.1626167744,-0.7126613855,-0.0457204282,-0.5101584196,0.2618251741,1.0702445507,-0.0835586041,-0.5382345319,-0.0592191964,-0.4046866894,0.25091019270000003,1.094402194,-0.1368568242,-0.6102026701000001
140,97.484053,97.655291,97.484053,0.4050456583,98.3576660156,0.4015126824,98.2812194824,0.41561836,98.2457199097,0.40431553130000003,98.1932449341,6.990636,6.469746,6.990636,0.28569966550000003,7.1145896912,0.2698706388,7.0738525391,0.26630917190000003,7.0575208664,0.18854656820000001,7.0631494522,-0.362965,-0.361962,-0.362965,0.0046968069,-0.3637040257,0.0048595429,-0.3616576791,0.0059655667,-0.357334733,0.008090661800000001,-0.3555972576,115.315271,112.436314,115.315271,-0.044412508600000004,114.9728012085,-0.2779203951,114.753868103,-0.09303224090000001,114.960105896,-0.5404062867,114.7843017578,1.091785,0.801998,-0.7275103361,0.2516017087,-0.7742217887,-0.3463784158,-0.9438703060000001,-0.0272889007,0.3229483962,-0.27260839940000003,-1.0059120655,-0.27629423140000003,-1.0555000305,0.0038573444,0.19333347680000001,-0.1447132975,-0.8961107731,-0.2770688236,-0.9882466793,-0.0224565566,0.31984961030000003,-0.18246766920000002,-0.8899568319000001,-0.198436141,-1.0024317503,0.0092347628,0.3277103007,-0.2095136642,-0.9800465703000001
141,97.473284,97.442309,97.473284,0.4110548496,98.3288116455,0.4155249894,98.2622756958,0.3871829808,98.2772674561,0.4054837525,98.3263702393,6.607528,6.546443,6.607528,0.2437825203,7.1801476479,0.2846836448,6.8856287003,0.2769339681,6.9604010582,0.16629901530000002,7.0584583282,-0.361117,-0.371984,-0.36111699999999997,0.0046850746,-0.3637105525,0.006755013000000001,-0.3606338501,0.008333304,-0.36351531740000004,0.0076430193000000006,-0.3618018031,112.202502,112.420364,112.202502,-0.0847707093,112.1465377808,-0.006146118000000001,112.3268661499,-0.0844834149,112.6019439697,-0.36706781390000004,113.0576400757,0.732694,0.707615,0.1963133102,-0.0103011859,-0.7058295,0.0118549056,0.27001461390000003,-0.0525214747,0.0392356403,-0.1518320292,-0.8629247546000001,0.028248284000000002,0.2189442217,-0.0467564091,-0.0045655826000000005,-0.1902131289,-0.8753368855,0.046158004600000004,0.3019994199,-0.052108977,-0.0098533556,-0.1301237196,-0.7557009459,0.0145334993,0.19708363710000001,-0.0121518094,-0.017756929600000002,-0.16832996900000002,-0.8776763678
142,97.463613,97.588482,97.463613,0.4230134487,98.5415115356,0.43844234940000004,98.5712661743,0.4293005764,98.5415267944,0.4202207029,98.4799118042,6.881834,7.062265,6.881834,0.2506697774,7.6472873688,0.3196023107,7.4132099152,0.2838805914,7.5239291191,0.30483213070000004,7.3225107193,-0.356102,-0.36674,-0.356102,0.0054845009000000005,-0.3523543477,0.0061445222,-0.3521159887,0.0068658497,-0.3552983403,0.0073468494,-0.35402023790000003,116.704216,111.49326,116.704216,-0.3710376024,114.0919876099,-0.4075078368,114.7648773193,-0.4491395354,114.6026382446,-0.0697802305,114.4155883789,0.698625,1.043204,0.5749236358,0.3374201475,-0.2090136947,0.0563102625,0.7038236856,0.0913206339,0.29281067850000003,-0.0466195233,-0.1788472533,0.09880799800000001,0.7425150871,0.0449008569,0.35505536200000004,-0.0660464764,-0.2335923761,0.0448824055,0.7811958194,0.055813197,0.3901998699,0.0388252288,-0.10665604470000001,0.09961494800000001,0.6878985167,0.0672425553,0.2986147404,0.0090890955,-0.1227990389
143,97.43586,97.438079,97.43586,0.4050993323,98.4758834839,0.419924885,98.3336105347,0.42021328210000003,98.3316268921,0.4096908271,98.353187561,7.017327,6.858372,7.017327,0.2684987485,6.9573068619,0.26490700240000004,6.807267189,0.286023587,6.9822750092,0.2276145816,6.851143837,-0.35549,-0.356654,-0.35549000000000003,0.0047873585,-0.3549083471,0.0061227535000000005,-0.353169471,0.00668809,-0.3526063561,0.0078633074,-0.34921869640000003,112.579628,110.571413,112.579628,0.3529199958,113.4192504883,0.7336111665,113.2475128174,0.37641391160000004,113.9848709106,0.35537284610000003,114.2521133423,0.96857,0.972089,0.8806207107,-0.0438396091,0.4008903789,0.2910910547,0.9835769534000001,0.018663913,0.0686451793,0.15736876430000002,0.36711516980000003,0.2784713209,1.0653579235,-0.0304148011,-0.1460130811,0.0478674732,0.4979483783,0.2577846646,1.0742729901999999,-0.0409029722,-0.0413769484,0.1763042361,0.5562863946000001,0.2863957882,1.1785407066,-0.014437313200000001,-0.0469284877,0.095233731,0.5639544725
144,97.557107,97.599349,97.557107,0.4309116006,98.4999542236,0.4255853593,98.4465637207,0.44368144870000004,98.4440994263,0.4263881445,98.4191970825,6.876168,6.734131,6.876168,0.1806824803,7.475818634,0.1824267507,7.4272985458,0.2314537764,7.3459854126,0.26117932800000004,7.2834706306,-0.354973,-0.361339,-0.354973,0.0042993804,-0.35289186240000003,0.0050034109000000005,-0.3539306223,0.0046919463,-0.3546666503,0.0049094162,-0.3591628671,114.871116,113.253501,114.871116,-0.1313240379,114.4774017334,-0.0349205136,114.5260009766,-0.3607391715,114.7122116089,-0.21223557,114.3452758789,0.71694,0.863262,0.6153764214,-0.0159544219,0.3675049148,0.1899793595,0.739470005,-0.0512958057,0.0001441836,0.0763967484,0.3959424198,0.1833585054,0.8162394762,-0.043487832000000004,0.0110147297,0.07048161330000001,0.47199469800000005,0.177236259,0.7402265668,-0.0174090452,-0.0226259977,0.0508533269,0.4124160409,0.1617423892,0.7629903555,-0.033352665600000005,-0.060051009100000004,0.04860631,0.44864979390000004
145,97.375687,97.816394,97.375687,0.4042124152,98.3618469238,0.4121823013,98.3356323242,0.41161966320000004,98.3511657715,0.3924631476,98.2568817139,7.180901,6.803295,7.180901,0.2574930787,7.2154259682,0.2000807822,7.0904817581,0.24464496970000002,7.3131198883,0.1163595244,7.0167856216,-0.355965,-0.356925,-0.355965,0.0042558261,-0.3548972011,0.0051925187,-0.3523028791,0.0055643376,-0.3518493176,0.0081290789,-0.3534198403,115.295206,113.863102,115.295206,-0.3579746485,115.2729110718,-0.186844945,115.7153778076,-0.4930900931,115.6222229004,-0.4745599627,115.6044387817,1.153483,0.839535,-0.7259044206,0.6172821687000001,0.6500377265,-0.1712726057,-0.9663531780000001,0.21432730560000002,0.7180188298,0.115699172,0.7675874233000001,-0.1783457249,-1.0161939859,0.1580563188,0.7883551717,0.077405028,0.7573602796000001,-0.1447409987,-0.9949083328,0.1927578151,0.6749774814,0.0856865495,0.7040096521,-0.1919677556,-0.9187246561,0.16575086120000002,0.7275415659000001,0.1645373255,0.7088090777
146,97.307971,97.952333,97.307971,0.4106052518,98.4709243774,0.41986909510000003,98.5132369995,0.3970917463,98.4551315308,0.4048475623,98.4628448486,6.634005,6.523522,6.634005,0.19461207090000002,7.1845407486,0.2143146396,7.1026501656,0.2632485926,7.2043018341,0.16973355410000002,6.9929132462,-0.35735,-0.361215,-0.35735000000000006,0.0042651319,-0.35850271580000004,0.0045065936,-0.3578610718,0.0061029112,-0.3576235175,0.0076053776,-0.3604557514,116.817693,111.59834,116.817693,-0.17746888100000002,115.5869903564,-0.3012868166,115.7204437256,-0.3471954465,115.5449295044,-0.7468909621,115.4703292847,1.140575,0.869296,-0.6463216528,0.6935599109,0.634157117,-0.1535656154,-0.7375746965000001,0.23990026120000002,1.0680609941,0.0655930713,0.7163503170000001,-0.1829523891,-0.8007246256,0.18334336580000002,0.9218149185000001,0.031998232,0.7243922949,-0.0998837575,-0.7032406330000001,0.221555993,0.8922151327000001,0.0917508602,0.7826824784,-0.1263578832,-0.7912704349,0.21650287510000002,0.8733462691,0.11113485690000001,0.6538043022000001
147,97.29399,97.683044,97.29399,0.4055796564,98.2619476318,0.4070034027,98.1205215454,0.3955574632,98.1544113159,0.4360420108,98.1017608643,6.61297,6.938741,6.61297,0.1846240908,6.9912457466,0.2545774877,6.8274569511,0.1911234856,6.9386606216,0.1447964311,7.013130188,-0.368735,-0.358828,-0.368735,0.0044175605,-0.36572417620000003,0.0058876816,-0.3632876575,0.0085773356,-0.3617296219,0.009675047400000001,-0.3598727584,114.61703,110.634189,114.61703,-0.3342934251,114.5212936401,-0.1779862046,114.388053894,0.1440540403,114.551864624,-0.4739248157,114.6400299072,0.999637,1.265327,-0.4934072037,0.07062377980000001,0.866508114,-0.025795668400000003,-0.5857378244,-0.021704433500000002,0.15867152810000001,0.20209816100000003,1.005846262,-0.0416576751,-0.46977669,-0.0170280561,0.067725718,0.1336079836,0.9628458023,-0.0186062604,-0.5736955404,0.0315647572,0.0217359513,0.2121544331,0.9995660186,-0.1154645532,-0.528821826,-0.0101360762,0.10045529900000001,0.22582097350000002,0.9475030303
148,97.197962,97.573603,97.197962,0.4147049189,98.4347457886,0.4272384346,98.359046936,0.4390022159,98.3974761963,0.42191469670000004,98.3485107422,6.998535,6.918904,6.998535,0.2466229945,7.3847813606,0.23667049410000002,7.2692141533,0.2349996567,7.26820755,0.1579307318,7.2336163521,-0.367916,-0.359953,-0.36791599999999997,0.0061585298000000005,-0.37116339800000003,0.0070997402,-0.3721317649,0.0075811753,-0.37372362610000004,0.0079767285,-0.3761734366,113.100018,113.604161,113.100018,-0.155006066,111.580696106,-0.1595511138,111.6856384277,-0.46786773200000004,111.9047470093,0.1655491292,112.153968811,0.865875,1.148762,-0.2985550024,-0.20751304310000002,-0.7858383664,-0.1192811951,-0.36862292890000004,-0.0699999109,-0.2895911038,-0.1425364017,-0.9164722562000001,-0.0770317689,-0.3487322927,-0.1387931257,-0.35340482,-0.1958778054,-0.9878916740000001,-0.053668927400000004,-0.31478327510000004,-0.0988141745,-0.3881095946,-0.18994677070000002,-1.0163552761,-0.0972725898,-0.4697628319,-0.0681934059,-0.33841902020000003,-0.1439175755,-0.9122786522
149,97.200141,97.547801,97.200141,0.4377300739,98.4454040527,0.4666290283,98.4049377441,0.4349014759,98.2859420776,0.4463300109,98.2219696045,6.562843,6.749144,6.562843,0.22619426250000002,7.4117341042,0.3014463186,7.4762363434,0.2433160841,7.2404637337,0.2157112062,7.6218013763,-0.380633,-0.358285,-0.380633,0.006200180400000001,-0.3709080517,0.0069108317,-0.37052598600000003,0.0097586978,-0.3736180067,0.0113040311,-0.3701453805,112.684031,112.75545,112.684031,-0.2051141113,112.5618362427,-0.117705375,112.8775787354,-0.3166785836,112.9171142578,0.1345445812,112.9908676147,0.936062,1.151707,-0.11569728,0.4740724364,-0.7987997359,-0.11693271990000001,-0.20554274320000002,0.2236151546,0.77588135,-0.2009617388,-0.9301699996,0.014004498700000001,-0.1839618981,0.0822175443,0.7037399411,-0.1637536436,-0.9741994739000001,-0.0220406987,-0.0990935564,0.1350691617,0.6781639457,-0.17377972600000002,-0.9769548774000001,-0.0630889982,-0.2173263729,0.1046093106,0.5390794277000001,-0.1798548847,-0.9958662987
150,97.075395,97.760671,97.075395,0.43651053310000004,98.262008667,0.4327747226,98.2423629761,0.4180426598,98.2102813721,0.42278575900000004,98.2644119263,6.4289,6.869229,6.4289,0.3087050617,7.1997003555,0.3110124469,6.7726659775,0.2946062088,6.6607298851,0.2268564701,6.9032769203,-0.367394,-0.371239,-0.367394,0.0067892531,-0.3730496466,0.0095551722,-0.37148189540000004,0.0112238936,-0.3740204573,0.011378216600000001,-0.3752259016,109.788882,113.087203,109.788882,-0.0333691388,109.1913452148,0.4505265653,109.9230651855,0.43057519200000005,109.8482131958,0.6005560756,109.0246734619,1.239099,1.435378,-0.8242097088,0.34135244600000003,-0.8599556491,-0.1652603894,-0.8614205122,0.1361760497,0.5850759745,-0.27427673340000003,-1.1899032593,-0.1767052114,-0.8506442308000001,0.1634303182,0.5542269349,-0.254663825,-1.0705502033,-0.2009043247,-0.9706013799000001,0.1390013397,0.5001195669,-0.2899747193,-1.1776921749,-0.2016192675,-0.9842323661000001,0.14439047870000002,0.4657638669,-0.35819122200000003,-1.0114915371
151,97.171706,97.629652,97.171706,0.41486555340000003,98.2892913818,0.4369316697,98.1359863281,0.4149318039,98.1380157471,0.45946681500000003,98.0957717896,6.87271,6.900325,6.87271,0.2151919901,7.4406085014,0.2823752761,7.3232316971,0.37620487810000003,7.1965389252,0.2744675875,7.3554663658,-0.357276,-0.367305,-0.357276,0.0062627755000000005,-0.35930353400000004,0.0078532901,-0.35774055120000003,0.0087601105,-0.3551571369,0.0076099695,-0.3543277681,110.357474,110.679761,110.357474,-0.013905286800000001,110.5111846924,0.28317371010000003,110.3765945435,-0.1342511177,111.3596954346,0.7083883882,110.7073974609,1.088209,0.757905,0.9095565057,-0.0208066969,-0.5970526364000001,0.2868306041,1.2293468714,-0.0431837775,-0.0966352224,-0.1600114256,-0.8033218384,0.3387899399,1.2893795967,0.018069684500000002,0.1002282649,-0.1959216744,-0.8040878177,0.3247647285,1.2788189650000001,-0.0008785576000000001,0.028402999,-0.1512751579,-0.8168666959,0.3441066146,1.3941892385,0.0336084217,0.0892482102,-0.1265808344,-0.6409725547
152,97.165456,97.420093,97.165456,0.4214535058,98.1961212158,0.4545416236,98.091003418,0.45452445750000003,98.0926437378,0.4549303055,98.026184082,7.18148,6.300343,7.18148,0.3170208633,7.5115327835,0.2689629793,7.3762421608,0.2952216864,7.2787871361,0.3178825676,7.3716444969,-0.380375,-0.3693,-0.38037499999999996,0.0056947079,-0.3699297607,0.006093937000000001,-0.3689843714,0.0084665939,-0.3695099354,0.0080261603,-0.3683037758,107.781793,112.535126,107.781793,-0.054032743,108.8415985107,-0.170859158,109.0860214233,-0.0962007046,108.6286773682,0.6632012725,109.1228942871,0.959336,0.833303,0.6968244154000001,-0.5603658048,-0.3474934605,0.1604783237,0.9353581667,-0.1552223265,-0.690854013,-0.0657186136,-0.4936074018,0.1903678179,0.9209512472,-0.10878264900000001,-0.6320332885000001,-0.035110980300000004,-0.4512724876,0.1490904689,0.9424653649,-0.12406530980000001,-0.7325376272,-0.0805470496,-0.3880169392,0.1709177047,0.8560343981,-0.16781768200000002,-0.7006406188000001,-0.1138005853,-0.3700826168
153,97.226356,97.442089,97.226356,0.4438291192,98.4044265747,0.4694808125,98.3144378662,0.5159157515,98.3156280518,0.4630858302,98.2849655151,6.872498,6.681558,6.872498,0.2589249611,7.4599971771,0.2410321236,7.4228935242,0.221886158,7.2478532791,0.1770416796,7.4150013924,-0.38026,-0.362962,-0.38026000000000004,0.0043348717,-0.36993992330000003,0.0035988176,-0.3679989576,0.0056912135,-0.3612222672,0.0058462601,-0.3617601991,109.42107,111.241584,109.42107,-0.1162668765,108.8148651123,-0.2593708634,109.3084411621,-0.3180792928,108.9501876831,0.3570398986,109.3295211792,0.881757,0.892726,0.4158768118,-0.7157667813,-0.3036785816,0.0660197586,0.5885707736,-0.19573877750000002,-1.0076727867,-0.0339824483,-0.4388536215,0.1358368099,0.6480939388,-0.2760587633,-0.9784950018,-0.0835889205,-0.3495210409,0.056598946500000004,0.44837373500000005,-0.2867038846,-0.9750824571000001,-0.1688534915,-0.3678926826,0.0219242144,0.43568331,-0.26411566140000003,-1.0660748482,-0.022161038600000002,-0.3426299691
154,97.208533,97.511126,97.208533,0.4269191623,98.5842895508,0.4296113253,98.5266494751,0.4249126315,98.4459915161,0.436640203,98.3750305176,6.476223,6.335833,6.476223,0.2009763122,7.4417352676,0.2686777711,7.3056983948,0.1766186655,7.2375402451,0.13208299880000002,7.0837569237,-0.374745,-0.366247,-0.374745,0.0059539503,-0.36423528190000004,0.0081560798,-0.36117911340000003,0.0103736678,-0.3601695299,0.0089446483,-0.3664829135,110.875178,111.11722,110.875178,0.4847912788,110.4489974976,0.019703000800000002,110.7057342529,-0.1156817079,111.098236084,-0.2236004472,110.3158187866,0.661094,0.629711,-0.045876017000000005,-0.4803874645,-0.4518502049,0.007898842,0.1284333766,-0.1278651804,-0.8264815807,-0.035317529,-0.3404983878,-0.037641611000000005,0.0744191408,-0.2288300097,-0.7435909510000001,-0.0677848607,-0.4464520514,-0.0010281373,0.028884604600000002,-0.2505813837,-0.7198470235000001,-0.1250185668,-0.5276213288,-0.0182594042,-0.0355162174,-0.208126694,-0.7234629393,-0.1045072675,-0.5161554217000001
155,97.566768,97.897966,97.566768,0.4139224589,98.4031677246,0.4342879653,98.3668746948,0.4340566695,98.2956161499,0.44658339020000004,98.3115463257,6.77208,6.931974,6.77208,0.1249397248,7.0073337555,0.2275651395,7.0844335556,0.2499242127,7.0464324951,0.119093053,7.1557936668,-0.379038,-0.36125,-0.379038,0.0049751126000000005,-0.3763404191,0.0053633139000000005,-0.3724559546,0.0065361648,-0.3723035455,0.0079148738,-0.37392938140000004,111.610616,112.433788,111.610616,-0.0315077454,110.9993057251,0.1200587749,110.9629592896,-0.2525066733,111.4277038574,-0.3294541836,111.3790054321,0.613344,0.741286,0.3052918334,0.0132490687,-0.5318009878000001,0.0459089912,0.5342220664,0.0449384004,-0.0086727589,-0.15198853610000002,-0.6492378116,0.0412956998,0.3514296114,-0.07942618430000001,-0.0593994111,-0.1695914865,-0.6520196199,0.11944882570000001,0.42354622480000004,0.027173919600000002,-0.0090243965,-0.19348019360000002,-0.7387988567,0.062036518000000006,0.38337263460000004,-0.0177647714,-0.0252498686,-0.1745850593,-0.7747912407
156,97.2403,97.651021,97.2403,0.46355688570000003,98.3134841919,0.44148269300000004,98.1196136475,0.4288088977,97.9995651245,0.4178473353,98.0702896118,6.92934,7.106028,6.92934,0.22704991700000002,7.5427951813,0.2797225118,7.5688152313,0.3024128079,7.4258880615,0.1864267588,7.2639594078,-0.368136,-0.365662,-0.36813599999999996,0.005586848100000001,-0.3535030782,0.0060444544000000005,-0.35044273730000003,0.0076609473,-0.3479360342,0.0080808233,-0.34632796050000003,112.753023,110.888836,112.753023,-0.016599938300000002,112.6075134277,0.2592744231,112.5848388672,0.3281885386,113.2353820801,0.10736593600000001,112.8160934448,0.653062,1.040051,0.2433223841,0.4337166579,-0.4232891646,0.0682329834,0.4246739149,0.0063865576,0.39135605100000004,-0.040736381,-0.46871379020000004,0.1264693141,0.3106521964,0.0411443785,0.4046077728,-0.1023518518,-0.5126874447,0.1046644598,0.3032771051,0.1261105984,0.4281846285,-0.1660301089,-0.6266075969,0.1414315403,0.3235613108,0.055603072,0.4884792864,-0.14994800090000002,-0.6313945651
157,97.306915,97.878754,97.306915,0.4332198501,98.3356399536,0.4225291908,98.2708435059,0.44180083270000003,98.302947998,0.4391534925,98.2336959839,7.527842,7.099442,7.527842,0.2375489026,7.2042188644,0.3155764937,7.1865310669,0.2658927441,7.2049851418,0.17997747660000002,7.2995958328,-0.365916,-0.367099,-0.36591599999999996,0.0049064416,-0.3636107445,0.005560465200000001,-0.3610836864,0.0091024851,-0.3591314554,0.0117400652,-0.35480839010000004,113.331339,111.581532,113.331339,-0.3689036369,112.9565887451,-0.3215636611,113.2206039429,0.2045916766,114.0928192139,-0.6016539931,113.350112915,0.494968,1.057031,0.3115608083,0.3717829606,-0.0984911386,0.1011070386,0.484454751,0.0969309062,0.3731533587,0.0349213406,-0.20326521990000002,0.0159689225,0.4014724791,0.056565687100000005,0.3888693452,-0.0053867260000000005,-0.10985219480000001,0.0617569163,0.332120955,0.0864554718,0.4037713408,0.0676938593,-0.1430944502,0.0430758819,0.3283243477,0.0582844205,0.40496081110000004,-0.007802327600000001,-0.1519479454
158,97.519344,97.798184,97.519344,0.4395172894,98.4118423462,0.4377388358,98.3810501099,0.4414075911,98.369758606,0.4220093191,98.3726959229,6.350591,6.776398,6.350591,0.1906014383,7.230506897,0.1920575202,7.2423467636,0.22464329,7.1955137253,0.2542687953,7.1368889809,-0.372894,-0.338334,-0.372894,0.0047467598,-0.3631711602,0.0055026319,-0.36339196560000003,0.006378436,-0.3634105325,0.010626331000000001,-0.3635054529,113.712746,117.734419,113.712746,-0.08764390650000001,112.8722610474,0.5229612589,112.5967407227,0.0496201962,112.7825546265,-0.3646116257,112.855796814,0.506401,1.47453,-0.3230318492,-0.36442367140000004,0.138881691,-0.1198258027,-0.3857265711,-0.2033504546,-0.5416078568,-0.0473581776,0.2156500965,-0.16961583500000002,-0.40326315160000004,-0.09421703220000001,-0.51343894,0.0165496469,0.1822313964,-0.0706412643,-0.45570608970000004,-0.1513748765,-0.48174005750000004,0.0407275334,0.1288621724,-0.1094090194,-0.4521880746,-0.1290390491,-0.5080035329,0.0014259461,0.1382126063
159,97.252667,97.764433,97.252667,0.4307882786,98.3276062012,0.43197274210000003,98.2069091797,0.44778659940000004,98.1972122192,0.4266774654,98.1109085083,6.737988,6.832846,6.737988,0.21845074,7.0693516731,0.2809821367,7.0302143097,0.32500857110000003,6.959862709,0.2323870659,7.2024674416,-0.378358,-0.351855,-0.37835799999999997,0.0052517802,-0.3758515716,0.0059374818,-0.3748265207,0.006730563,-0.3712638915,0.0095606185,-0.3713810444,114.005399,113.632607,114.005399,-0.390689373,113.3452529907,0.3173877597,113.5877304077,-0.08688461780000001,113.8477172852,0.0393128395,113.2412796021,1.154026,0.981655,0.1822266021,0.2822761563,1.1040332567,0.09849542380000001,0.25618675350000003,0.0942127854,0.275682658,0.2273477763,1.3014903069,0.09788151090000001,0.26322931050000004,-0.0275864452,0.2533439994,0.22709198300000003,1.4171009064,0.0717836693,0.3029145896,0.1079390645,0.24692606930000002,0.2570391595,1.3910238743,0.1224227846,0.29258480670000003,0.0396038666,0.21645766500000002,0.2704434991,1.4353125095
160,97.587289,97.513139,97.587289,0.4129317999,98.4368057251,0.4291350842,98.3799362183,0.4359056354,98.3268432617,0.4034938216,98.2918930054,6.688193,6.879853,6.688193,0.3197601438,7.1944198608,0.35671222210000003,7.0972194672,0.23466813560000002,7.0581684113,0.24033051730000002,7.2519664764,-0.357308,-0.354169,-0.35730799999999996,0.0040187198,-0.3528054953,0.0047583012000000004,-0.349306196,0.0069319997,-0.3463329673,0.0111324191,-0.3455066681,116.735877,114.137317,116.735877,-0.3917106986,116.3169250488,0.292560488,116.7030334473,-0.0358639061,116.3612976074,-0.214173615,116.9914093018,1.139019,1.044737,-0.5429052979,0.045380418900000004,1.0002788638,-0.1713604182,-0.7436539531,-0.0433235094,-0.047231942400000004,0.265668273,1.4082005024,-0.080624491,-0.6406455040000001,-0.012237235,0.023904144800000002,0.17707455160000002,1.2499448061,-0.11735767130000001,-0.6045138836,0.0184105821,-0.0203652978,0.24668504300000002,1.2664083242,-0.056920334700000005,-0.5778840184,0.0162772443,0.06408724190000001,0.2103239894,1.1476383209
161,97.565557,97.903358,97.565557,0.3943507075,98.3644485474,0.389803499,98.3792266846,0.4068823159,98.4103851318,0.396422863,98.4322967529,6.617483,6.90326,6.617483,0.1440373361,7.1445608139,0.1526985317,7.0504465103,0.20534703140000002,7.0766539574,0.23001709580000002,7.0600590706,-0.355882,-0.347489,-0.355882,0.0040919916,-0.359505713,0.004960482,-0.3617440462,0.0046407813,-0.36251729730000004,0.0060535804,-0.3669124842,115.816204,115.37428,115.816204,-0.13514687120000002,114.7143783569,-0.1272293031,114.6033477783,-0.18070238830000002,114.9025802612,-0.5613906980000001,114.8400039673,0.741934,1.5596,-0.2286853318,-0.0594004631,-0.7033072893,-0.045865122200000004,-0.3573441505,-0.0563683137,-0.07797884940000001,-0.20063939690000002,-0.7987776399000001,-0.0517344661,-0.33716624980000004,-0.033281151200000005,-0.1328943074,-0.1910998821,-0.9182687998,-0.0554084815,-0.2368887663,-0.034549489600000004,-0.0447806418,-0.183679685,-0.9029970169,-0.06399809570000001,-0.3484078646,-0.0503696948,-0.11667621140000001,-0.1823557317,-0.9083751440000001
162,97.328452,97.68386,97.328452,0.43747526410000004,98.312461853,0.4328289628,98.2403564453,0.4613523185,98.2795715332,0.45177441840000004,98.2681350708,6.750262,6.908946,6.750262,0.3121322393,6.9979457855,0.41369342800000003,6.9784278870000005,0.38009265070000003,7.0130691528,0.3257302344,7.0698456764,-0.358052,-0.348726,-0.358052,0.0043940432,-0.36127039790000004,0.005594857,-0.3629295826,0.0066096284,-0.3641939461,0.0098766917,-0.3632100224,115.932416,112.797186,115.932416,-0.21213181320000002,115.1499862671,-0.16833558680000002,115.4559631348,-0.2975539565,115.2963485718,-0.0050036311,114.8087692261,0.915437,1.278833,-0.6279563293,-0.15163872920000002,0.6486145912,-0.1092183292,-0.6025260091,-0.0595836677,-0.2703650892,0.07811836900000001,0.71327281,-0.14835736160000002,-0.7454789877,-0.0921767354,-0.2969552875,0.1164177358,0.6109652519000001,-0.134421289,-0.6919416189,-0.0856018811,-0.278102994,0.0768698752,0.6490684748000001,-0.1713354439,-0.754868865,-0.11016592380000001,-0.2587065697,0.13273587820000002,0.7651282549
163,97.3563,97.587289,97.3563,0.4296854436,98.3875808716,0.42614036800000005,98.3635101318,0.4158286154,98.2964935303,0.4162259996,98.3383865356,6.695891,6.945993,6.695891,0.3456173837,7.2709164619,0.4705618024,7.2130284309,0.4360172451,7.2025847435,0.37528494,7.172478199,-0.35779,-0.35673,-0.35779000000000005,0.0044227494,-0.3601479232,0.0053595710000000005,-0.3610640764,0.0059734471,-0.36268192530000004,0.006590982400000001,-0.36420857910000004,116.807461,111.284939,116.807461,-0.18410106,114.8725585938,-0.1944010854,115.1534194946,0.2058839798,114.9955673218,-0.2776198983,114.6172561646,1.221007,0.968122,-0.7730648008000001,-0.0358592002,0.9444271011,-0.2573008835,-0.8752160668000001,-0.051363449500000005,0.0319058895,0.1929442137,1.1023043394,-0.1225913465,-0.9060375690000001,-0.0685901716,-0.007628873,0.14772680400000002,0.9531872869,-0.1736409664,-0.8710342050000001,-0.0466172844,-0.0981525332,0.2256237864,1.0353095531,-0.1836258173,-0.9424300194,-0.08063966040000001,-0.1134649962,0.19488392770000001,1.1660888195
164,97.09339,97.70172,97.09339,0.4421165287,98.1676330566,0.4154503644,98.0502319336,0.4236739278,97.963432312,0.41983738540000004,97.9728393555,6.998616,6.933459,6.998616,0.4824622571,7.1595602036,0.5636751652,6.9735760689,0.38554283980000004,7.2054343224,0.3855404556,7.0750751495,-0.356496,-0.352543,-0.356496,0.0043710503,-0.35537421700000005,0.0064346404,-0.3546536565,0.0080712056,-0.35501569510000003,0.0105801346,-0.35394644740000003,113.344867,115.270282,113.344867,0.0192756057,113.6668548584,-0.0786916018,113.4525909424,0.42336651680000004,113.9463500977,-0.0987977386,113.4985656738,0.963533,1.062713,-0.9389472499,-0.2129725972,-0.037649207000000004,-0.17892026900000002,-1.0397765636,-0.045287024200000005,-0.23888617750000002,-0.0824706182,-0.0396816693,-0.1295772344,-0.9206809998000001,-0.1027172953,-0.2340582609,-0.0979018658,-0.0613683984,-0.1881451607,-0.9222611189000001,-0.059470564100000005,-0.2282424569,-0.0627684817,-0.09991459550000001,-0.1747235507,-0.9808373451000001,-0.055275902200000004,-0.1984087527,-0.10070910300000001,-0.0681574196
165,97.441839,97.989829,97.441839,0.4105954766,98.4471130371,0.4077772498,98.3684158325,0.4024990201,98.3330154419,0.44034186010000004,98.3436355591,6.692488,7.041471,6.692488,0.2510504127,6.8269252777,0.3463312387,6.8285880089,0.2956349254,6.9814891815,0.23538288470000002,6.9801802635,-0.362233,-0.355658,-0.36223299999999997,0.0048234556,-0.36259135600000003,0.0063659055,-0.36244726180000003,0.0073008426,-0.3639270365,0.0095540695,-0.3618170619,116.275884,115.295,116.275884,-0.0023747981,115.3926239014,-0.1227029562,115.4353866577,0.2426102608,115.3234558105,0.34043502810000004,114.717300415,1.087262,0.639597,-1.05237844,0.270113269,-0.0409608791,-0.2430035919,-0.9743362665,0.10493176430000001,0.3582080305,-0.0078643523,0.0068036392,-0.2155679017,-1.1176544428,0.1466887593,0.3696980774,-0.0560063198,-0.0318376794,-0.1718191206,-1.0867166519,0.059946388,0.39361542460000004,-0.0236820355,0.030451457900000003,-0.2167200297,-1.2462735176,0.1303236485,0.3337130249,-0.0330521315,-0.0440513417
166,97.318373,97.501907,97.318373,0.4289987087,98.2747268677,0.42460668090000003,98.2251052856,0.41875219350000004,98.1621780396,0.4182740152,98.1554412842,6.662053,6.73022,6.662053,0.3787099123,6.9222068787,0.44321936370000004,6.7730870247,0.2551593781,6.8979783058,0.26105186340000003,6.7412190437,-0.365136,-0.353629,-0.36513599999999996,0.0046663326,-0.3649663329,0.006382440200000001,-0.36410683390000004,0.008524796000000001,-0.3649843931,0.012013481900000001,-0.36312410240000004,115.129198,114.340053,115.129198,-0.021314352800000002,114.287437439,0.1759195328,114.3020095825,-0.1514940262,114.7845230103,-0.2599092126,113.650428772,1.131816,1.338319,-0.7434237064,0.4587490824,-0.7196368253000001,-0.1940382123,-0.8015995026,0.1431297213,0.40634322170000003,-0.1253025532,-0.8185876608,-0.1305069327,-0.8493700027000001,0.1177110448,0.3966970146,-0.1410090625,-0.7675361037,-0.1875047833,-0.8856333494,0.1281355321,0.4421047866,-0.1775777638,-0.7785636187,-0.1909552813,-0.8958491087,0.1175556704,0.5209935904,-0.1415172815,-0.8640978336
167,97.621762,97.692178,97.621762,0.42616066340000003,98.2820587158,0.4208138585,98.2447814941,0.4626742005,98.2689361572,0.4172880948,98.2757720947,7.041441,7.023139,7.041441,0.1773701161,7.0941743851,0.09792707120000001,7.024998188,0.19589766860000002,7.1470952034,0.1897608638,7.0323143005,-0.36422,-0.345986,-0.36422000000000004,0.0027704034,-0.3644111454,0.0035208361000000003,-0.3644176722,0.0035126964,-0.3637342751,0.0050790799,-0.3624848425,111.844516,113.991258,111.844516,-0.0694805831,112.7424926758,0.0515749454,112.9872589111,-0.1124193072,113.224822998,0.23893159630000002,113.2689208984,0.537458,0.988233,0.1724347686,-0.1005822234,-0.4990095981,0.126646623,0.201258719,-0.0464701802,-0.1998023689,-0.1707118899,-0.7471696734000001,0.0759597495,0.1859766245,-0.0787361562,-0.2182247341,-0.2163284868,-0.6875073314,0.087675482,0.21287715440000002,-0.0659623817,-0.22826382520000002,-0.1192295626,-0.7300199866,0.0595480464,0.2013239115,-0.1036190689,-0.2186517715,-0.1251398772,-0.6709570885
168,96.888169,97.811113,96.888169,0.43107110260000003,98.3765563965,0.4280868769,98.3024291992,0.4271295667,98.2678985596,0.4128780067,98.2276382446,6.649805,6.501541,6.649805,0.2224743664,7.163523674,0.3182212412,7.0880908966,0.356082499,7.1254167557,0.32722786070000004,7.124147892,-0.378616,-0.356853,-0.378616,0.0067221969000000005,-0.3744145334,0.0087539218,-0.3714420795,0.011165847100000001,-0.367164284,0.0149631854,-0.36474168300000004,110.159074,115.657452,110.159074,-0.1441229135,110.3487243652,0.3826165199,110.3584060669,0.9473531246,110.9691925049,1.3530732393,110.9823455811,0.826845,0.69432,-0.7873660842,0.24886252790000002,0.0423710795,-0.2748829424,-1.0861450434,-0.0745478347,0.29874086380000003,0.12325179580000001,0.07447263600000001,-0.3065226674,-1.0195332766,0.0601991117,0.24916090070000002,0.0211219341,0.120152697,-0.2408149242,-1.0456098318,-0.0042191171,0.3022487164,0.10906606910000001,-0.0149368346,-0.2760236263,-0.9653023481,0.0004747035,0.3396718502,-0.029430475100000002,-0.0092786551
169,97.107886,97.812982,97.107886,0.442070365,98.4003753662,0.4394887686,98.3307800293,0.43724563720000004,98.2733459473,0.464214921,98.2805175781,6.645364,7.003358,6.645364,0.2198515832,6.7053318024,0.318806231,6.7579741478,0.21601271630000002,6.8734130859,0.21005690100000002,6.7695865631,-0.37748,-0.355556,-0.37748000000000004,0.0050417385,-0.36708742380000003,0.0062555135000000005,-0.36585801840000004,0.0082098246,-0.3645450175,0.012155798300000001,-0.3581747115,112.025144,113.876553,112.025144,-0.1123241335,112.5607833862,0.0187728703,113.0269241333,-0.30604541300000004,112.6681518555,-0.41565555330000004,113.2104263306,0.652412,1.174604,0.4327259788,0.19612294700000002,0.447130458,0.2148698121,0.6192186475,0.0788015574,0.2428530455,-0.0038363375,0.4306167662,0.1766103506,0.6113216281,0.013537854,0.08567182720000001,0.0992342979,0.43992906810000004,0.1802023351,0.5497140884,0.008724514400000001,0.13105782870000002,0.1025470495,0.48405152560000003,0.1399689317,0.5723190308,0.1398531795,0.1774562597,0.1022942215,0.5097590685
170,96.935931,97.68471,96.935931,0.39164942500000005,98.0783004761,0.3971624374,98.0099716187,0.3845434189,97.9990768433,0.3944768608,97.9658966064,6.607333,7.251655,6.607333,0.25931781530000003,7.2877440453,0.4252538085,6.8125286102,0.2911351621,6.8891649246,0.31582370400000004,6.9886226654,-0.369682,-0.344716,-0.369682,0.0052310834,-0.3733580709,0.0073937802,-0.3765563071,0.0096607748,-0.3716070354,0.006416930800000001,-0.3761957884,111.631799,113.958028,111.631799,0.21649762990000002,110.0305633545,0.37180745600000004,110.4004364014,0.5006276369,110.5112228394,0.7911188602,111.1251068115,0.495047,1.532538,-0.45085472940000004,0.1935871028,-0.0657706088,-0.1407402307,-0.5039247274,0.0422234721,0.14578086140000002,0.0123103186,-0.1657683849,-0.0817243457,-0.5714462996,-0.016753632600000002,0.21075522900000002,0.06685476750000001,-0.0589614511,-0.06890188900000001,-0.3691778779,-0.0665137097,0.3113868535,-0.0295865852,-0.0534126014,-0.1360988021,-0.5034039021,0.0238037966,0.279062748,-0.0127451206,-0.0496306121
171,97.312304,97.92053,97.312304,0.38014265890000004,98.3080673218,0.3844655752,98.1902160645,0.43934476380000004,98.1389465332,0.417006135,98.1025314331,6.997203,7.163376,6.997203,0.2714716196,7.2998666763,0.3441146016,7.1114630699,0.26881685850000003,6.9184036255,0.2502607405,7.019264698,-0.384348,-0.342678,-0.38434799999999997,0.0059013600000000005,-0.3775736094,0.0074115237,-0.37801080940000004,0.0090398174,-0.37506943940000004,0.0105858874,-0.3652095795,109.389895,119.038205,109.389895,0.4313281178,109.8385772705,0.9289733768,110.1836242676,0.4287776947,109.8799819946,0.3780962825,110.0350341797,0.800888,1.457694,-0.5444401898,0.5202937127,-0.2725817614,-0.215604648,-0.8491376638,0.10940670970000001,0.6097537279,-0.0786432922,-0.21634784340000002,-0.188738808,-0.7105993629,0.0523046218,0.6304425001,-0.0052414089,-0.394802928,-0.1089471132,-0.6876683235000001,0.1746469587,0.5823267698,-0.1606481522,-0.3309377432,-0.19256448750000002,-0.7543730736,0.1264175922,0.5537208319,0.0074199326,-0.18224440520000001
172,97.483195,97.983321,97.483195,0.4674971104,98.3607177734,0.4632497132,98.2718276978,0.5168736577,98.1963348389,0.4565604925,98.1858520508,7.004109,7.088204,7.004109,0.3137055635,7.1746301651,0.2884837389,6.8868522644,0.2720289528,6.761993885,0.2194550335,6.8383345604,-0.350483,-0.352901,-0.350483,0.0026142076,-0.3509175479,0.0029650501,-0.3479993343,0.0036097637,-0.34751927850000003,0.0079231905,-0.3487126827,115.931149,117.452535,115.931149,-0.25859403610000004,117.0359191895,-0.225723058,116.7866592407,-0.28793197870000004,116.7223358154,-0.1585693359,116.6738739014,0.681885,0.712125,-0.6614797129000001,0.0266954745,-0.16339939520000002,-0.1705857664,-0.7513865232,0.011398397400000001,0.1265523881,-0.06674333660000001,-0.1903531551,-0.1520608366,-0.7563126683,0.0158423632,0.1377713531,-0.15883654360000002,-0.3201839328,-0.1869493723,-0.8513418436,0.0226886645,0.0801272392,-0.053590402,-0.23141372200000002,-0.1877785921,-0.9117951393,0.025382027,0.125527218,-0.068480283,-0.15207286180000001
173,97.417564,97.647921,97.417564,0.4302061796,98.2610626221,0.4263696074,98.2334747314,0.4546461403,98.2241210938,0.41154721380000003,98.2066879272,6.899201,7.247448,6.899201,0.3615414202,7.145775795,0.3092930317,6.9364099503,0.2490493655,6.901951313,0.2817006707,7.0902056694,-0.35966,-0.343231,-0.35966000000000004,0.0042361682,-0.3607739806,0.0052964832,-0.36044627430000004,0.0064675743,-0.35896167160000003,0.0093003297,-0.3619050086,113.607494,115.81101,113.607494,-0.2947346568,113.2996902466,-0.3114842772,112.7761993408,-0.234929204,112.7800445557,0.4168148339,113.4229812622,0.889451,0.969314,-0.2093411293,0.16249708340000002,-0.8490548191,-0.0103892162,-0.1756770909,0.041806221000000005,0.1088887006,-0.2141002864,-1.0770347118,-0.0080362074,-0.1652016938,0.028454164,0.1655195057,-0.1884417683,-1.0653948784,-0.043852768800000004,-0.2674589753,0.0456417724,0.1449981481,-0.2221737355,-1.0715444088,-0.0144735351,-0.3515441716,0.0198074207,0.1150773466,-0.23226337130000002,-1.1092590094
174,97.330191,97.780164,97.330191,0.4523672462,98.4180755615,0.463113308,98.3531265259,0.47717389460000004,98.3336029053,0.4378136694,98.1929321289,6.735322,7.188768,6.735322,0.2693652809,7.0545806885,0.1581767648,6.9985265732,0.209769547,6.9962072372,0.1684899032,7.1076607704,-0.364259,-0.360512,-0.364259,0.004244342,-0.3657731414,0.0046028183,-0.3639993072,0.0046119411,-0.36148166660000003,0.0075734504,-0.3591153622,115.815864,112.871372,115.815864,-0.2712708712,114.1114883423,0.0295809954,114.4138412476,-0.2948590517,114.5065231323,0.5355300903,114.8655166626,1.016364,0.98365,0.8795169216000001,0.46778374780000004,0.2015555692,0.35725849870000004,1.2802764177000001,0.1320762485,0.5876066685,0.1469854861,0.3765447438,0.2818218172,1.1889244318,0.0384482406,0.5088671446,0.0195725523,0.3680740893,0.3136337996,1.2362365723,0.1208542734,0.4691567123,0.1090820655,0.36846539380000004,0.2631780207,1.1987837553,0.1155127361,0.5446035862,0.0498393849,0.3435131013
175,97.330324,97.899008,97.330324,0.42409056430000003,98.3191833496,0.4430420399,98.330581665,0.4253186285,98.3242492676,0.40693715210000003,98.3735275269,6.565218,6.745966,6.565218,0.2990249097,7.2537117004,0.39165258410000003,6.9542565346,0.29168584940000003,7.0002069473,0.2348584235,7.099401474,-0.350128,-0.351103,-0.350128,0.0050092242000000006,-0.3556579649,0.00681129,-0.3565532565,0.006977181000000001,-0.3630490303,0.0079638399,-0.36787691710000003,114.885093,116.174795,114.885093,-0.1724495739,113.445892334,-0.2699033618,113.6463546753,-0.5724368691,113.6427459717,-0.6537984014,114.1537399292,1.030689,1.185419,0.513414633,0.3485254192,0.8229545883,0.0393205509,0.5841807127,0.0731575042,0.4576798677,0.2713015378,0.9408966303,0.1368728876,0.5971401334,0.1109038591,0.4503134191,0.21626439690000002,0.9706056714,0.048876747500000005,0.5943268538,0.0968813971,0.3764337599,0.19747725130000002,0.8519204259000001,0.0734994709,0.5469395518,0.0800312608,0.4196602106,0.21690838040000002,0.9498310089
176,97.137785,97.928644,97.137785,0.4329004884,98.2159729004,0.439188689,98.2003631592,0.4510940909,98.2243652344,0.40738528970000004,98.2420425415,6.778738,6.852286,6.778738,0.37440541390000004,7.0061407089,0.2036167681,6.8079538345,0.19738364220000001,6.9501595497,0.17887881400000002,6.9381875992,-0.364488,-0.34845,-0.364488,0.0042483783,-0.3697383702,0.006038344,-0.3703348637,0.0065372544,-0.3684498668,0.0083818603,-0.37191352250000004,114.222627,118.076523,114.222627,0.052918788,112.858581543,-0.1393249631,112.6953048706,-0.2534303665,112.5715484619,-0.1154305339,112.9805831909,0.900407,1.231019,-0.8606002951,-0.18632326870000002,0.18810492580000002,-0.20242640380000002,-0.9276846051000001,-0.037942186,-0.3406062722,-0.08253127340000001,0.2523382902,-0.1662834585,-1.0098451376,-0.0621811971,-0.3083181977,-0.018751461100000002,0.0396932513,-0.2009920925,-0.9780839682,-0.14899154010000001,-0.3822902143,0.0009870799,0.0903597176,-0.18390733,-1.0809407234,-0.08556563410000001,-0.40810304880000003,0.0015760791,0.2006394416
177,97.541399,97.740046,97.541399,0.4184847474,98.3708114624,0.4301939905,98.3056793213,0.43446591500000004,98.3022155762,0.40843236450000003,98.2867279053,6.766537,7.362116,6.766537,0.37745037670000003,7.0798416138,0.33402350540000003,6.8781552315,0.2868534029,6.8401575089,0.24091544750000002,6.878891468,-0.361057,-0.352674,-0.36105699999999996,0.0036118203,-0.36206781860000004,0.0043531093000000005,-0.3608929515,0.0044010216,-0.36244010930000004,0.007479779000000001,-0.3638404012,112.790769,114.211708,112.790769,-0.10286630690000001,113.6167221069,-0.3127766252,113.4686889648,-0.5098923445,113.6032867432,-0.0185682178,114.1582336426,1.004113,0.753076,-0.9762618183,-0.1508202419,0.1800271665,-0.2704515159,-1.1996648312,-0.14271384480000002,-0.2778024375,0.0114375781,0.21397748590000001,-0.22107580300000002,-1.1766102314,-0.0968515724,-0.2644088864,0.011059599000000002,0.1443698853,-0.25857037310000003,-1.0384658575,-0.0344002545,-0.20376211400000002,-0.0149737224,0.16637821500000002,-0.2586762011,-1.1337836981,-0.067227006,-0.2263909876,-0.044677142100000004,0.07822676
178,97.653507,97.897914,97.653507,0.432635963,98.5223464966,0.4505738318,98.4936904907,0.4328438342,98.4130020142,0.40699443220000003,98.3403396606,6.616495,7.009173,6.6164950000000005,0.2251852751,7.175306797,0.2005732059,7.1820602417,0.22035637500000002,7.152012825,0.1271569431,7.1850543022,-0.361315,-0.348876,-0.361315,0.0044746115000000005,-0.35454618930000004,0.0040477049,-0.3512954116,0.0048402417,-0.35071867700000003,0.006559826,-0.3486848474,116.295249,115.962972,116.295249,-0.3996405005,115.400100708,-0.262542069,115.7435302734,-0.3338023424,115.7336120605,-0.2708482742,115.9682922363,1.285158,1.360531,-0.1538897417,-0.14241789230000002,-1.2679373269,0.041897185100000005,-0.0810699537,-0.1517051756,-0.2321296632,-0.4046427011,-1.6712708473,-0.0073683504,-0.1072839648,-0.19403418900000002,-0.2646221519,-0.3714167774,-1.664337039,0.04547254,-0.18168738480000002,-0.1277556121,-0.2279702872,-0.4290374517,-1.7525671721,0.046102345,-0.1067703515,-0.13723059,-0.2597771883,-0.41373634340000004,-1.8043450117000002
179,97.480271,97.712099,97.480271,0.40270483490000003,98.2999649048,0.4094192386,98.2493133545,0.4167666733,98.2440643311,0.4055485129,98.2237472534,6.77806,6.72155,6.77806,0.2585089505,6.9995861053,0.2273396254,6.9021334648,0.1947061121,7.0839719772,0.18455043440000002,6.8450951576,-0.357287,-0.343,-0.35728699999999997,0.0048666587,-0.3626158834,0.0060675852,-0.3621120155,0.0057139955,-0.36235925560000004,0.0060631591,-0.363702774,115.907273,118.051123,115.907273,-0.16871093210000002,115.1826171875,-0.0766542554,115.2723617554,-0.1745051742,115.0082092285,-0.5266936421,114.8427581787,1.193857,1.407891,0.36822917,-0.1262179228,-1.1286148548,0.025199011,0.37100273370000003,-0.1848919243,-0.2816268802,-0.1761800349,-1.2666168213,0.052170556,0.3992871642,-0.1360684931,-0.2412579656,-0.2294757366,-1.3341708183,-0.000533253,0.3347060978,-0.1243769228,-0.3054264486,-0.2509796619,-1.247446537,0.0426181033,0.3950785995,-0.10478747640000001,-0.34355723860000004,-0.2619076073,-1.315912962
180,97.548381,97.710953,97.548381,0.43673753740000004,98.2581787109,0.4494563937,98.2690124512,0.4543404281,98.2655181885,0.43057745700000005,98.3051681519,6.542055,6.40708,6.5420549999999995,0.3029611707,7.2119579315,0.3470413685,7.0326385498,0.2969043851,7.1011743546,0.3120312393,7.0251255035,-0.354331,-0.347448,-0.354331,0.0047487458,-0.35702300070000004,0.0057635857000000006,-0.35795849560000004,0.0057679322,-0.3573584259,0.008279236,-0.36320731040000004,116.286387,116.299515,116.286387,-0.321650207,115.1479415894,-0.3175748587,115.2512817383,-0.1358207166,115.0575714111,-0.9724232554000001,115.4812469482,1.081397,0.839892,0.214082991,-0.08566654580000001,-1.0565270054,0.0017896034,0.2570585608,-0.1789227575,-0.2687197328,-0.2016366124,-1.2796161175,0.0550024286,0.2496127784,-0.15791411700000002,-0.2394844592,-0.240303278,-1.2694791555,0.0180882327,0.2138127089,-0.1096921116,-0.2483508885,-0.2392027974,-1.2718164921000001,0.0302333813,0.22332453730000001,-0.1373382956,-0.3252180219,-0.2346222103,-1.2861132622
181,97.410698,97.849321,97.410698,0.452434659,98.3962020874,0.47253003720000003,98.3992385864,0.4473177493,98.3497695923,0.4702558517,98.2949066162,6.389944,6.913735,6.389944,0.1911115944,7.2653999329,0.2711535096,7.0588903427,0.2371474802,7.0485744476,0.28276005390000003,7.0813746452,-0.358396,-0.343046,-0.358396,0.0051954538,-0.35970464350000003,0.005803761100000001,-0.3589188457,0.0073511102,-0.3639535606,0.007640372,-0.3671841025,116.517055,118.562132,116.517055,-0.3780348897,115.758895874,-0.0342776775,116.1125488281,-0.1946790516,115.5751419067,-0.2935993075,115.4548339844,1.182917,1.51165,0.8153716862,-0.13656687480000002,-0.8460560885,0.19468057160000002,1.0282430649,-0.1556749046,-0.2908676565,-0.1231861338,-0.9743877649,0.1902729869,1.0142264366,-0.1112718433,-0.2165267467,-0.15203958750000002,-1.0286021233,0.1796027422,1.0085411072,-0.1084697247,-0.2068965733,-0.1748607755,-0.9895461798,0.19498883190000002,0.9868358374,-0.0961060375,-0.35606732960000004,-0.19543357190000002,-1.0354332924
182,97.488615,97.83897,97.488615,0.43505778910000004,98.4273071289,0.46293959020000003,98.3962478638,0.441695869,98.3702774048,0.47187083960000004,98.3230743408,6.501965,6.945057,6.501965,0.2740553021,7.2056837082,0.257150054,7.0367946625,0.2407033741,7.0052251816,0.24291169640000002,7.0836863518,-0.366169,-0.344561,-0.36616899999999997,0.0047982302,-0.3629267812,0.0061550518,-0.36148875950000003,0.0064209262000000005,-0.3636571765,0.0085127447,-0.36452353,113.894755,115.286668,113.894755,-0.0602679551,113.5151748657,0.281472981,113.5047683716,-0.2679948211,113.5700302124,-0.2118564248,113.9597244263,0.985855,1.003788,0.7671332514,-0.5588955733000001,-0.2665552962,0.1116279289,0.9572094679,-0.2294783592,-0.8007628322,-0.19772908090000002,-0.5051916838,0.0792440325,0.9069584608000001,-0.1814002842,-0.8073242903000001,-0.2257374376,-0.4823437333,0.13601927460000002,0.8580511808,-0.2154514939,-0.6839476824,-0.19407765570000002,-0.47099184990000004,0.09667146210000001,0.7885638475000001,-0.2078696042,-0.7519317865,-0.1668131948,-0.4498707652
183,97.397653,97.826237,97.397653,0.4105693996,98.2485046387,0.4145078063,98.1644515991,0.4494224787,98.1602401733,0.4112195373,98.1295318604,6.697712,7.117091,6.697712,0.2814722061,7.0421876907,0.33540868760000003,6.5676941872,0.23357295990000002,6.7900209427,0.1825042963,6.91208601,-0.355607,-0.361659,-0.355607,0.0043431763,-0.3591234386,0.005150820600000001,-0.3586861193,0.0033033895,-0.35760077830000003,0.007598253,-0.35677248240000003,113.724805,110.671373,113.724805,-0.1301972419,113.9283218384,0.3291167021,113.7985305786,-0.10318720340000001,114.3614959717,-0.1784662008,114.6250076294,1.239766,0.76181,0.6643278548,-0.8913838093,0.5487471112,0.1931730062,0.8480160236000001,-0.3878944516,-1.1489527225,0.0121372119,0.5440770388,0.1942672729,0.8270779252,-0.2922134101,-1.1850506067,-0.002376385,0.5648121834000001,0.1860093176,0.8160440326,-0.3366322815,-1.1236716509,0.0725236088,0.5065433383,0.1868456602,0.7911010385,-0.3341261446,-1.1928755045,0.0861221701,0.4819458723
184,97.418297,97.82072,97.418297,0.4458026886,98.5238571167,0.4511967301,98.4095611572,0.47831797600000003,98.3346939087,0.4198949933,98.2270431519,6.774216,6.750082,6.774216,0.2690593302,7.5969772339,0.4242166281,7.4934463501,0.3562593162,7.2136535645,0.29592418670000004,7.2877464294,-0.349893,-0.354971,-0.349893,0.0054991371,-0.3468710184,0.0060530338000000005,-0.3468386531,0.0069182245,-0.3508717418,0.0093838405,-0.35062521700000004,115.759374,113.305232,115.759374,-0.2253838032,114.5255432129,-0.512774229,114.7412719727,-0.2443917394,114.6473846436,-0.3431101441,114.7655487061,0.727529,0.824926,-0.18744312370000002,-0.26874377110000003,0.6495691371,-0.0915829092,-0.32433193920000003,0.0217083618,-0.3723013103,0.1081851721,0.7922312021,-0.0660985112,-0.25553363560000003,-0.10762961950000001,-0.3697594106,0.12741827960000002,0.7939179540000001,-0.1403788775,-0.32079190020000004,-0.0430612639,-0.44987693430000003,0.1313784271,0.7598051429,-0.1031242758,-0.2632218599,-0.061935842000000005,-0.5288797617000001,0.1659616977,0.7308143377
185,97.390612,97.906623,97.390612,0.446986109,98.3118286133,0.4600434303,98.2277603149,0.47245222330000003,98.3102264404,0.47303298120000004,98.2621154785,6.93081,6.532756,6.93081,0.2669176757,7.0843377113,0.1393502653,6.819732666,0.1492608786,6.9673032761,0.1754160523,7.0896444321,-0.373246,-0.351236,-0.37324599999999997,0.0033444287000000002,-0.3741201162,0.0045180609,-0.3726825118,0.0061884248,-0.3732316792,0.010254334700000001,-0.3696438372,113.463045,112.821643,113.463045,-0.11477379500000001,113.0063247681,-0.2520467639,113.0703887939,-0.2863938808,113.1096115112,-0.45458358530000004,113.5239562988,1.104219,0.84729,-0.5080663725,-0.7566859208000001,0.6233733111,-0.0446466878,-0.8655154705,-0.3763321042,-1.0937513113,0.1536657214,0.7747870684,-0.13486686350000002,-0.7846114039000001,-0.2274715155,-1.0495011806,0.1082849652,0.7099823356,-0.1609925926,-0.7485294938,-0.2779820561,-1.0006070137,0.1601949185,0.6903982162,-0.1628837138,-0.5915578604,-0.2590867877,-0.9636574388,0.11835017800000001,0.7000899315
186,97.370711,98.049111,97.370711,0.44000050430000004,98.3275222778,0.4352424741,98.2579574585,0.4537273049,98.2513198853,0.4401058257,98.2291412354,6.556204,7.038179,6.556204,0.3340933323,7.3904180527,0.3937397003,7.2596673965,0.36515030260000003,7.3310055733,0.3336581886,7.1656122208,-0.344723,-0.359335,-0.344723,0.0049066623000000005,-0.35207822920000004,0.0064832368,-0.3530066609,0.0064529949,-0.35446816680000004,0.007873809,-0.35799056290000003,115.639929,112.52863,115.639929,0.0525839143,115.0244903564,-0.2400567532,115.0615081787,-0.1484513879,115.1069869995,-0.7250239253,115.1132354736,0.943516,0.672477,-0.8727643479,-0.3214748509,-0.1586128288,-0.1841562688,-0.9205614328,-0.1068473011,-0.4040399194,-0.16581073400000002,-0.2531993985,-0.1806546152,-0.9866175056,-0.1088165194,-0.4638136625,-0.12525375190000002,-0.2846774757,-0.255616188,-1.0478485823,-0.17978137730000002,-0.49389737840000003,-0.10819636290000001,-0.2895596623,-0.2227413207,-1.0690038204,-0.1113943756,-0.5139958262000001,-0.1265355349,-0.3253613412
187,97.442559,97.825153,97.442559,0.4599793851,98.4150314331,0.45379573110000004,98.4127960205,0.4257950187,98.4330673218,0.4510138631,98.4493637085,6.579532,6.49467,6.579532,0.2868975103,7.4439268112,0.3731964827,7.2103204727,0.36207008360000004,7.3244991301999995,0.2674705982,7.0808105469000004,-0.35226,-0.352394,-0.35226,0.0041143368,-0.3515931666,0.0056514135,-0.3499134183,0.0073014167000000005,-0.3527934551,0.0077468106,-0.3497471511,115.064441,114.507358,115.064441,-0.1017457247,114.4521408081,-0.1391128898,114.5738372803,-0.0135256648,114.9746017456,-0.6656282544000001,114.9062957764,1.193826,1.174073,-0.7547001834,0.4538328216,-0.8060301432,-0.1399316192,-0.9613295794000001,0.1891110241,0.5466506481,-0.27585169670000004,-1.0284919739,-0.1707087159,-0.9489362836,0.1241649836,0.5859482884,-0.2326696217,-1.0708910227,-0.2817532122,-0.9524770379,0.0857073888,0.49510237570000004,-0.30486738680000003,-1.0477949381,-0.1598687917,-1.0087087154,0.1175738052,0.49938523770000004,-0.2765760422,-1.0235770941
188,97.400963,97.80224,97.400963,0.4201337397,98.279838562,0.416831553,98.1892623901,0.4437262118,98.2290344238,0.4256900549,98.2603378296,6.980703,6.92883,6.980703,0.3450760245,7.3827934265,0.3306839466,7.3337011337,0.2550880313,7.2384943962,0.2751626968,7.2789549828,-0.33732,-0.357253,-0.33732,0.004019395,-0.340649128,0.0050065182,-0.33978834750000003,0.0056607397,-0.3392756283,0.008210277200000001,-0.3406335115,118.677872,112.930775,118.677872,-0.1924245209,117.5415344238,0.08608774100000001,117.9049301147,-0.0807344913,117.9633789062,-0.1933303475,117.1787796021,1.142467,1.062513,0.7510396093,-0.4108883166,0.7565325789,0.2066190541,0.8598887324000001,-0.16892699900000002,-0.6093476415,0.1309899688,0.9610202312,0.1348205805,0.8639593124,-0.16281689700000002,-0.6069891453,0.1625620723,0.9729307294,0.1689168811,0.8930468559,-0.14435988660000001,-0.6198000312,0.20408551390000002,0.9390912652000001,0.15795968470000002,0.8566954136,-0.1002249941,-0.5457293987,0.20362219210000002,0.9521429539
189,97.670326,97.834104,97.670326,0.42415401340000003,98.4881057739,0.4393596649,98.5083618164,0.41752702,98.4323120117,0.427298516,98.4511260986,6.688281,7.251583,6.688281,0.2860069871,7.4271197319,0.2544457912,7.398853302,0.20386883620000001,7.3982644081,0.16003012660000002,7.2660684586,-0.366664,-0.358585,-0.366664,0.0048976005,-0.35595643520000003,0.0054534446,-0.35538864140000004,0.006777669300000001,-0.35904628040000003,0.009203872600000001,-0.3558350205,114.616391,114.617197,114.616391,-0.0526145697,113.7720565796,-0.2398600578,114.2600708008,-0.19939142470000001,113.9062805176,-0.3517184258,114.0481948853,0.609178,1.409825,-0.5136363643,0.2265756552,-0.23651485560000002,-0.2104071379,-0.7314887643,0.0095408931,0.18671682480000001,-0.050771176800000005,-0.28229153160000003,-0.1225752085,-0.7134749293,0.0057698898000000005,0.226044178,-0.08766356110000001,-0.2594627738,-0.20001021030000002,-0.7056879997000001,0.0284289084,0.20223052800000002,-0.0040431325,-0.29872918130000004,-0.1644780636,-0.6732814312000001,-0.0063102003,0.234744519,-0.0018033255,-0.2368860394
190,97.544472,97.870195,97.544472,0.4382312894,98.39087677,0.43040630220000003,98.3946228027,0.4429368675,98.3974304199,0.4275336266,98.3808441162,6.911846,6.805316,6.911846,0.1686314642,7.3076496124,0.1918201745,7.1902322769,0.2157760561,7.2599411011,0.1288856715,7.0283184052,-0.358886,-0.363837,-0.358886,0.0040057222,-0.3590208888,0.0048675137,-0.3588908315,0.0065052807,-0.3586393297,0.0079572387,-0.35893654820000004,115.234303,111.534306,115.234303,-0.2698454261,114.3511657715,-0.3723715544,114.503868103,-0.7018057108,114.2910842896,-0.7869172692,114.7009353638,0.540761,1.260912,-0.052049247800000004,0.4242250886,-0.33128016520000003,0.08922173080000001,0.0407125317,0.1707249284,0.6149613857,-0.053813312200000005,-0.4399848282,0.0361393057,0.0300705731,0.1593142599,0.6182351112000001,-0.036684937800000005,-0.43273887040000003,0.0310120787,-0.0137041509,0.16618713740000002,0.6157217026,-0.0424603447,-0.4290628731,0.0416747704,-0.055215768500000005,0.1593344808,0.595948875,-0.0548676439,-0.46738311650000003
191,97.313262,98.020503,97.313262,0.4212269187,98.3309326172,0.4269480705,98.2514266968,0.4215170741,98.2162246704,0.4384774864,98.2011184692,6.737305,6.927528,6.737305,0.2484882176,6.9823713303,0.14956338700000002,6.9282169342,0.19413912300000002,6.9804363251,0.1937952936,7.0371389389,-0.35995,-0.365095,-0.35995000000000005,0.0056232279000000005,-0.3610233665,0.007386727300000001,-0.3603346348,0.0097909914,-0.3618993759,0.0095850434,-0.3636575937,116.691423,112.557498,116.691423,-0.6908855438,116.040397644,-0.3022460341,116.099937439,-0.2799825668,116.0302352905,-0.4889299273,116.1686706543,0.666269,0.990054,0.6295179009,0.10837021640000001,0.1894143274,0.0138917211,0.8075652122,0.0790177807,0.2162893713,-0.0665727034,0.2920592427,0.002862541,0.7047663927000001,0.1289342493,0.085751906,0.0546019264,0.2073992789,0.0737489313,0.7052201033000001,-0.00171832,0.1041471213,0.0048045758000000004,0.2304405719,0.1242043152,0.5717413425,-0.0251327995,0.0741441548,0.049462966600000005,0.1627892852
192,97.205531,97.866953,97.205531,0.4314682782,98.2496948242,0.4468604624,98.1747970581,0.4764098525,98.2163848877,0.42461568120000004,98.1319732666,7.125165,7.133355,7.125165,0.2415746152,7.3679485321,0.3612959981,7.1558303833,0.3729764521,7.0486421585,0.2741576731,7.1768951416,-0.358366,-0.368809,-0.35836599999999996,0.0038817415000000004,-0.3604382575,0.004858722,-0.3583551645,0.006240509,-0.35591289400000004,0.0092114732,-0.35178878900000005,114.057608,111.553094,114.057608,-0.4525838494,114.4844970703,0.0641269833,114.674118042,0.1635941267,114.9261245728,-0.292052865,114.9248123169,0.71456,0.901413,-0.6056693092000001,-0.1700287846,0.3388964245,-0.037787281,-0.6599761844,0.0310095996,-0.1379708499,0.0622075573,0.36586749550000003,-0.14409343900000002,-0.5079131126,0.0074139573,-0.0701361895,0.0366202481,0.2552804649,-0.1288027316,-0.6666666269,-0.0223109145,-0.1004062742,0.0511573665,0.3330761492,-0.1434630603,-0.7281243205,-0.0560785159,-0.1905990541,0.0754733831,0.3521159291
193,97.624509,97.847432,97.624509,0.4413252473,98.4108657837,0.4320528507,98.3689193726,0.42619863150000004,98.3961410522,0.4447408319,98.3957977295,7.107062,6.816929,7.107062,0.1755378842,7.4179868698,0.2713740468,7.2071666718,0.19062623380000002,7.2672338486,0.1727528274,7.2934918404,-0.345105,-0.351232,-0.345105,0.0046291454000000004,-0.3444098532,0.0051437495,-0.3442697525,0.0065412484000000005,-0.3481020033,0.0082472265,-0.3489123583,119.337652,115.74316,119.337652,-0.3487817049,117.616973877,-0.3059748411,118.0827941895,-0.38583761450000004,118.0132217407,-0.2039551735,117.9826965332,0.930161,1.343885,-0.1770611654,0.1709190834,-0.897014795,-0.0964534059,-0.22924619910000002,-0.005970858000000001,0.0434923843,-0.24958753590000002,-1.0266132355,-0.0617816299,-0.1924351156,-0.0168097802,0.030948206800000003,-0.18441286680000002,-1.1262207031,-0.036192543800000004,-0.153766498,-0.0786464959,0.060766845900000005,-0.2104080915,-1.1290757656000001,-0.0486689508,-0.2506861687,-0.0315565877,0.060780659300000005,-0.2299737483,-1.0978798866
194,97.286939,97.669416,97.286939,0.3942080438,98.359703064,0.4153506756,98.3547058105,0.4231649041,98.3678817749,0.4027562737,98.3124237061,6.715753,7.150893,6.715753,0.2557205558,7.0836291313,0.22264629600000002,6.956817627,0.1834947914,6.9916162491,0.1160542443,6.9875588417,-0.354767,-0.35515,-0.354767,0.0049297013,-0.36079698800000004,0.0055880416,-0.3618149161,0.0045591351,-0.3657515347,0.0059689442,-0.3673489988,115.42745,113.663618,115.42745,-0.22352711860000002,114.5732421875,-0.22705402970000002,114.9485397339,-0.3907391429,114.9125900269,-0.43964308500000004,114.888420105,0.621389,1.52193,0.07259122400000001,-0.41888421130000003,0.453200248,-0.0445415303,0.1102079153,-0.1074905396,-0.6260504723,0.0899403393,0.5953557491,-0.0055432953,0.1169015765,-0.1024434865,-0.4453246891,0.1088801771,0.5761969686,0.014300625800000001,0.1187358201,-0.0932823867,-0.4895849526,0.0857042745,0.606651783,0.0161542743,0.13606721160000002,-0.0659096539,-0.3945540488,0.13446411490000001,0.5813312531
195,97.562568,97.803301,97.562568,0.4443844557,98.4404754639,0.46125978230000003,98.3660888672,0.4932591915,98.3405303955,0.4634278417,98.3629302979,6.629745,6.85355,6.629745,0.26806205510000003,7.4254961014,0.2596747279,7.3499631882,0.2657269239,7.1352424622,0.23186093570000002,7.303399086,-0.347114,-0.36549,-0.347114,0.0041578147,-0.3421964645,0.0046941522,-0.3401516676,0.0052142758,-0.3401548266,0.0073600565,-0.34178721900000003,116.756461,112.191528,116.756461,-0.16904850300000002,116.7475128174,0.1662224829,116.619934082,-0.1971069276,116.3748474121,-0.1067527533,116.2366485596,0.995921,1.414261,0.8471353252,-0.040772051100000005,-0.5220701485,0.30367133020000003,1.109239459,-0.1561475396,-0.2136720121,-0.07530169190000001,-0.6227910519000001,0.3148429394,1.0622955561,-0.1614050567,-0.2427791953,-0.06308305260000001,-0.48325672750000004,0.2776219547,0.9688713551,-0.1690578163,-0.2355182469,-0.1254929602,-0.5456798673000001,0.3012890816,1.0858906507,-0.12897378210000002,-0.19434250890000002,-0.1507736146,-0.5773049593
196,97.473596,97.927716,97.473596,0.4018225372,98.3729629517,0.404032588,98.4154891968,0.41182994840000003,98.4061965942,0.3987664282,98.4002380371,6.754875,6.840767,6.754875,0.32544219490000004,7.1319141388,0.3033977747,7.0456166267,0.25089341400000004,7.0243759155,0.2261979878,7.0289244652,-0.352522,-0.369372,-0.352522,0.0029990855,-0.3536865711,0.0037161885,-0.3509940803,0.0045869877000000005,-0.35014301540000003,0.006781348,-0.35068959,115.333142,111.570158,115.333142,-0.21630351250000002,115.2809371948,0.049498558000000005,115.6446075439,-0.1473585963,115.7808990479,0.0004214644,115.5407943726,0.98565,1.531368,0.9788865762000001,0.09921344530000001,0.0586903453,0.2286467701,1.2092494965,0.024125352500000002,0.1994640529,0.0807995945,0.1019654572,0.21741624180000002,1.1290752888,-0.0284459926,0.1745979786,0.0021722098,0.166333586,0.2175768018,1.1022703648,0.0026629008,0.0757825077,0.0713095069,0.10268887880000001,0.21465468410000002,1.1143380404,0.0043878965,0.1334057152,0.0590047613,0.1115126684
197,97.405977,97.871925,97.405977,0.4213367105,98.387588501,0.42845118050000003,98.3296661377,0.4437137246,98.3151092529,0.3964942992,98.2268371582,6.765725,6.90614,6.765725,0.2816548645,7.1321372986,0.2693359256,7.0410456657,0.23250141740000002,7.0158891678,0.2108929753,6.9909782410000005,-0.352465,-0.365295,-0.352465,0.0044014738,-0.3608594835,0.005077298300000001,-0.36137709020000003,0.0042614099,-0.3619010448,0.0063990327000000005,-0.3630096316,115.320268,113.030348,115.320268,-0.1237172931,115.2188339233,-0.056443214400000004,115.4600524902,-0.2939817309,115.0635070801,-0.6747685075000001,115.868598938,0.872948,1.247969,-0.6233063366,-0.3592220578,0.4944564114,0.028022944900000003,-0.7546274066,0.0181010552,-0.5603876710000001,0.1238522828,0.660579741,-0.1406114846,-0.7538246512,0.062468528700000005,-0.3522470593,0.1787884682,0.6755527258,-0.1352230757,-0.6830976605,0.0238905381,-0.4083154798,0.2068734169,0.6808629036,-0.0962723345,-0.5555218458,-0.039061758700000004,-0.3346050084,0.1393457502,0.6856241822
198,97.702884,97.991739,97.702884,0.4227269292,98.4203872681,0.4193894267,98.3569564819,0.4563862979,98.3510818481,0.43493691090000003,98.3196411133,7.06084,7.05866,7.06084,0.1684656441,7.2503681183,0.19707676770000002,7.3525085449,0.19875276090000002,7.321893692,0.1009775177,7.2778830528,-0.357579,-0.347616,-0.357579,0.0038541297,-0.355150342,0.0037422618,-0.3537824452,0.0040583927,-0.34895756840000003,0.0073997932,-0.3469340503,117.313213,113.169446,117.313213,-0.2935470939,115.9678726196,-0.36114478110000003,116.2383728027,-0.20740357040000001,115.7534332275,-0.0704588294,116.318069458,0.745384,1.173207,0.643064423,-0.0691308829,0.3705218837,0.1710533202,0.6562314034,-0.0710238963,-0.062079906500000004,0.17204679550000002,0.4548709691,0.0812428072,0.7128773928000001,-0.0062158406000000005,-0.0362674892,0.0916298702,0.4558874369,0.1542101949,0.7367703915,0.0049907155,-0.0721984804,0.0959957317,0.4648204446,0.11563822630000001,0.7412031889,-0.036153402200000004,-0.0370196998,0.16225229200000002,0.4633586407
199,97.190694,97.926346,97.190694,0.4061771035,98.3359222412,0.4061667919,98.3273849487,0.3810749054,98.3705749512,0.40654331450000003,98.4401016235,6.362387,7.24074,6.362387,0.3687261939,6.9908885956,0.36888235810000003,6.9518404007,0.3061612844,7.0811052322,0.2638402879,6.9447069168,-0.350865,-0.353071,-0.350865,0.0044244998,-0.3579376638,0.0069444114,-0.3593358994,0.00822357,-0.3634685874,0.0077219261,-0.36552691460000003,116.26881,114.028344,116.26881,-0.3267276287,114.7875442505,-0.5841262937,114.8801498413,0.1138082445,115.105506897,-0.2921866179,115.2247467041,0.856188,0.713406,0.0614917538,0.5553485561,-0.6487402594,0.11685208230000001,0.19272819160000002,0.1110550985,0.7088437080000001,-0.0325688533,-0.7497708797,0.0418128669,0.1992874593,0.15883147720000002,0.632896781,-0.1169984043,-0.7498589754,0.0931940079,0.2272333503,0.1394033134,0.6098166108,-0.1919681728,-0.6941362023000001,0.0760541707,0.26409003140000004,0.1367298216,0.6423187852000001,-0.1422931701,-0.7875279188000001
