frame_idx,eat_gas_ref,eat_solvent_ref,eat_gas_base,eat_pred_delta_30,eat_pred_direct_30,eat_pred_delta_40,eat_pred_direct_40,eat_pred_delta_50,eat_pred_direct_50,eat_pred_delta_70,eat_pred_direct_70,gap_gas_ref,gap_solvent_ref,gap_gas_base,gap_pred_delta_30,gap_pred_direct_30,gap_pred_delta_40,gap_pred_direct_40,gap_pred_delta_50,gap_pred_direct_50,gap_pred_delta_70,gap_pred_direct_70,mbd_gas_ref,mbd_solvent_ref,mbd_gas_base,mbd_pred_delta_30,mbd_pred_direct_30,mbd_pred_delta_40,mbd_pred_direct_40,mbd_pred_delta_50,mbd_pred_direct_50,mbd_pred_delta_70,mbd_pred_direct_70,pol_gas_ref,pol_solvent_ref,pol_gas_base,pol_pred_delta_30,pol_pred_direct_30,pol_pred_delta_40,pol_pred_direct_40,pol_pred_delta_50,pol_pred_direct_50,pol_pred_delta_70,pol_pred_direct_70,dip_gas_ref,dip_solvent_ref,dip_gas_base_x,dip_gas_base_y,dip_gas_base_z,dip_pred_delta_30_x,dip_pred_direct_30_x,dip_pred_delta_30_y,dip_pred_direct_30_y,dip_pred_delta_30_z,dip_pred_direct_30_z,dip_pred_delta_40_x,dip_pred_direct_40_x,dip_pred_delta_40_y,dip_pred_direct_40_y,dip_pred_delta_40_z,dip_pred_direct_40_z,dip_pred_delta_50_x,dip_pred_direct_50_x,dip_pred_delta_50_y,dip_pred_direct_50_y,dip_pred_delta_50_z,dip_pred_direct_50_z,dip_pred_delta_70_x,dip_pred_direct_70_x,dip_pred_delta_70_y,dip_pred_direct_70_y,dip_pred_delta_70_z,dip_pred_direct_70_z
0,395.762439,396.561114,395.762439,0.6411739588,397.8422546387,0.5443779826,398.3178100586,0.7576491237,398.385559082,0.7253625989,398.5028991699,4.51704,4.453861,4.51704,0.006225138900000001,6.1906709671,1.1873472929,7.0711112022,0.6770264506,6.2448673248,0.7273161411,5.2914528847,-2.115077,-2.180767,-2.115077,0.0180293918,-2.0799343586,0.0237013027,-2.0814554691,0.0248037986,-2.0945878029,0.0219581462,-2.0996417999,479.647094,464.282011,479.647094,0.2394433022,478.9066467285,0.9326863289,476.6245422363,-1.2043384314,481.0909729004,-2.9539544582,477.696105957,0.648249,1.058295,0.5034491729,0.32872844560000003,0.24228717230000002,0.2935349941,1.027028203,0.07109183820000001,-0.1646148413,0.4861169457,1.0380426645,0.2930241525,0.9062491655,0.178614676,0.0656860918,0.5193597674,0.2984149158,0.1710169017,0.6723812222000001,0.1325042844,0.4312889278,0.24321633580000002,0.4593270421,0.22225317360000002,0.5569328666,0.1257017553,0.377584219,0.4722263813,0.2980178297
1,396.027824,396.541705,396.027824,0.5959954262,398.6813354492,0.4970980585,398.7182617188,0.6135802269,398.677947998,0.6332293749,398.5337219238,4.516444,4.338659,4.516444,-0.3156234026,6.2706365585,0.017532371,6.4453158379,0.014733210200000001,6.3685617447,-0.4337131381,5.2007060051,-2.069001,-2.110799,-2.069001,0.0172349103,-2.0372321606,0.0231006611,-2.0442695618,0.0268209595,-2.0608801842,0.0219610631,-2.0594236851,485.615851,473.012414,485.615851,0.13111302260000002,489.3544311523,0.0320963562,486.1379394531,-0.2239575386,486.9716796875,0.49588966370000004,485.4449157715,0.985698,0.116554,0.34460698840000004,0.0780920817,0.9201892247000001,0.0895631388,0.015126165,0.3169851899,0.6096137166000001,0.1551940739,1.7546150684000001,0.1220593527,0.5909377933000001,0.30812802910000003,0.1177781522,0.6253606677,1.0536208153,0.054193191200000004,0.3500581384,0.4464240372,0.4695769548,0.4852684438,1.3296118975,0.2527402937,0.5385209918,0.15817457440000002,0.487285167,0.7579955459000001,1.3528481722
2,396.26491,396.696271,396.26491,0.7186028957,398.7867126465,0.5720329285,398.662902832,0.6727702022000001,398.7372436523,0.7931267023,398.5739746094,4.388027,4.406251,4.388027,-0.1794344485,5.5250043869,0.1651552618,6.4686250687,0.4199130833,6.1274709702,0.0078897625,4.9114351273,-2.108173,-2.147364,-2.108173,0.0187292174,-2.0726289749,0.0229550637,-2.0747799873,0.0247923434,-2.0833640099,0.029082329900000002,-2.0645799637,477.957481,473.180895,477.957481,1.2040097713,482.6535644531,1.2324037552,480.0099487305,2.5000214577,483.2796020508,-0.0270473957,481.9704589844,1.21282,0.736403,0.47903265920000004,-0.0957054079,1.1100902423,0.43352139,0.2441768944,-0.0488668159,0.4340797961,0.5456291437,2.1587359905,0.0534394346,0.46956843140000004,0.0997079611,0.0538542196,0.8332316875,1.1761984825,0.0368132591,0.43332374100000004,0.1974287927,0.1647850573,0.5507608652,1.8507033587000001,0.2557758391,0.3918594718,-0.0422807895,0.1404947937,0.8171287179000001,1.9993219376
3,396.294693,395.899253,396.294693,0.7055606246,398.3447570801,0.6344742775000001,398.4692382812,0.7615548372000001,398.5425415039,0.6863568425000001,398.6057434082,4.462675,4.691291,4.462675,0.2018324733,5.9554271698,0.6764486432,6.7820525169,0.37598630790000004,6.4404826164,0.1632916033,5.123418808,-2.16413,-2.122822,-2.16413,0.0205440931,-2.1167097092,0.0252816938,-2.1181385517,0.028865777000000002,-2.1213653088,0.025632957,-2.1171665192,478.778008,467.274904,478.778008,1.7252117395000002,480.8261413574,-0.6840082407,478.0614929199,1.1929116249,480.7077026367,-0.7047786713,480.0813598633,0.66782,1.622587,0.1409535022,-0.37773791500000004,0.5323809402,0.23380577560000002,0.380767554,-0.25610029700000003,-0.9655287266,0.3255183995,0.8948658705,0.0733063743,0.0169153139,-0.4013249874,-0.5718513131,0.06796965,0.6251389980000001,-0.1072812825,0.1413370967,-0.1224380806,-0.4474215508,0.0687276721,0.8485930562,0.1430069655,0.26284149290000003,-0.40774229170000004,-0.5482429862,0.2597989142,0.8660755754
4,395.226973,396.786876,395.226973,0.6478441954,398.1916809082,0.5466276407,398.2904968262,0.7685060501000001,398.2126464844,0.7797994614,398.0934143066,4.156281,4.356503,4.156281,-0.5105887055,4.881155014,0.14577630160000002,6.2377829552,0.2132833302,6.1003727913,0.1912020892,4.6781253815,-2.136391,-2.201122,-2.136391,0.0221071728,-2.0949463844,0.0301580355,-2.0914218426,0.0356305167,-2.0927741528,0.0321210772,-2.0985052586,477.98247,465.461895,477.98247,0.13875311610000002,476.7991027832,1.9741711617000002,474.7885437012,3.1240837574,478.9613037109,0.0769770145,476.7174987793,1.285609,0.723117,0.568152169,-0.8081786639,0.8227036378,-0.13852259520000001,0.5173541307,-0.9257231951,-1.5673666,0.7274050713,1.5104086399,-0.0988640711,1.23473382,-0.4798476696,-1.1435089111,0.5712953806000001,1.3033049107,0.0166380983,0.6214208007,-0.349583745,-1.5249911547,0.5540319681,1.7793483734,0.25909647350000004,0.737329483,-0.6694639921000001,-1.1728159189,0.586640656,1.5703933238999999
5,395.467198,396.845634,395.467198,0.6624531746,398.2818908691,0.5709621906,398.3665466309,0.8069230318,398.481628418,0.8395690918000001,398.4398498535,4.348119,4.519385,4.348119,0.0243747234,6.2664194107,0.4979845285,6.6202254295,0.9166312218,6.0836744308,0.051336579,5.0415401459,-2.165197,-2.050702,-2.165197,0.0189453661,-2.1254553795,0.025704238600000002,-2.1278178692,0.0285454318,-2.1393682957,0.028457028800000003,-2.1340379715,471.217297,484.474105,471.217297,2.6984844208,478.0863342285,-0.2991743982,470.578918457,1.2971806526,472.0152587891,1.6165891886,474.9778442383,0.734403,1.072962,0.542468299,-0.4087432024,-0.2792944721,-0.0088304365,0.8099370599,-0.39015325900000003,-0.37307807800000004,-0.32386666540000003,-0.7518466115,0.4592584074,0.676713109,0.0444777384,-0.6454924345,-0.0358596221,-0.7876001596000001,0.1572453976,0.4615674019,-0.2107520849,-0.6504406929000001,-0.0410363711,-0.45059853790000004,0.2307578921,0.7328487635000001,-0.1692817211,-0.4515379667,-0.0859641433,-0.3985937238
6,396.062928,395.839034,396.062928,0.6696516871,397.935760498,0.5519146919,398.0858459473,0.7603940964,398.1840209961,0.756921649,398.3739624023,4.493744,4.414167,4.4937439999999995,-0.257006377,5.4004602432,0.3650797009,6.6689462662,0.3674454689,6.1032729149,-0.0161671489,5.1112213135,-2.136327,-2.086641,-2.136327,0.022224325700000002,-2.1283988953,0.030676297800000002,-2.131717205,0.0326756239,-2.1494479179,0.023301895700000002,-2.1492269039,477.038178,481.660601,477.038178,2.1554324627,476.891998291,2.547637701,478.1159667969,1.7031767368000001,480.8448486328,2.1155834198,479.654876709,1.303854,0.91883,-0.0242290954,-1.1974200513,0.5153967117,0.3361242712,-0.6362890005,-0.719786644,-2.1358408928,-0.0819046497,0.1257268339,-0.039862718400000004,0.2963953614,-0.7202096581,-1.6549799442,0.1839060783,0.5193115473000001,-0.2593907714,-0.1888177544,-0.8645008206,-2.0185410976,0.10066440700000001,0.6037535667,0.1328892559,-0.1529383957,-0.9756376147,-1.7701599598,0.0683719292,0.7042212486
7,395.504203,396.506515,395.504203,0.6440386772000001,398.720123291,0.47015753390000004,398.6942443848,0.6155077815000001,398.5474853516,0.634264946,398.4501647949,4.320917,4.522179,4.320917,-0.29773038630000004,6.1389694214,0.3407745659,7.0332260132,0.2757209241,6.0944838524,-0.2399618328,5.1641764641,-2.098811,-2.109463,-2.098811,0.0191481821,-2.0626628399,0.023782594100000002,-2.0704238415,0.030478617200000002,-2.078963995,0.024830278,-2.0712919235,483.907657,473.135666,483.907657,0.0356401503,481.9658813477,0.4503531456,481.2795715332,-1.3158282042,481.2250976562,0.7547239065,480.9121398926,1.134165,0.74875,0.0414000351,-1.0456524103,-0.4372951161,-0.13796442750000001,-0.4750264883,-1.0526742935,-1.3569079638,0.1247602701,-0.8125619292,0.1834049374,0.0792467073,-0.4484173059,-1.0649741888,-0.2724278867,-0.3479498327,0.172598362,-0.1270389408,-0.3610864878,-1.4990719557,-0.25485751030000003,-0.5102651119,0.2561913133,0.3528437614,-0.4030807018,-1.1540417671,-0.3828067482,-0.6645700336
8,395.46564,396.293355,395.46564,0.6072871685,398.0863952637,0.4876141846,398.141418457,0.686245203,398.0766906738,0.6659225225000001,398.2794494629,4.354087,4.421988,4.354087,-0.4626511037,5.830239296,0.1563736647,6.6880164146,0.1485032439,5.9999895096,-0.1469609141,4.9138145447,-2.074534,-2.088221,-2.074534,0.0118055819,-2.0639009476,0.0155401062,-2.0720393658,0.012453099700000001,-2.083231926,0.0030414313,-2.08334589,488.343276,478.936695,488.343276,-0.07913315300000001,484.6351013184,0.8097836375,483.4219970703,-1.2303913832,489.5401000977,-0.7074878216,485.0781555176,0.864794,1.464804,0.7601012145,-0.3646377944,-0.1927554572,0.2132034898,1.5462126731999999,0.0159141179,-0.7088751197000001,-0.5574848056,-0.9431398511,0.3285031915,1.0263870955,-0.09546359630000001,-0.3330501616,-0.2721015215,-0.26008868220000003,0.271171838,0.9044778943,-0.0067703458,-0.5007014275,-0.3418262899,-0.515625298,0.4097064137,0.9268406034000001,-0.18080081050000002,-0.46803808210000003,-0.37774896620000004,-0.5769417882
9,395.946193,396.349996,395.946193,0.6987918019,397.7799377441,0.5972853899,397.9600524902,0.8701602817,397.9920654297,0.8273312449,398.0509643555,4.57283,4.413187,4.57283,-0.16923284530000002,5.3070926666,0.42841592430000003,6.9631528853999995,0.5961511135,6.4521307945,0.2589458525,5.243098259,-2.113799,-2.12164,-2.113799,0.018411655000000002,-2.0860645771,0.0238048211,-2.0882072449,0.025368614100000002,-2.0957331657,0.020557154,-2.0967159271,478.253959,480.223164,478.253959,-0.0764429867,477.312286377,1.3677685260999999,476.2321472168,0.7406892776,480.2856445312,1.015773654,478.3164672852,0.541596,1.652439,0.2359027746,-0.4718306242,-0.122687708,0.3596132696,1.2594676018,-0.2449617088,-0.5187745094,-0.058881741,0.0458778813,0.41174185280000003,0.3798113763,-0.1312665194,-0.5121383071,0.1010840759,0.1230644211,0.2984595895,0.5413252711000001,-0.0883777961,-0.6903526783,-0.3141179085,-0.48854377870000004,0.5755140781,0.4673081934,-0.2929756343,-0.5661338568000001,-0.014711797200000001,-0.37518173460000004
10,395.452121,396.116824,395.452121,0.6695291996,398.5025939941,0.4863502383,398.5132141113,0.7246364951,398.3916931152,0.7551391721,398.5421142578,4.234436,4.328074,4.234436,-0.1587565839,5.7357816696,0.3484254181,7.2838602066,0.16136427220000002,6.3216719627,0.2538155317,5.0010752678,-2.166448,-2.118882,-2.166448,0.0252237413,-2.1411488056,0.031090192500000002,-2.1353776455,0.0368021354,-2.1433498859,0.0369233564,-2.1415038109,473.249265,476.96739,473.249265,-0.0539535284,475.8028869629,-0.9212532043,472.6498718262,0.22966253760000002,475.6859741211,0.0806727409,476.1341552734,1.095737,1.755933,0.4322509102,-0.8735437956000001,-0.5007194030000001,0.3436055183,0.2566718757,-0.6157642007,-2.0050842762,-0.1624371707,-0.8490036726,0.2929065228,0.0669623837,-0.5522386432,-1.4579691887,-0.028587807000000003,-0.7723546028,0.4964399338,0.5238059163000001,-0.5220111012,-1.3291801214,-0.2440543622,-0.7636168003,0.4757063091,0.31897586580000004,-0.7619209886,-1.2890707254,-0.11020636560000001,-0.6277664304
11,396.025843,396.766981,396.025843,0.6185165048,398.8958435059,0.5203297734,399.1425476074,0.6007108688,398.9309082031,0.644127965,398.8826599121,4.473921,4.524939,4.473921,-0.1438475698,5.5863609314,0.3479411006,6.6397137642,0.49909853940000004,6.5539035797,0.0820628405,4.8024950027,-2.149381,-2.14744,-2.149381,0.020997364100000002,-2.0942823887,0.027009669700000002,-2.0989701748,0.027873946400000002,-2.1064581871,0.023435235000000002,-2.1083242893,483.470512,469.183974,483.470512,0.16803558170000002,480.9727172852,1.0987941026999999,479.8480834961,-0.2272154093,481.3371582031,-1.5217154026,482.4432678223,0.966905,0.718127,0.1922305326,-0.8004974443,-0.5071053082,-0.27572458980000003,0.38336405160000003,-0.36252895,-1.3647598028,-0.22187733650000002,-0.6481078267,-0.045090463000000004,0.0025291815000000003,-0.5307910442,-0.5854864120000001,-0.2416016161,-0.6602370143,0.1737603992,0.7364173532,-0.24788224700000003,-1.023532033,-0.1253095269,-0.7292249799,-0.0835318342,0.2754106224,-0.7759379745,-1.0007766485,-0.07719507810000001,-0.7062917948
12,395.759882,396.524182,395.759882,0.6865691543,397.9070129395,0.5086566210000001,398.0420837402,0.7093588114,398.0209960938,0.7672430873,398.2821960449,4.130728,4.462849,4.130728,-0.16552516820000002,5.8658628464,0.7512210608000001,6.7979693413,0.6217012405,6.0423283577,0.4333566427,4.6596565247,-2.139639,-2.211653,-2.139639,0.0191088654,-2.106600523,0.0239190347,-2.1139330864,0.0255580805,-2.1202275753,0.0190649871,-2.1115686893,485.288916,461.220725,485.288916,0.5860861540000001,484.6056518555,0.3710832,481.4912719727,1.0098189116,485.7674255371,-0.8242428303,483.6065673828,0.946886,0.737476,0.20092247430000001,-0.6500203042,-0.6585559752,0.48633185030000003,0.5086414814,-0.103169255,-1.4519443512,0.022196076800000002,-1.0839892626,0.0992141366,0.2642431557,-0.42565909030000004,-0.4576083124,-0.4796019495,-0.7413254380000001,0.2266784608,0.5119301677,-0.2690675855,-0.9863507748,-0.2309907973,-0.9634470940000001,0.0611833148,0.40208810570000003,-0.6722593904,-1.1269706488,-0.3987890482,-0.8325169086
13,396.471888,396.665024,396.471888,0.656211257,399.0915527344,0.4632457495,398.9430236816,0.6507965922000001,398.6540527344,0.6120257974000001,398.6105651855,4.45041,4.507255,4.45041,-0.31547236440000004,6.2240972519,-0.1034970209,6.7526650429,-0.0603474155,6.3990607262,-0.2861746848,4.8338689804,-2.135956,-2.128184,-2.135956,0.0196819864,-2.0945014954,0.0247083306,-2.0945775509,0.0283992011,-2.1021099091,0.0268876683,-2.0903542042,475.76549,472.916552,475.76549,0.09853233400000001,482.2922058105,0.048755645800000004,478.661529541,2.1718239784,479.8888244629,-0.009740829500000001,480.9575805664,0.931309,1.519668,0.2144510737,-0.6459189018,-0.6357172661,0.4374207556,0.5534110665,-0.2549898326,-1.2311290503,0.0363416821,-0.5926343799,0.2819251418,0.46675676110000003,-0.19468393920000002,-0.8934289217,-0.2651343942,-0.7886410952,0.2782602012,0.8194944859000001,-0.13501903410000002,-1.0826901197,-0.3925215006,-0.9423633814000001,0.2810356617,0.5462412834,-0.5680568218000001,-0.8494248986,-0.8363580704,-1.0972856283
14,395.259157,397.08273,395.259157,0.7080299854000001,397.7868041992,0.5411469936000001,397.7995910645,0.7747682929,397.9158935547,0.6788076758,397.8930664062,4.5098,4.388844,4.5098,0.08701272310000001,5.1769275665,0.7264547944,7.0576777458,0.5230152011,6.3228421211,0.2568155527,5.1050882339,-2.163985,-2.195828,-2.163985,0.0244138837,-2.1305198669,0.0328868702,-2.1281142235,0.0392089635,-2.1369700432,0.0315416083,-2.1316459179,482.717215,464.815554,482.717215,-0.3347842991,478.0115661621,0.6107943058,477.6863098145,1.3530135155,482.6707763672,3.5385050774,479.8666992188,0.922283,1.573275,0.3762996481,0.077051468,-0.8384910072,-0.22627420720000002,0.0694756806,-0.0620833971,0.6994430423,-0.3225413263,-1.8082726002,-0.1359076649,-0.10047644380000001,0.3552831113,0.6971901655,-0.5861246586000001,-1.3116010427,0.0991834402,0.4601013064,0.2907797098,0.6595453024,-0.4302122593,-1.288975358,0.0891988128,0.2957862616,0.22523862120000002,0.5259735584,-0.769815743,-1.2994093895
15,395.191974,396.229372,395.191974,0.7872676849,398.2498474121,0.6724015474,398.2862243652,0.8161959648,398.3019104004,0.7873870134000001,398.2166137695,4.380148,4.42965,4.380148,-0.2065704763,5.5506887436,0.4663055837,6.7680110931,0.6265975237,5.9669137001,0.3233386278,5.2966747284,-2.116146,-2.256305,-2.116146,0.0218720771,-2.0695242882000002,0.0290098079,-2.0678987503,0.031260721400000004,-2.0743675232,0.033429987700000004,-2.0712778568,485.57966,468.508091,485.57966,1.8906055688999999,482.4979248047,2.6754910946,480.334197998,4.9739532471,484.0640563965,5.2867512703,481.4526977539,0.525133,1.538766,0.2765042943,0.148131161,-0.4211495136,0.2280930579,-0.1221425086,0.6228854656,0.566259861,0.3871713579,-1.2086910009,0.0877403691,0.2732061744,-0.23339888450000001,0.5597863793,-0.7858722806,-0.8816413283000001,0.2369217277,0.5395971537,0.1532434672,0.2698047757,-0.1128643155,-0.6764515638,0.317052573,0.5601004362,0.2521703541,0.3530216217,-0.5087802410000001,-0.718788445
16,395.610796,396.172221,395.610796,0.7368959188,398.0014343262,0.6093786359000001,398.4694824219,0.788238883,398.4357910156,0.824483335,398.4631652832,4.313168,4.403303,4.313168,-0.1838216633,7.1983957291,0.3387398124,6.3284988403,0.8386896253,6.3590955734,0.2994357347,5.4164094925,-2.096942,-2.277582,-2.096942,0.0180844776,-2.0555136204,0.0233368725,-2.0571651459,0.0258806515,-2.0681254864,0.026523439200000002,-2.0729312897,473.542844,469.014442,473.542844,1.5986239910000002,482.1312255859,-0.07619330290000001,474.9523620605,0.7155770063,474.4799499512,-0.5068545341,476.350769043,0.60901,1.664034,0.5022200919,-0.1508212507,0.3097112353,-0.6734186411,0.4823280573,-0.17777393760000001,0.26275837420000003,0.0001455413,0.7022459507000001,0.1645222604,0.43322822450000004,-0.23868739600000002,-0.1150701642,0.236416921,0.17499729990000001,-0.0455690622,0.7932466269,-0.2103704512,-0.3186386228,0.0677484795,0.1616648138,0.1360194385,0.5766774416,-0.1726738065,-0.3343389928,0.2519292235,0.32733109590000004
17,395.708828,396.288272,395.708828,0.6985784173,398.5066833496,0.5309758186,398.2508544922,0.7873443961000001,398.5006408691,0.7615418434,398.4650268555,4.383207,4.428452,4.383207,0.1213525236,6.0694971085,-0.0229781959,6.2322478294,0.5379381776000001,5.7995505333,-0.0380211473,4.796204567,-2.246785,-2.082315,-2.246785,0.0288933925,-2.1980826855,0.036242395600000005,-2.1978192329,0.037730950900000004,-2.1983466148,0.032222539200000004,-2.1923780441,473.07065,474.195241,473.07065,2.4204699993,478.9273071289,2.2333199978,473.4613647461,0.6395041943,477.3583984375,-0.6648743153000001,477.6471557617,0.938064,1.47438,0.3361377688,0.8757294683,0.0085325624,0.3024328351,-0.4543012679,0.8099474907,1.6675254107000002,-0.15145790580000001,-0.3566527665,0.11744027580000001,-0.5585507751000001,0.4225602746,1.6077991724,-0.10242099310000001,0.020743971700000002,0.0182418134,-0.052184425300000004,0.4980665147,0.9601160288,-0.0267900117,-0.1376049519,0.1116634086,0.364048183,0.5805929899,1.1983333826,-0.4145420194,-0.0597633496
18,396.124365,397.009753,396.124365,0.7455579638000001,398.1984863281,0.6236206293000001,398.1650390625,0.8490493298,398.3783874512,0.8091369271000001,398.4183044434,4.479882,4.274314,4.479882,-0.22907324140000002,5.7844762802,0.2460867018,6.6665024757,0.4623351693,5.8903865814,-0.0983384848,5.057964325,-2.220893,-2.227623,-2.220893,0.0301703997,-2.1530323029,0.039469827,-2.1518731117,0.0462062806,-2.1587462425,0.055613786000000005,-2.1540527344,476.514077,461.85388,476.514077,4.253745079,480.5939941406,1.7138757706,472.7264404297,1.34476161,477.0613708496,8.5203256607,476.0864868164,0.999957,0.918453,0.5925449595,0.6451411770000001,0.48228311640000004,-0.14440226550000002,0.4212931097,0.5973821282,1.5182621479,0.053701505100000005,0.0953634009,0.3631715178,0.1579306275,0.3052909672,0.9247440696,-0.019558906600000002,0.6249313354,0.3892551959,0.5282344818,0.5048984289,0.7627526522,0.297246933,0.3659467697,0.2630431354,0.6305542588,0.4179860353,0.6073144674000001,-0.088974379,0.4635350704
19,395.812858,395.908506,395.812858,0.5982029438,398.5456848145,0.49623414870000004,398.354675293,0.6613093615,398.1988525391,0.6775864959,398.3288879395,4.287027,4.566699,4.287027,-0.29400193690000004,6.3458337784,-7.430840000000001e-05,6.7378253937,0.49951189760000003,6.1489043236,-0.1117065549,5.0074410439,-2.179333,-2.08466,-2.179333,0.0263894014,-2.1334214211,0.0366640203,-2.1315135956,0.0412759408,-2.1397399902,0.0376277603,-2.1363139153,470.563338,482.063842,470.563338,1.3115880489,474.2964477539,3.6010177135,468.2088317871,2.2960450649,473.1712341309,2.5873353481,475.6116943359,0.719453,1.467011,0.3698578571,0.11547134440000001,0.6062043638,-0.21795433760000002,0.4624233246,0.3964642286,0.8644334674,0.3154458106,0.4423625171,0.28986328840000003,0.136853829,0.2970446348,0.8628739715,0.185642302,0.3869819641,0.1803443283,0.6546928287,0.0901110619,0.3105996549,0.2189385295,0.5436785221,0.3204209507,0.7642934322,0.1809076071,0.0641709864,0.2620654702,0.7052161098
20,396.411652,396.655996,396.411652,0.7790747285,398.2557373047,0.6572877765,398.2095947266,0.7919940948,398.1661071777,0.7831945419,398.2886047363,4.328384,4.698535,4.328384,-0.29946124550000003,5.9494962692,0.14798775320000002,6.8561005592,0.2533804774,6.3739361763,0.08129304650000001,5.2519598007,-2.152255,-2.065258,-2.152255,0.0280429311,-2.0976250172,0.0371861942,-2.0925970078,0.0407640338,-2.0946404934,0.0426084362,-2.0912587643,472.160836,477.953073,472.160836,1.22450459,475.1275024414,2.9027290344,470.7680053711,2.5214009285,478.2218322754,-0.0624189377,476.3829345703,0.670147,0.915598,0.3012302242,0.2257666297,0.5544252624,0.000590018,0.3856999278,0.1368861496,0.8338947296,0.4832839668,0.2041545212,0.4411575198,0.2035303712,0.4785860181,0.513907969,0.0919001624,0.6846630573,0.26739931110000004,0.4325327277,-0.081003435,0.1142570972,0.3229571879,0.701925993,0.363247633,0.5884896517,0.2423593998,0.0194910914,0.3441968858,0.6742863059
21,396.360608,396.637366,396.360608,0.6407759190000001,398.2157897949,0.5181841850000001,398.3945617676,0.7246118188,398.2035522461,0.6900215149000001,398.4734802246,4.465676,4.493637,4.465676,-0.3412538469,6.0420694351,0.08559856560000001,6.8668308258,0.1626175493,6.3301415443,-0.2925759256,5.4635267258,-2.072892,-2.024754,-2.072892,0.0168530066,-2.0510399342,0.0231013093,-2.0523695946,0.0232351348,-2.063313961,0.0195937268,-2.0598983765,477.748445,489.052999,477.748445,0.3328680694,478.3709411621,1.404501915,478.8586425781,-0.5343220234,481.8378601074,-0.8962411880000001,480.2985534668,0.783808,0.927729,0.2326239887,0.4177461166,0.6210706667,0.23269368710000002,0.16191251580000002,0.391772151,1.2450869083,0.2161327302,0.5523249507,0.3744921088,-0.0513523221,0.2801433504,0.7115461826,0.2737410665,0.8737540245000001,0.13903804120000002,0.48841461540000003,0.1591399759,0.6477532387,0.2132586539,0.8077641726,0.29989317060000004,0.6545461416,0.4290104508,0.7030434608,0.3423238397,0.9909172058000001
22,395.041829,396.609157,395.041829,0.6992590427,398.634765625,0.6095978022,398.833770752,0.6899883151,398.7868041992,0.609015882,398.7443847656,4.223326,4.453457,4.223326,0.3157795668,7.1258921622999996,0.0034052227,6.4470043182,0.2251125574,5.7891168594,-0.0798450559,5.3930845261,-2.15793,-2.05667,-2.15793,0.0181729067,-2.1131181717,0.024410136000000002,-2.1091775894,0.0253924355,-2.1278467178,0.0339987166,-2.1211988926,467.757676,480.328907,467.757676,1.665181756,479.4741516113,-0.5665839911,470.8533325195,0.27686238290000004,471.3340148926,3.2699651718,470.3766174316,0.907277,1.095948,0.6220960229,-0.5745677617,-0.3256073122,-0.35253959890000003,1.0208348036,0.4375458956,0.0062498301,-0.41019254920000003,-0.3098850846,0.3977079988,1.0486220121,-0.3119975626,0.19093097750000002,0.0646377206,-0.2457624972,0.3483479917,0.6106622219,-0.14839641750000002,-0.5426771641,0.1453005821,-0.6103621721,0.2028779685,0.8439438939,-0.2319270521,-0.5017842054,-0.1498758942,-0.38168686630000004
23,396.253587,396.533239,396.253587,0.5937176943,398.537322998,0.5222808123,398.5995788574,0.6727548838,398.4450683594,0.7535469532,398.4740600586,4.345567,4.379144,4.345567,-0.1561536044,5.1074018478,0.1070853472,6.3517465591,0.3992598653,6.1457762718,-0.024665899600000003,4.439309597,-2.12994,-2.193807,-2.12994,0.0199186392,-2.085139513,0.023610226800000002,-2.0942475796,0.026315448800000002,-2.0995595455,0.0271751881,-2.1001679897,486.309059,475.129395,486.309059,1.374630928,483.5996704102,1.0122350454,481.9238891602,-0.6654800177,486.0696411133,0.4516427517,482.208770752,1.157736,0.796735,0.0456834969,-0.0614080508,1.1552034962,0.1884656847,0.6822850704,-0.031024808100000002,-0.2992472053,0.4396571815,1.6214849948999999,0.2144182771,0.166810751,-0.14896824960000002,-0.1799038053,0.5853207707,1.1900881529,0.2749210298,0.44214352970000004,-0.1815278828,-0.4617506266,0.7417888641,1.6160883904,0.053345065600000005,0.2958490252,-0.1292429715,-0.1643481553,0.9196048975000001,1.5804275274
24,395.933548,396.76501,395.933548,0.73903054,398.1562805176,0.6330368519,398.3745727539,0.9451239109,398.3850097656,0.9121920466000001,398.2253417969,4.60786,4.336014,4.6078600000000005,-0.1501826346,6.6062111855,0.31406104560000003,6.1244516373,0.8235592246000001,5.8413081169000005,-0.0384349748,5.0201530457,-2.173306,-2.158114,-2.173306,0.0269332528,-2.1240205765,0.0355112068,-2.1150679588,0.036740798500000005,-2.1187596321,0.0451988652,-2.1045489311,466.663067,470.934246,466.663067,5.0221428871,479.7951049805,-0.5135809183,475.183013916,0.6628860235,472.476776123,-1.3074829578,472.4710388184,0.419721,1.071554,0.0538393195,-0.4079792635,-0.0825832829,0.0419030935,0.3042655885,-0.0083897635,-0.6678966284,0.0646984354,0.3728679419,-0.40739625690000003,-0.37554171680000004,-0.28910538550000003,-0.0267105699,-0.160697788,-0.1026711762,-0.2888568044,-0.3402893543,-0.1474754512,-0.461827904,-0.157400161,-0.1967044473,-0.1177051216,-0.3935858309,-0.3636386693,-0.6265205145,0.0540004373,-0.1915756315
25,395.925325,396.633905,395.925325,0.7709106207,397.9517211914,0.5348507166,398.1621398926,0.6892777681000001,397.9021606445,0.7040405273,398.1696472168,4.228849,4.408957,4.228849,0.035705357800000004,5.884303093,0.09033543620000001,6.9690699577,0.5415988564,5.9311890602,-0.0843818784,4.6086091995,-2.267169,-2.144872,-2.267169,0.0319263153,-2.2008941174,0.0426326692,-2.1987738609,0.0492434017,-2.196549654,0.060236841400000005,-2.1755309105,467.53184,469.823871,467.53184,3.2031271458,473.8769836426,1.0044454336,467.974822998,0.4789276123,474.3417053223,1.2397298813,475.407989502,0.987491,0.821522,-0.5041454926,-0.7978451498,0.2905481365,-0.7183421254,-0.2421393245,-0.3780378997,-0.5166713595,0.4640443027,0.8824551105,-0.2819437087,-1.2139281034,0.0896893367,-0.2517277598,0.0389718488,0.26400399210000003,-0.2323936224,-0.38126522300000004,-0.1542242765,-0.5372223854,0.36014279720000003,0.5584454536,-0.269223839,-0.9268169999,-0.4822073579,-1.0609389544,0.5621042252,0.6568300724
26,395.890019,396.60981,395.890019,0.6434181333,397.6694335938,0.546425581,397.9582519531,0.6830135584,397.8625183105,0.6056770086000001,398.1121826172,4.43071,4.655112,4.43071,0.061428695900000004,4.8777160645,0.6636627316,6.1573338509,0.5545679927,5.5984950066,0.1899547279,5.0501966476,-2.281589,-2.131515,-2.281589,0.037547033300000004,-2.2136030197,0.0484226122,-2.2082769871,0.0510863289,-2.218354702,0.0505763814,-2.2111127377,472.890447,473.20556,472.890447,3.7956976891,480.8713989258,3.236938715,472.7641906738,4.6723437309,477.1928405762,4.8564214706,478.2897338867,0.881133,0.983118,-0.35060207190000003,-0.6463771643,-0.48545889300000006,-0.2623954117,-0.5778113008,0.2356449068,-0.2696204782,0.1039989293,0.2882094383,-0.4695161581,-1.2756502628,-0.4467983842,0.0316784754,0.4524529278,-0.09798428420000001,-0.1250236332,-0.5451946259,-0.2176742405,-0.5893457532,-0.029670961200000002,-0.0986153781,0.015235729500000001,-0.7036456466000001,-0.35621169210000003,-0.8420531154,-0.0149544086,-0.403192997
27,396.162571,396.347137,396.162571,0.7582868934,398.368560791,0.6394255757,398.3335266113,0.8432432413000001,398.3163452148,0.7879664898000001,398.4288024902,4.430642,4.540591,4.430642,0.1636009812,5.0503435135,0.3722622991,6.2264723778,0.6163404584000001,6.0526695251,0.0504240319,5.0331039429,-2.346355,-2.121162,-2.346355,0.0380022191,-2.2536373138,0.0512331836,-2.2457954884,0.0579325184,-2.2433247566,0.0654560849,-2.2280972004,469.220546,472.661778,469.220546,3.9281368256,481.5278625488,0.49498361350000003,473.5907897949,2.2808523178,477.8377380371,1.2550791502,476.5582885742,1.019943,1.728299,-0.2093789707,-0.5027519927,-0.8623720133,-0.6679539680000001,-0.7496851683,0.0399135798,-0.5794036388,-0.0114111826,0.1567468047,-0.2593114972,-0.5180700421000001,0.0599968582,0.029312647900000002,-0.07824552800000001,-0.40742507580000004,-0.1121381447,-0.3876254559,-0.048978377100000005,-0.74417454,-0.0616496988,-0.7773052454,-0.307428807,-0.6364021301,-0.0975519568,-0.6264061928,-0.2184295058,-0.5485571623000001
28,395.759907,396.358111,395.759907,0.849175632,398.4184875488,0.6552568674,398.3854064941,0.8150180578,398.23828125,0.7854803205,398.167175293,4.379561,4.35097,4.379561,0.15809676050000002,5.2851209641,0.2485820055,6.4997158051,0.4483304918,5.4752745628,-0.1150108576,5.0934467316,-2.334935,-2.10363,-2.3349349999999998,0.038136512000000004,-2.2516908646,0.0527924336,-2.2431180477,0.0640641227,-2.2378721237,0.07198591530000001,-2.2177093029,467.701859,471.979949,467.701859,4.8224668503,479.0029602051,2.5127651691,472.174621582,2.1554851532,474.5875549316,3.6068553925,474.2518615723,0.724707,1.169628,-0.4786592954,-0.438312678,-0.3224398858,-0.8774476051000001,-0.8453609943,0.3388103545,-0.4487504661,0.5133376122000001,0.4218162,-0.5409457088,-0.895814836,-0.0228291191,-0.1133146659,0.2514618933,-0.025220558,-0.19477070870000002,-0.487380743,-0.3625001907,-0.6831746697000001,-0.2219686508,-0.2528012991,-0.47813826800000003,-0.7198625803,-0.22028100490000002,-0.4653141201,0.1140401587,-0.38546106220000004
29,395.302829,396.272316,395.302829,0.7994587421,397.7496948242,0.6632937789000001,397.9317016602,0.8483781219000001,398.0358276367,0.8134976625,398.1581726074,4.488831,4.374655,4.488831,-0.0571703911,5.7279253006,0.673474431,6.3784341812,0.7089698911,5.6308736801,0.3777689636,4.9042406082,-2.24847,-2.126884,-2.24847,0.0320453197,-2.1834139824,0.041456528,-2.180511713,0.0469115227,-2.1896407604,0.048325561,-2.1753475666,470.370052,464.146572,470.370052,1.8251770735,483.5403137207,3.9710829258,474.8728637695,1.1345872879,476.931427002,1.3946305513000001,476.1473083496,0.679006,1.45189,-0.2149103421,-0.5370891198000001,-0.3555241693,-0.2929347157,-1.4066598415,-0.3826422989,-0.6752189398,-0.5585996509,-0.06672069430000001,-0.41450828310000004,-0.918468833,-0.20082260670000002,-0.5418282747000001,0.18889054660000001,-0.0673522651,-0.2294224501,-0.24075362090000002,-0.2525127828,-1.0620527267,-0.37778267260000004,-0.0663713217,-0.3223306537,-0.4814172983,-0.3428300321,-0.6388384104,0.0842049718,-0.0784643888
30,395.650991,396.504909,395.650991,0.8496183753000001,397.4284973145,0.7090985775,397.6170654297,0.9083115458000001,397.8836669922,0.8654044867,397.8032531738,4.403966,4.482999,4.403966,-0.1577699333,5.6378173828,0.4971928,6.2705044746,0.4448317587,5.855257988,0.3545120358,4.9718961716,-2.190645,-2.091829,-2.190645,0.029317718000000003,-2.1290841103,0.0408733375,-2.1227180958,0.0414520055,-2.1373913288,0.050261654,-2.1304295063,466.590538,474.961417,466.590538,2.8142344952,478.7301940918,3.4904346466,472.5627441406,0.8888702989,474.6797485352,3.6623795033,475.2814331055,0.579501,1.810908,-0.13363143330000002,-0.5317099234,-0.1877465083,0.1169163212,-0.8477193713000001,-0.0937093049,-0.3477582335,0.0908776969,0.4067879319,-0.24850814040000002,-0.7181572914000001,-0.48845264320000004,0.30232274530000003,-0.0212903041,0.191437766,-0.17839562890000002,-0.3827524781,-0.327768147,-0.7805418968000001,-0.25392711160000003,-0.07757018510000001,-0.3776524663,0.0122974068,-0.3777331412,-0.5609594584,0.1701179743,-0.3680397868
31,395.834575,396.066888,395.834575,0.7578060627000001,397.1909484863,0.6148751974000001,397.6467895508,0.8044514656,397.8489990234,0.6637939215,398.0237426758,4.281382,4.41977,4.281382,0.0369838923,5.8343248367000005,0.6759523153,6.2479190826,0.3774740696,5.6691374779,0.336394906,4.8106622696,-2.212308,-2.182898,-2.212308,0.0258652586,-2.1587972641,0.0359777845,-2.1537730694,0.0368836857,-2.1679675579,0.039794445000000005,-2.1754806042,468.994165,465.827034,468.994165,3.4785757065,480.6409606934,2.1502692699,475.0371398926,1.0568370819,474.1396179199,2.5571966171,475.4731750488,0.464091,0.814751,-0.0654948821,-0.2623084971,-0.3772070675,-0.3751724064,-0.8971652389,0.11607179050000001,-0.25767347220000003,0.0540312156,-0.2382326126,-0.2649052739,-0.6451547146000001,-0.1954913735,0.0045409501,-0.2382729352,-0.29652455450000004,-0.0819840282,-0.025931403000000002,-0.1460572481,-0.5563896894,-0.19139465690000002,-0.1743649393,-0.2544048131,-0.0814346969,-0.2692982256,-0.137163043,0.0499293953,-0.5119093657
32,395.734754,396.475612,395.734754,0.8036550879000001,397.7247619629,0.6233179569,397.9061584473,0.86084795,398.0759277344,0.7574470639,398.1346130371,4.450856,4.686133,4.450856,0.0465971977,5.981710434,0.3477551043,6.5382885933,0.4414281547,6.1565217972,0.2636474371,5.3493309021,-2.195739,-2.150919,-2.195739,0.025679726200000003,-2.1394028664,0.0352368951,-2.1407580376,0.0374583937,-2.1530480385,0.037235051400000004,-2.1578338146,466.594881,469.630051,466.594881,4.1309585571,478.0139160156,2.1520204544,473.9360656738,1.7741956711,473.1600036621,0.9127858877,471.9231872559,0.586201,0.376271,-0.2694383217,-0.0506513923,-0.5181395336,-0.7020169497000001,-1.458865881,0.2566064,-0.5971371531,0.1825080514,-0.032291546500000004,-0.37184286120000004,-0.742638588,-0.2162718475,0.2393977046,-0.0522789918,-0.5114517808,-0.09985081850000001,-0.2472097576,-0.0101868976,-0.4064154029,-0.31111222510000003,-0.4589523077,-0.3984851539,-0.39905229210000004,-0.23082992430000002,-0.1286754161,0.0922453329,-0.5790842175
33,396.206467,396.946565,396.206467,0.6952675581000001,398.7939453125,0.5424644947,398.7244262695,0.7464255691,398.8457336426,0.6283473372,398.9309387207,4.448808,4.364198,4.448808,-0.0073211789,5.9277830124,0.1379783154,6.6819639206,0.6579913497000001,5.9012241364,-0.0057649314,5.0409631729,-2.23576,-2.172498,-2.23576,0.0289563686,-2.1696901321,0.0395507514,-2.1706855297,0.0424914956,-2.1818289757000002,0.0444460325,-2.1784729958,468.967069,475.405014,468.967069,7.5814313889000005,478.5644836426,3.7898790836,473.3376159668,2.0026264191,474.2426452637,9.5244855881,475.6207580566,0.54271,1.385467,-0.27406495540000003,-0.17426407300000002,-0.43480433820000003,-0.21451511980000001,-1.0969387293,0.41290187840000003,-0.4322131276,0.4808813632,0.06392622740000001,-0.4122840762,-0.9193350673,-0.2531318367,0.5708374381,-0.028429253,-0.4785239697,-0.2962602377,-0.47709521650000003,-0.16743680830000002,-0.2903689146,-0.2219004631,-0.2743040621,-0.29376140240000004,-0.2856447697,-0.2605037391,-0.1570905149,-0.0332140215,-0.7430925369
34,396.321652,396.394435,396.321652,0.6195777655,398.5129699707,0.5548557043,398.5336303711,0.7611133456,398.6630249023,0.7457401156,398.6538085938,4.311242,4.584202,4.311242,0.058893546500000005,5.6703119278,0.0595338643,6.7756652832,0.1798834205,6.602514267,0.1515401006,5.0417499542,-2.207185,-2.165316,-2.207185,0.026729174,-2.1392030716,0.032622821600000004,-2.14387393,0.0324021019,-2.1444001198000002,0.0313027576,-2.1500577927,479.951533,467.454063,479.951533,1.7030740976,477.8270874023,1.5328308344,477.3598937988,-0.2928494215,482.0986633301,2.7493367195,481.9472045898,0.526885,0.890524,0.322897013,0.3272957513,-0.25733846860000004,0.39217796920000003,-0.10851491240000001,0.6541001201000001,-0.0153810903,0.4706103206,-1.370904088,0.3206108809,0.018334737,-0.0590287782,0.11982484160000001,-0.3336199224,-1.034296751,0.1617315114,0.4597560167,-0.0481002182,0.1484285742,-0.3196876645,-0.5467281342,0.2105409205,0.3815619349,0.19764170050000002,0.2960438132,-0.6459977031,-0.8636784554
35,395.973177,396.336338,395.973177,0.6241429448,398.5675048828,0.4248420596,398.5269165039,0.6510298252000001,398.2569580078,0.7665476799000001,398.3882141113,4.611861,4.568988,4.611861,-0.340493679,5.596529007,0.1024640948,6.5889034271,0.1739984751,6.2413535118,0.0093113743,5.2101602554,-2.140271,-2.124162,-2.140271,0.0250141732,-2.0845525265,0.0335865431,-2.084425211,0.0354942903,-2.0791347027000002,0.0379431695,-2.0749380589,475.620213,470.940869,475.620213,1.7874668837,478.6664123535,1.0858831406,474.7876281738,0.15658104420000002,479.3483276367,-1.5478236674999999,479.3115539551,0.983183,0.869267,0.6115753737,0.6306469797,-0.4414854079,0.47292891140000004,1.0519784689,0.17505511640000002,0.7733182907,0.0089604212,-1.5700600147000001,0.6219623685,0.7499883771,0.5065862536,1.1058932543,-0.295587182,-0.9229853153,0.4591729939,1.3966970444,0.32681122420000003,0.7263631821000001,-0.1593539119,-0.727338016,0.46176442500000003,1.0897464752000001,0.1339701116,0.7711583376000001,-0.4985856712,-1.1841202974
36,396.084053,396.375395,396.084053,0.6150405407,398.9466552734,0.49777758120000004,398.8829040527,0.7389548421000001,398.521697998,0.6841839552,398.5885925293,4.344526,4.206902,4.344526,-0.45670658350000004,4.9350795746,0.1097116023,6.8619375229,0.38816806670000004,6.2100186348,-0.0568756908,4.8247270584,-2.162151,-2.160169,-2.162151,0.023722365500000002,-2.1040229797,0.0322263576,-2.0998523235,0.034189969300000005,-2.1053249836,0.0426497608,-2.0963885784,476.592341,469.248401,476.592341,3.0382347107,481.7463378906,1.2784346342,477.7559204102,-0.8582273722,482.7836914062,-0.08172845840000001,481.7778625488,1.086071,0.655404,0.7123044148000001,0.6934342867000001,-0.4374026619,0.7873019576,1.402736187,0.33941960330000004,0.5756911635,-0.1102909744,-0.9964597225,0.5192096233,0.7349056005,0.3385615945,1.2154154778,-0.2192574739,-0.6837368608000001,0.320589155,1.3341882229,0.4184950888,1.1822295189,-0.1343507022,-0.5063421726,0.48247644310000004,1.1755422354,0.3617448211,1.0919724703,-0.6801501513,-0.7789858580000001
37,395.426606,395.937355,395.426606,0.7221839428,398.8643188477,0.5670839548000001,398.4301147461,0.7821879387,398.3526611328,0.6859583855,398.3413696289,4.53244,4.205444,4.53244,-0.4055342972,5.6670875549,0.3243347406,7.2115726471,0.2791733146,6.5625696182,-0.1098075807,5.2930517197,-2.160549,-2.229377,-2.160549,0.0268516913,-2.097982645,0.0348036028,-2.0957422256,0.0393876806,-2.1009583473,0.0372180194,-2.0910046101,476.944273,465.925211,476.944273,2.9097323418,480.7611083984,3.0227024555,478.9576416016,2.0120446682,481.9848022461,-1.163431406,480.0668334961,0.997153,0.711087,0.8047942879000001,0.5857531526,0.059271775400000004,0.28696498270000004,1.514293313,0.20508867500000003,0.4046529531,0.1583709866,-0.4676286578,0.7196723819,0.6784048676000001,0.39700526,1.1270529032,0.0446038507,-0.09701684120000001,0.3762817979,1.4400118589,0.5011488199,1.1217621565,0.0640878454,0.1225682497,0.5828433633,1.4132156372,0.5430995822,1.0884155035,-0.2742762566,0.2053592354
38,395.287079,396.205724,395.287079,0.8119269609,397.6727905273,0.7641066909,398.0504455566,0.8933020234,398.0929260254,0.7458154559,398.0607910156,4.542069,4.345576,4.542069,0.0194840729,6.7345170975,0.39477777480000004,6.4799480438,0.6208140254,6.0307984352,0.0634555072,5.6341276169,-2.097051,-2.206611,-2.097051,0.0181596912,-2.0573394299,0.022815167900000002,-2.058662653,0.0215189829,-2.0696287155,0.0221913718,-2.0699799061,474.698873,467.550957,474.698873,1.4011847973,482.1952209473,0.6719619632,479.2632751465,0.6446371675,477.1959228516,-0.3806324005,476.9440612793,0.567981,1.21673,-0.2365634671,-0.28940673370000003,-0.42764892790000003,-0.4939622879,0.0093962252,0.1831639111,-0.1343288869,0.1535926163,0.0444840267,-0.5481983423,-0.3872438073,0.047709789100000004,-0.0133616328,-0.1634861082,-0.3200445175,-0.559038043,-0.8327561617,-0.0777243823,-0.6383109689,-0.28542408350000004,-0.7254527211,-0.5282757282,-1.0882304907,-0.1640782356,-0.1818899512,-0.2598613501,-0.8389157057000001
39,395.924686,396.252241,395.924686,0.6156882048,398.4606628418,0.5025784373000001,398.452545166,0.6547283530000001,398.3763122559,0.6983655095,398.4602355957,4.308414,4.344423,4.308414,-0.2058361024,4.6565618515,0.3066045642,6.4416952133,0.5390865803,5.9014706612,-0.0591975152,4.3539447784,-2.153969,-2.092467,-2.153969,0.0213152897,-2.1180932522,0.029707826700000002,-2.1253931522,0.0319255106,-2.1340894699,0.0362869836,-2.1351728439,488.751638,481.678223,488.751638,0.5831816196,485.039642334,0.0116267204,482.5810546875,2.2666621208,484.6136779785,-0.9620306492,482.482421875,1.016679,1.497705,0.8941624301000001,0.4754682758,0.08966886930000001,0.4721434116,1.2522833347,0.0351793319,0.35153400900000004,-0.4439742863,-0.1671873927,0.4540162683,1.0120706558,0.24861504140000001,0.7900198698,-0.0363535732,-0.5247424841,0.4664174914,1.1223087311,0.1783804595,0.4861814976,0.1984044909,0.32620194550000003,0.5676326156,1.1897896528,0.3416275978,0.39286875720000003,-0.0143439528,-0.038097724300000003
40,396.009424,396.365381,396.009424,0.7483098507,398.58203125,0.5782030225,398.5491027832,0.8215420246,398.3733520508,0.8026774526,398.4580383301,4.310818,4.446858,4.310818,-0.1929303706,6.0522136688,0.3385629654,7.2162928581,0.2698838115,6.0760159492,-0.042211979600000005,4.8903203011,-2.159668,-2.106954,-2.159668,0.022349678,-2.1104559898,0.0283413902,-2.1135354042,0.0352715142,-2.1235625744,0.0345363468,-2.110904932,478.381601,479.029614,478.381601,2.2829518318,480.2228088379,1.7491596937,477.6514892578,2.643406868,477.6675720215,-1.032497406,479.7133483887,1.037163,0.905515,0.9563973381,0.3833599574,-0.1185198103,0.6817207932,1.2357075214,0.37894007560000004,0.5089637041,0.0627446324,0.2801522315,0.5532114506,1.3155841826999999,0.5702404976000001,0.956107676,-0.047747843000000005,-0.0287347436,0.6654791832,1.3406965733,0.1044215336,0.6962735653000001,0.0926274508,0.2612757385,0.9068495631,1.5002015829,0.4643986821,0.8807674646,-0.0344142392,-0.0064989328
41,395.946948,395.675408,395.946948,0.6318340302000001,398.7042236328,0.48755794760000004,398.6375427246,0.7321702242,398.4280700684,0.6385375261,398.4167175293,4.334137,4.413746,4.334137,-0.2181436121,6.5606307983,-0.0266120639,7.4413871765,0.1348969787,6.2368912697,-0.2858348191,4.9637489319,-2.106424,-2.174117,-2.106424,0.0176551435,-2.0745310783,0.0244212374,-2.0761818886,0.0257955734,-2.0897085667,0.0220759157,-2.0833671093,479.750154,474.330265,479.750154,0.1792593002,481.472442627,0.8431435823000001,480.1051940918,1.7224533558,483.3610229492,0.2780594826,481.9384460449,0.773926,0.335979,0.6627120492,0.35419691670000003,0.185251097,0.4145494998,0.9472241998,0.24946476520000002,0.3279297054,0.1198796406,0.2782048583,0.37927386160000004,0.8008494377,0.10745944830000001,0.7034952641000001,0.0707721338,0.42367875580000003,0.22208727900000003,0.7605013847000001,0.2092258632,0.1379644871,0.24558056890000002,0.4977970719,0.5510368347,0.8448120356000001,0.34238970280000003,0.4065621495,-0.0182774495,0.19506844880000002
42,395.6017,396.230011,395.6017,0.6584183574,398.3992004395,0.5822997093,398.3497314453,0.7650613785,398.2703552246,0.7484958172,398.1997375488,4.338186,4.486659,4.338186,0.3711149096,6.2974271774,0.37838515640000003,7.1516876221,0.2446166873,6.3259167671,0.1297337711,4.9089069366,-2.139468,-2.173001,-2.139468,0.017717465800000002,-2.1039640903,0.0238133445,-2.112136364,0.028513053400000002,-2.1129109859,0.0145762637,-2.1158745289,485.245618,467.064453,485.245618,0.1812477708,477.6893005371,0.8340047002000001,478.3457946777,1.4786241055,481.0292358398,-0.038260936700000005,480.1487121582,0.877923,0.662058,0.8158939216000001,-0.141198175,-0.2917676308,0.5126562715,1.1940873861,0.3636420071,0.1535722464,-0.0135483649,-0.269952774,0.2185750753,0.7528321147,0.1714392602,0.37944662570000004,-0.026625022300000002,-0.146041438,0.24367736280000002,0.814948678,-0.1912840307,-0.056598037500000004,-0.13483428960000002,0.3395759463,0.5520729423,0.7391453385000001,-0.1125982851,-0.1410646141,-0.173537299,0.009919405000000001
43,395.881387,395.842606,395.881387,0.7526345253000001,397.9782714844,0.7174743414,398.2018432617,0.8944717646,398.1596984863,0.8076564074,398.491973877,4.42644,4.388961,4.42644,0.1601143479,6.342051506,0.6221956015,6.3150687218,0.7089745998,5.8517832756,0.1297636628,4.7647361755,-2.155594,-2.105063,-2.155594,0.020596763100000002,-2.114887476,0.025527332000000003,-2.1101415157,0.0275524408,-2.1079585552,0.0215501674,-2.1060869694,469.909391,481.860916,469.909391,-0.21036958690000002,479.6318359375,-0.4135940373,475.8352355957,0.32438582180000003,473.8715515137,-1.4066832066,474.4038085938,0.83858,0.633799,0.17468284620000002,0.059466613200000004,-0.8180258177,-0.13827595110000002,0.8667046428,0.25034245850000003,-0.08065193150000001,-0.013318259300000001,-1.0907064676,-0.0347618312,0.293548733,0.16070753340000002,0.2981914282,-0.5688223839000001,-0.8918244243000001,-0.21795514230000002,0.2387156487,0.3199335933,0.22661177810000002,-0.7047359943,-1.5136414766000001,-0.1666447818,0.0332408547,0.0310665332,0.1689964086,-0.44731828570000004,-1.392074585
44,395.666562,396.31547,395.666562,0.7745825648,398.6062927246,0.5412676334000001,398.4899902344,0.8169947863,398.4462585449,0.8710616827000001,398.4596862793,4.165428,4.601152,4.165428,-0.2936818004,6.6275811195,4.0834800000000004e-05,6.9111146927,0.18224596980000002,6.28814888,-0.035116948200000005,5.3112010956,-2.159146,-2.162789,-2.159146,0.0241476931,-2.0993533134,0.034482058100000004,-2.0925979614,0.0384943113,-2.0987112522,0.0419638455,-2.0882561207,469.197253,470.139872,469.197253,-0.592684269,477.7461547852,2.4079070091,473.8683776855,-1.2309008837,474.9929199219,4.0477814674,474.8190002441,0.891989,0.72545,0.16160580030000002,-0.8280632421,0.2895513884,-0.2155878544,0.5884544849000001,-0.44420132040000004,-1.8396017551,0.2890171111,0.2606604695,0.046663709000000005,0.28346705440000003,-0.7099078298,-0.9592114091,-0.1024443656,0.8905490637000001,-0.235530436,0.3132062554,-0.48000550270000003,-1.3968930244,0.16391190890000001,0.4679859877,0.0794743076,0.052555814400000005,-0.5936486721,-1.5568014383,0.2314393669,0.2364777327
45,396.197863,396.47344,396.197863,0.6342382431,398.368347168,0.4772548079,398.4534912109,0.7123619914,398.6117553711,0.6488022208,398.5888671875,4.222471,4.334781,4.222471,-0.2022846341,5.4581365585,0.6938152313,6.186768055,0.6115710139,5.7621588707,0.31533145900000004,4.4030485153,-2.161649,-2.182061,-2.161649,0.0223330632,-2.1108272076,0.031563554,-2.1111786366,0.0345663764,-2.1215879917000002,0.0370305851,-2.1104779243,479.549958,470.2678,479.549958,0.7018540502,480.7740783691,1.2802643776,476.5214538574,1.2377883196,480.2809753418,0.8636083603,476.1374511719,0.623298,0.522,0.5986038904000001,-0.0591586125,-0.163322567,-0.105893597,1.4531913996,0.0526141077,-0.3203786314,-0.2685510814,-0.5528308153,0.3751633763,0.4679367542,-0.0852902383,-0.4834888577,-0.3282487094,-0.3410436213,-0.058146473000000004,0.7951438427,-0.0744869635,-0.1234346405,-0.1918128878,-0.4973880947,0.2703481317,0.47066459060000004,-0.2264236063,-0.1390851438,-0.2168826908,-0.4466680884
46,396.138551,396.93853,396.138551,0.5660492182,398.5903930664,0.3763667941,398.479888916,0.6533605456,398.3692321777,0.6338861585000001,398.4363708496,4.349935,4.494397,4.349935,-0.2135376334,4.286444664,0.2467242628,6.0465888977,0.32791870830000003,5.6402902603000005,-0.038412079200000004,4.6795034409,-2.179388,-2.090779,-2.179388,0.0240439214,-2.1264767647,0.0327085182,-2.1253128052,0.042362988000000004,-2.1238808632,0.0424096584,-2.1285657883,475.99057,480.428504,475.99057,0.6077054739000001,475.7283935547,0.9891555309000001,474.2633361816,1.1082906723,475.990234375,2.8883924484,476.7486572266,0.812266,1.340872,0.6335690041,-0.42064943120000003,-0.28534405090000003,0.058849573100000004,1.4381847382,-0.1908307672,-0.304107964,-0.40349206330000004,-0.5511636734,0.3782424629,0.8231853843,-0.11967349050000001,-0.7037444711,-0.3678407073,-0.2790127099,0.022276815000000002,0.7740110755,-0.23986409600000003,-0.27553433180000003,-0.181417495,-0.3699991703,0.2697147131,0.5583721995,-0.3571847677,-0.5229010582,-0.2359744161,-0.6139827967
47,396.002931,396.28233,396.002931,0.6232464314,398.0353088379,0.5618087053,398.1593933105,0.7758229971,398.2601013184,0.59748137,398.1810913086,4.457908,4.446752,4.457908,-0.1185641885,5.0442237854,0.49910342690000004,6.7337198257,0.6498754621,5.8587555885,0.24944514040000001,5.3074083328,-2.23924,-2.182984,-2.23924,0.0292221867,-2.1796784401,0.0402780175,-2.1704506874,0.044418070500000004,-2.1710889339,0.0495438203,-2.1665725708,468.575491,478.558029,468.575491,2.3232429028,468.2468566895,1.6111896038,465.2477722168,3.3877620697,468.4253234863,-0.20488286020000002,470.0111999512,0.338116,0.658565,0.1372203034,-0.25631999510000003,-0.1726062736,0.2455531508,0.983204782,-0.032125853,-0.521174252,-0.22534309330000002,-0.5836292505,0.4880080223,0.4181731939,-0.2738396823,-0.4259770215,-0.33692154290000004,-0.1571617126,-0.0145084225,0.4214673638,-0.0801207125,-0.3372172415,-0.0534314327,-0.1056300327,0.2406551838,0.4205286205,-0.1564200372,-0.4502159953,-0.008567106,-0.2304374576
48,395.747359,396.110485,395.747359,0.6823394895,398.5469360352,0.4861159027,398.5748901367,0.7462998033,398.6388244629,0.8034120798000001,398.6351013184,4.321885,4.191241,4.321885,-0.0789236873,6.36901474,0.5230208635,7.0448560715,0.0282942131,6.30854702,-0.0914410055,5.1135883331,-2.176088,-2.138891,-2.176088,0.025878835500000003,-2.1458711624,0.033904045800000004,-2.1398415565,0.042939052000000005,-2.1328778267,0.0293318834,-2.1336026192,471.668029,470.028342,471.668029,-0.189717412,472.790435791,2.2308824062,468.3458251953,4.5219163895,470.4958496094,4.8984041214000005,473.3116455078,0.928078,0.528876,-0.015415430400000001,-0.16646042760000002,-0.912897603,0.6447995901,0.5453807116,-0.1452167779,-0.0229855962,-0.6577600837,-1.1148321629,0.40632864830000004,0.4336799979,0.07483129200000001,-0.2653352022,-0.2586432099,-1.2069416045999999,0.1055343673,0.169769153,-0.0763610452,0.009735878600000001,-0.2488519102,-1.310525775,0.4323302209,0.10335893930000001,-0.0853858292,-0.0491505712,-0.3733824492,-0.8147091866
49,395.821959,397.032198,395.821959,0.7981294990000001,398.2850952148,0.694758296,398.6989440918,0.8168033957,398.509979248,0.8970044851000001,398.6381225586,4.406607,4.432836,4.406607,-0.025927029600000002,6.3327102661,0.5267904997,6.3002734184,0.558011353,6.1477594376,0.2444751412,4.9866752625,-2.135536,-2.146761,-2.135536,0.0196975842,-2.0808129311,0.0250183232,-2.0834636688,0.0287961792,-2.0873966217,0.0282964334,-2.0805470943,474.767882,470.094368,474.767882,1.695091486,483.060333252,0.1632139683,475.6214904785,-0.2472412586,473.8564453125,0.2668128014,473.8542480469,0.893599,0.378222,0.3652124759,-0.5584777601,0.5943419371,0.2079617232,0.27455097440000004,0.2360443026,0.029047425800000002,0.361851126,1.4181642532,0.130487591,-0.3502545059,-0.5209933519000001,-0.7397710085,0.5109451413,0.6784379482,-0.1152585074,0.0437940583,-0.3410010338,-0.8724482656,0.3360811472,1.1271007061,-0.0453265905,0.10051640120000001,-0.4464963377,-1.0800263882,0.5605765581000001,0.9263573885
50,395.857736,397.003303,395.857736,0.7551620007000001,398.4688110352,0.5839947462,398.4961853027,0.7582957745000001,398.505645752,0.7524381876,398.5238952637,4.33761,4.573035,4.33761,-0.1225759089,7.2700200081,0.19697821140000002,7.2798991203,0.3110125959,6.1649804115,-0.0023133084,4.8379602432,-2.163478,-2.125724,-2.163478,0.021410781900000002,-2.1251037121,0.029542055,-2.1260948181,0.0375762954,-2.1303906441000002,0.0331091657,-2.1138806343,468.1636,472.065305,468.1636,0.7914640903,472.8636169434,1.9356220961,469.5823669434,0.3937138915,468.7584228516,2.560901165,469.3763122559,0.221813,1.097986,0.0513515739,0.10493251120000001,0.18855560370000002,-0.33816653490000004,-0.47264412050000004,0.7639454603,0.6597619057,-0.4921463728,0.3055923283,0.0457993783,0.0230972935,0.41209468250000003,0.7150388956,0.0684789643,0.1137930602,-0.3348999321,-0.30356320740000003,0.2754932344,0.7039673924000001,0.1088618338,0.0003190711,0.2018737048,-0.3544724584,0.1588432938,0.38422250750000003,0.2015845031,-0.10169748960000001
51,395.363388,396.509657,395.363388,0.7150396705000001,398.0466918945,0.5486184359,397.9789123535,0.7412304878,398.1522521973,0.6840986609,398.2679748535,4.377756,4.493824,4.377756,0.3024959564,6.2928342819,0.43351548910000004,6.3769750595,0.8247428536,5.9987096786,0.0948014632,5.035302639,-2.220589,-2.171842,-2.220589,0.030955545600000002,-2.164896965,0.042496644,-2.1675748825,0.0498319305,-2.1715660095000002,0.0466155708,-2.1641263962,469.533976,466.166548,469.533976,2.5311751366,469.7168884277,2.2889606953,466.203704834,2.8112974167,472.842956543,7.2999677658,472.3618164062,0.527061,1.351215,-0.1819241446,0.25664732020000003,0.4228818972,-0.22211697700000002,-0.8621721268,0.614708066,0.7357015610000001,0.0135021023,0.8528957367000001,-0.0746328235,-0.36497527360000004,0.5059421659000001,0.4136946797,0.0767245591,0.6173034906,-0.27549722790000003,-0.7745249271,0.3339525163,0.6394417286,0.0863257945,0.27126207950000003,-0.0367637873,-0.7318062782,0.40814545750000003,0.6893036366,0.7682567835,0.521915853
52,396.204065,396.477656,396.204065,0.6238304377,398.7297363281,0.4186295271,398.5032348633,0.6412922144000001,398.4227294922,0.5552245378,398.4808959961,4.520362,4.754154,4.520362,0.034880250700000004,6.7693653107,0.4400528669,6.5168032646,0.5360517502000001,5.9880752563,-0.0424576104,4.9705500603,-2.219822,-2.167885,-2.219822,0.0229940247,-2.1706695557,0.0292731822,-2.1707730293,0.0337603465,-2.1707935333,0.0227781497,-2.1619715691,466.547587,465.48349,466.547587,3.0679526329,467.2717895508,1.8583205938,463.3302001953,1.6111345291,468.7400817871,1.5080293417,468.9469299316,0.300804,0.249664,-0.2335495965,0.0102213687,0.18929725090000002,-0.16177809240000002,-0.4580982327,0.5271405578,0.2191895097,0.5960466266000001,0.8085820079,-0.0470113792,-0.4348275661,0.3578778803,0.13554015760000002,0.1306226254,0.385592103,-0.2617084384,-0.5430499911000001,0.0520579591,0.4025566578,-0.0174373128,0.21804171800000002,-0.1137174517,-0.4851620197,0.1593122184,0.332463026,0.2196985632,0.5168680549
53,395.310841,396.989639,395.310841,0.6407518387000001,398.1474304199,0.5896309614,398.2874755859,0.739682436,398.1810302734,0.7083584070000001,398.1659240723,4.339969,4.537525,4.339969,-0.433683902,6.7914218903,0.15708713230000002,6.5465745926,0.0018332005,6.2771935463,0.013064220500000001,5.1354532242,-2.185694,-2.169086,-2.185694,0.0241876468,-2.1404547691,0.0309725665,-2.1378312111,0.0388247669,-2.1415467262,0.0262747724,-2.1373133659,468.048165,468.325098,468.048165,2.5839819908,470.5418395996,0.8252730370000001,468.6848449707,0.7736359835000001,470.6586303711,0.5563682318000001,466.4831848145,0.387682,0.109961,0.1387550303,0.1435624019,0.3323162494,-0.2571284473,0.4487423599,0.7262657881,0.5688016415,-0.0920216665,0.3963282704,-0.0780967921,0.5470850468,-0.1091258898,0.1563293487,0.17650830750000002,0.9138174057,0.1193372011,0.4378792644,0.3577187955,0.3154473901,0.0654435158,0.3078485131,-0.060160957300000005,0.26779150960000003,0.2342118621,0.2860584855,0.2997671366,0.3099458814
54,396.40077,396.755476,396.40077,0.7066127658,398.1273193359,0.5536627173,398.4264831543,0.7035782337,398.5659790039,0.7824881673,398.6365966797,4.347602,4.389518,4.347602,-0.0398360789,6.8717684746,0.1089500934,6.516474247,0.1893368363,6.4049873352,-0.0004258007,5.3336243629,-2.13376,-2.193028,-2.13376,0.0231974907,-2.0964643955,0.0314675756,-2.092874527,0.038607481900000004,-2.0967202187,0.0320892483,-2.0859472752,467.382419,464.197803,467.382419,1.588365674,473.7452697754,1.6359583139,470.5320739746,3.8564038277,469.1654968262,3.7901721001,469.8572998047,0.490051,0.585162,-0.17587248500000002,-0.1902539701,0.41595955440000004,-0.6753541827,-0.5282528996,0.3041678071,0.657636404,-0.1027120203,0.6949307323,-0.2156011462,0.0010734349,0.1565756351,0.0310502499,0.37721848490000004,0.8771694899,-0.4042209089,-0.1605791897,0.1604190618,-0.1738222241,0.1438120008,0.6776503325000001,-0.0765424743,-0.29238542910000004,-0.011244311,-0.0466982946,0.35976886750000003,0.7995916605000001
55,395.887746,396.345443,395.887746,0.7056360245000001,397.9448852539,0.5563896894,398.4261779785,0.6674337387,398.2819519043,0.7196107507,398.2202453613,4.25979,4.614296,4.25979,-0.0814772248,7.4098892212,1.0582395792,6.8537449837,0.44508364800000005,6.4145498276,0.16666494310000002,5.3219261169,-2.115847,-2.132348,-2.115847,0.0187379718,-2.0646877289,0.0240281988,-2.0675191879,0.0258365497,-2.0704264641,0.01686088,-2.0676617622,471.251356,473.229447,471.251356,-0.3963930309,474.3305358887,0.3541329801,471.8148498535,-1.3312882185000001,470.9652099609,4.4671998024,471.9913635254,0.397853,0.505757,-0.0960913902,0.317008816,0.2203612514,-0.2779051661,-0.2649861872,0.4986165762,0.0915465206,0.20934140680000002,0.6495292187,-0.2237754166,0.1117065549,0.0614897572,0.071260266,0.5052198172,0.9221493602,-0.21328337490000002,-0.0334556773,0.08454731850000001,0.2154257894,-0.0640902892,0.442825526,-0.0033814632,0.1696467847,-0.0657688528,-0.0222878829,0.20394000410000002,0.8425171971000001
56,395.850245,396.245703,395.850245,0.5596010089,398.6820678711,0.47537532450000003,398.4840087891,0.6848025322,398.2403869629,0.6185865402,398.2862548828,4.396207,4.439645,4.396207,-0.0890661329,6.8623447418,-0.003231762,6.5943274498,0.16847971080000002,6.071436882,-0.3515796363,4.7914829254,-2.155736,-2.120111,-2.155736,0.0159547552,-2.1078360081,0.0215989724,-2.1103351116,0.023981027300000003,-2.1052632332,0.011573609,-2.1086268425,471.923903,469.733869,471.923903,1.9644006491,472.9380493164,0.8096700311,470.2749023438,0.3187508583,472.5057067871,-2.5837085247,472.5450439453,0.812278,0.517276,0.1229083843,-0.4858510203,0.639247293,-0.3152716458,0.2344234735,-0.1416130662,-0.4215349853,0.48405230050000003,1.2704634666,0.035033118,0.34954279660000004,-0.3640775383,-0.47783514860000004,0.5863624215000001,1.3365651369,0.0533241034,0.2977413535,0.0766459182,-0.1113930941,0.2129527032,0.6682277322,-0.0986044258,0.1864193678,-0.2616547942,-0.6246884465,0.416478008,0.7208362222
57,395.972498,396.309144,395.972498,0.6632239819,398.9502868652,0.5561685562,398.8226623535,0.6603630185,398.8854370117,0.6577631235,398.9360961914,4.562979,4.491577,4.562979,-0.1222279668,4.8861494064,-0.12229391190000001,6.4866466522,0.1717642844,5.9459133148,-0.1536510587,4.8113040924,-2.228815,-2.151405,-2.228815,0.0261998251,-2.179929018,0.0371103585,-2.1719973087,0.042584203200000004,-2.171598196,0.0451290831,-2.1673116684,473.422843,470.223732,473.422843,3.2875599860999998,474.1884155273,1.5547834635000002,470.3489990234,2.988817215,473.734375,6.8530330658,469.684967041,0.503792,0.956338,0.38576625540000004,-0.1684686695,0.2767828619,-0.028312455900000002,0.5211822987,0.20508593320000001,-0.9543309212000001,0.5106129646,0.5922781229,0.1118271351,0.2814160585,-0.4182319939,-0.6328246593,0.3187762201,0.6323067546000001,0.2128795534,0.7687934041000001,0.0728111714,-0.2795582414,0.2681970298,0.4530626535,0.18933816250000002,0.7754403353,-0.0729506463,-0.36097639800000003,0.078212142,0.6418263316
58,395.601937,396.785499,395.601937,0.6756298542,398.5357055664,0.5329964161,398.5317687988,0.6452596188,398.3476257324,0.675014317,398.6175231934,4.314576,4.39254,4.314576,-0.1101746187,5.294588089,0.2282786816,6.3135652542,0.396822542,5.6229767799,0.3337436616,4.5981888771,-2.222124,-2.122949,-2.222124,0.0267843865,-2.1715805531,0.0373387896,-2.1641187668,0.0432542115,-2.1715803146,0.0477189608,-2.1696674824,474.105542,471.280626,474.105542,3.182495594,474.0637817383,1.1097540855,471.9244995117,3.5648527145,474.9461669922,1.3899315596,471.4466247559,0.675885,1.150893,0.43280889510000004,-0.1227809822,0.5044028477,-0.2968010306,0.5202000737,-0.0953027084,-0.7051048279000001,0.3968195319,0.791384995,0.026823997500000002,0.4019992352,-0.3535512984,-0.5796192288,0.2906367183,0.8023173809,0.20148465040000002,1.0191055536,0.08279185,-0.1181803793,0.11468517780000001,0.9449133277,0.1464454979,0.9386773109000001,-0.0778807327,-0.11861222980000001,0.0099391798,0.8790988326
59,396.137673,396.237142,396.137673,0.6113700867,399.2742614746,0.5028448701,399.0600891113,0.6276015043000001,398.821472168,0.6795794964,398.6929626465,4.437708,4.341732,4.437708,-0.5668712854,6.3965559006,0.1306026727,6.8423147202,0.3368356228,6.137181282,-0.4213344157,5.0202121735,-2.118017,-2.23365,-2.118017,0.0229388233,-2.061866045,0.0278109424,-2.0633928776,0.032025180800000004,-2.0660247803,0.0364913978,-2.0501198769,477.323455,473.024549,477.323455,-0.58715415,483.1748657227,-0.5914008617000001,476.4186706543,1.5272941589,476.1715393066,-0.2349619865,478.8743896484,0.836147,0.788285,0.44945506220000003,0.101984353,-0.6976617571,0.1020537019,-0.0134933889,-0.2130872309,-0.6772027016000001,-0.0952237546,-0.9229634404,0.0887496173,-0.1962330043,0.1134336293,-0.425409615,-0.3771482706,-0.6986700296,-0.0473476127,0.2967300117,0.1990132034,-0.0516441762,-0.2985894382,-0.7632473111,0.10426257550000001,0.2881762385,0.1963500679,-0.0202466697,-0.3064427078,-0.8391797543
60,396.218475,396.350951,396.218475,0.6691065431000001,398.6858825684,0.5332586169,398.7788391113,0.7200953364,398.485534668,0.6695657372,398.6946105957,4.281242,4.466232,4.281242,-0.31225413080000003,5.6282806396,0.2985128164,6.464161396,0.2157793939,5.9230642319,-0.2193031907,4.7604827881,-2.261237,-2.21183,-2.261237,0.0295685269,-2.1984753609,0.0402124003,-2.1916999817,0.0467062891,-2.1966779232,0.0407704562,-2.1868817806,472.590961,465.990893,472.590961,1.7620601653999999,472.9802246094,1.1449501514,470.0990905762,1.7276600599,473.438079834,-5.314332962,470.8344726562,0.332209,0.826418,-0.1022327573,-0.1684291857,0.2674744542,-0.26160344480000003,-0.1241128668,-0.201958552,-1.1085300446,0.7423796058000001,0.6650031209,-0.27561080460000004,0.2950092554,-0.07393851130000001,-0.8737589121,0.3371875882,1.1954404116,-0.017577786,0.3890114725,-0.21705622970000002,-0.5385831594,0.08704876900000001,0.8839668036,-0.11781221630000001,-0.1437073052,-0.08123522250000001,-0.6478469372,0.0738705397,0.7167854309
61,396.072257,396.569674,396.072257,0.6730344296,398.346496582,0.4884352684,398.3054504395,0.6817691326,398.1137390137,0.6758686304,398.486907959,4.581252,4.640921,4.581252,0.0461216271,6.3965978622,0.4017078578,6.8472905159,0.4427731633,6.29793787,0.5076680779,5.1461367607,-2.205319,-2.169835,-2.205319,0.027747705600000002,-2.153803587,0.0364132784,-2.1500833035,0.0418771394,-2.1499049664,0.044165678300000004,-2.1482613087,471.02224,469.425605,471.02224,2.3266947269,471.2602539062,0.4626888335,469.259185791,2.8671298027,471.9523010254,1.1220222712,469.2026062012,0.455684,0.48408,0.0381154056,-0.0331608332,0.4528747777,0.0181945097,-0.3335165679,0.0630874783,-0.4440697134,-0.23899927740000002,0.9867565632,-0.033426370500000004,-0.0938565433,-0.1613835543,-0.3459616303,0.2927541137,0.8033560514,0.21603764590000002,0.4265773892,-0.0587314293,-0.33068355920000003,0.1059472114,0.9100391865,0.0077363513,0.5043680668,-0.20149141550000002,-0.44552552700000003,0.1309393793,0.6798498631000001
62,396.179725,396.179271,396.179725,0.5491306782,398.6057434082,0.37884852290000004,398.6872253418,0.6317870617,398.3418884277,0.6233480573,398.5854797363,4.282691,4.240749,4.282691,-0.3981132805,6.4679470062,-0.1382029653,6.8041872978,0.3014253676,5.9358005524,0.046244356800000004,4.4092402458,-2.203173,-2.147916,-2.203173,0.0239732694,-2.1536154747,0.032972473700000005,-2.1555962563,0.036798827400000005,-2.1569552422,0.031270735,-2.147785902,476.511692,471.831797,476.511692,1.3348777294,476.133026123,1.3577530384,469.6638183594,2.2400536537,477.9223632812,0.7069324255,477.195892334,0.388028,0.458815,-0.24436173860000002,0.2010220801,0.22459569270000002,0.3078991175,-0.0612908304,0.6798024774,0.8397220373000001,-0.5014138222,-0.1523220986,-0.216131866,-0.46206972,0.27033296230000003,0.4233783484,-0.0202822983,-0.1777936518,-0.0971900374,-0.28221279380000003,0.15236409010000002,0.5334017873,0.10065582390000001,0.6191260219,-0.1557115614,-0.4393879175,0.33903589840000004,0.2880857885,-0.2404406816,0.3926537633
63,395.643776,397.13503,395.643776,0.7765653729,398.3310546875,0.5923269987,398.3571166992,0.9614492655,398.2385253906,0.8609440327000001,398.3804626465,4.316055,4.605995,4.316055,-0.3797379732,6.1133918762,-0.0010763127,6.4744782448,0.1233938411,5.7534618378,-0.09130224590000001,4.7391571999,-2.251591,-2.200352,-2.251591,0.0292529166,-2.20484972,0.040110413000000004,-2.1916530132,0.0504365228,-2.196491003,0.046233758300000004,-2.1930587292,466.008207,468.263971,466.008207,2.2860376835,466.4442749023,1.2338645458,460.6754760742,1.6587847471,463.6001586914,3.6338763237,466.6871643066,0.634232,0.541011,-0.4631930886,0.2890625859,0.3227155168,0.0601376407,-0.0248437673,-0.0445290543,0.548179388,0.3608422577,0.5290857553,0.0536943525,-0.3311929703,0.1538993418,0.3197663128,0.4091453552,1.0598406792,-0.1927605718,-0.8095999956000001,0.0694647878,0.273298353,0.1246079654,0.6540918946000001,-0.0844443589,-0.4936462641,0.0868537426,0.48456954960000004,0.3571836948,0.6011724472000001
64,395.649676,396.068492,395.649676,0.6453639269,398.2633361816,0.5112701654,398.178894043,0.7963519096,398.1279907227,0.6836566925,398.4304504395,4.373263,4.292926,4.373263,-0.22349369530000002,6.217259407,-0.0636706799,6.4582891464,0.21833704410000002,6.1969151497,-0.0029947013000000003,5.0913152695,-2.281958,-2.19201,-2.281958,0.0270593725,-2.243005991,0.0352883004,-2.2327821255,0.0444741361,-2.234200716,0.031919475600000004,-2.2334389687,464.335133,470.358096,464.335133,1.6811758280000002,466.4558410645,-0.9424917698,462.8641052246,-0.1369928122,464.8196716309,4.5580530167,466.1055908203,0.588714,0.946187,-0.4284003004,0.3767291253,0.1453704875,0.1344261169,-0.6201471686000001,0.19192840160000002,1.1027653217,0.3107005954,0.1569915116,0.1248130128,-0.2486640215,0.1619939059,0.7856243849000001,0.3608061969,0.6060146689,-0.232682094,-0.9158399105,0.1437731534,0.5895537138,-0.0391464606,0.0551614016,-3.38024e-05,-0.558288455,0.0760590956,0.6285335422,0.116285935,0.1359551847
65,395.775838,396.248403,395.775838,0.677951932,398.563873291,0.53779459,398.7767333984,0.689117074,398.6225585938,0.6182901859000001,398.842590332,4.272322,4.502395,4.272322,-0.0137731135,6.2567739487,0.3699182272,7.0234885216,0.3242585063,6.2562904358,0.0937217027,5.0402040482,-2.157958,-2.095328,-2.157958,0.0199985802,-2.1199557781,0.026271861,-2.1249740124,0.0291395206,-2.1298856735,0.0229376033,-2.1349415779,480.712031,470.589575,480.712031,0.019707605200000002,477.6256713867,2.7617294788,474.9235839844,0.7613643408,478.9104003906,0.4626028538,473.7814941406,0.684129,0.623864,-0.0956730217,0.5706131563,0.36507521860000003,0.0225453377,-0.2378710508,0.0081174942,0.6871660948,-0.0268957987,0.6452751756,0.0088681895,-0.7026152015,0.4760544896,0.7152319551,0.095528096,0.6976341009,-0.20538389680000002,-0.73920542,0.0851750374,0.46767717600000003,-0.09274019300000001,0.3391526937,-0.0955033079,-0.5510205626,0.0943644121,0.6253050566,0.1541419476,0.1404014081
66,396.237179,396.68235,396.237179,0.6572244167,398.1474304199,0.5314540863,398.4906616211,0.6610819101000001,398.4752197266,0.7051308155,398.5133666992,4.387076,4.503798,4.387076,0.0468601286,6.283203125,0.6795187593,6.9963517189,0.7543087602,6.1129207611,0.41784396770000004,4.8876085281,-2.140223,-2.109814,-2.1402229999999998,0.018544714900000002,-2.0965685844,0.0249659512,-2.106623888,0.031195599600000002,-2.1017274857,0.024903915800000002,-2.107177496,477.192125,474.830214,477.192125,0.6806720495,474.5976867676,2.1143844128,472.7355957031,2.3358743191,476.9701843262,-0.5234642029000001,471.9576416016,0.454784,0.126043,-0.1477687349,0.06548796800000001,0.4250933589,0.2179230154,-0.3457278311,-0.654635787,0.1112362295,0.4141457975,0.6875777245,0.0900366455,-0.3366451561,-0.09786097710000001,0.2766990662,0.39445304870000003,0.953820765,-0.1785541475,-0.33257821200000004,-0.0860479251,0.0183257312,0.0568798147,0.5225948095,0.0111675765,-0.3443927169,0.0355019867,0.0386086702,0.3008047938,0.4683967531
67,395.517351,396.175303,395.517351,0.662553668,398.6571044922,0.4415187538,398.5346069336,0.6900571585,398.4242553711,0.7042611837,398.6940002441,4.267898,4.250613,4.267898,-0.0309834182,6.4981470108,0.25541079040000003,6.9685029984,0.11115652320000001,6.3617291451,0.0033999458,5.030497551,-2.285089,-2.222859,-2.285089,0.0339463428,-2.2409920692,0.042511344,-2.2256934643,0.0556066483,-2.2198240757,0.0485758148,-2.2171783447,461.863732,464.288297,461.863732,0.48647692800000003,470.0214233398,1.4800405502,465.4129943848,2.6668009758,463.9622802734,2.0549659729,465.4259338379,0.079058,0.501038,0.0338429286,-0.0708118536,0.0095125589,-0.5177513957000001,0.21480196710000002,-0.8093583584,-0.5125542283,0.16516695920000002,0.0697667971,0.3227930665,-0.07594314220000001,-0.1591056436,-0.413085103,-0.2511109114,0.14314006270000001,-0.0260589141,-0.2956111133,-0.2773515582,-0.36327669020000003,0.0318648443,0.0011214970000000002,0.1692539603,0.0986231863,-0.29268682,-0.1757283211,0.09354671090000001,0.0121226395
68,396.388462,396.126286,396.388462,0.6216856837,399.1071777344,0.4759879708,398.9748840332,0.6583153009,398.9981994629,0.6452469826,399.0015869141,4.252862,4.301904,4.252862,-0.3722515106,6.50552845,0.11403723810000001,6.5640187263000005,0.0282980278,5.9871258736,-0.2619637549,4.9273014069,-2.126349,-2.136204,-2.126349,0.0188541263,-2.0809309483,0.0233628508,-2.0847394466,0.026253217800000003,-2.0878448486,0.019406056,-2.0890855789,480.53337,474.46058,480.53337,1.140157342,479.6097717285,1.1477359533,477.7540588379,0.3930478692,478.4431152344,1.249230504,475.8024597168,0.536288,0.211898,-0.3353116165,-0.1206290332,0.4007738523,-0.3356466889,-0.31216153500000005,-0.6710695028,-0.5373053551,-0.19110602140000002,0.3956674039,0.1797354668,-0.1567669362,-0.2500524819,-0.3279860616,0.1885959506,0.8679252863,-0.2084482014,-0.32242575290000003,-0.254462868,-0.16790139680000002,0.027723703500000002,0.4094415605,-0.10637566450000001,-0.2721861899,-0.2841830254,-0.24426873030000001,0.1777761579,0.449505955
69,396.180547,396.623512,396.180547,0.7509933710000001,398.6457824707,0.5825095177,398.6374206543,0.7336661816000001,398.7596740723,0.735581696,398.8731384277,4.535498,4.323908,4.5354980000000005,-0.3536790013,6.7409052849,0.134444207,6.3553853035,-0.20508161190000002,6.0982480049,-0.1915648878,4.9692788124,-2.144793,-2.130244,-2.144793,0.0205155984,-2.1107091904,0.0256553367,-2.1105599403,0.0295423493,-2.1177797318,0.0291983094,-2.1066431999,476.401711,479.590034,476.401711,1.7330498695,476.6583251953,0.2185087204,473.6254882812,0.8267378807,474.5766296387,-0.2579534054,475.0869445801,0.447757,0.813443,-0.1492721722,-0.0456011991,0.4196725307,-0.27323383090000003,-0.5378748178,-0.6450641751,-0.2856984437,-0.024240275800000002,0.4740664959,0.2167916447,-0.11057709160000001,-0.2762492299,-0.2488197088,0.1540180147,0.7440011501,-0.282507658,-0.3299810886,-0.2427623123,0.0052738041000000005,0.07307039950000001,0.1790520549,-0.0743617937,-0.13621480760000002,-0.2763280571,-0.1014479548,0.1687691361,0.352881372
70,395.747789,396.915661,395.747789,0.6609498262,397.8746032715,0.49597895150000004,398.3034667969,0.6165626645,398.2422485352,0.6677361727000001,398.4816894531,4.165753,4.457991,4.165753,-0.3438427746,7.0596766472,0.0768381506,6.3626685143,0.1967453361,6.1550102234,0.07434612510000001,4.9036335945000005,-2.192611,-2.158264,-2.192611,0.023152593500000002,-2.1488976479,0.0315248109,-2.1449449062,0.0358040966,-2.1500413418,0.0237802025,-2.1527938843,465.112162,465.954385,465.112162,1.1901096106,472.1995849609,1.4056270123,466.887878418,0.6001498103,471.5373535156,1.2388854027,469.1172790527,0.675185,0.747626,-0.5098686835,-0.37713646700000003,0.2316839728,0.3801264167,-0.7011524439,-0.6715384722000001,-1.1871086359,0.2490644455,1.1088151932,0.12304592880000001,-0.3358257711,-0.3772059679,-1.1672744751,0.32294562460000004,0.9553379416000001,-0.40274950860000003,-0.7591674924,-0.5317390561,-0.8430932760000001,0.2811717689,1.0931888819,-0.0848781765,-0.6778225899,-0.3547031879,-0.5929828882,0.2046168149,0.9317029715
71,395.630829,396.736789,395.630829,0.6790137887000001,397.9257202148,0.5332776308,398.3695068359,0.6625695229,398.1044616699,0.6180362701000001,398.3066101074,4.333845,4.405747,4.333845,0.2457429469,5.453040123,1.0774767399,6.4601969719,0.6529238820000001,5.6658496857,0.5274659991,4.850903511,-2.217917,-2.171898,-2.217917,0.0250986405,-2.1762571335,0.034089293300000004,-2.1764333248,0.0385796502,-2.1843383312,0.0318636894,-2.1849374771,474.717477,472.18973,474.717477,1.041058898,474.2386779785,1.8059595822999999,470.4898681641,0.6926516891000001,474.7651062012,0.7074923515,473.4533996582,0.706355,0.788466,-0.1205557758,-0.31478060890000004,0.6207392653,0.4004559815,-0.151902318,-0.49948939680000004,-0.8970851898000001,-0.0122337248,0.45375609400000005,-0.094380565,-0.3476450741,-0.304497242,-1.1190047264,0.0688590184,0.5123988986,-0.1741732806,-0.768147409,-0.3202917576,-0.6261005998,-0.1318532228,0.24935142700000001,-0.1943255961,-0.4524845183,-0.3928041756,-0.8978257179,0.0026064231,0.6982508898
72,395.522587,396.179262,395.522587,0.6839727163,398.1931152344,0.4755098522,398.2682495117,0.7106509805,398.1155090332,0.637729466,398.3288879395,4.348392,4.442471,4.348392,-0.0758776069,5.2134580612,0.3239315748,6.1956543922,0.3515107632,5.9962954521,0.0020584911,4.8937740326,-2.2871,-2.173072,-2.2871,0.0353850834,-2.223842144,0.0511582047,-2.2164311409,0.058096423700000004,-2.2263216972,0.068541266,-2.2143085003,466.110622,472.517805,466.110622,3.6279408932,469.4452514648,0.9229182005000001,462.2908630371,-0.1322718859,469.7704467773,0.3439688683,470.162109375,0.259028,0.859686,-0.1554370916,-0.206359713,-0.0187173059,0.3061867058,-0.44721087810000004,-0.4145548344,-0.9053384662,-0.44391086700000004,0.3104362786,-0.09132717550000001,-0.0952178538,0.0685502663,-0.9203315377,-0.3564614058,0.07033543290000001,-0.07468921690000001,-0.4440658689,-0.061723135400000004,-0.36338537930000003,-0.0624000654,-0.0169814304,0.1911849827,-0.5493778586,-0.23232963680000002,-0.23949217800000003,0.1587956995,0.027031466400000002
73,395.844998,396.06022,395.844998,0.6697115898,398.6661376953,0.5242972374,398.5660095215,0.6661222577,398.3850097656,0.5909537673,398.4788818359,4.550408,4.406049,4.550408,-0.5672169924,6.8240838051,-0.1250576377,6.6469788551,-0.1891746223,6.3605875969,-0.24668726330000001,5.1938576698,-2.174452,-2.208376,-2.174452,0.022474646600000002,-2.1258168221,0.0302468203,-2.1244709492,0.0333090387,-2.1372785568,0.020965499800000002,-2.1431269646,467.184194,470.681132,467.184194,1.6407707930000002,468.9055175781,1.8697321415000001,465.3827209473,1.0172173977,468.6810302734,1.714949131,466.1362304688,0.33907,0.99236,-0.11862633310000001,-0.25565471900000003,0.1885131371,0.2463720292,0.198580116,-0.0514698774,-0.4255541861,0.1482749283,0.31345650550000004,0.3620196879,0.1010854989,-0.20011079310000002,-0.3393924236,0.213479206,0.001270324,-0.34299772980000004,-0.1645753533,0.0510711484,-0.21385875340000002,-0.1963181347,0.0327490568,0.1441006362,-0.2259605825,0.0151336249,0.0688906163,-0.12422940140000001,-0.0652364492
74,395.747047,396.468066,395.747047,0.6008520722,398.0519714355,0.4668638706,398.159576416,0.6210849285000001,398.0024108887,0.6371904016000001,398.279876709,4.325448,4.695243,4.325448,-0.027931049500000003,6.095995903,0.1462356448,6.6415104866,0.10507322100000001,6.2440452576,-0.37137871980000003,4.5887737274,-2.2624,-2.163407,-2.2624,0.0256723352,-2.2306432724,0.0331743471,-2.231357336,0.0400516354,-2.2349083424,0.0346807018,-2.2328138351,466.036755,458.678668,466.036755,0.5690391064,468.2758178711,0.7657209635000001,464.795715332,2.7703156471,468.473449707,2.1050853729,466.9144897461,0.168565,0.529484,-0.031089324800000002,0.1622313297,-0.0335951416,-0.022616499999999998,-0.20062017440000002,0.0666063949,-0.0545243248,0.2930121422,0.1230830848,-0.1648411304,-0.2871944308,-0.013220543000000001,-0.5214221478000001,0.2885695696,0.0573249906,-0.1046303511,-0.2220319211,0.1753579676,0.2939238548,0.0639793724,-0.0633575022,-0.1391289979,-0.30755519870000003,-0.17443619670000002,0.0376817286,0.1465822309,0.0151414722
75,396.156526,396.046185,396.156526,0.6977946758,397.9721679688,0.5619406104,398.3389587402,0.7662624121,398.2100219727,0.7953312397000001,398.2685241699,4.225884,4.377422,4.225884,0.24591562150000001,7.1900258063999996,1.0989431143,6.9723362923,0.7082266212,6.5127048492,0.5702542067,5.0912804604,-2.092783,-2.098351,-2.092783,0.0224802531,-2.037296772,0.0265370272,-2.0430281162,0.0330913924,-2.0394358635,0.0389541313,-2.0348360538,480.696346,475.965699,480.696346,0.6806952357,482.3287353516,-0.7646456957000001,478.4255065918,-0.0036314726,478.3144226074,0.2362074852,477.6671447754,0.591412,1.597377,0.29451191520000003,0.2538270117,0.4456486972,-0.5999974012,0.12194434550000001,0.1116686687,0.3681311011,0.6816254854,-0.018863812100000002,-0.1439676285,-0.0687456429,0.3991869986,0.6276055574,0.3674633205,0.029601708100000002,-0.2107237875,-0.0188535154,0.0314630568,0.6550304294,0.1366030574,0.2972028852,-0.1618239582,0.2326939553,0.285466224,0.4571147561,0.1932657659,0.6457990408000001
76,396.425827,396.906632,396.425827,0.7126583457,398.5943603516,0.590697825,398.6437988281,0.7149823904,398.5897521973,0.6671231985,398.6409912109,4.434048,4.449331,4.434048,-0.1679708064,6.0404624939,0.1517211497,6.7636370659,0.0590361208,6.2047901154,-0.3107406199,5.1672945023,-2.184254,-2.143406,-2.184254,0.023316510000000002,-2.1329183578,0.0312027596,-2.1322426796,0.0353993364,-2.1362948418,0.0301737953,-2.1363716125,469.213272,469.664125,469.213272,0.7918080091,470.2697143555,0.5334942937,467.3597717285,1.059361577,470.3827209473,0.8960374594,468.1021118164,0.174206,0.84924,0.1559303046,-0.07561634440000001,0.0177657225,-0.203352958,0.1367886066,0.12842832510000002,-0.2603485882,0.2839805186,-0.045577690000000004,-0.1041119918,0.049057059,0.1673564464,-0.2464482188,-0.268722862,0.0519853048,0.0042182766,0.1811226606,0.2311171442,0.4808160663,-0.0534163304,0.14923547210000002,-0.2948446274,0.21957251430000002,-0.0158071034,0.23737767340000002,-0.08243291080000001,-0.20249693100000002
77,395.819357,396.671371,395.819357,0.6741412878,398.7904052734,0.5010699630000001,398.6310119629,0.6543061137,398.5740356445,0.6945979595,398.6092834473,4.35349,4.483166,4.35349,-0.3816941381,6.578168869,0.1619313657,6.9840650558,0.11055758600000001,6.1082868576,-0.1998866498,4.8342323303,-2.152303,-2.142013,-2.152303,0.0188687593,-2.1056685448,0.025854963800000002,-2.1096343994,0.0307323262,-2.112475872,0.0242039021,-2.099925518,468.269547,467.40717,468.269547,0.5578374267,472.6506347656,3.0439398289,470.1994018555,2.1632828712,470.5567626953,0.8730223179000001,468.6415405273,0.240757,0.777919,-0.2266086759,-0.0811355686,-0.0054480873,-0.6409577727,-0.4766498208,0.0404975899,0.4308798015,-0.2064738274,0.3456224799,-0.5791858435,-0.8072959781,-0.10590584580000001,-0.2031853795,-0.0060267341,0.30164301400000004,-0.1322939396,-0.5238314867,0.0942135677,0.31703144310000003,0.1759567708,0.3556511402,-0.34690254930000003,-0.3571389318,-0.0047184173000000005,0.0247953087,0.0328382179,0.2724074423
78,396.006817,396.816064,396.006817,0.6960194707,398.5085144043,0.5729241371,398.5389709473,0.7767006159000001,398.4191894531,0.7101955414000001,398.5138244629,4.453956,4.571978,4.453956,0.0096665919,6.5399808884,0.31853806970000004,6.8872451782,0.2860132754,6.3561067581,0.155199796,5.0086545944,-2.192048,-2.180353,-2.1920479999999998,0.0238870457,-2.1488585472,0.030446853500000003,-2.1503629684,0.0324245058,-2.1477208138,0.023561021300000002,-2.1350734234,467.716727,459.388869,467.716727,2.2203850746000002,471.6954956055,1.4180531502,466.927947998,2.4191532135,470.6854248047,-0.5842216015,467.7060546875,0.272616,0.663406,-0.08174075730000001,-0.1647215329,-0.2012578106,-0.5526492,-0.4814285338,-0.055449582600000005,-0.6047316194,-0.4831304252,-0.6619092226000001,-0.40315729380000004,-0.4490302801,-0.1652561724,-0.7635698915,-0.44230851530000004,-0.3880096078,0.1977157444,-0.3210399747,0.0188480001,-0.5446360707,-0.1514990926,-0.11628185960000001,-0.1275359094,-0.0911921561,0.1564207077,-0.36130476,-0.3154159486,-0.2630591989
79,395.528542,395.98125,395.528542,0.6512781382,398.0152587891,0.5303205252000001,398.1496582031,0.6543799043,397.9485473633,0.6498770118,398.0846862793,4.423042,4.436873,4.423042,0.18939220910000001,6.4212055206,0.3163318634,6.7825040817,0.3951548338,6.2491707802,0.1602194905,5.37870121,-2.191534,-2.199724,-2.191534,0.022876180700000002,-2.1677269936,0.0282327477,-2.1725251675,0.030524577900000002,-2.1801075935,0.0202948228,-2.1818137169,473.592199,456.355423,473.592199,2.0990502834,471.335357666,0.5173894167,468.2004394531,1.6707139015,472.613067627,0.8049129248,470.4909057617,0.323233,0.461946,-0.2498275332,0.0011845727,-0.20509637,-0.26014986630000003,-0.2993518114,0.3892112076,0.0857594907,0.0908491015,-0.9559455514,0.012819368400000001,-0.4974085689,0.1833617985,-0.0061016381,-0.4292531312,-0.8436402082000001,-0.0128604248,-0.414683044,-0.0169280432,-0.4122380912,-0.0153704323,-0.5679875016,-0.0749406591,-0.31165355440000003,0.1978833079,-0.1383982897,-0.1049092934,-0.4372231364
80,396.215442,396.577348,396.215442,0.6371569633,399.5436706543,0.4912422597,399.2163085938,0.634626627,398.8738708496,0.5911300182,398.8746032715,4.336749,4.43051,4.336749,0.07099530100000001,6.4639568329,0.4019286633,7.2759327888,0.2773747444,6.3829317093,-0.15733261410000002,5.0615134239,-2.219932,-2.24349,-2.219932,0.0228913948,-2.1538722515,0.0288562588,-2.1552922726,0.0350895338,-2.1560070515,0.0313276909,-2.1475658417,471.848756,466.879529,471.848756,2.2691059113,471.1392822266,0.8375842571000001,468.2821044922,1.5227668285,474.0461730957,0.4707202911,471.5999450684,0.544546,1.264629,0.1857635205,-0.0799134918,-0.5056048315,-0.2685323656,0.13422787190000002,0.3943279684,-0.2252258658,-0.333344996,-0.7032011151,0.1296866387,-0.4124893546,-0.1607959867,-0.0793228447,-0.3759849966,-1.0018689632,0.11225304750000001,-0.048052750500000005,-0.3088048697,-0.6684465408,-0.0714851543,-0.4558186233,-0.0004587602,0.0652494207,0.1151001006,-0.6924006939,-0.058380551600000004,-0.5314823389000001
81,395.902088,396.454944,395.902088,0.6911136508,397.7845458984,0.4856514335,398.0047912598,0.6439599991,398.0759277344,0.5641305447,398.0120544434,4.404373,4.121455,4.404373,0.08421668410000001,6.2238359451,0.11229029300000001,6.6958146095,0.3391080499,5.9488267899,0.13212758300000002,4.9632821083,-2.215059,-2.128436,-2.215059,0.022499341500000002,-2.177734375,0.0326090194,-2.1693992615,0.0363642499,-2.175178051,0.0246845204,-2.1841742992,467.472103,476.019755,467.472103,4.0091457367,468.8193664551,1.871260047,465.5992736816,3.5518393517,468.4278259277,2.4735634327,468.2422485352,0.405769,1.208608,-0.1595956682,0.33128442620000004,-0.1715465066,-0.2699888647,-0.2963970602,0.510520339,1.0303177834,-0.17645460370000002,-0.1177437752,-0.008910201500000001,-0.48518797760000004,0.42485308650000003,1.054533124,0.061454929400000004,-0.048559576300000004,0.046302966800000005,-0.2797206044,0.1962535381,0.7919892073,-0.1543797255,-0.37587520480000003,0.1767193675,-0.053182832900000004,0.2677807808,0.6050871611,0.0972103998,-0.6161395311
82,396.614668,396.431143,396.614668,0.7290191650000001,398.9637756348,0.4888170063,398.9833068848,0.7459160089,398.7885131836,0.6713997126,398.8293457031,4.299025,4.151225,4.299025,-0.025797098900000003,5.7922029495,0.1074813828,6.6200547218,0.4113774598,5.6721930504,-0.12415343520000001,4.6362409592,-2.329131,-2.082982,-2.329131,0.0344244502,-2.2554755211,0.0468688197,-2.2454664707,0.0538903773,-2.2518646717,0.059741053700000005,-2.2381355762,467.182259,480.215513,467.182259,4.7692809105,471.4852600098,2.7859930992,465.8084106445,2.0760626793,469.0312194824,9.9465589523,470.6004333496,0.762352,1.096554,-0.36403252700000005,0.5896177348,-0.31782259430000004,0.24985231460000001,-0.35072037580000004,-0.0029675923,1.014513135,0.200124234,-0.3588970006,0.08997102080000001,-0.7403617501,0.1669433415,0.7740945816,0.0892720744,-0.408056438,-0.0579677038,-0.6183149815,0.326867789,1.0233205557,-0.1926397383,-0.8379511237,-0.0467502028,-0.4754443169,0.2148262709,0.9428385496,-0.0747218654,-0.5422378182
83,396.097189,396.876586,396.097189,0.7341359258,398.3442077637,0.5568959713,398.312713623,0.8023416996,398.3645935059,0.5881738663,398.4808349609,4.503977,4.597375,4.503977,0.5328776836,5.6912889481,0.7049369812,6.8483529091,0.577696681,6.2921066284,0.18516850470000001,5.1398715973,-2.336756,-2.096299,-2.336756,0.038083624100000005,-2.2637624741,0.0497398898,-2.2600166798,0.0546308532,-2.2677812576,0.0635105669,-2.2586789131,463.087409,477.335344,463.087409,7.9216928482,466.4556884766,4.2597365379,463.2802734375,2.0978398323,465.1017456055,3.3673710823,467.2830200195,0.520902,1.073557,-0.0651238581,0.5117835365,0.0719405811,-0.5994312167,0.09840621050000001,0.0051140338,1.4037330151,0.20787185430000002,0.3492940962,0.057743001700000005,-0.0649890453,0.22187319400000002,1.0198433399,0.43017506600000005,0.3875695765,-0.0631791055,0.016266156,0.2903267741,0.9827383161000001,-0.1339563727,0.2026096433,0.11747641860000001,0.006025090800000001,0.1335705668,0.7591110468000001,0.052962593700000005,0.0357155129
84,395.716872,396.237528,395.716872,0.6863347888,397.7293395996,0.5023076534,398.0686035156,0.7009949684,398.0957641602,0.721436739,398.1729431152,4.257896,4.414372,4.257896,0.20455205440000002,6.032948494,0.6031919718000001,6.9139680862,0.5127754211000001,6.1338911057,0.19594910740000002,4.8297395706,-2.218467,-2.155424,-2.218467,0.025964109200000002,-2.1909453869,0.035810448200000004,-2.1895971298,0.045146897400000004,-2.1948342323,0.0403984487,-2.1933646202,466.783759,482.642105,466.783759,2.5921504498,467.1106567383,2.4188549519,462.1803894043,3.1248767376,466.8296508789,2.7362625599,466.0816345215,0.451734,1.036306,0.2435267416,-0.0231621945,-0.37976568660000004,0.21112306420000002,0.22655887900000002,-0.2566682696,-0.0475664139,-0.8445088267,-1.0881415606,-0.0312810838,-0.0089054257,0.0035639731000000003,-0.6112342477,-0.2395896763,-0.9166803360000001,0.2273733765,0.1550515294,-0.0478912853,0.2906411886,-0.27976679800000004,-1.2335314751,-0.0819063932,0.3408819139,-0.1362817883,0.1927955896,-0.3362617195,-0.9165558815
85,395.788145,396.93413,395.788145,0.6573371887,398.5041809082,0.4623832107,398.3955383301,0.6408182979,398.3327331543,0.6788166165,398.5594177246,4.346385,4.365679,4.346385,-0.1812915206,6.3516979218,0.38216233250000003,6.8021159172,0.0743924379,6.5036296844,-0.1406874061,5.1128435135,-2.155873,-2.170197,-2.155873,0.0230904426,-2.1276755333,0.0319980457,-2.1322534084,0.0361050554,-2.147531271,0.0349466056,-2.1411924362,468.856889,466.01155,468.856889,1.2430769205,472.478515625,1.2494648695000001,466.7968444824,2.3411273956,473.3863830566,1.3918415308,470.2135620117,0.188116,1.827186,-0.0704840607,0.13479161580000001,-0.11068420420000001,0.2192324698,0.732919395,-0.10621332380000001,-0.42002975940000004,-0.476088196,0.0609128922,-0.0522317179,0.2556123137,-0.2194334269,-0.0836232603,0.1261965632,-0.129627943,0.060411378700000004,0.4054914713,0.2121370435,0.4030922651,-0.0406444259,-0.1498378813,-0.007544525900000001,0.3195135593,-0.067431435,0.1712165624,-0.13886816800000001,-0.1170889288
86,395.695569,396.849349,395.695569,0.7156544924,398.5725402832,0.5307847261,398.2597351074,0.7498217821000001,398.5004272461,0.6591432691,398.5682373047,4.166743,4.595336,4.166743,0.0087297261,6.3410158157,0.2191560566,6.7871580124,0.1588569582,6.4114518166,-0.0989419222,4.9122953415,-2.202335,-2.118285,-2.202335,0.026031889000000002,-2.1657381058,0.0327521339,-2.1645612717000002,0.0391833261,-2.1753144264,0.032254096100000004,-2.1723325253,468.173663,467.353491,468.173663,0.5157010555,467.5024414062,2.3953850269,466.5930480957,4.9202275276,467.4397583008,-0.6240065098,468.8577270508,0.115619,1.142105,0.06816272350000001,0.07995307060000001,-0.0482617809,0.1399720609,0.1918634176,0.3181314766,-0.19214799999999999,-0.2205646783,0.0573447756,0.2482184321,-0.0818523616,-0.1375593096,0.2709880173,0.036238577200000004,-0.0489287078,-0.0849614814,0.0305268317,0.2033935785,0.4249364734,-0.0541841611,0.1827820241,0.1574150622,0.1005648524,0.1252202541,0.3889017403,-0.14945465330000002,0.2101757824
87,395.690824,396.731758,395.690824,0.7664599419,398.5465393066,0.6323875189,398.5780944824,0.7447617054,398.5060119629,0.7209572792000001,398.5124206543,4.387613,4.476045,4.387613,-0.32704871890000003,6.2700805664,0.1702983975,6.6955151558,0.1286860853,6.1054120064,-0.289213419,5.1185083389,-2.191664,-2.098697,-2.191664,0.022410795100000002,-2.153999567,0.028642457000000003,-2.1544122696,0.033028952800000004,-2.1587021351,0.0254134312,-2.1580078602,471.403391,476.925099,471.403391,4.2160820961,468.7078857422,1.3635144234,466.9151611328,1.0491847992,468.8526000977,2.1455590725,467.733215332,0.294238,1.289508,0.1340707737,0.050042222000000004,-0.2570932202,0.2900245786,0.31896629930000003,-0.1330638975,-0.0745833591,-0.39368522170000003,-0.0302689746,0.176618129,0.0999810696,0.2062805891,0.1088838503,-0.0775472671,-0.3940632939,-0.0045037791,0.0804032534,0.15318718550000002,0.3163434565,0.0380572155,-0.3728496134,0.2120336592,0.1960296035,0.1428054422,0.1577972174,-0.3097954094,-0.4315440059
88,396.042137,395.910009,396.042137,0.7059372663,398.2867431641,0.6075106859,398.5497436523,0.7594723105000001,398.2039489746,0.661629796,398.8063354492,4.50421,4.47812,4.5042100000000005,0.0370742232,6.1283664703,0.42255592350000004,6.6395301819,0.1716538966,5.7733368874,-0.1176449209,4.8832397461,-2.240022,-2.124584,-2.240022,0.0264043547,-2.1988582611,0.0355403163,-2.1899199486,0.0419686772,-2.2021417618,0.0238686223,-2.2005228996,469.024993,470.720427,469.024993,2.0544836521,469.939239502,0.42046538,467.6357116699,0.8662042022,471.1353149414,1.3276661634,469.2890014648,0.651401,0.791981,0.17151851410000002,-0.089577999,-0.6219972490000001,0.5658926368,0.1184804663,-0.2283407003,0.0595895872,-0.0517950021,-0.8302996755000001,0.3434973061,0.517023623,0.1465033591,0.0648441315,-0.1177059859,-1.2278261185,0.1983027607,0.28013440970000003,0.2009988427,0.3170684278,-0.0785329193,-0.8065276146,0.36964806910000003,0.29912590980000003,0.0037610307,0.3270955384,-0.3255404532,-1.0088093281
89,396.117579,396.092339,396.117579,0.7337454557,399.1557006836,0.5355609655,398.7233276367,0.7337423563000001,398.9990234375,0.7341254354000001,399.0356140137,4.346716,4.659818,4.346716,-0.059571482200000005,5.2130422592,0.12019363790000001,5.8051447868,0.0189039782,5.945827961,-0.1598098427,4.8368859291,-2.256547,-2.098551,-2.256547,0.034155152700000004,-2.1904740334,0.0427591689,-2.1837067604,0.0457910001,-2.1847803593,0.0523032807,-2.1747584343,468.682448,477.040004,468.682448,1.0238257647,470.3823242188,1.2750735283,466.806427002,5.4184579849,468.4715881348,-0.30221986770000003,471.2956542969,0.383732,1.382905,0.2076392609,0.0810619052,-0.3123543053,0.23913577200000002,0.8745907545,0.3548326492,-0.1427818835,0.3142672777,-0.8649137616,0.6917137504,0.2932749391,-0.2983298898,-0.3344665766,-0.012387901500000001,-0.6030918956,0.2236551344,0.10076296330000001,-0.0474129468,-0.15219701830000001,-0.1437005699,-0.4574368,0.1557322294,0.1447731107,-0.204846248,-0.2847955525,-0.161449641,-0.6827261448
90,395.673289,395.995595,395.673289,0.6666629314,398.543548584,0.5077556372,398.6646728516,0.6366899610000001,398.6085510254,0.5840913057,398.6207275391,4.519119,4.51504,4.519119,-0.27208074930000004,6.2604389191,0.1485207975,6.9672837257,0.28162920480000003,5.9687166214000005,-0.0030466542000000003,4.9604196548,-2.154125,-2.080464,-2.154125,0.020787375,-2.1067929268,0.0279555693,-2.1083126068,0.0313688628,-2.1047770977,0.0312252026,-2.101503849,478.005903,485.387583,478.005903,-0.433917135,475.8860778809,2.7680692673,473.9414367676,2.7835357189,477.8092041016,-1.1373836994,477.1188354492,0.34572,1.183148,0.3380212832,-0.0358334432,0.06308867480000001,0.2995544672,0.5369428992,-0.6382701993000001,-0.8237168193000001,0.2031629831,0.3387939334,0.2511606514,0.8447140455000001,-0.42427417640000004,-0.3006799817,-0.0327990949,0.2677504718,0.1041431203,0.43395626540000004,0.020275492200000002,-0.18105593320000002,0.0972070768,0.22523975370000002,0.3930180073,0.5477544069,-0.1324125975,0.0571853518,0.0916202962,0.2447790354
91,395.627246,396.287968,395.627246,0.6965274811000001,398.1624145508,0.4870010018,398.288848877,0.6317803860000001,398.2086791992,0.6986013055,398.4470214844,4.352019,4.41114,4.352019,-0.3119841218,6.0207939148,0.13287022710000002,6.8188905716,0.041941843900000005,6.2028398514,-0.1632141471,5.1191730499,-2.130125,-2.109017,-2.130125,0.0190112162,-2.0908639431,0.0248031877,-2.0899291039,0.026572577700000002,-2.092145443,0.021907612700000002,-2.0923054218,474.295669,481.214661,474.295669,0.13867448270000002,473.5968322754,2.5259785652,473.8988647461,2.5292134285,475.8187561035,-0.1767480373,474.3627929688,0.452729,1.524829,0.32182708330000004,-0.1469938287,0.2824601074,0.2334461957,0.4288044274,-0.5144468546000001,-0.6773164272000001,0.1547302008,0.0427246913,0.266310364,0.8890119195,-0.4073293805,-0.0011178926,0.1008789167,0.0242343843,0.1270507425,0.6559938788,0.0959617421,0.0119491518,0.0522273928,0.2311984748,0.3502390385,0.5326086879,-0.0790497661,0.12747733290000002,0.1876292825,0.32684245710000004
92,395.888185,396.40005,395.888185,0.7774980664000001,398.9956054688,0.582197547,398.7262878418,0.7956895828,398.6087341309,0.7460864782000001,398.6827392578,4.309318,4.437871,4.309318,-0.2464879751,6.345284462,0.09475336220000001,7.1669235229,0.15012034770000002,6.2968540191999995,-0.1975043118,5.0858221054,-2.246059,-2.145107,-2.246059,0.0300931595,-2.1863031387,0.0402155034,-2.1752820015,0.049129255100000005,-2.1743979454,0.048747845000000005,-2.1617035866,463.193635,468.721326,463.193635,2.6520373821,466.7173461914,0.8498572707000001,464.0559387207,2.6257157326,466.7507324219,4.6201357841,467.4543762207,0.608375,0.94069,0.4483543648,0.12273275600000001,0.39247373500000005,0.6051274538,0.45889186860000003,-0.4292851686,0.23705405000000002,0.1567738205,0.3296622932,-0.016439646500000002,0.9233515263000001,-0.5202465653,-0.0593347326,0.0820622295,0.7778199911,0.0076967292,0.6076530218,-0.1115194261,0.2151433975,0.1217320561,1.0336405039,0.2762732506,0.2505899072,-0.2047201991,-0.0867300183,0.1555929631,0.5612196922
93,395.822218,396.536307,395.822218,0.7092292905,398.4410705566,0.6269736290000001,398.7662658691,0.7852267623,398.7066955566,0.6813416481,398.6531066895,4.505788,4.458225,4.505788,-0.2304125279,5.9456119537,0.5628864169000001,6.547244072,0.2184440047,6.1185336113,0.1013332903,5.314139843,-2.115782,-2.142843,-2.115782,0.0227558855,-2.0714271069,0.0300220512,-2.06792593,0.0333951749,-2.0730352402,0.0277530011,-2.0765213966,480.718691,471.453249,480.718691,-0.2239705622,484.7925415039,1.3369210958,480.0194091797,3.602461338,481.9713439941,2.7429440022,483.0823059082,1.238072,0.379867,-0.8798779771,-0.2320586333,0.8395153284,-0.5381329656,-1.1484869719,-0.3183092475,-0.5990898609,0.5565053821,1.254165411,-0.5984226465,-1.5131118298000001,-0.3373657167,0.1564598978,0.39065891500000005,1.1655143499,-0.5694806576,-1.2773498296999999,-0.1208258718,-0.5744726658,0.3650971353,1.1384726763,-0.2733745575,-1.1391117573,-0.088565737,-0.5490204096,0.6746219993,1.0203911066
94,395.966751,396.558488,395.966751,0.619360745,398.4186096191,0.4242352843,398.3333435059,0.6441601515000001,398.132232666,0.6165576577,398.4528503418,4.303058,4.466958,4.303058,-0.5151946545,6.0895671844,0.3851729631,6.5326476097,0.2477993071,6.077963829,-0.0514228344,4.9972343445,-2.128944,-2.164022,-2.128944,0.0173757114,-2.107408762,0.025696024300000002,-2.1116440296,0.028773961600000002,-2.1145308018,0.0176657364,-2.1318330765,474.355467,469.501909,474.355467,0.5343141556000001,474.7298278809,1.8658120632,473.9169921875,2.3462395668,475.2351074219,-0.7030665874,472.8164367676,0.631554,1.4193,0.36905207700000003,-0.4920831036,0.1432315339,0.020743640100000002,0.7229282856,-0.5488170981,-1.068803072,-0.2698077857,0.080543533,0.11668979380000001,1.0268751383,-0.5268121362,-0.9868366718,0.0100108283,0.2852550447,0.0204494707,0.6543890238,-0.2968896925,-0.8098559976,0.1841755658,0.28534576300000003,0.16065017880000002,0.6559440494000001,-0.4244842529,-0.7104383707,-0.085305661,0.2335034013
95,396.342713,396.467908,396.342713,0.6629815102000001,398.5931091309,0.5197633505,398.8285522461,0.6663613915000001,398.9566345215,0.6223537922,398.8612670898,4.29511,4.543117,4.29511,-0.143565923,6.8676562309,0.4793694019,6.6891541481,0.4637120664,6.2472114563,0.0215683989,4.996430397,-2.134885,-2.121026,-2.134885,0.020946007200000002,-2.0849385262,0.0281385202,-2.0847468376,0.0327775516,-2.0893433094,0.0252793301,-2.0974240303,473.100368,470.606988,473.100368,0.1744577289,473.6998291016,1.4168002605,470.5674438477,2.325193882,472.2104797363,0.1921694279,471.9657592773,0.335234,1.403102,0.1747649205,0.08517826490000001,0.2731001321,-0.22276178,0.0732936636,-0.1795694232,-0.2159552127,0.1874665767,0.25644201040000003,-0.2133980691,0.5837947726,-0.18487557770000002,-0.30252221230000004,-0.1185971349,0.7314072847,-0.1447860897,0.2104981393,-0.0762528032,0.1495286822,0.2908012271,0.6515319347,0.0457485765,0.1265904754,-0.1383549571,0.0697008222,0.1277511865,0.4278646708
96,396.090906,396.881018,396.090906,0.7572147250000001,398.6074523926,0.6306005716,398.5911865234,0.7224410176,398.4618530273,0.7193769813,398.3842468262,4.532969,4.260473,4.532969,-0.0257852525,6.7322311401,0.3718658984,7.306842804,0.3723044991,6.1320586205,0.1346304864,4.9721031189,-2.184307,-2.125617,-2.184307,0.0238523949,-2.1487481594,0.0313314311,-2.1486747265,0.0369361863,-2.1581482887,0.029132464900000002,-2.1635513306,466.85372,477.038857,466.85372,2.4311811924,467.556854248,5.2673664093,464.6871643066,3.0110011101,469.356842041,4.2572865486,467.9756164551,0.53941,1.041592,0.5243742186,0.12472777950000001,0.0209221168,0.2998309433,0.9172046185,-0.24186086650000002,0.32902577520000004,0.1445706934,-0.1324123442,0.2684959173,0.8054915667,0.26576736570000004,0.0103501901,-0.4242073596,-0.0062032193,0.3892707825,0.7181338072,-0.1193515509,0.25922924280000004,0.45525547860000004,0.4214491844,0.316834271,0.7629868388000001,0.0788328499,0.0879003257,-0.0415637456,0.37894296650000003
97,395.850567,396.628895,395.850567,0.6924802065,398.4271240234,0.5205378532,398.5936889648,0.6799298525,398.5605163574,0.5969037414,398.7087402344,4.181123,4.61202,4.181123,0.1258519888,6.0731163025,0.36534997820000004,6.9764523506,0.1892238706,5.7712206841,-0.0450699553,4.4881482124,-2.325336,-2.260302,-2.325336,0.036555945900000004,-2.2752270699,0.0480362251,-2.2706370354,0.0563293323,-2.2831251621,0.0562896244,-2.2773787975,463.554739,465.055904,463.554739,1.2341901064,466.6654968262,0.3340542912,462.7119140625,1.6897095442,467.3167724609,3.0789189339,466.6553344727,0.366292,0.682129,0.0727306877,-0.3308232903,0.13941395980000001,-0.1108306274,0.1782168299,-0.4625543952,-0.6346831918,0.24825921650000002,-0.20798337460000002,0.1105579287,-0.007250011000000001,-0.07531546060000001,-0.6351161003,-0.151911065,0.4486657083,0.0407414846,-0.24678976830000002,-0.046339955200000005,-0.3955155313,0.3711550534,0.5646674633000001,0.008021999200000001,-0.1813358963,-0.0133634917,-0.5025687218,-0.0543087386,0.36281207200000004
98,396.354122,396.257136,396.354122,0.6380658746,398.6157836914,0.48698553440000003,398.6207580566,0.5983725786,398.4344787598,0.6978273392000001,398.5664978027,4.268558,4.556248,4.268558,-0.3404824138,5.8676595688,0.2601208687,6.4369912148,0.14663362500000002,6.0927114487,-0.323648572,5.174580574,-2.153635,-2.14558,-2.153635,0.020235154800000002,-2.1146438122,0.0258843191,-2.1122817993,0.0314712338,-2.1079239845,0.0302718244,-2.1092324257,474.433198,477.027086,474.433198,0.1375639588,476.7734375,1.5662797688999999,472.7861938477,2.5064206123,473.4108276367,-2.0348351002,473.0724487305,0.745947,1.23544,0.0748596616,0.1652941687,-0.7235402918,-0.0066142231,0.0931616277,0.45973524450000003,0.4452200234,-0.5617097616,-1.6288434267,0.16133908930000002,0.48500141500000005,0.2980456054,-0.2881530821,-0.5270206332,-1.2757710218,0.1100069359,0.2462378442,-0.0174332969,0.133954078,-0.4806607664,-1.0369600058,0.11802887170000001,0.4290286303,0.041677054000000005,0.1145155355,-0.515442729,-1.0861250162
99,396.230923,396.124579,396.230923,0.7390140295000001,398.8728942871,0.5555490851,398.828338623,0.6984875798,398.6552124023,0.6972943544,398.7713012695,4.406301,4.361903,4.406301,0.053839922000000005,6.3414945602,-0.09156007320000001,6.4299697876,0.5813305974,6.2326216698,0.07985176150000001,5.4249620438,-2.28116,-2.158666,-2.28116,0.0362492353,-2.2005152702,0.0477589443,-2.2010781765,0.0550336726,-2.2002158165,0.0631482303,-2.18435812,463.563969,465.51905,463.563969,4.9963712692,470.6087646484,3.4606380463,464.7401428223,-0.9738601446,470.4626464844,1.6976476908,468.7486572266,0.561805,0.664507,0.13126979260000002,-0.4734161483,-0.2725258537,-0.6164863110000001,0.9538457394000001,0.5953682065,-0.2004229277,-0.2699262202,0.033026069400000004,0.2409247011,0.6506045461000001,0.18514575060000002,-0.43367940190000004,0.0664095655,0.1423699856,0.035049621,0.717823565,0.0223636255,-0.3862293661,-0.2294890732,0.20900242030000002,0.040491089200000004,0.49741616850000003,0.0259669013,-0.5410864949,0.093934603,-0.2513425648
100,395.94594,396.436831,395.94594,0.8623787165000001,397.5993652344,0.6795445085,397.8798828125,0.8199405670000001,398.2108459473,0.6603633165,398.1799316406,4.204731,4.455859,4.204731,0.2177985013,5.9581069946,0.8792593479,6.2694125175,0.8168075085000001,5.975651741,0.6475259066,4.9255652428,-2.324494,-2.122593,-2.324494,0.033504828800000004,-2.2672469616,0.0444162153,-2.2658698559,0.047052435600000005,-2.2742931843,0.045778371400000004,-2.2718307972,467.114147,474.178492,467.114147,2.0342319012,468.6376647949,1.931096673,465.1824951172,1.9019858837,467.5832824707,4.1704769135,467.2152404785,0.492899,0.744391,-0.21223441010000002,-0.4081758279,-0.1769128624,-0.4857545495,0.2701317668,0.49676370620000004,-0.08124734460000001,-0.0175970905,-0.0454340056,-0.0228879154,0.01112625,0.1657044142,-0.2766500115,-0.3055458665,-0.0165828913,0.037391185800000004,-0.2946135402,-0.0613154024,-0.6024251580000001,0.0714304224,-0.4590852261,-0.0144115705,-0.5898638964,0.0716410652,-0.491738826,-0.0321886241,-0.6361711025
101,396.097487,396.412702,396.097487,0.7957860827000001,398.5718078613,0.6533116698,398.4324951172,0.8579548001,398.667175293,0.7745578289,398.5289916992,4.213765,4.600831,4.213765,0.1831408143,6.0389699936,0.1446296722,6.4158358574,0.5150132775,6.0604014397,0.3076096177,5.0348157883,-2.331268,-2.121742,-2.331268,0.0372915305,-2.2690367699,0.048684801900000005,-2.2599694729,0.0562563352,-2.2630925179,0.056013222800000005,-2.2500460148,462.09147,473.725045,462.09147,4.4949674606,467.550201416,3.5451357365,461.6632080078,5.2266836166,464.9632568359,7.5360155106,468.0308532715,0.512033,0.933474,0.1332450198,-0.2749757962,-0.4108673909,-0.0626704544,0.955395937,-0.050496004500000004,-0.11882956330000001,-0.40595889090000004,-0.2603850663,0.2409537435,0.35524675250000004,0.19368226830000002,-0.3753117025,0.11813214420000001,-0.23289611940000002,0.13516354560000002,0.119958505,-0.18160514530000002,-0.39757540820000004,-0.030929815000000003,-0.7218084931000001,-0.0366261005,0.000590682,-0.24500845370000002,-0.32479119300000003,0.0030152276000000003,-0.36509341
102,396.079686,396.657631,396.079686,0.6655184031,398.4430236816,0.5348007083,398.5955505371,0.6698814631000001,398.268737793,0.7082574964,398.3833618164,4.251009,4.452322,4.251009,-0.18091747160000002,6.2172927856,0.1600465178,6.7109098434,0.38886833190000003,6.0439629555,-0.1750093549,4.8813734055,-2.217729,-2.08829,-2.217729,0.0235066339,-2.1541547775,0.0327724218,-2.1510846615,0.040305130200000004,-2.1564145088,0.0402767844,-2.1542751789,468.551918,470.422322,468.551918,1.0989463329,471.1144714355,0.6053757668,467.5037536621,1.0148988962,470.7081298828,0.3159844875,471.4178771973,0.561488,0.734972,0.075510568,0.4789422028,0.2831633039,-0.3468527198,0.079255566,0.2224687934,-0.0205112658,0.8471446037,0.4397276342,0.0387701318,0.3410546184,0.3048992157,1.0530464649,0.5080227256000001,0.811811924,-0.2358396649,-0.1068966985,0.0059950622,0.6308279037,0.0885035396,0.2075058818,-0.025326924400000003,0.0165165365,0.3638248444,0.7373562455,0.3851450086,0.3593635559
103,396.257869,396.468005,396.257869,0.7668367624,399.0514831543,0.4638022184,399.027557373,0.6370894909,398.8764648438,0.5767508149,398.8034362793,4.508765,4.663878,4.508765,-0.0615122393,6.1438121796,0.2562352419,7.1899452209,0.4438121915,6.2756266594,-0.0041184872,4.7594079971,-2.230933,-2.106932,-2.230933,0.0253625847,-2.1655955315,0.0347881466,-2.171643734,0.0462718681,-2.1711986065,0.0482084453,-2.157040596,477.133478,473.85444,477.133478,1.6455256939,473.0626525879,1.8823574780999999,470.5863952637,5.4983606339,474.8518371582,2.6713550091,472.7003479004,0.211526,0.566345,-0.0525081404,0.1981839544,0.052050272800000005,-0.6830940843000001,-0.4985901117,0.5324949622,0.2326037437,0.3884210885,0.0880845413,-0.009515862,-0.2393688709,0.1315043569,0.6768852472,0.1713694334,0.5447119474000001,-0.0545689166,-0.0091326088,-0.09411586820000001,0.5014187098,-0.0398570225,0.19289940600000002,0.055520352,0.198651284,0.1682227999,0.2206955999,0.2427636236,0.3483223915
104,395.961437,396.249313,395.961437,0.7001434565,398.1486816406,0.5223720074,398.2334289551,0.7275562286,398.0963745117,0.6769272089,398.3120727539,4.62254,4.38972,4.62254,0.1718184352,6.5115909576,0.23826506730000002,7.1182584763,0.3106277287,6.4734778404,-0.10583643620000001,5.4012489319,-2.246079,-2.133398,-2.246079,0.032205797700000004,-2.2050788403,0.0450639986,-2.2037842274,0.0523461625,-2.2110724449,0.054998651100000004,-2.2087836266,469.917061,470.697458,469.917061,-0.3213820159,469.7864379883,-0.1617507637,466.7823181152,2.8495697975,472.116607666,1.059599638,472.4510192871,0.670377,1.685382,0.19719605580000002,0.5940191222,-0.2401259735,-0.14463984970000002,-0.5335698128,0.2150733471,0.6228197217,-0.09027568250000001,0.2420964092,-0.203094393,0.1216835827,0.2863656878,0.7875939012000001,-0.0911204889,0.2857526541,0.0885719284,0.2794787884,0.3657846749,1.0649161339,-0.0794568285,-0.14502695200000001,-0.1550945491,0.3298668265,0.2264929116,1.1437989473,0.0173488893,-0.0750333965
105,396.240683,396.49328,396.240683,0.6524419785000001,398.7093811035,0.45704624060000004,398.679473877,0.6967226267000001,398.4546203613,0.6569287181,398.5634155273,4.523157,4.177688,4.523157,0.1288844049,6.9878025055,0.5089031458000001,7.3896617889,0.35991090540000004,6.1838445663,-0.12242423000000001,4.8239164352,-2.208869,-2.095578,-2.208869,0.0221921261,-2.1646778584,0.027719989400000002,-2.1705298424,0.036793258,-2.1786997318,0.0327734463,-2.164914608,468.612978,477.481804,468.612978,0.5429759026000001,472.2610473633,1.6100072861,469.6901550293,2.3535547256,471.2147216797,2.5299937725,469.4989013672,0.362669,1.577624,0.3342878908,-0.0820588747,0.11422248160000001,-0.5774747133,0.015465043500000001,0.11597590890000001,-0.1923827827,0.213348642,0.3255735636,-0.12521392110000001,0.1950300336,-0.0387353748,0.1598234326,0.010641515300000001,0.3426870406,0.1655737907,0.5313793421,0.1689293385,0.0764475614,-0.0303375851,0.0632989109,-0.0827551931,0.6736404300000001,0.0436097533,0.2104332,0.1316373944,0.0311992541
106,396.196015,396.719583,396.196015,0.6934664249,398.4456787109,0.5933849812,398.5274047852,0.7895098925,398.1984863281,0.6802428961,398.4426879883,4.377854,4.388178,4.377854,0.1127679646,6.6584477425,0.49567011,7.0956726074,0.3915847242,6.4361782074,0.028765834900000002,5.2346277237,-2.197187,-2.105293,-2.197187,0.0225057714,-2.1566660404,0.0297064818,-2.1570131779,0.0347352438,-2.1613545418,0.0261722915,-2.1559419632,465.657783,477.134266,465.657783,5.9998822212,468.3446044922,0.6056962609000001,465.1444702148,1.9765357971,466.1614074707,0.0761945248,464.8829040527,0.599936,1.301365,0.1307411168,-0.5712138553,0.1286275496,-0.4807414412,0.0016118810000000001,-0.1692812294,-0.2166344523,0.170073837,0.313690275,-0.1141690612,-0.153839618,-0.21278727050000001,-0.4429220259,0.21335032580000002,0.31410109999999997,-0.083085753,0.2223073244,0.0180397835,-0.3321300149,-0.0973531157,-0.0420919955,-0.1277084053,0.3284076154,-0.22961634400000003,-0.5017403364,0.0920851082,-0.0807317495
107,395.986369,396.707913,395.986369,0.7197932601,398.4008178711,0.5485189557,398.4685974121,0.7385901213,398.5807189941,0.67336303,398.4885559082,4.299294,4.529239,4.299294,-0.1811931729,4.9583711624,0.0166288372,5.3104300499,0.6435284615,5.0083799362,0.13424140210000002,4.9132051468,-2.308329,-2.102865,-2.308329,0.0375057496,-2.2392318249,0.052972637100000004,-2.227240324,0.056430801700000005,-2.2363266945,0.0608084351,-2.2169265747,468.725702,477.549582,468.725702,3.4204685688,480.7834777832,3.5758171082,473.5565185547,4.046690464,475.9198913574,5.3861699104,474.5083312988,1.021098,1.301919,-0.9238688580000001,0.1234577503,-0.4169727996,0.28116613630000004,-0.5727774501,-0.0307204761,-0.69048208,0.3091287613,0.9739476442,-0.12301188710000001,-0.5723617673,-0.1531453878,-0.15329222380000002,-0.10711375620000001,0.43278610710000004,-0.1097000092,-0.7316585779,-0.1817330718,0.0676214248,-0.17742224040000001,0.0868650153,-0.2809948921,-0.6610702872,-0.3429420292,-0.0170040578,0.0386309437,-0.3568211794
108,395.160225,396.656049,395.160225,0.7136027217,398.1075744629,0.624309659,398.1783752441,0.6861304045000001,398.3830871582,0.7210860252,398.0955810547,4.482394,4.461951,4.482394,-0.1444762349,6.4168519974,0.4760201275,6.5305347443,0.0181974396,6.1712212563,-0.1608571708,5.237452507,-2.116804,-2.216025,-2.116804,0.0171435419,-2.0963675976,0.0209500678,-2.1032590866,0.0216499157,-2.1132583618,0.012071702600000001,-2.1267979145,478.189118,463.152473,478.189118,1.240716815,474.1725463867,0.7378903627000001,470.9932861328,-1.2267080545,472.9072875977,-0.1939060688,472.439666748,0.688948,0.676536,-0.6448223539,0.1817429129,-0.16069462010000002,-0.1623868048,-0.8232185245,0.2049073726,0.5075412393000001,0.1351957321,0.0026418269,-0.5126665831,-0.8994569182000001,0.0993488356,0.1695191413,-0.1021236777,0.15570640560000001,-0.1245289519,-0.7626380920000001,0.2690449357,0.4357563555,0.0535343997,0.2155199796,-0.4027001262,-0.8254180551,-0.04396246,0.07307242600000001,-0.016829937700000002,0.029246598500000002
109,395.75955,395.980842,395.75955,0.6726640463,397.7437133789,0.4521257281,397.9272155762,0.7205396891,397.8223876953,0.7114048004,398.0732421875,4.375087,4.338882,4.375087,0.0901483595,5.3192777634,0.38368049260000003,5.4528427124,0.9263997674000001,5.2619142532,0.20883999760000002,4.8749265671,-2.351129,-2.137088,-2.351129,0.0396639369,-2.2739417553,0.0567977093,-2.261493206,0.0644690618,-2.267521143,0.0749566182,-2.2383487225,468.91821,479.32161,468.91821,6.0131716728,478.863494873,2.5005617142,472.8740844727,4.7282481194,475.4755249023,8.1178388596,476.3921508789,0.859517,1.241551,-0.7984564315,-0.0179202839,-0.31767119860000004,0.0887325779,-0.6666885614,-0.5763700604,-0.8062546849000001,0.3726549447,0.7640566826,-0.046186417300000004,-0.6029530168,-0.31258493660000003,0.19707563520000002,0.160254851,-0.1339173019,-0.29215323930000003,-0.4616490901,-0.1749817133,-0.0332114697,-0.08271195740000001,0.08248198030000001,-0.24331696330000002,-0.6314327717,-0.33863562350000004,-0.3179302216,0.18630063530000002,-0.24730721120000002
110,395.921419,396.194106,395.921419,0.6761567593000001,398.6602478027,0.497944653,398.5445861816,0.7303357124000001,398.2329711914,0.5887910724000001,398.3282775879,4.298571,4.277722,4.298571,0.1183320582,6.673438549,0.41380798820000003,6.4675374031,0.573402524,6.1862092018,0.34868398310000004,4.7563509941,-2.268167,-2.186121,-2.268167,0.0332779214,-2.2002117634,0.0414623357,-2.2015199661000002,0.0480129346,-2.1978540421,0.0510209687,-2.1908385754,471.156582,473.037238,471.156582,2.4782857895,471.2280578613,1.7497254610000001,466.2215576172,2.6725568771,472.4528808594,-1.6587135792,467.7249450684,0.676358,1.315744,-0.6082674375,0.2617301143,0.1377266513,-0.026261730100000002,-1.3367021084,1.2941551208,0.6611851454000001,0.2885804176,-0.6096847057,-0.5391741395,-0.9155081511000001,-0.048187308000000005,-0.0676244795,0.018474053600000002,-0.0782637894,-0.0058552586000000005,-0.7193378806,0.11177145690000001,-0.0053328993,0.033408545000000005,-0.030646368900000002,-0.2960904539,-0.8316456079000001,0.0747055039,0.0107728392,-0.2788339257,0.0500014424
111,395.630909,396.405625,395.630909,0.8360909224,398.6175231934,0.5834021568000001,398.783416748,0.8768915534,398.5447998047,0.8632534146,398.4091186523,4.427752,4.803996,4.427752,-0.2089651823,5.7379722595,0.2528230548,5.8343515396,0.8277482986,5.3689823151,-0.1775321662,4.9745359421,-2.380348,-2.133634,-2.380348,0.0438294001,-2.299497366,0.061152085700000004,-2.2814824581,0.0714021474,-2.2864525318,0.0842086524,-2.2666401863,464.596897,466.427578,464.596897,4.543284893,480.3900756836,0.7192521095000001,471.2063293457,2.9675662518,471.6377563477,7.3788661957,472.4058837891,0.405055,1.513983,-0.3557691088,-0.0437862968,-0.1886273018,0.5831340551,0.0039208252,0.1292626262,-0.2953279018,0.5504170656,0.6321433783,-0.1865021735,-0.5781391859,-0.3185709715,0.2119048536,0.1232832298,0.4300636351,0.0375161916,-0.2222969085,-0.2299258709,-0.25687110420000003,-0.0253728423,-0.2327772528,-0.4115686119,-0.599388361,-0.1618172824,-0.19465965030000001,0.0485859476,-0.2910370827
112,396.220323,396.105738,396.220323,0.7726155519,398.5645446777,0.6732469797,398.5272827148,0.7483073473,398.3304443359,0.651941061,398.5870361328,4.354285,4.235921,4.354285,-0.1545699835,5.9655151367,0.3687490523,6.8091650009,0.0116733983,5.9190988541,0.12779007850000002,5.0428819656,-2.248276,-2.154112,-2.248276,0.0287142284,-2.1946508884,0.036809165000000005,-2.1842188835,0.046376347500000005,-2.1976294518,0.0477332808,-2.1927933693,463.879331,475.885282,463.879331,2.5890696049,466.4326477051,2.9573807716,464.6586914062,3.0736970901,463.9088745117,4.7635865211,464.8176574707,0.630901,1.647755,-0.0327699033,-0.6297666022,0.0188667026,-0.4539308548,-0.2867633402,0.2213755101,-1.1753411293,0.321382612,-0.2713662088,0.16917786,0.0637995526,-0.498182714,-0.9174230695000001,-0.362128377,0.4457821846,-0.0423353389,0.0974458009,-0.3860865235,-1.0526571274,0.2777892947,0.4585428536,0.1128324717,0.030195623600000002,-0.36942410470000003,-1.0758514404,-0.060096290000000004,0.4699026942
113,395.658208,397.139793,395.658208,0.7170532942000001,397.6627807617,0.5644868612,397.8903808594,0.7797196507,398.1636657715,0.7107462883,398.4422912598,4.228334,4.492364,4.228334,-0.3655551374,5.9247980118,0.49947103860000003,6.6010284424,0.5579410195,6.0171260834,0.2586556077,4.9738903046,-2.133185,-2.11007,-2.133185,0.020430697100000002,-2.1002347469,0.0275083147,-2.1011736393,0.0326522663,-2.1094396114,0.027472671100000002,-2.1067256927,475.29897,471.568108,475.29897,0.1952198297,477.4600219727,0.8376179934,474.3774719238,2.2273693085,475.9550170898,0.290876627,475.0692138672,0.602655,0.755074,-0.39397230380000003,0.44726514570000003,0.0890636456,-0.1109768525,-0.6882050037,0.45763024690000004,1.4711992741,-0.003267074,0.3025106788,-0.33244091270000004,-1.0194222927,0.3403235376,1.0380185843,-0.0902070552,0.0963956043,-0.2526708543,-0.8253238797,0.20202854280000002,0.5583245158,0.2600298822,0.3175692558,-0.3651611805,-0.6951871514,0.38344556090000004,0.6584988832,0.0959254429,0.3681252897
114,395.495473,396.836622,395.495473,0.6033298969,398.4848327637,0.4096002877,398.5418701172,0.5786589980000001,398.297454834,0.5856148601,398.2526245117,4.291621,4.371035,4.291621,-0.1041294336,6.2207956314,0.3254193664,6.8192577362,0.3605285883,5.7638945580000005,0.2755022645,4.8721351624,-2.236488,-2.074076,-2.236488,0.027371123400000003,-2.1908376217,0.0376029015,-2.1813621521,0.0461116731,-2.1900503635,0.0485747792,-2.1835315228,465.955466,481.797004,465.955466,1.5807765722,468.825592041,2.1363656521,465.6632080078,4.0137386322,469.5804748535,0.0563650131,466.5045471191,0.554939,0.78368,-0.3193192816,-0.1563449414,-0.4260850357,0.3066218197,-0.5214115381000001,0.1491967142,-0.2009996027,-0.3589632511,-0.7166084051,0.1242528111,-0.2512287199,-0.1435183585,-0.21580606700000002,-0.0569686592,-0.3977116644,-0.450945437,-0.5991335511,-0.22469733660000002,-0.5639608502,0.1777315736,-0.1560838819,-0.1523011178,-0.615979135,-0.20357556640000002,-0.6066939831,-0.0815602988,-0.4174954295
115,395.713151,396.369481,395.713151,0.713901341,398.351348877,0.5666048527,398.3285522461,0.7746459246,398.3583068848,0.6631912589,398.4362792969,4.266718,4.160404,4.266718,-0.2110229731,6.5487499237,0.31306111810000004,7.1434583664,0.1880622208,6.7080907822,-0.1775345951,5.1428542137,-2.149617,-2.147915,-2.149617,0.024151925,-2.1217451096,0.0302222036,-2.1301002502,0.035644304,-2.1495454311,0.030163854400000002,-2.1418130398,470.13715,471.313202,470.13715,1.0200368166,471.204864502,0.9029762745000001,470.1456604004,1.17624259,469.4761657715,2.6142909527000002,470.225402832,0.550329,1.270861,0.5039562399,0.1793364178,-0.1293399158,0.1119493023,0.3581793904,0.06799271700000001,-0.4287135601,0.4943004251,-0.4696805477,0.3742789626,0.42100009320000004,-0.06703719500000001,-0.0234613195,0.0251102541,0.2296304703,0.16883894800000002,0.14167313280000002,-0.1718880981,-0.3669137657,-0.034531571000000004,0.2024001926,0.2455840111,0.34368759390000003,0.0492431372,-0.2078211904,0.1114423573,0.1145714074
116,395.88269,396.495218,395.88269,0.6378673911,398.479309082,0.5406639576,398.5007324219,0.7240089774,398.4900817871,0.5977185965,398.657989502,4.351598,4.522724,4.351598,-0.24058903750000002,6.3259782791,0.0025716666,6.3509473801,0.2267045379,6.114563942,-0.031854078200000004,4.9003715515,-2.194353,-2.16044,-2.194353,0.0251765139,-2.1544208527,0.0337220244,-2.1524481773,0.0408475175,-2.1569051743,0.036554217300000004,-2.1548211575,468.131198,469.610836,468.131198,2.4558365345,471.9002075195,2.4290072918,466.7150878906,3.6457843781,469.472442627,4.2964272499,467.1348266602,0.340978,0.73419,0.1989348796,-0.1969428386,-0.194690372,-0.0716520771,0.3912532628,-0.3139809966,-0.9218464494,0.008317925,-0.09761904930000001,0.0680817068,0.1571267545,-0.3139042556,-0.3902656734,-0.0461525396,0.1823561341,-0.1187972426,0.0204037875,-0.12752671540000002,-0.6049256921,0.004615711000000001,-0.035387069,0.10876403,-0.2207334638,-0.1675596386,-0.5703300238,0.16198123990000002,-0.0912215039
117,395.815762,396.067606,395.815762,0.65634799,397.9851379395,0.4839632213,397.9716186523,0.6954034567,398.0196228027,0.5707727671,398.0530090332,4.277002,4.178963,4.2770019999999995,-0.3258107603,6.1604166031,-0.11245510730000001,6.534576416,0.3854780197,5.8656072617,-0.000361532,4.4907331467,-2.22427,-2.088861,-2.22427,0.0252173413,-2.1857624054,0.035768725,-2.1860821247,0.040884465,-2.1830043793,0.0324763507,-2.1802632809,468.735689,465.021607,468.735689,3.6453092098,471.027130127,1.2724021673,466.1881713867,-0.0690553188,471.6546630859,2.7141263485,473.4960021973,0.403215,0.668828,-0.3657415009,0.1649453955,0.040109589800000005,-0.0727660507,-0.1835145503,-0.2711892128,0.6541152596,0.0540201478,0.5046755075,-0.028084714,-0.382190764,0.2344202101,0.2611862421,0.13032785060000002,0.6401554942000001,-0.1912358999,-0.5513518453,0.2191390991,0.45141550900000005,0.0110060852,-0.1152858883,-0.0662408918,-0.7178213596,0.24941307310000002,0.2701777816,-0.021768519700000002,-0.2733081579
118,396.068092,396.482235,396.068092,0.6975666881,398.1958618164,0.6148843765,398.4983215332,0.8159323335,398.3119506836,0.7331120968,398.4678039551,4.288083,4.494193,4.288083,-0.0229508728,6.2409973145,0.6134432554,7.0683703423,0.558244586,6.0180835724,0.30813914540000004,4.9041347504,-2.192877,-2.086638,-2.192877,0.0263224877,-2.1328296661,0.0365892686,-2.1344058514,0.043330572500000004,-2.1346075535,0.0379496478,-2.1355319023,477.990151,472.820388,477.990151,1.6516451836,469.9840087891,2.4745409489,468.9505310059,3.7891540527,473.0924072266,2.6683146954,471.5715332031,0.52341,1.390855,0.0407912826,0.153353862,0.4987752781,0.11986631160000001,0.2747306228,-0.5102455616,0.16356036070000002,0.11024013910000001,0.7973436713000001,0.06773832440000001,0.3110250831,0.0682536289,-0.0689940304,0.35361713170000003,1.2040585279,0.1554661393,-0.12386287750000001,-0.2173014879,0.025685280600000002,0.22492703800000002,0.6061761379,-0.0632643849,-0.0634178519,-0.0506762043,0.2653990388,0.3972581625,1.0492141247
119,395.607191,395.949526,395.607191,0.8056434989,398.2266540527,0.6220917702000001,398.2760925293,0.9248383641000001,398.2318725586,0.8132327795000001,398.2786254883,4.576822,4.638721,4.576822,-0.302388072,5.3929758072,0.1566917598,4.9254026413,0.1952703893,5.3755846024,-0.18814870720000001,4.7484798431,-2.461486,-2.18281,-2.461486,0.0496062189,-2.3839097023,0.0754890591,-2.3584074974,0.09070188550000001,-2.3468575478,0.12184393410000001,-2.317892313,459.271939,469.637744,459.271939,8.320728302,475.3534240723,1.075469017,463.7278137207,0.11439788340000001,466.4526672363,3.8081998825000003,468.7124023438,0.673651,1.132294,-0.3314641776,0.0916096873,-0.5792619252,-0.37034580110000004,-1.1011712551,-0.0636712909,-0.7874559760000001,0.1495923847,0.2588415146,0.15825182200000001,-0.7593241334,-0.20144502820000001,0.1150693893,-0.1996726543,0.0172062069,-0.2548297644,-0.5726982355,0.2359781116,-0.3355231583,-0.0338861085,-0.3225557804,-0.3066228032,-0.6953786612,-0.1153632551,-0.0199299306,-0.1512677372,-0.7702761889
120,395.929902,396.015173,395.929902,0.7146168947,397.1181945801,0.5868301392,397.6174926758,0.9492328167,397.7200622559,0.6888620257,397.8717346191,4.245101,4.393965,4.245101,-0.0160345882,6.162861824,1.9028869867,6.6729001999,0.9888112545000001,5.9418344498,0.5224515200000001,4.9424409866,-2.244879,-2.208883,-2.244879,0.0270636678,-2.1849038601,0.03609832,-2.1760764122,0.0414456651,-2.1897916794,0.0387241058,-2.1908764839,462.541738,461.625244,462.541738,1.9099884033,468.0453186035,2.726000309,463.923614502,2.3321342468,466.159362793,3.1037566662,467.3273010254,0.478159,1.348069,-0.0939346093,0.45744695760000004,-0.1027366988,0.11147328470000001,0.2356354296,-0.0514567271,0.7458004951,0.2688499391,0.7263416052,0.33814769980000003,-0.2390943468,0.4904916286,0.5185734034,0.4052817523,0.09822164480000001,-0.25888583060000003,-0.40105277300000003,0.23727974300000002,0.9267873168,-0.2246334106,0.21376684310000002,-0.0316098966,-0.1041981429,0.4705141485,0.9611139297,0.0226662681,-0.0271572024
121,395.599437,396.533369,395.599437,0.5943751335,398.5121765137,0.4998253286,398.3472900391,0.8293946385000001,398.368347168,0.7985980511,398.405670166,4.450586,4.330703,4.450586,-0.1802592576,6.1110525131,-0.1917296201,6.4608440399,0.5156348944,5.8115391731,-0.1063268334,4.9707665443,-2.198376,-2.183876,-2.198376,0.0236069933,-2.1369171143,0.0306249112,-2.1399216652,0.0296707191,-2.1444602013,0.0227136314,-2.1607339382,475.384626,474.376448,475.384626,0.779096961,477.976776123,1.3612735271,474.6766052246,1.1358101368,476.6667785645,0.3785648346,475.6982727051,0.966128,1.150725,-0.7703450538000001,-0.016070605300000002,0.5828488527,-0.0734106675,-1.2386426926,-0.33992755410000003,-0.4071833193,0.2784352303,1.5867353678,-0.1318426579,-1.0302391052,-0.23447878660000002,-0.717957139,0.4808726609,1.4614893198,-0.41288906340000003,-1.4838764668,-0.3908101618,0.0057701804,0.4428117573,1.0664836168,-0.415740639,-1.3716145754,-0.21418799460000001,-0.2794159055,0.43874162440000003,0.8131190538
122,395.538564,396.226293,395.538564,0.7048913836,398.522277832,0.5432481766,398.6569824219,0.7440382838,398.341796875,0.7641934156,398.2731628418,4.163806,4.393962,4.163806,-0.15556631980000002,5.9536170959,0.2047085911,6.6751670837,0.5209876895000001,6.2023582458,-0.17248870430000002,4.8296318054,-2.221596,-2.160473,-2.221596,0.024083918000000003,-2.1713302135,0.0353409201,-2.1644182205,0.0436310247,-2.1642363071,0.035375107100000004,-2.1644206047,462.998696,470.898955,462.998696,3.2667891979,465.5699157715,0.3664351404,463.6421508789,1.6989350319,466.6952209473,3.7095656395,465.3769226074,0.352213,0.877413,-0.19675445300000002,-0.2895970578,0.038406835,-0.1479164958,0.2355803847,-0.9692314267000001,-0.5711119175,-0.2196029276,0.0312285498,0.24632652100000002,-0.2411443144,-0.0035306863,-0.9371263981,-0.23413413760000001,0.3194742203,-0.2130036056,-0.7354024649,-0.22518013420000002,-0.6248838902,-0.2201099545,-0.3034208417,-0.15136639770000002,-0.2272855937,-0.2409074455,-0.6239970922,-0.1622985303,-0.0777281672
123,395.98961,396.738262,395.98961,0.6582928896,397.9420776367,0.56219244,398.1312255859,0.6734122038,398.008972168,0.6156645417000001,398.2216491699,4.26661,4.465364,4.26661,0.1001923084,6.0893068314,0.5497789979000001,6.5101490021,0.2923823297,6.1678009033,0.13335451480000002,5.0171756744,-2.156122,-2.168195,-2.156122,0.020081047,-2.1285729408,0.0252713822,-2.1407938004,0.0297907442,-2.1463546753,0.020658498600000002,-2.1529676913999998,474.180216,468.678315,474.180216,2.0033123493,474.0414123535,-0.0020853281,471.2879638672,0.8733945489,474.6583251953,0.8604513407000001,470.4478759766,0.496822,1.075528,0.49183408,0.0592624062,0.0376776182,0.18205550310000002,0.2524996698,-0.5592494011,-0.3801159859,-0.6356614828,0.034212738300000003,0.0689128116,0.6480323672,-0.1960588396,0.0053271055,0.036016766000000006,0.1167389899,0.1777000427,0.19439724090000002,-0.1013257429,0.0538451672,-0.25695586200000003,0.12548787890000002,0.1971785277,0.46649110320000003,-0.12869729100000002,0.1413270235,-0.0446777567,0.0785312653
124,395.797177,396.642482,395.797177,0.7324894667,397.9371643066,0.5618772507,397.9559020996,0.6730909348,398.0577087402,0.7165497541,398.1080627441,4.1736,4.363529,4.1736,-0.007530897900000001,6.3578557968,0.4252066612,6.8484101295,0.3214811385,5.9793577194,0.0558831505,5.0385699272,-2.152881,-2.153201,-2.152881,0.021241113500000002,-2.1166512966,0.025163345,-2.1243238449,0.0324223042,-2.1273093224,0.0207058918,-2.11937356,471.601557,467.973353,471.601557,1.3408955336,472.6392211914,1.0542037487,470.2885131836,2.0462121964,472.3668518066,-0.7752175331000001,468.4663696289,0.474874,0.909267,0.41525205470000004,-0.11289938940000001,-0.2008113125,-0.0128755532,0.6828312874,-0.34862387180000004,0.4127087593,-0.350274384,-0.3618686199,0.12746995690000001,0.3609569073,0.0689870566,-0.2264714092,-0.1666934192,-0.37341377140000004,0.19381426270000002,0.2245615721,0.4191994965,0.1429989338,-0.2774233222,-0.39440476890000004,0.2254861891,0.6177504063,-0.1140016764,0.1630408615,-0.0700538307,-0.24145382640000002
125,396.073826,396.821087,396.073826,0.6597481966000001,398.5917358398,0.5267820954,398.5603942871,0.7078469396,398.5308837891,0.6314439774,398.5745544434,4.40074,4.46439,4.40074,-0.2269322574,6.048459053,0.24041056630000002,6.6549291611,0.5218256116000001,6.5657696724,-0.041121676600000004,4.844701767,-2.210366,-2.105169,-2.210366,0.0246279649,-2.1671934128,0.0314857177,-2.1717302799000002,0.0399596989,-2.1721348763,0.0273240358,-2.1728327274,472.551146,475.704943,472.551146,1.11010921,471.5592651367,0.450204879,465.5147094727,2.6591925621,475.0729675293,1.1541445255,471.8970031738,0.361164,0.152494,0.1918174491,-0.2414633034,0.1879917667,0.5881481171,0.4089641571,-0.14336222410000002,-0.12967990340000002,0.21431127190000002,0.3941425979,0.32599604130000004,0.5390292406,0.2276298404,-0.4493463635,-0.1673897356,-0.1665852964,0.1514865607,0.25930202010000003,-0.0266064741,0.0123101771,-0.069508031,0.2333416492,0.3997445405,0.0366534144,0.1223245114,-0.1691014767,-0.053610988000000005,0.2159877121
126,396.302285,396.688816,396.302285,0.6478366256,398.5506286621,0.4324143827,398.5487060547,0.6119363308,398.4472045898,0.6218018532,398.5543518066,4.438597,4.702668,4.438597,-0.08180709180000001,6.432718277,0.3259142041,7.4357571602,0.4245266914,6.2823572159,-0.1284748912,4.9777026176,-2.18269,-2.187091,-2.18269,0.0227317736,-2.139367342,0.0290651359,-2.1370630264,0.0359359235,-2.1353058815,0.034759786,-2.1383934021,470.442982,461.182346,470.442982,2.7109720707,473.3640441895,1.4834302664,470.556854248,5.7700028419,470.8915710449,1.2269668579,468.7602539062,0.531386,0.351958,0.4406040452,0.1052810426,-0.2777682607,0.6939573288,0.6683958769,0.3287623227,0.6305931211,-0.044481568000000006,0.3044438362,0.39183542130000004,0.8913651705000001,-0.0058437046,0.3877748549,0.045966778,-0.0954850316,0.0793600231,0.4788561463,0.2801476419,0.41891229150000003,0.1430547088,-0.014536351000000001,0.3249429464,0.7333635092,0.0800749883,0.2456434518,0.1276797354,0.0895012319
127,395.748519,397.142593,395.748519,0.7217854857,398.5287780762,0.5794934034,398.3746032715,0.871330142,398.4117126465,0.7488304973000001,398.2646179199,4.28631,4.383642,4.28631,0.2417228818,5.4538612366,0.5595757961,6.5157375336,0.6529914737,6.169324398,0.2619843483,4.7299547195,-2.335664,-2.136577,-2.335664,0.0358157232,-2.2677311897,0.044281017000000006,-2.2722890377000002,0.0509165898,-2.2699418068,0.0508836955,-2.249876976,465.807262,476.566565,465.807262,4.3751821518,468.9266967773,1.1760288477,464.6560668945,3.7033019066,467.7004089355,4.0454173088,468.0883483887,0.766015,0.72154,0.5173993493,-0.4883519685,-0.2838821367,0.16005688910000002,1.1351139545,-0.6999191046000001,-1.1198787689,0.08548052610000001,-0.4134776592,0.35964035990000004,1.2275426388,-0.5713056922,-1.1740627289,0.1580375731,0.0105350129,0.22510316970000002,0.9753785729000001,-0.13816510140000002,-0.9058538675000001,-0.16802822050000002,-0.4924129546,0.053721658900000004,0.9530621767,-0.2746169567,-1.087594986,-0.3174031377,-0.4018730521
128,395.741264,397.109936,395.741264,0.6833328605,397.8912658691,0.4990692735,398.0485534668,0.6736248136,397.7818603516,0.6117862463,398.0793457031,4.252191,4.512455,4.252191,-0.1211307794,6.5030994415,0.44279566410000004,6.641061306,0.4739922881,6.2230753899,0.4485623837,4.9079051018,-2.194275,-2.234204,-2.194275,0.0222410671,-2.1569170952,0.030223518600000002,-2.1668932438,0.0332977585,-2.171880722,0.025560926600000002,-2.1757428646,473.70283,466.648551,473.70283,0.5723338127,470.8797302246,0.9532681704,468.5223999023,0.9451206326,473.6908874512,1.7439289093,470.3389892578,0.145293,0.800927,0.014110065900000001,0.009689979000000001,0.14428121060000001,0.09582608940000001,0.2051428258,0.1026970148,-0.9603979588,-0.0789051354,0.4331521392,-0.0180625133,0.48828595880000003,-0.1058887616,-0.7357065082,0.2749699056,0.0617888272,-0.004714774000000001,0.3330175877,0.2823184133,-0.1491993517,-0.07745184000000001,0.38754814860000003,0.015393277600000001,0.2193481773,-0.3605970442,0.016735792200000002,0.08440843220000001,0.1356465369
129,396.22275,396.150585,396.22275,0.7047276497,399.128692627,0.5220604539,398.9655456543,0.6850942969,399.1421813965,0.6264832020000001,399.1889953613,4.410992,4.596559,4.410992,-0.12320353090000001,6.5545005798,0.1931935549,6.6542186737,0.41722100970000003,6.2196960449,0.0978755131,4.8962192535,-2.204212,-2.169027,-2.204212,0.022983819200000002,-2.1485152245,0.029329028000000004,-2.151519537,0.0345836915,-2.1448638439,0.0328913182,-2.1385729313,472.915703,472.313688,472.915703,1.4440089463999999,471.4849853516,1.1401599646,467.8317565918,1.4818611145,472.846496582,-2.5138785839,471.2831115723,0.47735,0.253173,0.3680427222,-0.2476132125,0.1763377153,-0.012509994200000001,0.0044050664,0.0125928372,-0.9050170779000001,0.4126656651,0.13246822360000002,-0.0002537322,0.17296795550000002,-0.29690775280000004,-0.5279919505,0.2841450274,0.1329459697,0.1588413417,0.1129841655,0.0011229645000000001,0.0800382048,0.059287555500000005,0.4424674511,0.0007384568,0.2972403169,-0.1725633442,-0.0034500510000000004,0.118898876,0.2686611414
130,396.118913,396.65632,396.118913,0.6811444163,398.0870056152,0.5142476559,398.1536865234,0.6783211231,397.9643554688,0.6659811735000001,398.197265625,4.527312,4.432394,4.527312,-0.00974904,6.6310915947,0.5364230871,7.0568680763,0.3631761372,6.3541646004,0.1749200821,5.3488397598,-2.181177,-2.153195,-2.181177,0.024894680800000003,-2.1341767311,0.0342458226,-2.1279730797,0.0421670154,-2.1300609112,0.0377299041,-2.122341156,467.965964,476.204503,467.965964,2.2433083057,468.3455200195,2.0009157658,468.104675293,1.1946082115,470.3850097656,1.1243491173,467.8606262207,0.559937,1.041543,0.24591171280000002,0.26500136890000003,0.4275872734,-0.22367273270000002,0.1898193806,-0.118366152,0.2940542102,0.2439967543,0.28753334280000004,-0.13974291090000002,0.33718770740000004,0.1426281482,0.1215309948,-0.0074931527,0.6734031439,0.2710309327,0.5418912172,0.064373225,0.46021398900000005,0.1503203511,0.5037999749000001,-0.0487578362,0.5045844316,-0.0978935808,0.11202774200000001,0.0781648681,0.3239332736
131,395.690383,396.81127,395.690383,0.6951373219,398.3462219238,0.4830422997,398.270111084,0.6743578315000001,398.3628540039,0.6759248376,398.4924316406,4.131347,4.549,4.131347,0.0309695154,5.7957553864,0.4764407873,7.1315608025,0.1500712931,6.3588004112,-0.032936655,5.4119400978,-2.183631,-2.194599,-2.183631,0.0243084282,-2.158800602,0.0306683853,-2.1572749615,0.035687729700000004,-2.1567871571,0.036056675,-2.1579048634,465.817704,468.606592,465.817704,5.0367121696,470.1992492676,1.5228354931,466.0311584473,2.8984303474,468.5266723633,2.3692758083,468.297088623,0.465138,0.68279,-0.2876736923,0.3599898695,-0.06328382540000001,-0.49235033990000004,0.0416302755,0.1032160968,0.8709740639,0.1928008795,-0.2550882101,-0.41274291280000003,-0.42249459030000003,0.1797538102,0.5276252627,0.049233119900000004,-0.3438055813,-0.046495623900000005,-0.20397126670000001,0.1900558025,0.7861724496,0.0934032798,-0.2855098844,-0.2286213934,-0.38890028,0.0938581228,0.7311316729,-0.0706188008,-0.1448810399
132,395.652993,396.497527,395.652993,0.5831976533000001,398.0280761719,0.4392930567,397.9627380371,0.7190796137000001,397.8291015625,0.6305837035,398.126159668,4.520513,4.544082,4.520513,-0.0520858988,5.9161720276,0.4641980529,6.9298825264,0.6563575864,5.9985809326,0.0038228929000000004,4.9852046967,-2.202589,-2.186716,-2.202589,0.0247208476,-2.1719944477,0.0320117958,-2.1752448082,0.035706155,-2.191546917,0.027941338700000002,-2.1874377728,470.846146,470.934195,470.846146,2.6439936161,469.7129516602,1.4133130312,466.3538208008,4.199655056,468.8178405762,5.4548511505,467.9524841309,0.220563,0.517041,-0.1688591639,-0.0616168182,-0.1278198716,-0.3042006493,-0.5735041499,-0.2117184848,-0.1115337834,0.0168342367,-0.25761801,-0.28315317630000003,-0.340405345,-0.20438987020000002,-0.1331063807,0.09169468280000001,-0.259036988,-0.0790074244,-0.056963682200000004,-0.0922525376,0.20094807450000002,-0.0498872064,-0.16690753400000002,-0.1288619041,0.0433569103,0.0079008713,-0.15993072090000002,-0.4923721254,-0.3356605172
133,396.054119,396.020835,396.054119,0.6974360943,398.4801330566,0.5453173518000001,398.525390625,0.7545515299000001,398.5735168457,0.7396484017,398.7553100586,4.440026,4.567171,4.440026,0.1042633057,6.1125326157,0.4805307388,6.8089623451,0.38688880210000004,6.139834404,0.2256447077,5.1145009995,-2.159666,-2.190418,-2.159666,0.023965893300000003,-2.1231844425,0.030772324700000003,-2.1241083145,0.0320588499,-2.1337184906,0.0270387921,-2.1325569153,472.964535,476.718468,472.964535,1.0694016218,473.2920532227,-0.44235453010000003,470.5754089355,1.554117918,473.2750854492,0.2833282948,471.512298584,0.2276,0.879767,0.07029165600000001,-0.20198434710000002,-0.0778661165,-0.3799860775,-0.0020442605,0.14581237730000002,0.2565144897,0.0621041507,-0.225859791,-0.0533140488,-0.0894508213,0.1250876337,-0.1543300152,-0.0775801092,-0.38499239090000004,0.028613738700000002,-0.1529242396,0.0748935193,0.1687161177,-0.0095821992,0.017040178200000002,-0.0867076963,0.023501277,0.1222960949,0.0099746231,-0.3569479585,-0.17798261340000002
134,395.768934,395.525239,395.768934,0.7309425473000001,398.5037841797,0.4859798849,398.6128234863,0.7078360915,398.2919616699,0.6672596931,398.218963623,4.344731,4.428758,4.344731,-0.1506381184,7.0311250687,0.3233568072,7.0446434021,0.3446531296,6.1449856758,0.040448091900000004,4.7392282486,-2.225367,-2.223423,-2.225367,0.0244532339,-2.1735813618,0.0321330801,-2.1693639755,0.043416664,-2.1589827538,0.040105465800000004,-2.1506164074,466.244958,466.655563,466.244958,0.9254463911,466.9088745117,0.8890485764,465.2913208008,2.0900726318,467.4530944824,-0.4089591503,469.0120544434,0.341488,0.710962,-0.2638250958,-0.1557912633,0.15079674740000001,-0.3339841664,-0.2241117656,0.21616455910000001,0.2409622669,0.0865679532,-0.0848969817,-0.1893103868,-0.5996075273,0.3044091761,-0.18512021010000002,-0.0933645219,0.30459570880000003,-0.0231381692,-0.3392642736,0.09785720710000001,0.164024204,0.20152118800000002,0.6092562675000001,-0.21351753180000002,-0.1844715774,-0.10185674580000001,-0.1544834524,-0.2220833898,-0.1235208809
135,396.242695,396.600272,396.242695,0.7008510828000001,398.8204345703,0.4699805677,398.7378540039,0.7620170712000001,398.5570678711,0.7102965713,398.6051330566,4.204569,4.567928,4.204569,-0.4899356365,5.4202346802,0.1775509864,6.3870072365,0.3711652458,5.4743623734,-0.1598083526,4.8162608147,-2.337762,-2.206742,-2.337762,0.039754048,-2.2634570599,0.0563753955,-2.2412433624,0.0661311373,-2.2464001179,0.086514689,-2.2106626034,461.138995,468.929112,461.138995,9.2622394562,476.7005310059,3.2276756763,467.5687866211,0.6432882547000001,466.104675293,1.4998093843,469.4799804688,0.890031,0.432636,-0.7030197907,0.3641032642,-0.4066297627,-0.2623101175,-0.8827143908,-0.3738861382,0.0648435205,-0.0044696662,-0.5905308127000001,-0.36523902420000004,-1.086654067,0.2846641243,0.25961124900000004,-0.3369395435,-0.3211308718,-0.5284538269,-1.0486243963,0.2723208964,0.2324793637,-0.08094313,-0.3791739047,-0.34593683480000004,-1.0310550928,0.1914379597,0.3932111561,-0.2751941979,-0.48469296100000003
136,395.989663,396.736974,395.989663,0.681127429,398.7514343262,0.5038172007,398.5317687988,0.6874398589,398.3485717773,0.5923098326,398.4905090332,4.447336,4.348878,4.447336,0.1566923261,6.4307413101,0.2602255344,7.0767159462,0.21592471,6.0224366188,0.13802427050000002,4.7399635315,-2.290377,-2.102741,-2.290377,0.0319734141,-2.2395267487,0.044855766000000005,-2.2334713936,0.057342723000000005,-2.2356774807,0.058393262300000005,-2.2270927429,463.415322,476.238265,463.415322,0.8087897301,468.1213378906,2.40802598,462.6815185547,4.2088956833,464.4585876465,3.179135561,468.0651855469,0.462851,1.074431,-0.08591642220000001,-0.16031241970000001,-0.42561672910000004,-0.45635411140000004,-0.17989027500000002,0.5122420192,-0.5449094772,-0.743586123,-0.8660460711,0.1354016215,-0.3071148694,0.1875599325,-0.3415178061,-0.31255081300000004,-1.0313928127,-0.026982544,0.0372618735,-0.4532846212,-1.0830863714,-0.5006244183,-0.5098632574,0.11048085240000001,-0.1322635412,-0.21763467790000002,-0.5681118965,-0.38837426900000005,-0.4821727276
137,395.690801,395.963814,395.690801,0.7581195235,399.0814208984,0.5696222782,398.9633483887,0.7976615429,398.8851013184,0.6776119471000001,398.9512023926,4.268363,4.67275,4.268363,-0.0023048222000000003,6.3051977158,0.2594551444,7.1229991913,0.40077099200000005,6.1140170097,0.1947004795,4.9231042862,-2.288216,-2.11171,-2.288216,0.0333784111,-2.2329871655,0.0458928049,-2.222114563,0.0597144961,-2.2186744213,0.053133674000000006,-2.2063143253,465.062231,474.176225,465.062231,2.1023113728,466.5411682129,2.9114663601,462.5323486328,2.7702474594,466.1039733887,1.8718869686000001,465.6680908203,0.448874,1.408733,-0.2164082364,-0.26838104830000004,-0.2874484751,-0.33390745520000004,-0.30978611110000004,0.18084393440000002,-0.1169284731,-0.4564766288,-0.633210063,-0.0086391214,-0.4063777924,-0.0775076598,-0.1674921215,0.026598699400000002,-0.19128040970000001,0.024675183,-0.6794205308,-0.16586461660000001,-0.6044501066,-0.0719326586,-0.2750154436,-0.08413042870000001,-0.3261662126,-0.11660206320000001,-0.5732012391,-0.11945751310000001,-0.27259317040000003
138,395.446102,396.444881,395.446102,0.7853024006,398.275177002,0.6387813091,398.234375,0.7585493326,398.2518005371,0.713662684,398.494720459,4.60249,4.449061,4.60249,0.3808341026,6.5050468445,0.322609067,7.1416087151,0.5316120386000001,6.2114372253,0.6384796500000001,4.9848241806,-2.296254,-2.155085,-2.296254,0.0307570547,-2.2555751801,0.0392529257,-2.2426645756,0.047409825,-2.2450668812,0.0424929298,-2.2434322834,458.628338,470.998814,458.628338,0.957321763,466.9742736816,2.8016402721,461.1534729004,5.6657943726,463.8401184082,0.5988955498,465.8236083984,0.653972,1.191657,-0.12030030870000001,-0.42443899960000003,-0.4827610668,-0.529381156,0.17070363460000001,-0.284923017,-0.08946084230000001,-0.3075079322,-1.1866087914,0.3116078973,-0.0353659689,-0.082520254,-0.4017297328,-0.32106217740000004,-0.9280345440000001,-0.11525256930000001,-0.2026807219,-0.29279729720000003,-0.627527535,-0.3478152156,-1.0363214016,0.0431794748,0.0189969689,-0.0370085947,-1.1277961731,-0.2527967095,-0.8103277683000001
139,395.454432,396.150254,395.454432,0.7417200804,397.8530578613,0.5323496461,397.8929748535,0.7873502374,398.0333557129,0.7415972352,398.0140380859,4.217855,4.45545,4.217855,-0.11472792920000001,6.6572160721,0.4120967984,6.6575231552,0.39132893090000004,6.1816287041,0.3795241714,4.9956445694,-2.179158,-2.139616,-2.179158,0.024368319700000002,-2.1472489834,0.0338238403,-2.1464025974,0.0389245301,-2.1518089771,0.0253327861,-2.1560227871,465.890004,468.458858,465.890004,0.7179355025,470.1890258789,0.0055063665,466.4307250977,2.781129837,470.4604492188,2.7462227345,467.1412353516,0.512465,0.716772,-0.026986497,-0.0249524744,-0.5111454676,-0.030394829800000002,-0.5672148466,0.2067919225,0.0519514978,-0.5427421927,-0.9413114786000001,-0.0863643214,-0.562885344,0.3792140484,0.2436482757,-0.3168980181,-0.4898847342,-0.1746803224,-0.1299809813,-0.0971352011,-0.2105929255,-0.23223921660000002,-0.49719130990000004,0.11056879160000001,-0.1232034937,0.1182946265,-0.2229342461,-0.084117882,-0.5703938007
140,395.394848,396.349865,395.394848,0.7360197306,398.5592651367,0.5874889493000001,398.6776123047,0.6816234589,398.4266052246,0.6879914999,398.5010070801,4.457386,4.566038,4.457386,-0.1170371622,6.2227172852,0.2218642384,6.5408902168,0.3281807899,6.0339827538,-0.0046947598,4.9797616005,-2.279541,-2.118232,-2.279541,0.029049776500000003,-2.2276473045,0.037092939000000005,-2.2181510925,0.046173621000000005,-2.2291617393,0.0550568253,-2.2203838825,464.646032,473.695115,464.646032,3.1498718262,466.9186706543,0.9150798321,463.4498596191,4.1583037376,464.3818969727,3.4249591827,464.4653625488,0.515895,1.350218,-0.2541222212,0.209910009,-0.39687197430000004,-0.2861910164,0.15735906360000002,0.3836440444,0.3195812404,0.047347165600000005,-0.223493129,0.2730814815,-0.1782089919,0.054086040700000004,0.3746601343,0.0487665311,-0.1320723891,-0.1270519644,0.061480894700000004,-0.054093293800000004,-0.0047979802,-0.2883580029,-0.6280171275,0.0326145105,-0.1659531444,-0.0697966293,-0.0603529811,-0.0013665147000000001,-0.6736425757000001
141,396.004706,396.154345,396.004706,0.7044745684,398.487701416,0.5411258936000001,398.3772277832,0.6816970706000001,398.4788513184,0.6980987191,398.4159851074,4.332916,4.552301,4.332916,-0.2236398309,6.8708539009,0.1558542252,6.965054512,0.1853187084,6.290971756,-0.26898637410000004,5.1945228577,-2.164881,-2.141042,-2.164881,0.020938811800000002,-2.1159787178,0.029912971000000003,-2.1089465618,0.03710033,-2.1035561562,0.0312972441,-2.106846571,467.491938,474.478042,467.491938,1.1754297018,469.4788513184,3.0687870979,466.0380554199,4.1833224297000005,466.6098327637,0.7903912067000001,467.0977172852,0.47327,0.666257,-0.1936044137,0.4263397143,0.0688222708,-0.1827718914,-0.27514702080000003,0.12498447300000001,0.8913513422,0.19338637590000002,0.3228073716,-0.2702955306,-0.4461781383,0.38791996240000004,0.7355975509,0.3995161653,-0.1082754955,-0.0542225167,-0.4024251103,0.1751448959,0.6070408821000001,-0.1437586248,-0.13040085140000002,-0.35280442240000004,-0.3327071071,0.22581310570000002,0.6738719344,0.0385177583,-0.028753995900000003
142,395.690192,396.253534,395.690192,0.7710608244,398.6304321289,0.5668308735,398.6214599609,0.8365842104000001,398.616607666,0.660344243,398.5636291504,4.364049,4.518741,4.364049,-0.2843371928,6.4449605942,0.1107927039,6.1108264923,-0.013873256700000001,5.7927632332000005,-0.0620628893,4.7353000641000005,-2.250317,-2.192725,-2.250317,0.0271346495,-2.1933138371,0.037265058600000005,-2.1841073036,0.045155920100000004,-2.1914784908,0.0383933261,-2.1941351891,462.867543,474.472253,462.867543,1.6191884279000002,468.0003051758,1.0959585905,463.005065918,0.7043188810000001,466.1528320312,-2.3057773113,466.7395019531,0.29539,0.595343,0.08454705200000001,0.19688992760000001,-0.2033263636,-0.0301295891,-0.5832002759,-0.2038286179,1.04350245,0.3820213079,0.011886663700000001,0.0047215633,-0.3473118246,0.1952364445,0.3701147437,0.5149470568,-0.08324584360000001,-0.18735677,-0.0211050659,0.045053035000000005,0.12512722610000002,-0.0982316136,-0.3805632889,-0.134542048,0.1006811261,0.09760685270000001,0.40704330800000005,0.0788577199,0.0162093788
143,394.881577,396.369855,394.881577,0.7155293226,398.2174072266,0.5670275092,398.2955627441,0.7656124830000001,398.4598999023,0.6294901371,398.2952270508,4.531114,4.639454,4.531114,-0.2436117381,5.9294395447,0.28084141020000003,6.215262413,0.3469466567,5.8056178093,-0.1728165448,4.7159967422,-2.258232,-2.219078,-2.258232,0.0297729447,-2.2016928196,0.0411344841,-2.2002010345,0.0423173904,-2.2081503868,0.035536207300000004,-2.2210814953,474.830913,461.787945,474.830913,3.632049799,473.886505127,2.611328125,468.4143371582,3.4425916672,475.5839233398,1.2562737465,472.3578186035,0.753453,0.61622,-0.1321895566,0.4335815738,-0.6018509163,-0.0440105014,-0.1076193377,0.0300458465,0.9271117449,-0.2286608219,0.024889700100000002,0.0432388745,-0.0247437954,0.0163891688,0.7020317316,0.3334079683,-0.26985466480000003,-0.0336621702,0.045054093,0.0684272647,0.6445782185000001,-0.1117618456,-1.0219929218,-0.0299090184,0.1679657996,0.19529797140000002,0.4259018302,-0.0651701987,-0.5779938102000001
144,396.081108,396.079486,396.081108,0.6235893965,398.5338745117,0.5206670761000001,398.4928588867,0.7282649875,398.3283996582,0.6668410301000001,398.2995605469,4.488651,4.376935,4.488651,-0.1987862289,5.9607992172,-0.09081772710000001,6.4587650299,0.2515600324,6.2092618942,-0.1341655105,5.0557341576,-2.172083,-2.163309,-2.1720829999999998,0.026005622000000003,-2.0996572971,0.0346477106,-2.0959482193,0.0360420458,-2.0909614563,0.0480196774,-2.0793735981,476.207791,466.963954,476.207791,2.1959621906,482.2720947266,1.4794659615,478.5754699707,-0.15121185780000002,479.2658081055,-0.6031615734,480.7761230469,0.783398,0.475174,-0.30899811390000004,0.5914061148,-0.41045182760000004,-0.3085950911,-0.5876270533,0.1097037792,0.2204241604,-0.3159765899,-1.6025178432,-0.1719534099,-0.6623421311000001,0.4249711633,0.0974636972,-0.5151991844,-1.2163914442000001,-0.0834666342,-0.0337871537,0.1850433797,0.4547502995,-0.45455002780000003,-0.9184434414,-0.0675841719,-0.2309973836,0.1924843192,0.5533959866,-0.8135538101,-1.0843086243
145,396.202575,396.88501,396.202575,0.7363895178000001,397.8762207031,0.6118576527,397.7488098145,0.7902796268000001,398.0381774902,0.7106614113,398.2579650879,4.379321,4.540951,4.379321,0.1922254562,6.2937984467,0.1188386828,6.5508923531,0.1989283264,6.2486438751,0.1562045515,5.159160614,-2.259178,-2.223884,-2.259178,0.0309029631,-2.2220511436,0.0389487036,-2.2201442719,0.0439450927,-2.2198398113,0.0434612371,-2.2223227024,462.607785,466.674123,462.607785,0.0907209218,468.2704772949,0.8433970213,463.1734008789,2.5230870247,466.7260437012,0.207378149,470.2061462402,0.433916,1.264149,0.0959966589,0.3083712162,0.289784105,0.0318401679,-0.4512340724,0.1003128886,0.20438060160000002,-0.1657183468,0.7206999660000001,-0.22044555840000002,-0.0706563443,0.03558065,0.4459278286,0.2503827214,0.6087583899,-0.0291445144,-0.014501914400000001,0.2260830849,0.619437933,0.1816662848,0.7151106596,-0.10392692690000001,0.0334129035,0.0571615025,0.690103054,0.30158579350000003,0.5363128781000001
146,395.699843,397.01853,395.699843,0.803611815,398.3968200684,0.6080035567000001,398.3487548828,0.8206182718,398.4830932617,0.7803643346,398.4480895996,4.25761,4.406271,4.25761,0.019762218,6.3585605621,0.09207007290000001,6.985575676,0.33078056570000003,6.0516161919,-0.0519795567,5.1496562958,-2.254528,-2.160204,-2.254528,0.0343168564,-2.2247018814,0.0430243686,-2.222784996,0.048488814400000003,-2.2287697792,0.0502584949,-2.2359194756,466.120754,465.412683,466.120754,0.1352553666,468.6924438477,2.3508594036,464.4605712891,3.4825630188,465.651550293,2.7131080627,468.3100280762,0.478793,0.43829,-0.055003541100000004,0.4014767333,0.2550177054,0.0831813216,-0.7325909138000001,0.18928799030000001,0.1203070655,-0.4716867805,0.5874868035,-0.2635644078,-0.09358963370000001,0.0506647713,0.8055018187,0.055522754800000004,0.5337218046000001,0.0368667319,-0.1313951164,0.3827545345,0.816521585,0.1852725744,0.5462832451,-0.08633239570000001,-0.010106578500000001,-0.0034650317,0.8554238081000001,0.1428396851,0.5024111867000001
147,395.682203,396.417255,395.682203,0.7429996133,398.2295532227,0.612049818,398.3662719727,0.7588356733,398.430847168,0.7381603718,398.4790344238,4.379575,4.512787,4.379575,0.200600028,6.5253324509,0.2720378339,7.0315976143,0.5085102916,6.3308405876,0.1885112375,5.1849918365,-2.18018,-2.225545,-2.18018,0.023817265400000003,-2.1456952095,0.031417951,-2.1436495781,0.036704246,-2.1482095718,0.02816635,-2.1490871906,465.912264,463.561463,465.912264,0.9608082771,468.6722717285,0.7471677065,465.090423584,3.5446810722,469.2581176758,1.427328825,464.7423706055,0.241976,0.900577,-0.23624052950000002,-0.0332571077,-0.0404586419,-0.4655176997,-0.9265394211,-0.0876013264,-0.2238515019,0.07117976990000001,-0.5714510083000001,-0.11253111810000001,-0.4337765872,-0.18039798740000001,0.1092015132,-0.2007125616,-0.46148687600000005,-0.12984095510000002,-0.2086149603,0.180803135,0.3171194196,0.051602911200000004,-0.5061163902,-0.3646927774,-0.25165826080000003,-0.10418498520000001,0.2407485694,-0.2061542124,-0.0947245583
148,396.285444,396.398061,396.285444,0.7015697956,398.4325866699,0.5407794714,398.3757324219,0.7100260258000001,398.2330627441,0.6958264709,398.5039367676,4.28577,4.434277,4.28577,-0.165037185,6.3071804047,0.3879014552,6.8412194252,0.1799790263,6.1124711037,-0.05428165200000001,5.2338213921,-2.16478,-2.089572,-2.16478,0.021290408400000002,-2.1186983585,0.0285334531,-2.1187701225,0.0327988937,-2.1214962006,0.0329582319,-2.1147286892,471.71959,474.642004,471.71959,1.7162803411,472.793182373,2.5804157257,467.4845275879,1.6360845566000002,470.8352966309,1.6994726658000001,469.3759460449,0.322913,0.238084,-0.0935257671,-0.3044018656,0.053526640800000004,-0.27169251440000003,-0.1418636441,-4.20816e-05,-0.5890873075,-0.0331480503,-0.33465850350000004,0.017526840800000002,-0.3047208786,-0.21355339880000002,-0.4276260436,-0.4076244831,0.148078084,0.0950934589,0.1968344152,-0.061850402500000005,-0.381531775,0.19494132700000003,0.10537391900000001,-0.0253759325,-0.0776310563,-0.2263558805,-0.4668716788,-0.13248203690000002,0.21609294410000002
149,396.477563,396.856511,396.477563,0.7130789757,398.6818847656,0.5777077675,398.7454833984,0.7304954529000001,398.8374023438,0.6410017014,398.8360900879,4.314826,4.520328,4.314826,-0.033213757000000003,6.18861866,0.416238755,6.7906455994,0.35939353700000004,6.4909925461,-0.1829594374,5.136631012,-2.137902,-2.131465,-2.137902,0.0179928299,-2.1043298244,0.022160030900000002,-2.1083579063,0.0231054109,-2.1167669296,0.017692610600000002,-2.1148161888,470.156806,472.705691,470.156806,1.1357502937,471.0895080566,2.0182883739,467.0787963867,2.027077198,471.9007263184,1.2687351704,468.7419128418,0.412409,0.773092,-0.0320613841,-0.23800635180000002,-0.3352706684,0.35260078310000004,0.0899076462,0.1472913325,-0.8276696205,-0.5229480267000001,-1.020663023,-0.035825036500000004,0.0666945726,-0.24688486750000002,-0.4252126217,-0.29642641540000003,-0.43545833230000003,-0.0453020409,0.3586553335,-0.1647560894,-0.6102930307000001,0.0173650198,-0.2107609957,0.055906295800000005,0.1863454282,-0.14732621610000002,-0.3403908014,-0.2985682786,-0.18425464630000002
150,396.131733,396.600004,396.131733,0.7577638626000001,398.4041442871,0.6036196947,398.2193603516,0.6167598963,398.2559509277,0.6450160742000001,398.3385009766,4.250174,4.44934,4.250174,0.2833942473,5.6551055908,0.3771185875,6.5907320976,0.5418101549000001,6.1238417625,0.3435920477,4.8460845947,-2.299009,-2.230114,-2.299009,0.035488978000000004,-2.2372770309,0.0470755883,-2.2328228951,0.0543193743,-2.2357313633,0.064849481,-2.229113102,464.745119,465.310159,464.745119,7.7454738617,469.9888305664,2.0238933563,465.0110168457,1.1944593191,466.2547607422,-0.5945103168,470.4890136719,0.407869,0.864189,-0.31910712420000004,0.2538598164,0.0091010293,0.4643660188,-1.0747008324,0.0758108869,0.6812922955,-0.2218356431,-0.6705113649000001,-0.13323409860000002,-1.1128050089000001,0.2789130509,0.7258293033000001,-0.4383411109,-0.9108198285,-0.2577191293,-0.9611577392,0.1878692955,0.7127258778000001,-0.33150491120000003,-0.6057120562,-0.3354888558,-1.1950618029,-0.027765845900000002,0.7060276866,-0.18789318200000002,-0.48575901990000003
151,396.035861,396.964694,396.035861,0.7194207311,398.3717041016,0.5209060907,398.5079040527,0.7621623874,398.4180297852,0.7010344863,398.5963439941,4.390047,4.427228,4.390047,-0.0620537922,6.6601805686999995,0.25956124070000003,7.0205287933,0.42551428080000003,6.0433144569,0.23633243140000001,5.0954427719,-2.222626,-2.131238,-2.222626,0.0307824686,-2.1726434231,0.0431190766,-2.1661920547,0.0511990599,-2.1734135151,0.052076056600000004,-2.1586031914,464.151811,471.572933,464.151811,2.5622498989,468.2391052246,4.7346186638,461.858581543,6.1800341606,467.2993164062,0.8362253904,468.3442077637,0.767823,0.63406,-0.4458430823,0.5117208755,-0.3590522968,0.18635433910000002,-0.16394200920000002,0.014496671000000001,0.6829288006,-0.06788986920000001,-0.273093313,0.12367844580000001,-0.2276106477,-0.1031682044,0.4418290257,-0.38502719999999996,0.2192250043,-0.1579899043,-0.6432368755,0.27784687280000003,0.5788031816,0.060557559100000005,-0.0610137954,-0.0531778298,-0.6515516639000001,0.0817989111,0.5753082633000001,0.0157134328,-0.0133465379
152,396.278425,396.70881,396.278425,0.7585349083,398.1086730957,0.6353455186,398.2200927734,0.7715827227000001,398.2037658691,0.6984502077,398.3819580078,4.506929,4.427332,4.5069289999999995,0.2420248389,6.767821312,0.3057818413,6.6620006561,0.4762154818,6.0470266342,0.2759747207,5.1404705048,-2.249242,-2.118543,-2.249242,0.0275759473,-2.197660923,0.0375324264,-2.1979627609,0.0466218367,-2.1962904930000002,0.0364910811,-2.1921286583,465.280888,475.089609,465.280888,3.1473560333,465.1667785645,2.0179314613,462.5215454102,3.9602322578,464.6339111328,3.6481099129,465.0077514648,0.372639,0.71768,-0.06801861420000001,0.27106765780000003,-0.246486369,0.7898648381000001,0.13010445240000001,0.4332073927,0.4578810334,-0.21031786500000002,-0.5311905742,0.2313314974,-0.0719288066,0.2376624644,0.7167193294,-0.4089402258,-0.6414511204000001,-0.2543895543,-0.2326343358,0.049176950000000004,0.5849897265,-0.0383181795,-0.5095222592,-0.023214815200000002,-0.1391043067,0.0486442968,0.49854823950000005,-0.21434907620000002,-0.2233614922
153,396.283211,396.092892,396.283211,0.6293050051,398.8701477051,0.4540173113,398.5979614258,0.7350680232,398.3872375488,0.6660836935000001,398.5585021973,4.398803,4.385671,4.398803,-0.5949751139,6.0716924667,0.0254504327,6.6329431534,0.08654747160000001,6.0860538483,-0.28288000820000003,4.7877426147,-2.236299,-2.164773,-2.236299,0.0281598121,-2.176214695,0.039214722800000004,-2.1718299389,0.0440282747,-2.1778519154,0.039484702100000005,-2.1725926399,470.5045,470.005436,470.5045,0.4256762564,471.0907592773,0.6280995607000001,467.1266479492,1.2860777378,472.8591003418,1.2800755501,470.6577758789,0.411031,0.513184,0.3293462464,0.24556509950000002,0.0132270485,0.1133536398,0.6993930340000001,-0.060061194000000005,0.29300808910000004,-0.0378181562,-0.3412572742,0.4246774018,0.4837515652,-0.25103056430000004,0.3584700227,0.4760161638,-0.0642826036,-0.033025831000000005,0.1658038497,0.22974757850000002,0.1825173944,-0.018610796000000002,-0.0060656965,0.1348530054,0.3153592646,-0.0143080875,0.2861015797,0.0243614782,-0.2400715202
154,395.194805,396.518892,395.194805,0.6979904175,398.4383850098,0.5363148451,398.2308654785,0.6608234048,398.1223449707,0.7045134306,398.1859741211,4.423601,4.277002,4.423601,-0.25953298810000003,6.5318651199,0.020716263000000002,6.401350975,0.18043449520000002,5.910782814,0.031307105,5.0505971909,-2.231699,-2.163929,-2.231699,0.028057813600000002,-2.1882247925,0.038596842400000005,-2.1789810658,0.0440359227,-2.1864378452,0.0487519503,-2.1917705536,464.940948,469.556176,464.940948,3.5731093884,467.277923584,1.1448007822,461.6855163574,2.8698101044,467.5656433105,4.7224125862,466.8213195801,0.620306,0.939602,-0.0374389918,0.4012064242,0.47160536210000004,0.2950488925,0.5165615678000001,-0.3505513072,0.8806687593,0.3629209399,0.5626369119,0.2342050672,0.5876052380000001,-0.1545808464,0.6457951665,-0.1920973212,0.41947788,-0.0007712301000000001,-0.20945426820000002,0.23960617180000002,0.6063334346,0.2411993295,0.6751781106,-0.021645249800000002,-0.1640075296,0.0624482743,0.6818341017,0.0579581372,0.4628074467
155,396.13697,396.401159,396.13697,0.736571908,398.644744873,0.5470744371,398.516784668,0.8195056915000001,398.2215881348,0.6891298294,398.4719543457,4.383346,4.536415,4.3833459999999995,-0.0970027298,6.0781316757,0.0582618788,7.0486798286,0.5923873782,6.0247731209,-0.0291356072,4.5518693924,-2.261369,-2.265316,-2.261369,0.0256617554,-2.189022541,0.0370886065,-2.1746973991,0.0416789502,-2.180618763,0.0387593769,-2.1756472588,466.018529,464.667661,466.018529,3.0590212345,470.8371582031,3.1878430843,465.8573608398,2.1503229141,469.1442565918,1.9507313967000002,469.82421875,0.824611,0.892101,0.11506161740000001,0.7321760886,0.3614728821,0.32879012820000003,0.6866463423,0.4705426693,0.7534142733,-0.1235463247,0.3399579227,0.162071228,0.6785259247000001,0.24280208350000002,0.9929338098,-0.0973774716,0.433354795,0.0685707629,0.0927604586,0.3729469776,0.9506472945000001,0.1996711046,0.6578765512,0.158513397,0.1772639155,0.0997373909,0.941772759,-0.0650862381,0.2024884224
156,395.927883,396.327643,395.927883,0.7270901203,398.7380981445,0.5166061521,398.5025024414,0.7351176739,398.3471069336,0.665292263,398.3460388184,4.546647,4.321762,4.546647,-0.2072120905,6.1095457077,-0.020999046,6.584321022,0.4064689279,5.8606619835,-0.0891418159,4.6014676094,-2.321423,-2.095692,-2.321423,0.035065487,-2.2455101013,0.049023591000000005,-2.2327384949,0.054788526100000005,-2.2369873524,0.0524897426,-2.2312455177,461.164214,480.871417,461.164214,3.3902623653,468.657623291,4.8216199875,462.3421020508,6.7874970436,466.2352600098,5.3415708542,470.0076904297,0.491631,0.961614,-0.0436643769,0.1814397161,0.45483396130000003,0.24464681740000002,0.4185786247,-0.035738524,0.6986882091000001,0.6679269075,0.4337874651,0.0977832377,-0.0761721581,-0.1162023544,0.49437022210000003,-0.1275307536,0.377766341,-0.1288567781,-0.2218655497,0.1755610853,0.6339376569,0.3776716292,0.4151519537,-0.0476250201,-0.19403280320000002,0.3563607335,0.5709791183,0.0270538926,0.2711837888
157,396.125322,396.706259,396.125322,0.6665923595000001,398.9313964844,0.4976536334,398.5450744629,0.7603545785,398.6580200195,0.7948830724,398.4248657227,4.273612,4.411935,4.273612,-0.3016639352,5.8323574066,-0.1178651527,6.3916587830000005,0.0447915494,5.7623806,-0.33908510210000004,4.8695526123,-2.255662,-2.176211,-2.255662,0.030808404100000002,-2.1762850285,0.041802097100000005,-2.1605668068,0.042701754700000004,-2.1551167965,0.0479520187,-2.151907444,463.562273,463.78854,463.562273,2.1427903175,471.5597229004,2.2368190289,464.9724731445,4.1221542358,467.6692810059,6.1506896019,467.6903381348,0.692102,1.031953,0.29583140900000005,0.3330683803,0.529674285,-0.3628350198,0.9546718597,0.016213329500000002,0.2632223964,0.3379145861,0.4053021073,0.3411617279,0.5064011216000001,-0.0066748075,0.3458420634,-0.151458174,0.26570987700000004,0.081495896,0.333083868,0.1299611032,0.6759232283000001,0.0483774021,0.3210170865,0.33622297640000004,0.4669657648,0.1815225929,0.4554100633,-0.018541228,0.3601303101
158,395.912345,396.995112,395.912345,0.6811408997,398.9587402344,0.5454211235,398.5825195312,0.7312676907,398.2323608398,0.6834244728000001,398.4438781738,4.319774,4.509962,4.319774,-0.09853202100000001,6.0160446167,0.2130594701,7.3941926956,0.4027322531,6.3717432022,-0.0614074618,5.1012945175,-2.136709,-2.148318,-2.136709,0.0211411193,-2.100153923,0.0258752517,-2.0999200344,0.031170774300000002,-2.1016807556,0.023111136600000002,-2.0995473862,477.831601,466.772249,477.831601,0.7962173223,477.833404541,-0.1572338641,478.5500488281,1.0769655704,479.4133911133,0.5001039505,478.2487792969,0.66385,0.546704,0.3700001593,0.5480646305,-0.0584930642,0.0807755515,0.7702299356000001,0.5169616938,0.6882407069,0.1176161468,-0.36157166960000003,0.0792991519,0.0498333126,0.18846975270000002,0.39569443460000003,-0.1788375676,-0.6135559082,-0.11960238220000001,0.0517943799,0.2446557134,0.3994716406,-0.042398512400000005,0.12415377050000001,0.2553796768,0.1997676194,0.42084282640000004,0.6705569029,0.047345168900000005,0.0904709548
159,396.164677,397.232362,396.164677,0.7018022537,398.3423461914,0.6082929373,398.3850708008,0.7744835019,398.4111938477,0.6459457874,398.5704345703,4.422218,4.614946,4.422218,-0.2990074754,5.5605096817,0.1908705235,6.6238269806,0.12069302800000001,5.8593621254,0.0513162464,4.7864980698,-2.263185,-2.168515,-2.263185,0.030209526400000002,-2.2002506256,0.0417545922,-2.1905696392,0.0460016467,-2.1937310696,0.0473447628,-2.1862103939,469.153994,472.641066,469.153994,1.0978364944,468.8008422852,1.7639510632,463.5481872559,-0.3161553144,466.2153015137,2.2151350975,468.7909240723,0.330968,0.249602,0.15895028560000002,-0.2626832301,-0.1235806621,0.4789246321,0.8889299631,0.084376581,-0.8306429982,0.21893563870000002,0.3657498956,0.4069358706,0.2957284451,-0.09987178440000001,-0.6212189794,-0.2224544883,0.18708166480000002,0.2408363521,0.0162134543,0.061174020200000005,-0.5529813766,0.09309165920000001,0.0043575466000000005,0.3441099226,0.31098705530000004,-0.06405889990000001,-0.5025051832,0.13351325690000002,-0.0057557821000000006
160,395.268979,396.801493,395.268979,0.8641217947000001,398.4983825684,0.6547323465,398.4825134277,0.7730147839,398.3497924805,0.7186910510000001,398.3335571289,4.240236,4.355846,4.240236,-0.11020451040000001,5.6036424637,0.48214238880000004,6.4219293594,0.4329846799,6.0173559189,0.3293355107,4.4060873985,-2.263615,-2.208579,-2.263615,0.0307345316,-2.2217223644,0.0414455272,-2.2173376083,0.0439110175,-2.2260270119,0.042120922400000003,-2.2271401882,470.606404,462.847042,470.606404,5.283387661,471.6994628906,1.7196519375000001,466.9508972168,0.1465078592,471.8181762695,3.6322674751,472.1102905273,0.826587,0.522474,0.2762531579,-0.5018349382,0.595895472,0.5236743093,0.1650182009,-0.5128921270000001,-0.9285483360000001,-0.1173654348,1.2210733891,0.349398613,0.4973093867,-0.4322790205,-1.0422782898,0.23753429950000002,0.7595083117,-0.0665384531,0.1631797999,-0.2613098621,-0.9445067048,0.25685432550000004,0.6141669154,0.165588811,-0.1633257121,-0.0675975084,-0.7769167423000001,0.2927042246,0.7706276774
161,396.516748,395.874383,396.516748,0.6274607182,397.5481567383,0.5260984898000001,397.9045715332,0.6696318388,397.9231262207,0.6248631477000001,397.998046875,4.546896,4.392941,4.546896,0.0095343292,6.2443675995,1.0967543125,6.5142741203,0.7889239192,5.8506355286,0.2985799313,4.9054236412000005,-2.104022,-2.21794,-2.104022,0.0144720227,-2.0783410072,0.0228020698,-2.0836000443,0.0261928514,-2.0978996754,0.0122527257,-2.1049816608,480.536304,467.889515,480.536304,0.29768854380000004,478.9747619629,0.6765433550000001,477.610168457,0.17322182660000002,482.2260131836,-2.1065480709,479.3325805664,1.196521,0.567973,0.23589029350000001,0.8741804755,0.7821937432,0.0227603689,0.5282355547,1.1684327126,1.3594552279,0.5948753953,1.8829506636,0.049613785,0.4204112887,0.4621546865,1.3576968908,0.49383062120000004,1.019588232,0.20579396190000002,0.2883452177,0.5213326216,1.4735529423,0.6610615253000001,1.5312423706,0.2987587154,0.5504908562,0.5638148189000001,1.2097868918999999,0.42390209440000004,1.315533042
162,395.783001,396.347225,395.783001,0.7358410358,398.5147705078,0.5680021048,398.4769897461,0.8160153627000001,398.3037719727,0.6744244695,398.5463867188,4.361305,4.335358,4.361305,-0.1333658248,6.0298137665,0.08423870060000001,7.0043902397,0.210547179,6.3670554161,0.0254929885,4.9958095551,-2.331579,-2.198194,-2.331579,0.0358146839,-2.2665643692,0.0484636016,-2.2611122131,0.0550844297,-2.2582147121,0.0579522811,-2.2385168076,465.464851,462.914112,465.464851,2.0621421337,466.4764404297,3.1329350471,462.3473510742,4.5487270355,467.0024719238,4.1284422874,467.162322998,0.266371,0.235498,-0.23114926500000002,-0.132043518,0.0093814818,0.07285058500000001,0.1409827471,-0.5906438828,-0.7126331925,-0.7021211982000001,0.7427293062,0.3296968341,0.2557247877,-0.21053664390000001,-0.8442574143,0.1133067086,0.3436655402,-0.09155841170000001,-0.1345901489,0.0551377907,-0.5727194548,0.259172976,0.281966567,0.0565081537,-0.2398790717,0.1116131321,-0.6457207203,0.1545470804,0.350467056
163,395.017489,396.736588,395.017489,0.6765303612,398.0828857422,0.4881994128,398.0628967285,0.6842582226,398.0168457031,0.6157922149,398.0836791992,4.461727,4.489491,4.461727,0.2147706151,6.1248245239,0.1378684044,6.8701076508,0.43760186430000003,6.1180315018,0.16127493980000002,5.1352310181,-2.3303,-2.22337,-2.3303000000000003,0.0356424637,-2.2687292099,0.047190211700000005,-2.2623131275,0.055683128500000005,-2.2713358402,0.0544653684,-2.2662796974,459.162972,466.347289,459.162972,2.7703096867,465.4562072754,2.6597931385,459.4974975586,1.6692813635000001,462.5327758789,2.7982289791,465.9418640137,0.530114,0.480435,-0.3486156173,-0.39814199180000004,0.0311525612,-0.0778408572,0.5004209876,-0.29046699400000003,-0.9713479877000001,-0.0777161047,0.9145998955,-0.10671332480000001,0.0961845741,-0.38118231300000005,-0.7786939740000001,0.3466113806,0.22778877620000001,0.020782930800000002,-0.4428606033,-0.3759337962,-1.0969567299,0.0193555895,0.6701663733000001,-0.0995558202,-0.1740986109,-0.1108977795,-0.9180058241,0.0405675396,0.24596621100000002
164,395.903737,396.628293,395.903737,0.690220654,399.0736083984,0.5258588791000001,398.8823852539,0.7672994137,398.6635131836,0.687574625,398.847869873,4.462591,4.547996,4.462591,-0.0973633081,6.2632722855,0.2253841013,7.0959420204,0.4719522595,6.1306142807,-0.18587434290000002,4.7633390427,-2.232734,-2.146895,-2.2327339999999998,0.025958906900000002,-2.1836979389,0.0337315276,-2.1802704334,0.0413767174,-2.1802437305,0.037353046200000004,-2.1635303497,468.955315,469.175991,468.955315,3.6238267422,472.1030273438,1.8971174955,468.5279541016,3.2700972557,471.6904602051,3.2274689674,469.9490966797,0.722371,0.464464,0.3298269947,-0.5317834103,-0.36088852400000004,0.7016422153,0.6317668557,-0.0485659502,0.053037300700000005,-0.1930578202,-0.06495736540000001,0.364664048,1.1384849548,-0.1227947474,-0.5345047116,-0.0713393018,-0.6492153406,0.13533064720000001,0.6910403967000001,-0.095390819,-0.48863253,-0.2990613878,-0.5502830148,0.30525073410000003,0.8549968004,-0.2457802594,-0.507670939,-0.1802573651,-0.37505173680000004
165,396.06187,396.492678,396.06187,0.7203837037,397.8463134766,0.5931911469000001,398.1470336914,0.7193260193000001,398.2132873535,0.6621214747,398.2093811035,4.323384,4.369043,4.323384,-0.1660142243,5.80818367,0.07329321650000001,6.7878684998,0.3365753889,6.3946890831,-0.0339788795,5.1458187103,-2.222228,-2.196342,-2.222228,0.0246236194,-2.1799237728,0.0314401835,-2.181071043,0.036818631000000004,-2.1840348244,0.038189806,-2.1798171997,463.446569,466.025326,463.446569,5.1259102820999995,468.7128601074,1.0248316526,464.250579834,1.1303470135,467.3886413574,1.6359682083,464.0615539551,0.209743,0.769581,-0.0030118891000000003,0.20950625350000002,0.0095069245,0.4708717465,0.13244691490000002,0.0696005002,0.5350916386,-0.2233572155,0.3380177915,-0.2027782649,0.1185084581,0.1369201839,0.6205473542000001,0.0949683785,-0.1160325781,-0.10432173310000001,-0.3195494413,0.5388405323000001,0.7336806059000001,-0.0710988343,-0.31108334660000003,0.2031291127,0.004044313,0.3007036746,0.5488473177000001,0.107131049,-0.0602008142
166,396.148757,396.128249,396.148757,0.6201114058,398.6102905273,0.5835886002,398.3709411621,0.7300946712,398.287322998,0.7023633718000001,398.472869873,4.448719,4.355197,4.448719,-0.2473202646,6.1970186234,0.1555643678,6.6666707993,0.37279081340000003,6.3948435783,-0.14242962,5.1196393967,-2.216105,-2.171979,-2.2161049999999998,0.0278265551,-2.1758842468,0.0369324721,-2.175270319,0.0426772833,-2.1823949814,0.040846288200000004,-2.176684618,467.27427,465.23705,467.27427,4.9328074455,467.9932250977,0.8388583660000001,464.2380371094,1.3789099455,467.792755127,4.6850194931,465.8846130371,0.214213,1.206924,-0.0803785497,0.1646748466,-0.11094499470000001,0.4078318775,-0.1563830376,0.2839983702,0.0870744437,0.1472198069,0.3141078651,0.3163213134,0.0818237364,0.2316732705,0.0025148988,0.2675386071,0.1996981353,-0.1046106145,-0.0320874825,0.3645157218,0.21869939570000002,-0.0138045214,-0.234728083,0.2829569876,-0.1120793223,0.23869945110000002,0.2503305078,0.1454080194,-0.1385829151
167,395.94052,395.984868,395.94052,0.6903134584,397.9098205566,0.48237136010000004,398.0643920898,0.7092931867000001,398.0456848145,0.7418673635,398.2228393555,4.200639,4.401691,4.200639,-0.1650284082,6.0739030838,1.6057840586,6.6391096115,0.9158883095,5.7505631447,0.4560778439,4.5297522545,-2.160301,-2.154599,-2.160301,0.020607667,-2.1195421219,0.027444753800000003,-2.1145055294,0.0339495614,-2.1171936989,0.0295040328,-2.1141180992,475.536085,465.377908,475.536085,0.7057385445000001,479.6468505859,0.6937886477,476.6635437012,1.7519984245,479.65234375,1.4360506535,479.2212219238,1.052996,1.112603,0.19008637890000002,0.6559728577,0.8014782675000001,0.2005992234,0.6218482256,0.462957114,1.426981926,0.7446278930000001,1.5487133265000002,0.11255714300000001,0.46241039040000004,0.4854659438,1.3042656183,0.6009362936,0.5279440284,-0.08879844840000001,0.11851869520000001,0.4754262865,0.9851847887,0.5299180746000001,1.3344033956999999,0.309893012,0.3783704638,0.6841484308,0.9545676708,0.6500349045,1.3489630222
168,395.973975,396.92436,395.973975,0.7569895983,398.161895752,0.5825047493000001,398.1844482422,0.7714862823,398.0773010254,0.8294866681,398.1666259766,4.353042,4.423713,4.353042,-0.11891706290000001,7.0437531471,0.28500527140000004,6.5224843025,-0.15000379090000002,5.8769021034,-0.0867169797,4.6183652878,-2.200631,-2.184812,-2.200631,0.024092447000000003,-2.1667118073,0.0310001746,-2.1694114208,0.0430854857,-2.1755411625,0.0393012017,-2.1528511047,465.818135,464.951821,465.818135,2.6673071384,471.001739502,0.4029046893,468.4775695801,0.6999872923,468.891418457,-0.7885396481,470.3706359863,0.281165,0.55945,0.1949373046,0.0351144736,0.19954994180000002,0.6163105965,0.0326479562,0.8479589820000001,0.8314694166000001,-0.07919120040000001,-0.028599660800000003,0.3362818658,0.2822200656,0.3649486005,0.3982898593,0.1988916397,0.4609412551,0.17094264920000002,-0.0794670284,0.4280474782,0.5416280627,0.1744727194,0.0865837783,0.2142382264,0.173652187,0.2083798647,0.5385336876,0.24459290500000003,0.15276570620000002
169,395.864401,396.274099,395.864401,0.6322658658,397.9599914551,0.5626671314,398.2510375977,0.7987108231000001,397.8660888672,0.6534930468,398.3049621582,4.501162,4.333333,4.501162,-0.059893041800000005,6.5682678223,0.3381669223,6.6726546288,0.19339710470000002,6.1549105644,-0.1324815899,4.9583773613,-2.166653,-2.226944,-2.166653,0.0203273222,-2.136525631,0.028231874100000002,-2.1372241974,0.0319805183,-2.143096447,0.0155792199,-2.1559667587,468.246508,466.224656,468.246508,0.20787939430000002,470.6636352539,1.3900924921,467.7098388672,0.7994499207,469.3908081055,4.2213773727,467.8756103516,0.704914,0.545946,0.32651207990000003,-0.5423248161,-0.3101257987,0.19514223930000002,0.5675355792,0.11118265990000001,-0.536752522,0.0284658261,-0.3457254469,0.27018582820000003,0.709376514,-0.16672883930000001,-0.6192381978,0.0842342675,-0.4031020105,0.0491062179,0.553224504,0.0819519833,-0.42385685440000004,-0.0837163031,-0.6122523546,0.2619694173,0.45604100820000004,-0.2683038116,-0.4671514034,0.036569204200000004,-0.4411141872
170,395.636328,396.81736,395.636328,0.7060226202000001,398.7475280762,0.5648238659,398.606628418,0.8065059781,398.5566711426,0.6815363169,398.5750427246,4.63009,4.57849,4.63009,-0.5443139076,6.6346497536,0.2302173823,6.467549324,0.2955884337,5.8494124413,-0.22888281940000002,5.0576229095,-2.187602,-2.13401,-2.187602,0.0197651125,-2.1360764503,0.0267457478,-2.1371922493,0.029827483000000002,-2.1429204941,0.021528795400000002,-2.1513285637,470.902851,478.278227,470.902851,0.5320675373,473.7902832031,1.7330104113,471.1458435059,-1.3776355982,472.2169494629,-0.11498999600000001,471.0814208984,0.383648,0.866034,0.2675101301,-0.0115006946,-0.27475738720000004,0.043321080500000005,0.9492612481,-0.2382386923,-1.0764859915,-0.21680668,-0.3082809448,0.1388507038,0.6732082367000001,-0.2051998079,-0.2953111827,0.0569351539,-0.351890713,0.2870598733,0.6120381951,0.1378204525,-0.0407030135,-0.2158645988,-0.5658916831,0.25078400970000003,0.2359577864,-0.1398682892,-0.3166948557,-0.1871072352,-0.6022699475000001
171,396.350915,397.034122,396.350915,0.6617712975000001,398.7039489746,0.5466090441,398.7221984863,0.7890895605,398.7796325684,0.5899384618,398.7543640137,4.271817,4.486864,4.271817,-0.3214681447,6.3139801025,0.1638455242,6.4265937805,0.3264274001,5.9264883995,0.0475401878,4.9708242416,-2.157103,-2.134613,-2.157103,0.021745367,-2.0998027325,0.0277251713,-2.0989196301,0.0286673587,-2.0998096466,0.021112306,-2.1072134972,474.741498,469.078087,474.741498,0.5643085837,474.3509521484,2.776317358,470.215637207,-0.9784969091000001,473.823059082,2.8784761429,473.6335144043,0.419035,1.133583,0.16574504140000001,-0.0317380238,-0.383550899,0.1127343699,0.5634310246,-0.1016772091,-0.2906090617,-0.2414605319,-0.18868599830000002,0.0108733736,0.6999688148000001,-0.1525200009,-0.24646426740000002,0.1272399127,-0.356665343,0.3094959557,0.1871864796,0.2739365697,-0.026294216500000002,-0.12612997,-0.9850675464,-0.052739404100000005,0.058233887000000005,0.0352057219,-0.13091522460000002,-0.2267652601,-0.6188805699000001
172,396.329747,396.594742,396.329747,0.7107291222000001,398.6159057617,0.5679616928,398.5498657227,0.8210476041,398.5679016113,0.7329387665,398.7224731445,4.460967,4.345669,4.460967,-0.22365945580000002,5.2100162506,0.1156506613,5.6389565468,0.3095820546,5.1867547035,-0.0684607774,4.5478272438000005,-2.324316,-2.11464,-2.324316,0.0383385271,-2.2481927872,0.0520201512,-2.2320461273,0.059678673700000004,-2.2316088676,0.0771684796,-2.2126750946,464.764014,469.899983,464.764014,2.8129012585,478.5629272461,3.3936889172,470.9950256348,0.23009580370000002,471.5556945801,-1.1785056591,472.8163452148,0.744053,1.293097,-0.4998801041,-0.3724482015,0.40622311910000003,-0.9777055979,0.1484788656,-0.2321489155,-1.3358652592,0.0652767122,0.8844238520000001,0.0066434238,-0.18114368620000001,-0.8448885083000001,-0.8877919316,0.1871258765,0.6386945844,-0.3723058999,-0.595790267,-0.1351359785,-0.8739423156,0.3827893436,0.6248008013,-0.0566890538,-0.5007193089,-0.3324412704,-0.8237143755,0.3919519186,0.4611570835
173,396.016521,395.750633,396.016521,0.8440013528,397.8315734863,0.6165504456,398.1692810059,0.9098054171000001,398.1452026367,0.8303842545000001,398.2685546875,4.330914,4.257736,4.330914,-0.32366806270000004,5.0924654007,0.5599749088,5.211224556,0.4922571182,5.5990986824,0.0305512585,4.8854751587,-2.238143,-2.124462,-2.238143,0.032640937700000004,-2.1835360527,0.048592951100000004,-2.1653869152,0.051928252,-2.1722841263,0.0452488437,-2.1801111698,469.405111,469.830141,469.405111,1.0661565065,480.1368103027,0.3685023189,474.6647338867,4.4075746536,474.8993835449,-0.2385632992,473.3381347656,1.168284,1.364527,-0.2822781391,0.8021436268000001,-0.8011075231,-0.0885078982,-0.5550195575,0.1654648483,0.2278932035,-0.6833267808,-1.4392352104000001,-0.2249777615,-0.7900274396,0.2524907887,0.40552923080000003,-0.4411197603,-1.4817112684,-0.20817968250000002,-0.6042112112,0.2283929586,0.7055437565,-0.3970070183,-1.1946669817,-0.2135002464,-0.527082026,0.0926654264,0.5539603233,-0.5716429353,-1.2677891254
174,395.925346,396.533045,395.925346,0.7144397497,398.5858459473,0.6106621027,398.6424560547,0.7654137611,398.9245300293,0.7433202267,398.7020874023,4.427096,4.36673,4.427096,-0.10770154,6.2111253738,0.31142562630000004,6.9602289200000005,0.3540756404,5.9844574928,0.043266110100000005,4.8527183533,-2.233384,-2.155157,-2.233384,0.0337883234,-2.1596662998,0.0446862057,-2.1602699757,0.0481636338,-2.1619260311,0.046166501900000004,-2.1467521191,475.149213,468.39469,475.149213,3.8229503632,479.1119384766,1.6963689327,475.7663879395,4.6091194153,475.2704162598,2.0784263611,475.5722961426,1.271271,1.073949,0.4388265132,0.9629058469,-0.7045383239,0.2085069716,1.1286606789,0.6725373268,1.01078403,-0.8739324212,-0.821891129,0.4628660083,0.7762792706,0.5470693707000001,0.8051406145000001,-0.3361457586,-0.8870159388000001,0.5673654675,0.9252511263000001,0.4413327575,1.3218750954,-0.16249862310000002,-0.9911805987000001,0.589389503,0.9722309113000001,0.8437783718,1.2436916828,-0.5670428872000001,-1.1622413397
175,396.334,396.381447,396.334,0.7496653795,398.8861083984,0.5152708292,398.9103088379,0.6680780649,398.7678527832,0.744022727,398.7063598633,4.555405,4.552833,4.555405,-0.3504787683,6.0159463882,-0.227508232,6.7422070503,0.2599709034,5.8269648552,-0.2859585881,5.0758056641,-2.160977,-2.071868,-2.160977,0.021881911900000002,-2.1288995743,0.032615121500000004,-2.1228299141,0.0375237726,-2.1302587986,0.030812541000000002,-2.1317670345,478.185745,487.655763,478.185745,2.504322052,479.3890991211,1.0104497671,479.1608581543,4.1360421181,477.169921875,2.2047870159,481.365814209,1.291225,1.268935,0.42827797310000004,1.0910396381,-0.541730304,0.4396065176,0.810084939,0.9466440082,1.5482672453,-0.5936868191,-0.252769798,0.1905865073,0.9193803072000001,0.3823155165,1.8493313789,-0.4969637692,-1.1033662558,0.24483968320000002,0.6629631519,0.7134287357,1.8023746014,-0.1705917865,-0.5776748061,0.41671374440000003,1.0413359404,0.7388879061,1.7979769707000002,-0.4422588944,-0.8693082333000001
176,395.816295,396.97723,395.816295,0.6722786427,397.9848327637,0.5943261385,398.3514709473,0.7775688171,398.4892272949,0.7093608975,398.5694274902,4.329733,4.505314,4.329733,-0.1330624223,5.8327722549,0.3876963258,6.5374975204,0.1778102517,6.0051093102,-0.1716860682,4.9121570587,-2.096032,-2.154062,-2.096032,0.017751395700000002,-2.068146944,0.0228886679,-2.0735619068,0.0241377763,-2.083432436,0.0179074816,-2.0733599663,480.807687,468.65034,480.807687,1.3007098436,484.4876098633,0.7388542295,480.7528686523,-0.055511117000000006,484.4458312988,-0.21302652360000002,482.0817565918,1.045876,1.116737,0.1318827615,1.0183725287,0.19844481360000002,-0.1454339623,0.1066505387,0.9252612591,2.0421273708,0.2964347303,0.5558928847,0.16983303430000002,0.592617929,0.3560468853,1.1703977585,0.1744153202,-0.2299709916,0.1922591776,0.1533784121,0.5498631597,1.3520662785,-0.0316802673,-0.0865655765,0.3600356877,0.2906983495,0.49472567440000004,0.9885334373,0.0699761435,0.13059288260000002
177,395.590652,396.514936,395.590652,0.653383255,398.7803039551,0.4693435133,398.7057189941,0.6210597754,398.7438354492,0.7899978757,398.6488647461,4.311303,4.39742,4.311303,-0.4972104728,6.1020793915,0.0036098137,6.5266485214,0.1235108674,5.8544325829,-0.1109424531,4.7751517296,-2.107043,-2.106506,-2.107043,0.021572724,-2.0765674114,0.0282895006,-2.0808668137,0.0315235779,-2.0868573189,0.0271275882,-2.085770607,484.995797,471.380656,484.995797,0.7053875327,484.4917297363,1.0782111883,480.702911377,-0.7524442673,481.8734741211,-0.0914196968,483.03515625,1.121788,0.796545,0.4565944228,0.9716782759,0.32522539770000003,0.036449547900000004,0.4520042241,0.8887354136000001,1.8115731478,0.5267022848,0.5498526096,0.44967189430000004,1.0543621778,0.7154520750000001,1.3438140154,0.1148054227,0.1610280573,0.3802523017,0.6151306629000001,0.7991146445,1.5737659930999999,0.0213763062,0.7201505899,0.4768725634,0.6453451514,0.6421702504,1.5969327688,0.40797820690000003,0.8872690201000001
178,396.109337,396.74926,396.109337,0.6935526133000001,398.1332397461,0.6545056105,398.1972961426,0.8058259487,398.3663330078,0.739874959,398.4820556641,4.449304,4.364865,4.449304,-0.49297881130000004,5.5514717101999995,-0.0270580892,6.9053359032,0.1762101948,6.4091391563,-0.2814450264,5.3835105896,-2.089199,-2.092418,-2.089199,0.0149202384,-2.0733234882,0.0186925642,-2.0798707008,0.017033927100000002,-2.0870132446,0.0072068945,-2.0951926708,482.681112,475.983062,482.681112,0.1108636856,478.2563781738,-0.11723405120000001,479.8912353516,0.6558878422000001,483.5507507324,2.4275865555,480.0662536621,0.57836,0.679875,-0.19806512710000002,0.0811314501,0.5372976466,-0.20608522,-0.21306118370000002,0.1646354347,-0.5482287407,0.6513793468,1.5069582462,-0.2710273862,-0.3079747558,-0.09376399220000001,0.12009271980000001,0.5599715114,0.8250925541,-0.22859402,-0.5588450432000001,0.110637784,0.3206678927,0.3820305169,1.1160515547,0.0606377721,-0.3803712428,0.0414190143,0.0994588733,0.769167304,0.9695328474
179,395.476113,397.082472,395.476113,0.7182050943,398.1911010742,0.594791472,398.4996032715,0.8077610731,398.4267578125,0.7701923251,398.6686706543,4.502763,4.480549,4.502763,-0.4506680965,5.6712217331,-0.1065501645,6.4743666649,0.038754902800000005,6.0989408493,-0.26664090160000004,5.0377407074,-2.110848,-2.196175,-2.110848,0.0191974156,-2.0748276711,0.025287848,-2.0756886005,0.027921624500000002,-2.0840477943,0.0205088276,-2.0835449696,481.966583,468.135206,481.966583,0.6122515798,479.7557678223,-0.9460813999000001,480.8630065918,0.6037859917,485.5535583496,2.6125452518,485.4428710938,0.576488,0.603554,-0.0380361551,-0.23880152810000002,0.5233212837,-0.1148093939,-0.3716103733,0.3018850684,-0.3345264792,0.4173074365,1.0875859261,-0.0357918032,0.0515493117,-0.1340179294,0.1705180407,0.3596197367,0.7992380261,-0.0374383666,-0.5206167698,0.144182682,0.1627237946,0.41917398570000003,0.8902148604000001,-0.0823767707,-0.28819310670000003,0.11694218960000001,0.06634150450000001,0.691729188,0.7762159109000001
180,396.374756,396.595137,396.374756,0.6102369428000001,398.1859130859,0.5435565114,398.3320617676,0.7127118707,398.4141540527,0.6712794304,398.5480957031,4.248341,4.423206,4.248341,-0.11036279800000001,5.3990945816,0.1085337326,6.1764245033,0.1388149559,5.6944799423,-0.0964956284,4.5349397659,-2.154694,-2.129825,-2.154694,0.019317511500000002,-2.1235170364,0.0264517553,-2.1307840347,0.0283378679,-2.1341938972,0.0196815152,-2.1399207115,485.036815,468.53241,485.036815,2.4754905701,481.5669555664,0.49457570910000004,481.44140625,0.706646204,483.7723083496,-0.016726493800000002,483.526550293,0.713326,0.514307,0.0046009417000000006,-0.029097822500000002,0.71271787,-0.15014335510000001,0.2907993793,-0.0132171586,-0.0323555581,0.4702444375,0.9698138237,0.0716931745,0.5957405567,-0.20378451050000002,0.06939160080000001,0.5699595213,0.9152706265,-0.055505856900000004,-0.17576438190000002,0.0161173828,0.0875087678,0.2866467834,0.9267544746,-0.012760608500000001,0.23030824960000001,-0.2884676754,0.0061534615,0.5376241803,0.9286467433000001
181,395.919197,396.627413,395.919197,0.5637711883000001,399.0410766602,0.4882270992,399.0190429688,0.7232737541,398.7643737793,0.693343401,398.7666625977,4.477684,4.45668,4.477684,-0.1257278323,6.4072771072,0.13151368500000002,6.8605618477,0.27541792390000003,6.3455924988,-0.27319750190000003,4.6988258362,-2.164793,-2.162799,-2.164793,0.021727532100000002,-2.1188764572,0.030783698,-2.120767355,0.0334688313,-2.1216692924,0.0260290131,-2.1170985699,480.189396,468.814486,480.189396,0.6355971098000001,481.9432678223,-0.6705636978,478.4942016602,-0.0426658392,482.5461730957,-0.595856905,482.148651123,1.05502,0.726308,-0.1841233689,0.18333306200000002,1.0225233285,0.0926827118,-0.1424657553,0.023175032800000002,0.0833123624,0.7412300110000001,1.9032070637,0.0139549728,0.2813906372,0.0206449442,0.0831550285,0.5688534379,1.7800992727,0.016268234700000002,-0.4417298436,-0.1166140214,0.22460635010000002,0.399150759,1.5394477844,-0.06503781680000001,-0.2261182964,-0.28847754000000003,-0.0810514316,0.7997667789,1.3871355056999999
182,395.883298,396.096534,395.883298,0.6913208365,398.1629943848,0.5421475172,398.1123657227,0.6402784586,398.0828552246,0.6596357822000001,398.0101318359,4.483812,4.213964,4.483812,-0.4230603576,5.1233167648,0.296843946,6.2490963936,0.4399546683,6.0732040405,-0.06422035400000001,4.7726631165,-2.142342,-2.109617,-2.142342,0.0205850564,-2.099262476,0.0281769522,-2.0976121426,0.0302728489,-2.103104353,0.0320571624,-2.1007819176,479.11429,471.795163,479.11429,3.7352538109,481.3971862793,-0.0020192564000000002,478.6094665527,1.5760632753000001,478.4827880859,-0.3340950012,480.0832519531,1.172508,0.622224,-0.7571851643,-0.1285294414,0.8859602209,-0.4948511124,-1.8709403276,-0.0969238803,0.14751318100000002,0.5374600291,1.8565648794,-0.48482254150000004,-1.4568952322,0.094834812,-0.21010543410000002,0.7627050281000001,1.6282544136000001,-0.8547619581,-1.5805791616,-0.0349311233,-0.0441791713,0.5068947077,1.4676074982,-0.6733536720000001,-1.3811250925,-0.2227325141,-0.22576493020000002,0.7832934260000001,1.6029741764
183,395.721461,396.288656,395.721461,0.6564712524,398.0009460449,0.5090860128,398.1116027832,0.7102581859,397.9830627441,0.6811076403,398.049041748,4.51807,4.147459,4.51807,-0.4053223133,5.7727823257,0.30587723850000004,6.7018074989,0.1378994882,6.4974603653,-0.1945761442,5.0517911911,-2.13762,-2.226722,-2.13762,0.021588338500000002,-2.1134278774,0.027976274500000002,-2.1064224243,0.028864903400000003,-2.1106367111,0.0197041649,-2.1052486897,473.54321,466.501014,473.54321,2.5497803688,479.5328979492,0.18352915350000001,475.4621887207,2.7992238998000003,481.2359924316,2.0942704678,478.7585754395,0.949823,0.307545,-0.9400357394000001,-0.0004105041,0.1360036248,-0.4351505935,-1.18405056,-0.2592652142,-0.6821582913,0.1755462885,0.3855032027,-0.5466521978000001,-0.5701258183,0.08192984760000001,-0.3051035404,0.1443399638,0.2767453492,-0.6290731430000001,-1.3727846146,0.1350169927,-0.2644139826,0.0456108302,0.33373022080000003,-0.7588962317,-1.7074856758,-0.056609042000000005,0.1635240316,0.2865746319,0.48417904970000003
184,396.146376,396.805209,396.146376,0.5859933496,398.2273864746,0.5191043019,398.5060424805,0.6324432492000001,398.3551635742,0.7002210617,398.1752929688,4.424376,4.470059,4.424376,-0.2290884852,6.0034122467,0.237986356,6.6381173134,0.534353435,6.2401971817,0.0977519006,5.0638885498,-2.096337,-2.181239,-2.096337,0.0157467593,-2.0566627979,0.0218710937,-2.066893816,0.0228557326,-2.0772995949,0.0176367462,-2.0871067047,488.33201,466.887904,488.33201,1.1763563156,488.4065856934,-0.6442477703,482.8733825684,1.6126778125999999,486.798614502,-1.4495298862000001,484.4207763672,0.837649,0.457117,-0.5893945995000001,-0.3482793167,0.4826710951,-0.7600244284000001,-1.3197896481,-0.1873587221,-0.7227346897,0.16752463580000002,0.400916785,-0.4597302079,-0.6028847694,-0.1827651709,-0.1825347692,0.3482740521,1.1281949282000001,-0.6349841952,-1.266302824,0.140586704,-0.236612916,0.2797607481,0.9150707722,-0.5627058744,-1.0836727619,-0.1564294845,-0.0406811833,0.2819273472,0.7019077539
185,395.791748,396.55371,395.791748,0.6318372488,398.2353515625,0.545160532,398.379119873,0.7196406722,398.3748168945,0.6986885667,398.3728027344,4.342455,4.096279,4.342455,-0.40841156240000004,6.0015363693,0.051968433,6.3491477966,0.24207398300000002,6.1126666069,-0.2126148045,4.7605190277,-2.114131,-2.161596,-2.114131,0.0195045546,-2.0802674294,0.026972571400000003,-2.082760334,0.0270898696,-2.0949800014,0.025174392400000002,-2.0795576572,486.932559,473.619069,486.932559,0.6057533026,488.2682800293,-0.0792047679,483.8819885254,1.3549418449,488.2098388672,1.4345548153,485.5048828125,0.938019,0.773536,-0.8930584421000001,-0.1588423662,0.23894467960000002,-0.2928235531,-1.1689713001,0.0671419799,-0.40437424180000003,0.10799989850000001,-0.0454241186,-0.4358374774,-0.8511872292,-0.022714950100000002,-0.0874044895,0.031028414100000002,0.5166548491,-0.6084204316,-1.1631238461,0.0813329965,-0.10835599900000001,0.08095863460000001,0.4143889546,-0.7632252574,-1.2567424774,-0.1107836366,-0.2613492608,0.34474083780000003,0.4039279819
186,395.201559,396.527991,395.201559,0.7021005154000001,398.5509033203,0.569031477,398.6803894043,0.7799384594000001,398.3414916992,0.76385957,398.4019165039,4.488683,4.635167,4.488683,-0.32946506140000004,5.7976493835,0.3333190978,6.3692469597,0.45916894080000004,6.0784182549,-0.3153293729,5.1988191605,-2.164029,-2.214044,-2.164029,0.0232214183,-2.1286940575,0.0322656296,-2.1287369728,0.0352896564,-2.1480307579,0.0323369578,-2.1360180378,475.117803,464.589315,475.117803,1.999981761,482.8604736328,0.9606415033000001,477.6156921387,3.630282402,478.6298217773,0.0864105225,479.3541564941,1.188273,0.815248,-1.1443622415,0.2612745717,0.18483577980000002,-0.4527196586,-1.4509125948000001,-0.45502570270000003,0.0794379264,0.2205141932,-0.4064334929,-0.7194595337,-1.5924743414,0.013967691,-0.04695509,-0.1164886057,0.2405045778,-0.5198028088000001,-1.4926837683,0.1701411307,0.311419636,-0.0191278867,-0.2866981924,-0.9364331961000001,-1.635186553,-0.2477692813,0.18938711290000002,0.1239299849,-0.12119607630000001
187,395.638221,397.258707,395.638221,0.6925890446,398.5450744629,0.4817512631,398.4375305176,0.7594086528,398.4055786133,0.7271768451,398.5056152344,4.439836,4.552249,4.439836,-0.30751696230000003,4.4622325897,0.30169695620000003,5.2574496269,0.398846209,5.1196761131,-0.1886517406,4.1612186432,-2.198372,-2.133367,-2.198372,0.022223882400000002,-2.1495184898,0.0301588401,-2.1506357193,0.0348670483,-2.1576094627,0.0306666493,-2.1591455936,475.643744,469.229224,475.643744,2.0000534058,482.3751525879,0.9454803467,476.7852478027,2.5576868057,476.308013916,0.1108157635,474.9388122559,0.782074,1.137196,-0.7639316845,-0.0102871099,-0.16715764630000002,-0.8084542751,-0.8765698075,0.4338878989,-0.4905827045,-0.2736642361,-1.2614078522,-0.47555935380000003,-1.0470546484,-0.0340589099,-0.057456344400000005,-0.4956672788,-0.1203914583,-0.3777214587,-1.2288845778,0.2674672306,-0.1183324307,-0.161966309,-0.4591718912,-0.8261006474,-1.1342064142,-0.061193198000000004,-0.0696780682,-0.0732064471,-0.4020434022
188,395.780237,396.851077,395.780237,0.8085878491,398.2095031738,0.6230236888,398.6313476562,0.9010415077,398.4116210938,0.7818383574000001,398.6343078613,4.31029,4.460842,4.31029,0.10154962540000001,5.0463705063,0.41792774200000005,5.5302276611,0.6885552406000001,5.6051874161,-0.0414538532,4.4562606812,-2.402949,-2.12038,-2.402949,0.0426163673,-2.3247580528,0.06315043570000001,-2.3027317524,0.07754650710000001,-2.294782877,0.1101936251,-2.2622289658,467.258152,468.216986,467.258152,6.429813385,479.5581359863,5.5880393982,472.876159668,3.8257746696,469.3898010254,3.3943564891999998,474.6516113281,1.174274,1.323567,-0.9793488694,0.6454567874,0.056389908700000005,-1.2805100678999999,-1.662086606,0.3927936554,1.2837126255,-0.1348237693,-0.1398601234,-0.546694994,-1.7952319384000002,0.2910081744,0.4242352247,-0.1093422025,-0.23306839170000002,-0.3677540123,-1.3256983757,0.3367194831,0.7643406391,-0.14327640830000002,0.1111566722,-0.5953220129,-1.4060255288999999,0.2834337652,0.9415744543000001,0.1143451333,0.1348519772
189,395.794293,397.100078,395.794293,0.7801992297,397.8217773438,0.6160946488,397.894744873,0.7005790472,397.8757324219,0.6555093527,397.8919067383,4.549275,4.472627,4.549275,0.3673271537,5.9465122223,1.229103446,6.404302597,0.4533092976,6.2692222595,0.14541012050000002,5.5023417473,-2.181441,-2.125774,-2.181441,0.0215631239,-2.1200859547,0.029618941200000002,-2.1274721622,0.0333084166,-2.1415610313,0.037048272800000004,-2.1376316547,470.571001,472.378318,470.571001,1.5070947409,478.2734680176,0.0585921109,473.0563964844,-0.5819969177000001,473.0783081055,0.019235611,468.847442627,1.048908,1.230389,-0.0429619097,0.6526150746,0.8200345354,-0.8026890755,0.24674314260000002,0.0494086519,1.3828784227,0.7868143916,0.8115421534,-0.1561209559,-0.3332536519,0.33132982250000004,0.7168152332000001,0.414493084,0.3702906668,0.16932092610000002,-0.051691874900000004,0.2826524079,0.8874835372000001,0.46145442130000003,0.7896527052000001,-0.2662990689,-0.3016778529,0.3484900594,0.45764696600000004,0.26894494890000004,1.1745787859
190,395.915482,396.057921,395.915482,0.7924162745000001,398.361541748,0.6224173903,398.2411499023,0.7891155481000001,398.0149536133,0.7889298797000001,398.1971740723,4.56439,4.418786,4.56439,0.20272159580000002,5.8132801056000005,0.7486381531,5.7959823608,0.42944496870000004,5.6153001785,0.3507431746,4.8889045715,-2.26273,-2.119156,-2.26273,0.022394750300000002,-2.1867773533,0.028852988000000003,-2.1875121593,0.036523923300000004,-2.1938769817,0.0451516844,-2.1812160015,467.980721,473.544611,467.980721,2.4995908737,475.2383117676,-0.1898672283,472.7266540527,-0.7810744047,472.0974121094,1.2339169979,469.5817260742,0.866553,1.594788,-0.08241614300000001,0.6712514678,0.5417961249000001,-0.7127247453000001,0.1194351092,0.3023594022,0.9763064384000001,0.5164448619,1.2485394478,0.0910831839,-0.2808608413,0.498216629,0.7775926590000001,0.4805447161,0.5820947886,0.055449709300000004,-0.1864190698,0.2565830052,0.8711505532,0.24743998050000002,0.7333869338,-0.1146401167,-0.38780525330000004,0.3820658326,0.6901852489,0.2620519102,1.0986266136
191,395.455119,396.276519,395.455119,0.734487474,398.3928833008,0.5964357853000001,398.4467163086,0.7659561634000001,398.2858581543,0.6849555969000001,398.3601074219,4.199886,4.339201,4.199886,0.2947711945,4.5372037888,0.6164389849,5.6501493454,0.7907335758,5.1710896492,-0.0319063365,4.2582712173,-2.27192,-2.11255,-2.27192,0.0303959809,-2.2113804817,0.0446182564,-2.2027990818,0.0507147089,-2.2102644444,0.0620383695,-2.2002189159,474.766522,476.747468,474.766522,0.6842375994000001,481.2265014648,2.3333487511,474.7274169922,1.7470371723,476.4359741211,3.8621520996000003,473.5274963379,1.064963,1.024557,-0.6334707661,0.4710178433,0.7148446105,-0.5699615479,-0.9991590381000001,0.608736515,1.3588157892,0.1676051617,1.2367222308999999,-0.2324845344,-0.8750299811000001,0.042079147000000004,0.9709064364000001,0.5076636672,0.0434945822,-0.20897419750000001,-0.9113023281,0.30201318860000004,0.7579033375,0.0948038697,0.8345118761,-0.3593563139,-0.6152371764,0.5968391299,0.6049315333,0.5057690144,0.8497052193
192,395.761444,396.252531,395.761444,0.7545736432,398.0045166016,0.5620479584,398.2416992188,0.7611117363000001,397.9768066406,0.7917972803000001,398.2555236816,4.418274,4.38787,4.418274,0.0044956952,5.1432666779,0.36236280200000004,5.8921580315,0.3433668613,5.8265795708,-0.1194463074,4.6401062012,-2.383935,-2.09287,-2.383935,0.043592147500000004,-2.3071651459,0.0644607618,-2.2888894081,0.0745703876,-2.2811169624,0.1105015725,-2.2542591095,465.579002,471.50064,465.579002,1.6944272518,477.0068969727,-0.8336303234,467.8111877441,1.8473672867,470.5117797852,1.903041482,472.2162475586,1.045735,1.445162,-0.9519157123,0.4015466888,-0.1617975871,-0.4071947336,-0.8638180494000001,0.648958087,1.5127394199,-0.2001244277,0.2704894841,-0.3913091421,-1.0001395941,0.1563209444,1.7617512941,0.21909648180000002,0.0463774651,-0.4152190089,-1.3647129536,0.3109821081,0.6628617048000001,0.1143194586,-0.054914608600000005,-0.2915661633,-1.0554703474,0.15316236020000001,0.6239145994,0.2287144959,-0.0371856764
193,395.735721,396.719379,395.735721,0.6415992379000001,398.421661377,0.5232645273000001,398.4550476074,0.7198683023,398.3023681641,0.6747938991,398.2288513184,4.453281,4.304989,4.453281,-0.12004843350000001,6.2973070145,0.17208637300000001,6.5700726509,0.8347626925,6.3283805847,-0.18836984040000002,5.3036432266,-2.165357,-2.137329,-2.165357,0.021035891,-2.1154036522,0.028250318000000003,-2.1129691601,0.0288004037,-2.1146929264,0.031064560600000003,-2.1100034714,471.935,470.245497,471.935,2.5622742176,479.0902404785,-0.6507204771,473.6870727539,-0.8092273474,474.3202819824,3.9185664654,472.3038024902,0.782431,1.44568,0.7145524710000001,-0.2971680989,-0.11534112020000001,0.0062486045,0.48354887960000004,0.3536903858,-0.8190846443,0.0452668965,0.25340569020000003,0.45881527660000004,0.7210345268,-0.0402508192,-0.5059441328000001,-0.17584967610000002,0.3038639724,0.28861504790000003,1.0052444935,0.12404926120000001,-0.1585387588,-0.1358527094,-0.3989091218,0.3003161252,0.8490815759,0.059246264400000005,0.0038601756,-0.3726635575,-0.3327259421
194,395.703488,397.016664,395.703488,0.7814257145,398.0631713867,0.6054425240000001,398.2746887207,0.8164613843,398.0131530762,0.7515670657,398.2989196777,4.435768,4.53255,4.435768,-0.0358789042,5.1256694794,0.6797347665,5.2070450783,0.17991459370000001,5.3641138077,0.0498413071,4.5958590508,-2.390476,-2.13184,-2.390476,0.0369267836,-2.3193225861,0.055114403400000005,-2.3127541542,0.0675432459,-2.3209426403,0.084557265,-2.3046541214,458.794205,468.399182,458.794205,2.8520514965,471.9535217285,1.8949391842,465.7486877441,2.8381071091,464.1131286621,3.513894558,459.8712463379,0.804855,0.639638,-0.381307708,0.39714626080000004,-0.5870864765,-0.7982878685,-1.5435065031000001,0.3002387881,0.8328252435,0.0132184252,-0.2025404572,-0.5065746903,-0.8381518722,0.1627530754,0.7566109896000001,-0.3846613169,-0.29061067100000004,-0.23977231980000002,-0.9390013218000001,0.1990408897,0.8050591946000001,-0.3770521283,-0.7075529099,-0.4060004652,-0.6596474648,0.5231726170000001,0.5410772562,-0.10179735720000001,-0.89344877
195,396.441616,396.649086,396.441616,0.7635602355000001,398.3154907227,0.604591608,398.4008483887,0.8043743372000001,398.3738708496,0.7444410920000001,398.4725952148,4.48915,4.241274,4.48915,-0.2906518877,5.239865303,0.3646857142,5.3754854202,0.3450769186,5.5245890617,-0.0173747241,4.6503329277,-2.271653,-2.192825,-2.271653,0.0255024899,-2.2046005726,0.0391429476,-2.1881585121000002,0.0448821634,-2.2033634186,0.047081124,-2.2021143436,464.484902,475.946236,464.484902,2.2809700966,479.038848877,1.3665318489,472.5715942383,1.6942126751000002,470.9502563477,4.5396871567,468.100189209,0.505546,0.64354,-0.1378703885,0.44593443330000004,0.1941933519,-0.0291309338,-1.2207393646,0.5861355662000001,0.9929434657,0.44991928340000004,0.2512233853,-0.0270939693,-0.0371288881,0.5589149594,0.24751454590000002,0.2405575663,0.6332677603,0.0753368735,-0.365585655,0.4214249551,0.6928383708,0.212459594,0.5224223733,-0.08328747,-0.11335200070000001,0.344476223,0.7180098891000001,0.32432428,0.2587184906
196,395.187167,396.709124,395.187167,0.8879715204,398.1530761719,0.6754766703,397.9678344727,0.7855005860000001,398.0538024902,0.7029359937,398.0493164062,4.382252,4.32208,4.382252,-0.2870150805,4.5020456314,0.017979471,4.7432746887,0.2625495195,4.9920911789,0.06275922810000001,4.5857048035,-2.413559,-2.184276,-2.413559,0.0369614772,-2.352186203,0.054276228,-2.3380541801,0.0633214936,-2.3524179459,0.0788758844,-2.3402235508,462.898877,472.214814,462.898877,3.4390153885,477.0634155273,0.1686295271,468.0000305176,7.9540553093,466.1008300781,3.5178623199,462.2623291016,0.492767,1.100769,-0.034793601800000004,0.3373531837,0.3574929669,-0.15459503230000002,-1.8196349144,-0.3389057219,0.4428662956,0.7803053856000001,0.6911839843,-0.3170388937,-0.3523451984,0.62308079,0.0153709799,0.2805632055,0.9665047526,-0.238557443,-0.5274937153,0.15108618140000002,0.2468877733,0.2612892389,0.7993780375,-0.1798784286,-0.2645310462,0.2351316065,0.49309885500000006,0.4719461203,0.44462877510000004
197,395.895676,396.695693,395.895676,0.6907371879,398.6063537598,0.5898190737,398.625213623,0.7700381875000001,398.6276855469,0.6925711632,398.678527832,4.48336,4.315644,4.48336,-0.46543538570000004,6.031999588,0.16331809760000002,6.9308724403,0.0444374494,6.4509539604,-0.5278824568,5.2775774002,-2.093409,-2.213175,-2.093409,0.0196866002,-2.0502028465,0.0260204412,-2.0515666008,0.0271425117,-2.0550489426,0.018546572,-2.0522127151,477.657944,463.446503,477.657944,-0.1882941723,483.6278076172,1.5482782125,479.3073730469,0.1466789246,480.9138793945,-1.075056076,479.5275878906,0.83353,1.300544,-0.3219363925,0.4091905887,-0.6509166030000001,0.1823572367,-0.6710819602,0.4543704689,1.1062860489,-0.6140806079000001,-1.0507335663,-0.3590421379,-0.1485409737,0.3174956143,0.7546786666,-0.44969815020000004,-0.9348922372,-0.1386334598,-0.3788560033,0.2279342115,0.6824796200000001,-0.5498737097,-1.042591691,-0.2843159735,-0.5051650405,0.45040225980000004,0.9136135578000001,-0.7822166681,-1.2771062851
198,395.233388,396.177885,395.233388,0.6560141444,398.1441955566,0.6521200538,398.2096557617,0.8192549944,398.2481079102,0.8327425718,398.213104248,4.330312,4.574841,4.330312,-0.2924360931,6.3721113205,0.2047823966,6.3559155464,0.5355615020000001,5.7972712517,-0.17781548200000002,5.2875833511,-2.114504,-2.18922,-2.114504,0.0188640021,-2.0757193565,0.0258687511,-2.076581955,0.0248447489,-2.0826976299,0.028824934700000002,-2.0786547661,470.924883,466.697548,470.924883,0.362164706,478.4983825684,-0.6508693695000001,472.6571960449,1.211804986,472.1883544922,5.0339741707,473.0042724609,0.999847,1.575158,0.6697663055,-0.7330221827000001,0.11741508660000001,0.042068950800000005,0.5855768323,0.1782749146,-0.6483373046,0.22308811550000002,-0.2876639664,0.28996425870000003,0.5091907382,0.019943933900000002,-0.34553614260000004,0.0572367758,0.11183919760000001,0.28214305640000004,0.8433160782,0.0289712232,-0.44633817670000003,0.4118560553,0.6949598789,0.24889519810000002,0.8603914380000001,-0.1025988758,-0.6789124012000001,0.2853024602,0.47063604000000003
199,395.236622,396.0881,395.236622,0.6943792701,398.4624633789,0.6170380116,398.3567810059,0.8011414409000001,398.1766662598,0.775313735,398.3964538574,4.203336,4.505475,4.203336,-0.0914105326,6.2864742279,0.1070718989,6.927883625,0.3179457486,5.9209332466,-0.014193289000000001,5.2350096703,-2.217338,-2.15526,-2.217338,0.0315040201,-2.165604353,0.0425840653,-2.1586380005,0.0492630303,-2.1617720127,0.0452577136,-2.1507854462,476.717715,467.925245,476.717715,3.7528028488,474.2199707031,2.5513839722,472.4516296387,2.4324114323,475.8415527344,2.6828627586,479.368347168,0.553581,1.137215,-0.0041220126,0.1302630188,-0.5380206077,0.2685061991,0.39977061750000004,-0.12083546070000001,0.8319227695,-0.7137514949,-0.4407123625,0.26032149790000003,0.4092202783,0.1467106193,0.0072504655,0.0099544227,-0.8100371361,0.1002390087,-0.0971006677,-0.2174886614,0.14657181500000002,-0.274045825,-0.9943399429,0.1402222365,-0.0017976463,0.27423992750000004,0.1416935027,-0.22312228380000002,-0.7576705813
