frame_idx,eat_gas_ref,eat_solvent_ref,eat_gas_base,eat_pred_delta_30,eat_pred_direct_30,eat_pred_delta_40,eat_pred_direct_40,eat_pred_delta_50,eat_pred_direct_50,eat_pred_delta_70,eat_pred_direct_70,gap_gas_ref,gap_solvent_ref,gap_gas_base,gap_pred_delta_30,gap_pred_direct_30,gap_pred_delta_40,gap_pred_direct_40,gap_pred_delta_50,gap_pred_direct_50,gap_pred_delta_70,gap_pred_direct_70,mbd_gas_ref,mbd_solvent_ref,mbd_gas_base,mbd_pred_delta_30,mbd_pred_direct_30,mbd_pred_delta_40,mbd_pred_direct_40,mbd_pred_delta_50,mbd_pred_direct_50,mbd_pred_delta_70,mbd_pred_direct_70,pol_gas_ref,pol_solvent_ref,pol_gas_base,pol_pred_delta_30,pol_pred_direct_30,pol_pred_delta_40,pol_pred_direct_40,pol_pred_delta_50,pol_pred_direct_50,pol_pred_delta_70,pol_pred_direct_70,dip_gas_ref,dip_solvent_ref,dip_gas_base_x,dip_gas_base_y,dip_gas_base_z,dip_pred_delta_30_x,dip_pred_direct_30_x,dip_pred_delta_30_y,dip_pred_direct_30_y,dip_pred_delta_30_z,dip_pred_direct_30_z,dip_pred_delta_40_x,dip_pred_direct_40_x,dip_pred_delta_40_y,dip_pred_direct_40_y,dip_pred_delta_40_z,dip_pred_direct_40_z,dip_pred_delta_50_x,dip_pred_direct_50_x,dip_pred_delta_50_y,dip_pred_direct_50_y,dip_pred_delta_50_z,dip_pred_direct_50_z,dip_pred_delta_70_x,dip_pred_direct_70_x,dip_pred_delta_70_y,dip_pred_direct_70_y,dip_pred_delta_70_z,dip_pred_direct_70_z
0,124.359626,124.855678,124.359626,0.39241120220000003,125.6674346924,0.4015338123,125.4856567383,0.38272708650000004,125.4750671387,0.4148132205,125.3168182373,7.351718,7.281587,7.351718,0.2672997713,7.7628412247,0.1989413202,7.4510030746,0.1148997098,7.3774557114,0.0680488572,7.2847690582,-0.528886,-0.476665,-0.528886,0.008070454900000001,-0.5254143476,0.011189632100000001,-0.5241996646,0.014801613100000001,-0.5189218521,0.013532413200000001,-0.5206823349,127.770129,136.17214,127.770129,0.2948347926,128.4897460938,0.09085677560000001,128.5462188721,0.5110688806,129.085357666,0.0676920414,128.6291046143,0.875904,1.699826,-0.1601217531,0.25914831320000004,-0.8212251338000001,0.0482653454,-0.33646151420000003,0.0276703201,0.5317724943000001,-0.19746206700000002,-0.8113721013,0.11769715700000001,-0.2533522844,0.1067788154,0.3347664177,0.0339937508,-0.899128437,0.0440758094,-0.19792485240000002,0.267580837,0.5402961373,-0.031992077800000004,-0.7707465887,0.09221265470000001,-0.0351916254,0.1246284321,0.41209653020000003,-0.0775208622,-0.6484736204
1,124.029777,124.784979,124.029777,0.5288425088,125.5534744263,0.5208864808,125.4172744751,0.4991112053,125.2823791504,0.5674161911,125.2376937866,7.146273,7.380902,7.146273,-0.0754149482,8.2338266373,-0.0387273133,7.6531095505,-0.034520518,7.6492071152,0.1079677343,7.31478405,-0.491816,-0.478243,-0.491816,0.0060289134000000005,-0.48444557190000004,0.007866875300000001,-0.4851846695,0.0099914363,-0.48329490420000004,0.0113704428,-0.4768971205,130.715993,131.964383,130.715993,0.2176409513,131.2036895752,0.8808814287000001,130.6870880127,-0.3607794046,131.2346038818,1.8753175735,129.0766601562,0.397515,1.624354,-0.3183700141,0.2138879572,-0.1044532601,0.12150752540000001,-0.3955558836,-0.0604036711,0.0527649112,-0.1729520708,-0.4514859021,0.0145991417,-0.4506379366,-0.0860432535,-0.0621178225,-0.033861864400000004,-0.4288767278,-0.0808751062,-0.3902230859,-0.1501704305,0.195712775,-0.1060121879,-0.3714458346,-0.034842819000000004,-0.42995151880000004,-0.0174753591,0.1464802325,0.0177833438,-0.11863258480000001
2,124.288359,124.839744,124.288359,0.4396033883,125.6933670044,0.4241886139,125.5216903687,0.4045130014,125.4612045288,0.4120136499,125.3652572632,7.239195,7.107345,7.239195,0.2637464404,7.7159547806,0.1648903489,7.5738778114,0.30025964980000003,7.4687809944,0.3634636402,7.2481708527,-0.534165,-0.476616,-0.534165,0.0076102288,-0.5226509571,0.0098582376,-0.5232039094000001,0.0142116202,-0.5181072354,0.0150857596,-0.5206140876,130.156855,134.40228,130.156855,0.9285293221,129.4839630127,0.3646291494,129.8189697266,0.47406187650000003,129.5135498047,-0.0063452125,129.695098877,0.925159,1.811776,-0.7573971030000001,0.2775699522,0.45301655690000003,-0.38607680800000005,-0.9084634185,-0.1024855375,0.7640711665000001,0.1705033183,0.2930392027,-0.18377107380000002,-1.0932500362,0.0556767434,0.26896214490000003,0.2404598892,0.4562321901,-0.3294559717,-0.9389631152000001,0.004250280600000001,0.3542609513,0.2036778629,0.5458554029,-0.2138989717,-1.0680484772,0.0096565932,0.3654299378,0.24879540500000003,0.6142172217
3,124.411392,124.880019,124.411392,0.4237966537,125.8435211182,0.4640185237,125.491104126,0.3934773207,125.420539856,0.4564308822,125.3127288818,7.060177,7.025318,7.060177,0.0072613731,7.6193275452,0.1265883744,7.7412290573,-0.0342010967,7.2840604782,0.0869377851,7.1455345154,-0.503828,-0.481846,-0.5038279999999999,0.0072900280000000005,-0.49953746800000004,0.0084811253,-0.5016442537,0.0100313853,-0.49549612400000004,0.0092579033,-0.49173814060000004,130.932903,134.49185,130.932903,1.0511975288,131.6695556641,0.9421257377000001,130.9515533447,0.381195277,131.3783721924,1.560841918,130.6144561768,0.980589,1.633218,-0.7580101483,0.1689254058,0.5986987667,-0.1580938399,-0.676866889,-0.1746779084,0.1396739036,0.1884505302,0.4068078101,-0.0680598617,-0.7116422057,-0.1656855643,0.12451397630000001,0.0955670923,0.3278547525,-0.023042704900000002,-0.8292244077,-0.1145120412,0.0537474155,0.0542637184,0.4236761332,-0.10457750410000001,-0.7490464449,-0.17318813500000002,-0.15840667490000002,0.2068271488,0.4672938585
4,124.31441,124.761175,124.31441,0.40892249350000004,125.5387802124,0.44009983540000003,125.3442153931,0.45580542090000004,125.3992996216,0.47431403400000005,125.3450469971,7.406554,7.039888,7.406554,0.0333869159,7.7853484154,0.0518133044,7.6881690025000005,0.0239323266,7.3892440796,0.22483059760000002,7.2008867264,-0.481981,-0.527879,-0.481981,0.0049990434,-0.48180845380000004,0.006380823000000001,-0.4853757918,0.0085168947,-0.484695971,0.0073761288,-0.4832093418,132.202292,129.859384,132.202292,0.7446831465,132.3534698486,0.6295573115,132.37890625,0.09075734020000001,132.4607391357,-0.1618780494,131.9767456055,0.986434,1.153997,-0.5336665995000001,-0.2964429181,0.7748380308,0.0828163326,-0.5220012069000001,-0.186477989,-0.3121040463,-0.2770964503,0.4633967876,-0.0279770792,-0.5554023981,-0.134891808,-0.4142428637,0.043244198000000005,0.6089932919000001,-0.103011474,-0.5430394411,-0.184223786,-0.38936844470000004,-0.055048368900000005,0.6162536144,-0.1690645218,-0.5690336823000001,-0.2301703095,-0.4447865784,0.0642825291,0.5769444108
5,124.248613,124.595072,124.248613,0.4732432663,126.0043716431,0.46496629710000004,125.5522079468,0.4508708715,125.4671707153,0.4916825891,125.4341964722,6.895373,7.217309,6.895373,-0.0524337813,7.6950087547,0.2019830644,7.2509489059,-0.0039112903,7.2440071106,-0.0237419084,7.1727247238,-0.483526,-0.471114,-0.48352599999999996,0.0047633275,-0.48464941980000004,0.0074916314000000005,-0.48674905300000004,0.010104392700000001,-0.48571151490000003,0.0071457187,-0.4843176603,133.784392,134.362238,133.784392,1.3006920815,132.1178894043,0.2505387962,132.5997314453,0.7332971096,133.0715484619,1.7538225651000001,133.2242126465,1.198955,1.76728,-0.9852488149,-0.274956301,-0.6254414233000001,-0.30834674840000004,-1.3672642708,-0.29386329650000004,-0.6677361727000001,-0.1460329592,-0.5499101877,-0.3254022896,-1.3964531422,-0.2848065495,-0.6665058136,-0.1565700471,-0.6470174789,-0.4194118381,-1.3815153837,-0.3378974199,-0.8352367282000001,-0.2437553108,-0.5685145855,-0.5361652374,-1.3569648266,-0.2551820576,-0.7875968814000001,-0.2152636647,-0.5721473694
6,124.536285,124.773719,124.536285,0.4355317354,126.0335922241,0.4471236169,125.7911224365,0.44019091130000004,125.7494735718,0.421051681,125.6382217407,7.498514,6.883663,7.498514,0.0227925405,7.9612579346,-0.0597453639,7.8761520386,0.08836215730000001,7.6574087143,0.0103418604,7.5914463997,-0.518234,-0.473086,-0.518234,0.0078489361,-0.5057332516,0.0096598966,-0.5068420172,0.0124616493,-0.5030693412,0.0120968763,-0.5034114718,129.752112,132.463275,129.752112,1.0977728367,130.6703033447,1.473553896,130.1673583984,1.7754426003,130.9935150146,1.5083324909,129.9953155518,0.904054,1.794229,-0.0403775782,-0.7231117688,-0.541103569,0.0461007133,0.5684975386000001,0.0032968819,-1.0250868797,0.0053682849,-0.7587041855000001,0.068642959,0.0858657062,0.0434873216,-0.63027668,-0.0828454047,-0.5873491764000001,-0.0887131542,0.2634015977,-0.0095553808,-0.6560052037,-0.10258448120000001,-0.4175136089,-0.1246554032,0.0124539621,-0.0805381685,-0.5886035562,0.0223251618,-0.3271583319
7,123.666929,124.930894,123.666929,0.4419875741,125.1165771484,0.4532776177,125.0641326904,0.4900937676,124.809463501,0.47791600230000003,124.7205657959,7.142508,6.881378,7.142508,0.274762094,7.847360611,0.3873419166,7.6682887077,0.2012831122,7.3814144135,0.23187053200000002,7.0996074677,-0.529132,-0.481808,-0.5291319999999999,0.0092863878,-0.5221323967,0.0118164606,-0.5242983103000001,0.0131640695,-0.5260177851,0.0115498491,-0.5268031359,128.343378,134.38438,128.343378,1.0798561573,128.1520996094,0.5490658879,127.6837844849,-0.2097815275,128.8240356445,0.6976161003,127.5957336426,0.534902,1.885492,-0.3762028723,0.0613107862,0.375276433,-0.3356097341,-0.909440279,-0.1032735854,-0.148472935,-0.20283460620000002,0.5417402983,-0.1336848289,-0.6646937132,-0.19702062010000002,0.1353286207,0.0253782608,0.3823011518,-0.1826079786,-0.6398395896,-0.2203163207,0.0374431834,0.0022865385,0.43448248510000004,-0.1953199655,-0.4877301753,-0.11580678820000001,-0.0180791281,-0.1000129431,0.3771319687
8,124.153255,124.984556,124.153255,0.40499415990000004,125.6158370972,0.3949353993,125.335975647,0.3618995547,125.3562469482,0.41496574880000003,125.3522186279,7.258298,7.43776,7.258298,0.283870399,7.4980335236,0.08076711,7.3997612,0.1183801293,7.3442044258,0.1519984007,7.1380367279,-0.525426,-0.483357,-0.525426,0.0082975384,-0.5278832912,0.0092200274,-0.5293752551,0.011125562700000001,-0.5228580832,0.0108934566,-0.5218515992,128.839192,134.446266,128.839192,0.4751586318,129.6454162598,0.11937238280000001,129.7235107422,0.050807341900000004,129.5097045898,0.4969896972,129.5749206543,0.945941,1.731425,-0.078549305,0.020151069900000002,0.9424585363,0.2081443369,-0.4489099085,0.170374766,-0.0024631061,0.2474289834,0.8822435141,0.0079262815,-0.18699754770000002,0.024280078700000002,-0.23137173060000002,0.2024885863,1.0753552914,0.0707783625,-0.1094416678,-0.0687427521,-0.09188378600000001,0.2608855665,1.019033432,0.1208046973,-0.0844680071,0.048966527,-0.0115003176,0.1593251377,0.9446436167000001
9,124.414016,124.882208,124.414016,0.4637720287,125.7473068237,0.4767978191,125.5793762207,0.4793560505,125.5076828003,0.5430486202,125.4190063477,7.192686,7.33954,7.192686,0.047884836800000004,7.6102895737,0.0642314181,7.5412368774,-0.016074467500000002,7.5189905167,0.0621131025,7.3151578903,-0.500136,-0.474163,-0.500136,0.0050566983,-0.49286291,0.0069373073,-0.4934926331,0.0081574144,-0.48890426750000004,0.0089040361,-0.4862073958,128.863865,133.130669,128.863865,-0.1071004421,129.4019622803,-0.1017091572,128.6011047363,-0.25025445220000003,129.3163146973,0.01728338,128.2084655762,0.580857,1.523191,-0.5614797437,-0.11435612640000001,-0.0951764937,-0.1969324946,-0.7647687793,-0.0498049036,0.21854195,0.1243069172,-0.2126513273,-0.1093352437,-0.7495807409,0.1216640174,0.058272227600000004,0.0251779668,-0.19749127330000002,-0.1818515956,-0.8147059679,0.2232531309,-0.0734507293,-0.0836995095,-0.20204880830000002,-0.1271770746,-0.6751265526,0.1070032865,-0.029232785100000002,-0.0048945472,-0.1051931381
10,123.941462,124.997231,123.941462,0.4201685786,125.6178970337,0.4445555806,125.455368042,0.4188134372,125.4038314819,0.4211214781,125.297164917,7.338302,7.256021,7.338302,0.2081153393,7.8104791641,0.3568647206,7.888215065,0.2082130611,7.6488504410000004,0.2303688228,7.6490221024,-0.513723,-0.480738,-0.5137229999999999,0.008267670900000001,-0.5108193755,0.0102111083,-0.5117849112,0.0116693163,-0.5090278983000001,0.0092810988,-0.5052752495,129.634246,133.735119,129.634246,0.4750170112,130.0881347656,0.088153705,130.2250823975,0.4175693989,130.2940826416,0.5739164948000001,130.2476348877,0.869334,1.538714,-0.6734179157,0.1637089849,-0.5248330281,-0.0673985779,-0.8724991679,-0.08323293920000001,0.073757194,-0.0826028362,-0.8960694075000001,-0.15291358530000002,-0.8483630419,0.1674936861,0.0208779946,-0.0005624145,-0.5188081861,-0.2729810476,-0.8438216448,0.00279985,0.0714825466,-0.0243628249,-0.5942344069000001,-0.3181686103,-0.9007613659,0.24174392220000002,0.2344572246,-0.001046814,-0.3808235526
11,124.26094,124.588092,124.26094,0.3930573463,125.2969284058,0.4405882359,125.3195724487,0.4373768568,125.1340255737,0.4712946415,125.2769165039,7.084849,7.112353,7.084849,0.07528889180000001,7.5108599663,0.3611393571,7.6050071716000005,0.3944561481,7.4758701324,0.4664366841,7.1895990372,-0.529243,-0.485839,-0.529243,0.0080935843,-0.5217559338000001,0.010463993100000001,-0.523006618,0.012928463500000001,-0.520416379,0.013715744,-0.5178243518,128.839234,130.595374,128.839234,0.2511960268,129.402557373,0.3718493283,129.5684204102,0.14924559,130.2639770508,0.390366286,129.9549255371,0.903261,1.719645,-0.3596263165,0.788841454,0.2535336765,0.0867222995,-0.27177464960000003,0.3156245351,1.3673827648,-0.0837062895,0.2067267895,-0.2019186318,-0.3059842587,0.1857295036,0.9137977362,-0.1052978858,0.0692292154,-0.0407964736,-0.43530476090000003,0.2977761626,1.039924264,-0.037746191000000005,0.0695214868,-0.2138205916,-0.4812397659,0.3458478451,0.9725191593,-0.022782925500000002,0.023996532
12,124.264563,124.582218,124.264563,0.48579442500000003,125.9573974609,0.47633001210000003,125.6655654907,0.49800825120000003,125.7211303711,0.4315716922,125.4385757446,7.491097,7.150707,7.491097,-0.0612087622,8.2379560471,0.0096043125,7.973429203,-0.027144249500000002,8.0931816101,-0.0741331056,7.3368711472,-0.49254,-0.479191,-0.49254000000000003,0.0069724834,-0.47730374340000004,0.0088605955,-0.4792557061,0.0117161646,-0.47647044060000004,0.0109208375,-0.4795287848,131.458859,133.81063,131.458859,1.0140826702,131.6945495605,0.3538085818,131.2409515381,0.841035068,132.2070007324,1.0499128103,130.1005401611,0.767014,1.900016,-0.2336637833,0.5432136475,0.4884990723,-0.20507162810000001,0.0339426473,-0.0548245683,0.4297729731,-0.13756260280000002,0.37731385230000003,0.17095521090000002,-0.0168008339,-0.19619901480000002,0.4620954692,-0.0035980418,0.5467615724,-0.029859615500000002,-0.1812710166,-0.1490895301,0.4682881534,-0.1072262675,0.3644992709,-0.0687989891,-0.1581523567,0.030562251800000002,0.4527155459,0.0800849497,0.29022198920000003
13,123.917677,124.844502,123.917677,0.4636436701,125.7477416992,0.5068789721,125.3970947266,0.5002717972,125.2728729248,0.5561907291,125.1693344116,7.071934,7.370992,7.071934,-0.08935730900000001,7.7811899185,0.0724286735,7.8456993103,-0.0644764304,7.6481218338,0.0076438151000000005,7.3896155357,-0.482045,-0.481782,-0.482045,0.0053561484,-0.47649449110000003,0.0073826988,-0.4807063043,0.010442003600000001,-0.47564524410000003,0.0096036205,-0.4773675799,133.167365,132.748118,133.167365,1.3229254484,132.4150695801,1.2971293926,132.2951660156,0.7883697152,133.1948394775,1.3950991631,131.86277771,0.903152,1.858592,-0.6659509644,0.28555025030000003,0.5391231454000001,-0.1816351712,-0.6878952384,0.0448723808,0.2730355263,-0.1243978664,0.5579030514000001,-0.0380435139,-0.6748695374,0.0582027584,0.20222248140000001,-0.0066158921,0.6673477292000001,-0.1013934314,-0.7347806096,-0.0049540326,0.055471465000000005,0.0765393525,0.48175668720000003,-0.3175199032,-0.8229835629000001,0.1034071594,0.462562114,0.0730285048,0.5378652811
14,124.022881,124.932955,124.022881,0.4151037037,125.4444274902,0.4178507328,125.2443084717,0.4563562572,125.1441802979,0.45914089680000003,124.9856033325,7.067958,7.358314,7.067958,0.0218073353,7.118748188,0.1156575605,7.1631507874,0.0260438435,6.9453358650000006,0.2244158983,6.7291622162,-0.532419,-0.476257,-0.532419,0.0082101505,-0.5289947987,0.0111827161,-0.5287500620000001,0.013656104,-0.5221139193000001,0.0121480254,-0.525906086,128.891218,133.972887,128.891218,0.49972259999999996,128.6232299805,0.2521382868,128.8598327637,0.7814723849,129.7821655273,1.7293105125000001,129.3800811768,0.896187,1.775383,0.040640834800000004,-0.8892932734000001,-0.1032359595,0.2957108915,0.0629637167,-0.1529562026,-1.2080571651,-0.0188921243,-0.38768771290000004,0.1667373329,0.250828743,-0.2044499516,-1.1261883974,0.2852101922,-0.023938462100000002,0.08482383190000001,0.09762398900000001,-0.31954479220000004,-1.2176711559,0.043464765,-0.1338526309,0.1294466704,0.11919181050000001,-0.3860565126,-1.0654870272,0.0988196731,-0.055239006900000005
15,124.139124,124.573076,124.139124,0.4315133989,125.5736694336,0.46229928730000003,125.3410797119,0.4188977182,125.1338577271,0.4836634696,125.1485671997,6.905621,7.01793,6.905621,0.20881831650000002,7.3480911255,0.3619221747,7.6915187836,0.21179729700000002,7.499548912,0.1261164844,7.0368452072,-0.522938,-0.523015,-0.522938,0.009672828000000001,-0.5171858072000001,0.011592966500000001,-0.5198546648,0.0134865968,-0.5171374679,0.012501698,-0.5170725584,129.548614,128.619785,129.548614,0.3877387345,130.193649292,0.2119924575,129.9150848389,0.5142457485,130.4765319824,0.1271415353,129.0993804932,0.849728,1.094382,0.1550014092,-0.4943882283,-0.6734927408,0.22789503630000002,0.0997978598,0.136705786,-0.2090246081,-0.0889896154,-0.9942754507,0.2106248587,0.19938640300000002,-0.07219477,-0.5012389421,-0.0160722062,-0.537883997,0.0633172467,0.20246234540000002,-0.1098167971,-0.6086047888,-0.30603477360000003,-0.5889395475,0.18839001660000002,0.2020404339,-0.2345497906,-0.5498815775,-0.1549810171,-0.642863512
16,124.43296,124.570608,124.43296,0.5152160525,125.7473831177,0.5073618889,125.5831222534,0.4706574678,125.5530700684,0.4833503664,125.5002441406,7.165111,7.079731,7.165111,0.058441855,7.8094902039,0.1244250461,7.2026247978,0.09248918290000001,7.2488389015,-0.0020669177,7.266620636,-0.484651,-0.47943,-0.484651,0.0046347464000000005,-0.4798655808,0.0062927571,-0.4809387922,0.009981800800000001,-0.4782820344,0.008470460800000001,-0.47290092710000003,132.696136,132.842028,132.696136,0.5346566439,133.7492218018,0.0010344684000000001,133.4996795654,0.2159545869,133.423614502,-0.3660559654,133.2590332031,1.143988,1.731129,-0.6833084974,-0.7914764641,0.46407337400000004,-0.287530601,-0.7933483720000001,-0.4860112965,-1.1700171232,0.1162265688,0.4040497839,-0.2441171855,-0.8099275827,-0.4260599613,-1.1635295153,0.1697743535,0.5740916729000001,-0.2112236321,-0.7886370420000001,-0.4883534312,-1.2294986248,0.0689102113,0.5058768988,-0.27884376050000004,-0.7981040478,-0.5603214502,-1.3327310085000001,0.10280998050000001,0.4669347703
17,124.396893,124.90614,124.396893,0.444016546,125.1801834106,0.48183238510000004,125.1859359741,0.4869264364,125.1410369873,0.49745434520000004,125.254196167,7.39906,7.01335,7.39906,0.1647385657,7.6696982384,0.9417979717,7.6005153656,0.37655842300000003,7.3325018883,0.4351189733,7.3506803513,-0.515411,-0.512062,-0.515411,0.0084452853,-0.5108516216,0.011094382,-0.5115804076,0.0129716862,-0.5048582554000001,0.0128526147,-0.5092263818,130.12786,129.667867,130.12786,0.5543025732,130.102645874,0.26727348570000004,129.5595703125,0.2597456574,130.2241363525,0.24577820300000003,129.2164611816,0.62409,1.041887,-0.2591764025,0.3725823169,-0.428366375,-0.1852892637,-0.2783014178,-0.0697508082,0.6166342497,0.1026977003,-0.7180665135000001,0.0272639841,-0.3038910031,-0.0432249606,0.37453123930000004,0.06527905170000001,-0.4403434396,0.0300572999,-0.3730785847,0.13032522800000002,0.6159197092,-0.0010730252,-0.41270214320000004,0.0529224835,-0.1511162817,0.019860895400000002,0.3702881336,-0.0547704622,-0.4658863246
18,124.217873,124.808079,124.217873,0.4111416042,125.4901428223,0.4190962613,125.3503417969,0.37065869570000004,125.1835632324,0.4423756003,125.2477722168,7.157902,7.369861,7.157902,0.2537122369,7.4245877266,0.3182472289,7.5357589722,0.0931393802,7.4735622406,0.1871131957,7.1660776138,-0.540787,-0.482253,-0.540787,0.0093218451,-0.5291055441,0.0117471628,-0.5293145180000001,0.0145904347,-0.5259972215000001,0.014306346000000001,-0.5246511698,128.531765,134.523635,128.531765,0.7900103927000001,130.2076416016,0.260240376,130.4476928711,0.4589798748,130.4620513916,0.5282616019,129.7795410156,0.89226,1.826287,0.059623943400000004,0.8562160668000001,-0.24386001540000002,0.1533652842,-0.2965990305,0.3622078896,1.3151049613999999,0.1596092284,-0.40324771400000003,0.24948015810000002,-0.1568945646,0.31244149800000004,1.0978277922,-0.1380372941,0.0594170243,0.12341902410000001,0.0895950049,0.3617849946,1.0289313793,0.0155175012,-0.1719115525,0.22572045030000001,0.1737957448,0.29131227730000003,1.1514433622,-0.06268735980000001,-0.3779821694
19,124.204072,124.589847,124.204072,0.431515336,125.5365219116,0.4202211201,125.3175125122,0.3958503902,125.2522125244,0.4531327486,125.1517791748,7.047723,7.081998,7.047723,0.2041437626,7.0753045082,0.0487956107,7.229511261,-0.0031212680000000004,7.167532444,0.1087544337,6.9789381027,-0.537641,-0.479013,-0.5376409999999999,0.0084746452,-0.5392737985,0.010782532400000001,-0.5413185954,0.0141864298,-0.5406510234,0.0121386675,-0.5459170341,130.257675,131.83863,130.257675,0.7826887965,128.9853363037,0.1905494928,129.331161499,0.0896453857,129.1187744141,0.3255347013,129.2352600098,0.852763,1.873727,-0.6085505804,0.2107583358,0.5589732190000001,-0.19550274310000001,-0.8750146627000001,0.0569889992,0.4467355907,0.5137476921,0.5155204535,-0.21924170850000002,-1.0648597479,-0.012822557200000001,0.2208944261,0.32891651990000004,0.6695432663,-0.1933364719,-0.7405965924,-0.0934271291,0.2917743325,0.38183209300000004,0.7893678546,-0.038057439000000005,-0.6543214321,-0.0373876989,0.16636404400000002,0.31332755090000003,0.7813734412000001
20,124.329153,125.045088,124.329153,0.4323734045,125.0648422241,0.41758418080000004,125.1662902832,0.3998845816,124.9499053955,0.4305200577,125.1349029541,7.127458,7.099829,7.127458,0.35561096670000003,7.5278015137,0.6747407317,7.5994558334,0.22616969050000002,7.4841809273,0.1955516338,7.1922979355,-0.532744,-0.476886,-0.532744,0.0063171792,-0.5222568512,0.0079143383,-0.5214510560000001,0.0104991766,-0.5199776292,0.013005057300000001,-0.5171658397000001,128.926327,134.480508,128.926327,-0.0404014736,130.2156219482,0.4095466137,129.9826965332,0.5963049531,130.1618041992,-0.156989336,129.5301971436,0.859542,1.843549,-0.6883093144,0.0731704198,0.5095968779,-0.21637538080000002,-0.8206613660000001,-0.1755455732,0.2313978076,0.2551389933,0.6102688313,-0.1279663295,-1.0767366886,0.020113736400000002,-0.0340246856,0.3660004139,0.7379018068000001,-0.3227737248,-0.8774676919000001,-0.048488304,0.056908845900000005,0.2739488482,0.6603072286,-0.1122062057,-0.9553446174,-0.1421488672,0.2304478884,0.3602479696,0.7337926626
21,124.302126,124.79496,124.302126,0.44627642630000003,125.2084655762,0.47317510840000004,125.1776351929,0.4777995944,125.1160049438,0.45814663170000003,125.159942627,7.19669,7.121569,7.19669,0.3614761829,7.3066291809,0.4906010926,7.5237169266,0.4965684414,7.5144271851,0.4545083642,7.3069176674000005,-0.514617,-0.476246,-0.514617,0.0077441256,-0.5108119249,0.0096004242,-0.5137143135,0.0108638564,-0.513002038,0.0111102425,-0.5175459385,130.062081,133.940206,130.062081,0.6756480336,129.6625061035,0.2037355602,129.4030151367,0.2053222656,130.1992492676,-0.9339808226,129.7173156738,0.843869,1.808736,-0.6763629714,0.1985328277,0.4639316651,-0.2811712623,-1.1189687252,-0.3193385601,0.2339590937,0.21511892970000002,0.7039194107000001,-0.0735170394,-0.9232448339,-0.0612902716,0.061316162300000004,0.3297312558,0.7145672441,-0.2876630723,-0.8780452013000001,-0.0631291345,-0.0041100383,0.2574333549,0.5267287493,-0.1663527638,-0.8657397032,0.043177966000000005,0.11509355900000001,0.24876685440000001,0.6705585718
22,123.932637,124.842391,123.932637,0.5452443957,125.3724746704,0.5608552694,125.2729415894,0.5678615570000001,125.2151031494,0.5511538982,125.1365356445,7.059337,7.24864,7.059337,0.112754792,7.765630722,0.18327468630000002,7.3424634933,0.0393521674,7.1051230431,0.20335733890000002,6.9906158447,-0.481123,-0.480699,-0.48112299999999997,0.0044995626000000006,-0.4780964851,0.007189658000000001,-0.4788505435,0.01033324,-0.47480416300000006,0.0088458546,-0.4717232585,133.636489,132.470949,133.636489,0.8172218800000001,133.235244751,0.38885474210000004,133.0145721436,0.0168546438,133.2013092041,0.1718229651,133.4044494629,1.162551,1.672294,0.6162890066000001,0.3599487906,0.9176874190000001,0.4163592458,1.122320056,-0.0985060036,0.44851046800000005,0.36906766890000003,1.2039787769,0.41891780500000003,0.9878168106,0.1332902312,0.6018115878,0.3720771372,1.3224787712000001,0.4497335255,1.0361443758,0.0751875266,0.5230774879,0.3275161386,1.353395462,0.5049259663,1.0666093826,0.0460099429,0.513779223,0.40077281000000003,1.3750599623
23,123.992074,124.630203,123.992074,0.4836704135,125.5762557983,0.5370520949,125.4305877686,0.5334211588000001,125.3694076538,0.5063208938,125.3892288208,7.250954,7.289934,7.250954,0.18965572120000002,7.8954129219,0.19994464520000002,7.9923429489,0.1937568486,7.7922115326,0.2194713056,7.6204481125,-0.510929,-0.478659,-0.510929,0.0100843767,-0.5026262999000001,0.0133384522,-0.5045739412,0.0167028345,-0.5011954904,0.0151242549,-0.5055621862,130.25559,132.615797,130.25559,0.4682665467,129.3074798584,0.6848201752,128.6549072266,0.2649065256,130.0019226074,1.3123178482,128.1740264893,0.571691,1.806725,-0.1283324201,-0.4363663686,0.3463324142,-0.0395241864,-0.1106355786,-0.0640963912,-0.25262314080000003,0.0453761071,0.5962334871,-0.0523423888,-0.17389488220000002,0.1326954365,-0.3117083907,-0.0530925617,0.5382971764,-0.0167916454,-0.1828761548,0.0988510251,-0.2585754693,0.12252945450000001,0.5458203554000001,-0.0972299725,-0.392405659,-0.132981807,-0.2630421519,-0.042485863000000006,0.2399667352
24,124.066006,124.481001,124.066006,0.5135825872,125.8990707397,0.5328737497,125.5977249146,0.5448736548,125.6063156128,0.5170398951,125.4139633179,7.008921,6.847246,7.008921,0.0508770421,7.9632387161,0.13260445,7.4611654282,0.0392389633,7.2589526176,0.0102090351,7.3573675156,-0.483781,-0.479129,-0.48378099999999996,0.0061259554,-0.47093847390000004,0.0078073144,-0.4719947875,0.0117524508,-0.4659912586,0.0103007294,-0.46184644100000005,133.058502,134.26835,133.058502,0.5569378734,132.4261169434,0.3905978799,132.2624816895,0.4735560715,132.7049102783,0.4427624941,132.7344055176,1.1947,1.733639,0.3318930167,-0.6034380245000001,0.9762268044,0.2464868128,0.513513267,-0.3543561101,-0.8106920719,0.39562737940000003,1.2288426161000001,0.07054137440000001,0.4563037753,-0.236106649,-0.7686993480000001,0.396820277,1.2796669006,0.20999547840000002,0.5858448148000001,-0.28138259050000003,-0.8659451008,0.3105748296,1.3140287399,0.33642044660000003,0.7569020391,-0.4148529768,-1.0256736279,0.4433507621,1.3946158886
25,123.898347,125.022797,123.898347,0.5511245728,124.745552063,0.6068986654,124.89427948,0.5932704806,124.9413452148,0.6242805719,124.8797683716,7.471473,7.366584,7.471473,0.2602864206,7.5050125122,0.6278568506000001,7.1221456528000004,0.2557616532,6.8476042747,0.45100268720000003,6.822429657,-0.494219,-0.480121,-0.49421899999999996,0.00618493,-0.4907085598,0.009982365200000001,-0.49076044560000004,0.0126753235,-0.48257330060000003,0.0099079628,-0.4861403406,131.089294,132.673708,131.089294,0.2880079746,131.7947845459,0.5316960812,131.7722625732,0.4537782073,131.9140167236,0.3592155576,132.0811309814,0.754708,1.786723,-0.4442373847,-0.43638722490000004,-0.4263839062,-0.00034742430000000003,-0.6059694290000001,0.2510756552,-0.263481468,-0.0083577633,-0.4014574289,-0.35100600120000003,-0.4573061168,-0.059007018800000005,-0.3849157393,-0.0468817279,-0.5104020834,-0.2643443346,-0.5845621228,0.0359006152,-0.4326980114,-0.0302687921,-0.5614191294,-0.2376656979,-0.5893958807,0.0329056755,-0.4241644442,-0.131957069,-0.48913556340000003
26,124.245733,124.594338,124.245733,0.4028821588,125.4538955688,0.4504799545,125.3084640503,0.4169291556,125.2619171143,0.4557305574,125.1659088135,7.25579,7.446516,7.25579,0.0654748827,7.6234412193,0.0030900016,7.4808111191,0.1373390257,7.4492349625,0.1095911413,7.3058996201,-0.521647,-0.481381,-0.521647,0.0089722145,-0.5190622211,0.010771296900000001,-0.5184643269,0.012726090800000001,-0.5160176754,0.011869777000000001,-0.5153316259,129.227351,131.541495,129.227351,0.2315555513,128.4240112305,-0.01760149,128.9903259277,-0.1579123735,129.7198944092,0.41290825610000004,128.4458312988,0.789559,1.628931,0.017732918,-0.6181281339,-0.4909238936,0.0685379207,0.1635157317,0.1773796082,-0.7541019917,0.047604840200000005,-0.6628852487,-0.1003401354,0.004746452,0.0943205208,-0.712695539,-0.0205100253,-0.5497500896,-0.0735608637,-0.0036337674,-0.0945187658,-0.7592428923000001,-0.0690532401,-0.47902512550000004,-0.1535199583,-0.2156636864,-0.033725597,-0.6969640255,-0.0254060794,-0.5077779889
27,124.163908,124.533327,124.163908,0.5102198720000001,125.8684692383,0.5310166478,125.582862854,0.5198949575,125.6201934814,0.56820786,125.3949279785,7.321595,6.812156,7.321595,-0.192625016,7.5133605003,-0.3300855458,7.7031564713,-0.3201179802,7.431271553,-0.2634457946,7.4784517288,-0.512954,-0.482364,-0.512954,0.0100604687,-0.4961653948,0.0136899892,-0.49356079100000005,0.014712398900000001,-0.4861188531,0.014557469600000001,-0.4850824177,128.691946,134.965225,128.691946,0.5037856102,129.6071624756,1.0026259422,129.6864471436,0.8955640793,130.2815551758,3.8621387482,130.0719299316,0.963887,1.835136,-0.3387927609,-0.7834259913,-0.4478193127,-0.36601427200000003,-0.46912193300000005,-0.4481568635,-1.1297944784,-0.07966731490000001,-0.3005872369,-0.27919247750000004,-0.4874645174,-0.4042620957,-0.9059178829000001,-0.0081273578,-0.1404036582,-0.1738321334,-0.5324377418,-0.2578776181,-1.064692378,0.12393020090000001,-0.2200465798,-0.2981197238,-0.5072160363,-0.281131953,-1.1241647005,0.1084526926,-0.1536155492
28,124.096937,124.85999,124.096937,0.4184750319,126.1703567505,0.421056509,125.7288360596,0.41026675700000004,125.5244979858,0.4285000265,125.4077377319,6.983418,7.497146,6.983418,0.0022712126,7.4711589813,-0.1056378111,7.5435643196,0.0169767775,7.369374752,0.0002830215,7.2393188477,-0.52859,-0.478958,-0.52859,0.009123791000000001,-0.5189090967000001,0.0110093933,-0.5201343298000001,0.012918054100000001,-0.5138229132000001,0.014013195400000001,-0.5130213499,130.940033,133.25295,130.940033,-0.0319957882,129.668838501,0.104822889,129.5068969727,-0.1925684214,130.6667785645,-0.1188466549,129.7783508301,1.025115,1.743458,0.0229245658,-0.7751757026,-0.6704005639,-0.1228086352,0.3027110696,-0.41810303930000003,-0.8684276938000001,0.1029325873,-0.9381452799000001,-0.08757395300000001,0.1191329435,-0.2099838704,-1.0155403614,-0.0059222579,-0.6200692058,-0.0176818054,0.2681087554,-0.31850534680000003,-0.8908401728,-0.1001674235,-0.6702803373,-0.10780169070000001,0.0646273941,-0.2934905887,-0.9094239473,-0.16389137510000001,-0.7092802525
29,124.047542,124.549287,124.047542,0.4707840681,125.7927474976,0.4494909346,125.4717407227,0.48070514200000003,125.5038909912,0.4983406663,125.3206329346,7.152347,7.362859,7.152347,0.3432186842,7.3131890297,-0.0106520578,7.5177254677,0.1613322794,7.4281754494,0.16841481630000002,7.1965923309,-0.533784,-0.48999,-0.5337839999999999,0.0093722194,-0.5240957141,0.011733034600000001,-0.5243453979,0.0152248312,-0.5162630081,0.016030075,-0.5163944364,128.654416,131.991144,128.654416,0.3076055944,129.3643035889,1.0649080276,129.1102142334,1.0352766514,129.3040771484,-0.030653178700000002,129.2640838623,0.993679,1.594727,-0.1509062819,-0.7806064593,-0.5960522580000001,-0.0700863302,0.0177686438,-0.46693336960000004,-0.8878712058,0.0050410777,-0.8532475233,-0.1329404414,0.1600367427,-0.4471545219,-0.9783733487,0.0139220729,-0.3160561025,-0.1315740198,-0.084472619,-0.5133135319000001,-1.084825635,-0.1887753606,-0.49156749250000004,-0.1068582684,-0.2326575816,-0.4217493534,-1.1061266661,-0.0361080244,-0.4945066571
30,124.229678,124.803457,124.229678,0.4473926127,125.7247619629,0.4552775323,125.5567474365,0.4621697664,125.5362319946,0.44990271330000003,125.4111633301,7.099083,7.146263,7.099083,0.4096663594,7.5182495117,0.5900627971,7.7258009911,0.34431791310000004,7.4484739304,0.5544854403,7.0682601929,-0.518802,-0.538841,-0.518802,0.0064940983,-0.5094280243,0.0077567636,-0.5127199888,0.0100849271,-0.5070060492,0.011756401500000001,-0.5086289048,131.037653,129.4565,131.037653,0.6484779119,130.7678375244,0.4169348478,130.4117584229,0.7746404409000001,130.7577056885,1.0196743011,130.3724517822,1.089563,1.227548,-0.0414114705,-0.7332992356,-0.8048012564,0.1316300631,0.2167237252,-0.2878680527,-0.6267457604000001,-0.2697988749,-1.0422670841,0.0873550102,0.233737722,-0.3106635511,-0.8995541930000001,-0.1482234448,-0.7416114807,0.0845655501,0.11666858940000001,-0.33797720070000004,-0.9644628167,-0.1576871276,-0.8936262131,-0.0479957461,0.2323580235,-0.4199950099,-0.9356098175,-0.2165917307,-0.9492678642000001
31,124.092181,124.998125,124.092181,0.3606130779,125.7900619507,0.34579294920000003,125.4692687988,0.36907050010000003,125.4939117432,0.37126034500000005,125.3394851685,7.167888,6.996671,7.167888,-0.0112163872,7.7752742767,-0.0183058158,7.4090394974,0.0402451791,7.3127040863,-0.060918234300000006,7.127158165,-0.51634,-0.476285,-0.51634,0.0073415041,-0.5156334043,0.008346485,-0.5148331523,0.0102450531,-0.5124799013,0.0092347972,-0.5098714828,129.277439,132.954346,129.277439,-0.0279072523,129.2303466797,0.2257968038,129.0361480713,-0.0431622267,129.5894622803,0.8255749345000001,129.3692626953,0.838035,1.71453,0.0962460997,-0.0174203872,-0.8323075968,-0.0529935397,0.1831207424,-0.0691637844,-0.0019692678,-0.08003464340000001,-0.8535019755000001,-0.1430342197,0.0674822107,0.0093596019,-0.08853088320000001,0.14808543030000001,-0.5158557296,-0.0654599071,0.24700392780000002,-0.0600576289,-0.1701590568,-0.0344552174,-0.6003879309,-0.12838843460000002,-0.0206505861,-0.0805951655,-0.12418413160000001,-0.0453613661,-0.5493375063
32,123.987764,124.506334,123.987764,0.3767928779,125.8405227661,0.43043893580000003,125.4948501587,0.49156013130000004,125.4112854004,0.46358442310000003,125.1632461548,7.061691,7.138671,7.061691,0.0177415907,7.6511163712,-0.107742317,7.4392995834,-0.1124696136,7.5400052071,-0.076201342,7.1362857819,-0.514999,-0.473093,-0.514999,0.0067311535,-0.5143898129,0.0086479671,-0.5155013204000001,0.0099615129,-0.5121181011,0.0096009346,-0.5149642825,128.560937,133.894209,128.560937,0.277123034,128.6524658203,-0.2927960753,128.3565979004,-0.5381985903000001,129.3215942383,-0.229119122,128.8920288086,0.822144,1.770901,0.057959346,-0.030667641500000002,-0.8195245433,-0.0019066632000000001,0.3412099183,-0.0353719853,0.1299256235,-0.17636953290000001,-0.7263991833,-0.0731844231,0.21975968780000002,-0.1213450134,-0.0789974034,0.2038700581,-0.8067333698,0.0272331517,0.2672868073,-0.005325157200000001,-0.029662326000000003,-0.0831566304,-0.7125765681,-0.1424916983,0.017936455100000002,-0.05899873,-0.1634064168,-0.10449776050000001,-0.6594338417000001
33,124.06751,124.669808,124.06751,0.5227143764000001,125.8316040039,0.5432225466,125.5222320557,0.5873737335,125.5167922974,0.5686167479,125.2961578369,7.285886,6.84576,7.285886,0.0463277251,7.5142259598,-0.2189664841,7.4355688095,-0.09542059900000001,7.6077303886,-0.2305926681,7.1662421227,-0.527912,-0.480014,-0.5279119999999999,0.012389434500000001,-0.5104693770000001,0.0155233257,-0.5073776841000001,0.0182371959,-0.5064564347,0.0158363171,-0.5030475855000001,126.211608,135.304525,126.211608,1.0624959469,127.8799819946,0.8065024018,127.4895095825,1.2996960878000001,128.6295776367,0.6759562492,127.6607666016,0.42913,1.85151,0.21033708380000002,0.2676038343,-0.26134095300000004,-0.0740850791,0.6714669466000001,-0.0041686893,0.2271126211,-0.1023076475,-0.0828783736,-0.08530871570000001,0.321420759,-0.07514821740000001,0.34215039010000003,0.1382669061,-0.1247336715,-0.0498926006,0.4484162927,0.0213356502,0.28874439,0.1506827623,-0.0319783837,-0.0024540741,0.2401246578,0.0946400389,0.24155628680000002,0.0603603423,0.030051894500000002
34,124.214936,124.91633,124.214936,0.49139451980000004,125.1130981445,0.4887512922,125.0408477783,0.4708364606,125.0834503174,0.4906019568,125.0805282593,7.116549,7.090293,7.116549,0.2054486275,7.2860136032,0.41994854810000004,7.4563965797,0.2577339113,7.387843132,0.3650144041,7.2018003464,-0.517775,-0.510958,-0.517775,0.0067156656,-0.5133527517,0.007913555000000001,-0.5140326023,0.0095303273,-0.5102742314000001,0.0103848763,-0.5117016435,130.336347,129.320907,130.336347,0.1726575792,129.7571258545,0.1511106938,129.4280853271,-0.20191657540000002,130.4017486572,0.0552948713,129.9217987061,0.980765,1.293894,-0.0639468292,-0.0347920985,0.9780591677,0.20394963030000002,-0.0645749718,0.0448188111,-0.014494298000000001,0.3885886371,1.275296092,0.1890278012,0.1151574254,0.059844985600000004,-0.0989445597,0.25463390350000004,1.2494184971,0.1231019497,0.09397231040000001,-0.0851500481,-0.1129954085,0.3943277597,1.1619383097,0.2039194107,0.0789692998,0.0115011288,0.031636364800000004,0.2066750675,1.2659621239
35,124.537872,124.48803,124.537872,0.4164472222,125.370880127,0.4112066031,125.3157196045,0.3699651957,125.3112564087,0.3792046309,125.352355957,7.291862,6.787943,7.291862,0.15335446600000002,7.5987615585,0.1263835728,7.72514534,0.16924951970000002,7.7366170883,0.3555832803,7.4667210579,-0.527845,-0.483447,-0.527845,0.0078385063,-0.5171831250000001,0.008982623,-0.5165993571,0.0102907047,-0.5143932104,0.0130437836,-0.5151839852,130.70696,133.27737,130.70696,0.5775066614000001,129.7492675781,0.1499901116,130.2070159912,-0.3504266739,130.1887512207,-0.0387154818,130.068069458,0.766917,1.719809,-0.1584853505,-0.1801560847,0.7284144869,0.1510807425,-0.5603020191,-0.2045388222,-0.2473644912,0.0771816522,1.1007672548,-0.04464183,-0.2808952332,0.0084114298,-0.1235302538,0.3635290265,1.0863857269,0.0636286885,-0.3206851184,-0.1489259303,-0.2398575842,0.2585779727,1.0158360004,0.0825035498,-0.2214616835,0.0205627158,-0.1468752623,0.2355004996,1.0767216682
36,124.017033,124.825604,124.017033,0.410838753,125.614692688,0.4198649526,125.3433303833,0.4230186939,125.2786865234,0.42672863600000005,125.185836792,7.141157,7.427771,7.141157,0.1322791278,7.5241341591,0.0538361557,7.3962931633,-0.0057787895,7.340927124,0.1011039913,7.0984740257,-0.53584,-0.483602,-0.5358400000000001,0.0081500793,-0.534491837,0.0095292889,-0.5364710093,0.012846496,-0.5331812501000001,0.014554108500000001,-0.533247292,128.986435,133.62267,128.986435,0.5763733983,129.2246704102,0.0068037063,130.0078125,-0.3474860191,129.8271942139,0.1632268429,129.8926391602,0.960872,1.80592,-0.0846562149,-0.1782830792,0.9403852276,0.0537338853,-0.5814830661,0.032964512700000004,-0.2906817198,-0.0370489582,0.8639358282,0.0298718624,-0.1093533784,-0.0921573862,-0.4421840012,0.1782272011,0.9438650608,0.0263671875,-0.07511892910000001,-0.0823436528,-0.2601813078,0.2571010292,0.9785590172,0.0665238425,0.0295720398,0.0312570706,-0.3215503395,0.2504404783,1.0419250727
37,124.083696,124.807927,124.083696,0.4174017608,125.3955383301,0.4195570946,125.3149871826,0.3712735474,125.1456604004,0.39174598460000004,125.170501709,7.035087,7.180195,7.035087,0.32639694210000003,7.4861502647,0.1837437451,7.6120514870000004,0.16819792990000001,7.4244527817,0.16958472130000002,7.200715065,-0.530845,-0.47609,-0.530845,0.008158965,-0.5246116519,0.0094034718,-0.5271043777000001,0.011238529300000001,-0.5262061954,0.013287615000000001,-0.5265341401,131.214589,133.986916,131.214589,0.697581172,129.4344024658,0.1629983187,130.6007080078,-0.5235568881,131.0621795654,1.3329617977,130.1366424561,0.766178,1.907475,-0.10921017920000001,-0.3158521557,0.6894480896,0.09629072250000001,-0.4917157888,0.0811172128,-0.33942312,-0.0062780678,0.7997758389,0.0501833037,-0.15538908540000002,-0.0639492422,-0.4836371243,0.2712650001,0.9087242484,0.0214612707,-0.1976058334,-0.1525751054,-0.3982549906,0.2831440568,0.7737050056,0.06669120490000001,-0.07677537200000001,0.018703654400000002,-0.3636709154,0.2433008701,0.9675610065
38,124.031923,124.348091,124.031923,0.4983075261,125.4727706909,0.49311220650000004,125.2842788696,0.4628674984,125.2161865234,0.5208750963000001,125.2476654053,6.802746,6.9784,6.802746,0.1068217605,7.8758025169,0.2741442025,7.3182687759,0.08399948480000001,7.0225691795,0.0989909545,7.1448488235,-0.483755,-0.482737,-0.483755,0.0051041762,-0.4827332199,0.0078755487,-0.4837694764,0.0111758579,-0.48042511940000004,0.0093758209,-0.4734516144,132.769365,133.442024,132.769365,1.0693467855,133.1745300293,0.3837480247,133.4884490967,0.7463507652,133.1131134033,0.1600027084,133.0482788086,1.243587,1.655759,-0.8305215051,-0.81910569,-0.43105608040000004,-0.2658056319,-0.8034905195,-0.39649036530000004,-1.1025116444,-0.3273551464,-0.8571785092,-0.2208523452,-0.7791424990000001,-0.4335112572,-1.1746323109,-0.4032960534,-0.7722581029000001,-0.2088387311,-0.8673741817,-0.3478904366,-1.1765477657,-0.41730335350000003,-0.9115028381,-0.298039645,-0.9209136963000001,-0.47969764470000004,-1.1736652851,-0.35532313590000003,-0.9457712173
39,124.292595,124.706724,124.292595,0.5161164403,125.55052948,0.4927065372,125.3926620483,0.5047459006,125.3913269043,0.5072001219,125.2366104126,7.10097,7.126097,7.10097,0.3260155618,7.5543026924,0.26758447290000004,7.7538533211,0.4225144088,7.6830816269,0.37567490340000004,7.4322094917,-0.530169,-0.475055,-0.530169,0.0097885709,-0.5156340003000001,0.012057889300000001,-0.5150020719,0.0146617442,-0.5091653466,0.013752677500000001,-0.5095443726000001,129.000496,133.984891,129.000496,0.1510778368,129.7911834717,-0.09900507330000001,129.603805542,0.2098021507,130.4627075195,0.6872313023000001,129.7048187256,0.789476,1.947741,-0.0637249907,-0.6292046759000001,0.4725600803,0.221750617,-0.1605148613,-0.1941448003,-0.7968729138,-0.0291749313,0.7438249588,0.1823869944,0.0186897218,-0.193623811,-0.7930328846,0.2647847533,0.462557435,0.1860577613,0.1693492532,-0.2743794918,-0.8069152236,0.1573962867,0.47603547570000004,0.1941181421,0.1284888536,-0.2075767964,-0.7534122467000001,0.22515892980000002,0.7449913025
40,123.904734,124.867697,123.904734,0.4110377431,125.2024307251,0.4182351828,125.185333252,0.3910184801,125.0324249268,0.4175514281,125.0273513794,7.003001,7.088369,7.003001,0.12325015660000001,7.0831694603,-0.0348978117,7.0576882362,-0.15906496350000002,7.0244045258,0.1484460533,6.794008255,-0.53596,-0.482309,-0.53596,0.0069797602,-0.5373297930000001,0.0086434884,-0.5372345448,0.010840535200000001,-0.5328796506,0.0078901779,-0.5331778526000001,128.824247,133.431482,128.824247,0.1560826898,128.9802703857,-0.2180842757,129.2074890137,0.07790380720000001,129.5061035156,0.0129324198,129.8860626221,0.721956,1.622063,-0.3165968651,-0.5400850452,0.35957693830000004,0.1612353325,-0.6688668728,-0.42856341600000003,-0.937038064,-0.3060594499,0.3634305298,0.0646705031,-0.3438695073,-0.1331374943,-0.8004373312,0.3009698093,0.4763115644,0.0714977086,-0.12794932720000002,-0.2975265086,-0.6916139126,0.1974730194,0.6676223278,0.0770251825,-0.20718559620000002,-0.17270162700000002,-0.6198475957,0.1646499038,0.5422033668
41,124.332182,124.39079,124.332182,0.439868331,125.8582305908,0.43314433100000005,125.6199798584,0.421402812,125.471572876,0.4366782904,125.4045257568,7.172037,7.400625,7.1720369999999996,0.2019074559,7.4038748741,0.0121360645,7.5900893211,0.164927274,7.4828929901,0.0584393926,7.4956331253,-0.522096,-0.481594,-0.522096,0.0084959473,-0.511354804,0.0112956073,-0.5103344321000001,0.0132095106,-0.5071587563000001,0.011108337000000001,-0.5060622692,129.815597,134.485809,129.815597,0.3210229278,129.7464599609,0.1037565917,129.2202758789,-0.1635760367,130.4381561279,-0.28033614160000003,129.7334442139,0.834688,1.745262,-0.26635245490000004,-0.7628594708,0.2092996081,0.0009822994,-0.4964932501,-0.23143230380000002,-1.0537908077,0.19360113140000001,0.3061807454,0.1527484804,-0.29109638930000004,-0.10751476880000001,-1.136800766,0.0652325302,0.1038955748,0.0520263985,-0.32971018550000003,-0.2781246006,-1.0987383127,0.0331212841,0.1585873067,0.1116749793,-0.2424481362,-0.2607913315,-1.0902763605,0.0962982923,0.2196431309
42,123.947842,124.785798,123.947842,0.49636363980000003,125.5479278564,0.4914176464,125.3543701172,0.5264031887,125.2786712646,0.5176247358,125.2236404419,6.992548,7.093489,6.992548,0.1949547976,7.3602547646,0.2702220678,7.8236198425,0.1386413723,7.4876213074,0.1193617955,7.2302675247,-0.505218,-0.474105,-0.505218,0.0077524669,-0.5004289150000001,0.0093809832,-0.5038309693,0.0117066465,-0.5024914145,0.0130045786,-0.4990521073,130.213372,133.757432,130.213372,0.5615763664,129.8974304199,1.1672018766,129.6811065674,0.7854661345,130.1551818848,2.4655871391,129.7086639404,0.972351,1.997064,-0.1528604861,-0.9602516656000001,0.0042012347000000005,0.17539417740000002,-0.0618513115,-0.37673628330000003,-1.1720230579,-0.1515370011,-0.1559731513,0.2334189415,0.0565340295,-0.2912152112,-1.1737442017,-0.1182346717,-0.36412608620000003,0.1523708403,-0.0468184501,-0.32870155570000004,-1.2411665916,-0.1653549224,-0.27930554750000003,0.20410144330000002,0.06734265390000001,-0.39441594480000003,-1.1389971972,-0.14264534410000002,-0.0981271565
43,124.108353,124.854041,124.108353,0.44587084650000003,125.6976318359,0.4212590456,125.5375289917,0.4043601751,125.4618682861,0.4394097924,125.4502258301,6.578008,7.244192,6.578008,0.2587293386,7.8257160187,0.3278897107,7.4659910202,0.22651879490000001,7.3811950684,0.1596504897,7.2740840912,-0.478066,-0.471835,-0.478066,0.0040734326,-0.47881653900000004,0.004917264,-0.4822131395,0.0080927815,-0.47908878330000004,0.006584440400000001,-0.4765336812,134.757506,133.651916,134.757506,0.9644946456000001,133.8394622803,0.29981026050000004,133.8672180176,0.4175744355,133.7868347168,0.1569039226,133.6600646973,1.26001,1.606773,-1.1568128044,0.15689355870000002,-0.47412363100000005,-0.6078234911,-1.5146640539,0.21067160370000002,0.2467629761,-0.3256003857,-0.7816724777,-0.4689241052,-1.4333188534,0.14916385710000002,0.23041291530000002,-0.2579118609,-0.7750909328000001,-0.4719990194,-1.5621399879,0.14436809720000002,0.2264044285,-0.28891894220000003,-0.7148798704,-0.5639549494,-1.6276057959,0.1055299491,0.20695653560000002,-0.2924865484,-0.7480713129000001
44,124.202212,124.85317,124.202212,0.3969304562,125.6398086548,0.4026700854,125.557510376,0.3675474823,125.4433746338,0.42873278260000003,125.2816619873,7.0394,7.046464,7.0394,0.38660401110000003,7.3482608795,0.20625728370000002,7.4547657967,0.0991084948,7.5706167221000005,0.2372219265,7.1408100128,-0.555019,-0.489008,-0.5550189999999999,0.008498741300000001,-0.5464240909,0.0102737769,-0.5483899713,0.0159664825,-0.5418983698000001,0.015552552400000001,-0.5475527644,129.816749,132.240481,129.816749,0.4299508929,129.0185699463,0.2203550041,129.1695404053,1.2661840916,129.3155670166,0.14546173810000002,129.6731567383,0.881808,1.606555,-0.5930413626000001,0.1127046142,-0.6427941472,-0.4185375273,-0.7918794155000001,0.22276765110000002,-0.1737687886,-0.0067183077,-0.46573624010000003,-0.49033319950000004,-1.0146107674,-0.0344077423,0.1054037511,-0.1859634519,-0.0977056921,-0.2886879444,-0.5907857418,0.1645588428,0.2948324084,-0.137944445,-0.41488057370000003,-0.1284705848,-0.5653055906000001,0.14470329880000002,0.2799174488,-0.1199968904,-0.4166285396
45,123.888502,124.987338,123.888502,0.4764566422,125.3406829834,0.5205767751,125.1703186035,0.5212945342,125.1814956665,0.5618572235,125.1565704346,7.448279,7.037971,7.448279,0.054283861100000004,7.6268200874000005,-0.09603220970000001,7.6973166466,-0.19212313,7.800570488,-0.0262573659,7.3777894974,-0.478251,-0.478524,-0.478251,0.0056396588,-0.47611251470000004,0.0073751691000000005,-0.4775749147,0.0099569904,-0.474753201,0.0052881036,-0.4730905294,131.751399,132.634922,131.751399,0.7309111357,131.8124389648,0.4219617546,131.7638397217,-0.0555829704,131.7500915527,-0.20969426630000002,130.6774749756,0.934317,1.753287,-0.3664049907,0.10240078770000001,-0.8533518593,-0.0349355489,-0.2070880681,0.0360812135,-0.0360597521,0.1042312086,-0.5600174665000001,-0.0199015588,-0.265221417,0.063399151,0.0787849575,-0.0110309646,-0.9107881784,0.0312951431,-0.15926672520000001,-0.011096118,0.15311174090000002,-0.022872733000000003,-0.8741099834,0.0262292325,-0.3551997542,-0.035103336,0.1905891597,-0.07511610540000001,-0.7351880074
46,124.483665,124.847304,124.483665,0.4281965494,125.6922988892,0.44086122510000003,125.4744720459,0.41806793210000004,125.4907150269,0.45764172080000004,125.4716262817,7.530761,6.884862,7.530761,0.0180758089,8.1002140045,0.24246862530000002,7.8145890236,-0.049402799500000004,7.7596940994,-0.0331095085,7.5357599258,-0.481185,-0.479332,-0.481185,0.0052073407,-0.4792648852,0.0067342948,-0.4821815789,0.0082349041,-0.48168072100000003,0.0082648406,-0.4836839437,130.71831,133.126963,130.71831,0.8551180959,131.7307128906,0.4025161564,131.3006439209,0.2354861796,131.6562194824,0.020620048000000002,130.6603240967,1.040258,1.815281,-0.6749459421,0.38466147100000003,-0.6918238217,0.0624027848,-0.5216757059,-0.007666852300000001,0.13226175310000002,0.0782649145,-0.5857766271,0.0163675863,-0.46133625510000004,-0.0046113655,0.2554379106,0.005964506400000001,-0.8516602516,-0.0373059213,-0.564907968,0.0867382139,0.1970588267,0.01936391,-0.6627657413,-0.1636929214,-0.6263938546000001,0.135445118,0.25480723380000003,-0.023820363,-0.5031414032
47,124.357426,124.948907,124.357426,0.4115824699,125.8594970703,0.4795247018,125.6143798828,0.4323782325,125.5346374512,0.48413333300000005,125.4399337769,7.438246,7.141971,7.438246,-0.0097008124,7.7481436729,-0.0080100372,7.5706071854,0.11416377130000001,7.699016571,0.0197728798,7.3461661339,-0.530416,-0.47864,-0.530416,0.0089710746,-0.5117726922,0.0108846761,-0.5115472078000001,0.0124806212,-0.5067857504000001,0.0122816283,-0.4990834296,126.32876,134.308256,126.32876,0.100345917,128.3620452881,0.7051361799,128.5894470215,1.1271535158,129.850769043,0.4514985085,129.567779541,0.780732,1.804915,-0.39079088040000004,0.1347189511,-0.6623259063,0.058227703000000006,-0.49272859100000005,0.1272699237,-0.3261396587,-0.2797141671,-1.1423004866,0.139143303,-0.30281025170000003,-0.1438578963,-0.1791960299,-0.0080418736,-0.7133285999,-0.009835641800000001,-0.42716073990000003,-0.21890668570000002,-0.2441592813,-0.0926396474,-0.8253751993,-0.1479395628,-0.40919056530000003,-0.0123632299,-0.0918129832,-0.250524193,-0.6135118008
48,124.196033,124.889834,124.196033,0.44469150900000004,125.5196685791,0.4898992479,125.3987121582,0.4438556731,125.297958374,0.4349213243,125.2837524414,7.265846,7.186187,7.265846,0.097082451,7.5826935768,0.31778851150000004,7.6133327484,0.104399398,7.2308716774,0.30231934790000003,7.1994256973,-0.517779,-0.536683,-0.517779,0.0072787618,-0.5139642954,0.0090949703,-0.5169962049,0.0126621053,-0.513939023,0.0106423162,-0.516734302,130.3729,127.432689,130.3729,0.7069858313,129.8959960938,1.1880357264999999,129.1967163086,0.5753660202,130.0421142578,0.9212593436000001,129.556060791,0.853832,1.193145,-0.4091773784,0.6768423109,-0.321693912,-0.0569111891,-0.2966798842,0.0828420669,1.0098502636,-0.33227813240000004,-0.4162101448,-0.15732875470000002,-0.4491648972,0.0026604012000000002,0.5856381655,-0.0884964317,-0.29541593790000004,-0.2225285619,-0.5817792416,-0.0060188435,0.6668103933,-0.1672314554,-0.480496794,-0.2068204731,-0.5089710951,0.0141306268,0.5838215351,-0.10814188420000001,-0.4779079258
49,124.052406,124.784189,124.052406,0.44345197080000004,125.9387969971,0.44811880590000003,125.6217041016,0.4321360588,125.5825653076,0.4813760817,125.4952774048,6.737804,7.20282,6.737804,-0.1325943172,7.5692734718,0.1068415791,7.3031826019,-0.0791236907,7.1398224831,-0.126065284,7.0436873436,-0.480613,-0.473128,-0.48061299999999996,0.0041032177,-0.4743368328,0.0056905616000000004,-0.4772708416,0.0081533976,-0.4761017263,0.0077364529,-0.4701476097,131.994794,134.129636,131.994794,0.8215513825,134.5499420166,0.3160976171,134.1251220703,0.1110018194,134.1232757568,-0.3852969408,133.4044494629,1.276713,1.736748,-1.0366936423,-0.7402947684000001,-0.0850036426,-0.4698610306,-1.086635232,-0.47308588030000004,-0.9450250268,-0.2730692327,-0.33437597750000003,-0.2960931063,-1.1774356365,-0.1989874542,-0.8870600462,-0.14601689580000002,-0.3233602047,-0.4248194396,-1.0863839388,-0.29096263650000004,-0.9372342825000001,-0.1197030768,-0.3859993219,-0.4040201604,-1.2389509678,-0.3321503997,-1.0133606195,-0.1574161351,-0.3442288935
50,123.947653,124.750496,123.947653,0.44333046670000004,124.9546203613,0.45905509590000004,125.030166626,0.5004684925,124.9606246948,0.47936967020000004,125.0502319336,7.280343,7.229465,7.280343,0.3773037493,8.1762208939,1.7980722189,8.1915693283,0.7505380511,7.74325037,0.8432013988,7.4385666847,-0.496985,-0.470755,-0.49698499999999995,0.0050945049000000004,-0.4860299528,0.0072913789,-0.4884897172,0.0097013041,-0.4826115966,0.0143807167,-0.48695558310000003,131.161716,135.10838,131.161716,0.7101444006000001,130.7080383301,-0.1529949307,130.6926116943,0.34338170290000003,130.8848266602,0.0894567966,129.9840698242,0.868386,1.822917,0.0731280537,0.8525934617,0.1477529289,-0.07359647750000001,0.1038921773,-0.0134681165,1.2163814306,-0.2085852176,0.12900424,0.1274361759,0.2251025736,0.0991254449,1.1110230684,-0.0048109703,0.0914881676,0.0669867992,0.2678308189,0.0640256703,0.8687931299,-0.150329873,0.0313327536,0.10892811420000001,0.2628625035,0.272341758,0.7928962111000001,-0.0857120007,0.12420526150000001
51,124.234727,124.804228,124.234727,0.4903568923,125.3321914673,0.5096971393,125.1852645874,0.4641987383,125.1810073853,0.47849160430000004,125.0955352783,7.38337,7.298005,7.38337,0.2110071778,7.8432579041,0.6097579002,8.0960578918,0.1819799989,7.7429208755,0.42680567500000005,7.5820894241,-0.501829,-0.485939,-0.501829,0.0072753052,-0.4941721559,0.0082782311,-0.4939757288,0.009723301,-0.48975867030000003,0.009164908000000001,-0.4853442907,129.898555,131.266543,129.898555,0.2781989574,131.0237121582,0.46677955990000003,130.4302215576,0.6882571578000001,130.4507598877,2.2748839855,130.137008667,0.726241,1.991654,-0.1801979463,0.48072697950000004,0.5136696543,0.1862313002,-0.10352593660000001,0.07637963440000001,0.5734285116,0.092858538,0.6514036655000001,-0.1608799994,-0.0780953392,0.0900077969,0.49348586800000005,0.0302067138,0.5768226385,0.0923857689,-0.0975673646,0.0800327733,0.6098179221000001,0.0052486919000000005,0.5842589140000001,-0.1809224039,-0.241310358,0.24867010120000002,0.5353907347,-0.10835380110000001,0.2734047174
52,123.928252,124.556868,123.928252,0.4686826766,125.4750518799,0.44601041080000003,125.2695770264,0.4137038589,125.2092437744,0.4515133798,125.1246566772,7.194393,7.053168,7.194393,0.2553556263,7.4039983749000005,0.1787542403,7.5306386948,0.0963973701,7.66447258,-0.065470621,7.4401750565,-0.522114,-0.481024,-0.522114,0.008673746100000001,-0.5215694904,0.010071001900000001,-0.5233729482,0.012629648700000001,-0.5229454041,0.0126947463,-0.5196214914,129.663613,132.767314,129.663613,0.5949091315,128.767288208,0.49971327190000003,129.2743377686,0.6791005135,129.4732513428,0.4103831351,129.4087219238,0.855421,1.871859,-0.031314933,0.48720108110000004,0.7024235933,0.11725727470000001,0.1173982918,0.4696787,0.7170301676,0.02901043,1.3016639948,0.0762800723,0.3603310883,0.3915886283,0.7626014948000001,0.1567648053,0.8965928555,0.0927408561,0.11955185230000001,0.3562068343,0.7310785651,0.2408930361,0.7992794514,0.0299299527,0.057436630100000004,0.3502106071,0.8683917522,0.1843483448,0.7801722288
53,123.86691,124.610675,123.86691,0.4501201808,125.579826355,0.5015805364,125.3222427368,0.4639800489,125.2122650146,0.5171192288,125.1217880249,7.073182,6.980871,7.073182,-0.14275413750000002,7.6636362076,0.0224192068,7.5250387192,-0.1860220879,7.5351333618,-0.1269553304,7.4855194092,-0.497465,-0.469426,-0.497465,0.0060059535,-0.4941855073,0.0074256877,-0.49492818120000004,0.0089220461,-0.4934159219,0.0057739802,-0.4929413795,128.816019,133.460833,128.816019,0.2025460899,131.2143859863,0.5752158165,130.3612823486,0.14061436060000002,130.8443145752,0.8632039428,130.4841766357,0.969767,1.798389,-0.029113582500000002,-0.5906577583,0.7685852545,0.0799481049,0.1441309899,-0.1287254989,-0.6011005044000001,0.3038803339,0.8710117340000001,-0.0128471255,0.032187134,0.0169680007,-0.7119306326,0.1462489069,0.8895822763000001,0.0059830658,0.2217190266,-0.0659709349,-0.489007473,0.1448384076,0.86769557,0.0349034593,0.1370129287,0.08821855490000001,-0.2828785777,0.20138813560000002,0.8144504428
54,123.92824,124.915402,123.92824,0.4079153836,126.151473999,0.4670503736,125.6790084839,0.4401153922,125.5623474121,0.44648212190000003,125.3867874146,7.048574,7.203959,7.048574,-0.0398057848,7.8828415871,0.0236954987,7.720038414,-0.09934116900000001,7.767988205,-0.0636048466,7.6416530609,-0.507188,-0.4807,-0.507188,0.0087736696,-0.4978913069,0.0112176985,-0.4959847927,0.0116531346,-0.49128457900000005,0.013306817,-0.4885095358,128.8189,134.262176,128.8189,0.9223353267000001,131.2696685791,0.7012450695,130.325668335,1.1789662838,131.2671508789,1.1181203127,130.0604095459,1.05934,1.680355,-0.0740140851,-0.5652569579,0.892865126,-0.09431996200000001,0.3253008723,-0.2146946639,-0.8857510686000001,0.2356048524,0.8730282784000001,0.102073729,0.1999686658,-0.0727756619,-0.5980949402,0.1445800811,0.7451595068,0.0709795728,0.17681069670000002,0.0001163557,-0.6552855968,0.1590080857,0.8429011106000001,-0.0305215344,0.0950761288,0.028733015100000002,-0.4431267679,0.23936247830000001,0.9544795752
55,124.024869,124.48222,124.024869,0.47634822130000004,125.5356826782,0.4975460172,125.3645858765,0.526414752,125.4280090332,0.5071616173,125.4282455444,7.199147,7.278148,7.199147,0.21678245070000002,8.2553138733,0.21159920100000001,7.9944257736,0.34972143170000003,7.7773475647,0.3081874847,7.7011528015,-0.490611,-0.486715,-0.49061099999999996,0.0063544633,-0.4867245853,0.008074052600000001,-0.4887041152,0.010087296400000001,-0.4914556444,0.0083801169,-0.4853717685,129.555744,133.122634,129.555744,1.0171800852,129.9914855957,0.41219764950000004,129.4574432373,0.7178800106000001,130.2600402832,0.1200188398,128.9220581055,0.586926,1.840815,-0.1599465877,-0.5498584741,0.1286654555,0.0300596729,-0.0111296177,0.0640478283,-0.5191657543,-0.11446212230000001,0.0434810296,0.099837862,-0.1015093252,0.21253608170000002,-0.42293083670000003,-0.1658002287,-0.1280264258,0.0518807769,-0.0947206169,0.09926515820000001,-0.3296228349,-0.1259227395,0.0719414651,-0.1041209772,-0.0997525454,0.0837973803,-0.2534068823,-0.0116193071,0.10147050020000001
56,124.349929,125.11359,124.349929,0.43430370090000003,125.4590911865,0.49082013960000004,125.3346557617,0.48233985900000004,125.231262207,0.5296211243,125.2037811279,7.347128,7.168353,7.347128,0.30405977370000004,7.9103126526,0.32114905120000004,7.8693141937,0.09903401140000001,7.5882673264000005,0.1065699905,7.2334942818,-0.548465,-0.478767,-0.548465,0.0118118916,-0.5288980007,0.0141709615,-0.5286952257,0.0168801229,-0.5228570104,0.0180608518,-0.5304045677,127.353595,135.221098,127.353595,1.3260471821,127.6492080688,0.5350495577000001,127.0908584595,-0.1645188034,129.0605926514,0.47540012000000004,126.8559875488,0.403671,1.700822,-0.2501937682,-0.0270059565,-0.3156323565,-0.1960759461,-0.6160336733,0.501802206,0.2321945429,0.0002564751,-0.6192961931000001,-0.1572432369,-0.5189259052,0.2577233315,0.16079625490000002,-0.0124551542,-0.5696120858,-0.35402655600000005,-0.7692234516,0.123913385,0.25438734890000003,-0.010555652,-0.343793422,-0.4206736982,-0.398021102,0.12079260500000001,0.1632428616,0.1288262457,-0.3291143179
57,123.773376,124.811644,123.773376,0.5154266357,125.4915847778,0.48409223560000003,125.3037796021,0.48068255190000003,125.3608016968,0.5106270313,125.4004364014,7.383445,6.847573,7.383445,0.0499570817,7.7285985947,-0.028869472400000002,7.6329007149,-0.3393933475,7.4229264259,-0.2070677578,7.0414919853,-0.492779,-0.474997,-0.49277899999999997,0.0084851626,-0.4907306135,0.0112634506,-0.4915212989,0.0143918749,-0.4906841516,0.0112661263,-0.49413004520000003,130.999824,134.270528,130.999824,0.4184162021,130.999420166,0.6216781139,131.2736206055,0.1716538072,130.9786834717,-0.3356862068,129.8216400146,1.006639,1.642586,-0.152762602,-0.96577813,-0.2392889533,0.1329708397,-0.2248212248,-0.2271443009,-0.571957767,-0.1540272385,-0.3937640786,0.0544684827,-0.46009764080000004,0.1876388192,-0.754455328,-0.0433987305,-0.24166096750000002,0.0579517037,-0.23108170930000002,-0.016415529,-0.8308450580000001,-0.10090307150000001,-0.3179743886,0.0089296401,-0.1168777794,-0.0668867379,-0.8186786771000001,0.0203815047,-0.17943201960000002
58,123.953842,124.212764,123.953842,0.5119430423,125.5525131226,0.4937396646,125.4489746094,0.5081868172,125.5168991089,0.5291821957,125.55884552,7.56873,6.50245,7.56873,0.09162262830000001,8.2021312714,0.0091366172,8.0350084305,-0.11115430300000001,8.0015420914,0.0366076902,7.6210031509,-0.488867,-0.469482,-0.488867,0.0087810699,-0.4818703532,0.011875066,-0.48281589150000004,0.0146010555,-0.477801919,0.0104382979,-0.4856782854,131.601327,135.430588,131.601327,0.4903496504,131.1135101318,0.48683232070000004,131.0593414307,0.6262347698,131.3267822266,0.9581198096,129.4567718506,0.890037,1.948253,-0.2609340073,-0.8168806318,-0.2382950979,0.2516265512,-0.08961087470000001,-0.1104218513,-0.7603184581,-0.0255741514,-0.4348322153,0.1826426685,-0.1783697605,0.1611459106,-0.7411668897,-0.0625296682,-0.2674917579,-0.0406595655,-0.0296575725,0.0730110705,-0.7598464489000001,-0.021915327800000002,-0.3780325949,-0.027269370900000003,0.0814270079,-0.09070523080000001,-0.6829128265000001,-0.0225068405,-0.2568523586
59,124.18609,124.796351,124.18609,0.4921875894,125.8274230957,0.4735845923,125.5453720093,0.4820702672,125.5849685669,0.4764196277,125.5041809082,6.844023,6.852512,6.844023,0.2138605118,7.8634138107,0.2320834696,7.4812221527,0.1319682449,7.283159256,0.051449649,7.232758522,-0.485587,-0.48579,-0.485587,0.0065162047,-0.48316633700000006,0.0082515934,-0.4848888814,0.010960409400000001,-0.48000875120000003,0.008739776000000001,-0.4851253629,134.051972,132.97788,134.051972,0.5353397131000001,132.9190216064,0.21415370700000003,132.7705688477,0.5980526209,133.3034057617,0.8286654353,132.327911377,1.269844,1.967577,-0.2374146134,-0.41183377800000004,1.1775110397,-0.1200277582,-0.2866465151,-0.1538014859,-0.4893473685,0.49050715570000003,1.4662210941,-0.0811485499,-0.2662606835,-0.1311194599,-0.3843787313,0.5127043724,1.4886591434,-0.06274215130000001,-0.38399606940000003,-0.054996699100000004,-0.39934960010000004,0.5544346571000001,1.6383993626,-0.12197643520000001,-0.3446958959,-0.234157145,-0.5137084723,0.6173770428,1.7231289148000002
60,124.11474,125.028071,124.11474,0.4505604208,125.4950332642,0.4617882371,125.2678833008,0.4969252348,125.2869949341,0.5217980146,125.2695846558,7.273155,6.852665,7.273155,0.1054488868,7.8177423477,0.07995539160000001,7.665594101,0.0731736422,7.8250899315,0.13767239450000002,7.421626091,-0.477112,-0.484352,-0.477112,0.0047066486,-0.4747200012,0.0051064864000000005,-0.4781889617,0.0070178192,-0.4773063064,0.0041153375,-0.4763860106,131.224028,132.513027,131.224028,0.30404603480000003,131.3669586182,-0.1764330864,131.0618591309,-0.26726257800000003,131.4068145752,-0.21849536900000002,130.2423553467,0.772179,1.666185,-0.2809056726,-0.5887207847,-0.41323102640000003,-0.0667580441,-0.32505282760000004,0.1578229368,-0.3670837283,-0.0515263975,-0.4955848157,-0.0044249594,-0.4747098088,0.1157510057,-0.4685649872,-0.0867998973,-0.5597530603,-0.102201499,-0.37051707510000004,0.027870746300000002,-0.508410871,-0.1143697053,-0.5249715447000001,-0.0984828323,-0.3233614266,0.0537263006,-0.408717066,-0.09462714200000001,-0.4467102885
61,123.895919,124.952966,123.895919,0.4654971659,125.0643768311,0.46905055640000004,125.0223999023,0.4443704188,125.0347824097,0.4602776766,125.0259246826,7.360762,7.335494,7.360762,0.2008619905,7.0738835335,-0.0661049113,7.1326975822,-0.040586423100000005,7.1262779236,0.12164099510000001,7.0869121552,-0.534569,-0.47951,-0.534569,0.0088014826,-0.5330792665,0.011621384,-0.5336314440000001,0.015085531400000001,-0.5330336094,0.0118756061,-0.537861526,128.309775,133.61862,128.309775,0.9874209166000001,129.361907959,0.0902775079,129.6415863037,0.062356725300000006,129.1024475098,0.17307943110000001,129.5325469971,0.806022,1.866677,-0.10300788770000001,-0.4821513355,-0.6376446495,-0.0711978078,-0.6850781441,-0.2441392243,-0.6294253469000001,-0.0543521345,-0.8707604408,0.0106561407,-0.4256294668,-0.1403698623,-0.6040617824,-0.1109882221,-0.9484527111000001,0.0845574588,-0.3480654359,-0.0220930818,-0.6169676185,-0.1617610306,-0.8446520567,0.3402278125,-0.14876800780000002,-0.0101354094,-0.5873824954,-0.0814370066,-0.6885614395
62,123.720295,124.43173,123.720295,0.4040585458,125.5636749268,0.4343825281,125.4112167358,0.4828816354,125.2511291504,0.522546649,125.2681732178,7.095334,6.996346,7.095334,0.3170552552,7.3967838287,0.3764133751,7.6042237282,0.0136556365,7.4097709656,-0.06512899700000001,7.2731494904,-0.532239,-0.477001,-0.532239,0.0115295248,-0.5180307627,0.0145877153,-0.5202459097000001,0.0163945667,-0.5174002051000001,0.0130917523,-0.5265077353000001,127.984463,132.518447,127.984463,0.8935247064,127.6571502686,0.2109761238,127.1771697998,0.9070174098,128.6271972656,1.0435051918,127.2700119019,0.522018,1.683877,-0.3630081625,-0.17533572320000002,0.3316398229,0.0765002593,-0.6548956633,-0.2350354046,-0.3947153986,0.11771386860000001,0.6713215113000001,-0.1143085882,-0.5291855931,-0.1462027729,-0.4339842796,0.2026402205,0.4446113706,-0.1641754806,-0.5716117024,-0.23650300500000002,-0.2817357183,0.12238088250000001,0.5809996128,-0.0559707209,-0.4065981805,-0.2657397687,-0.36895182730000003,0.164418593,0.6240420341
63,124.351535,124.874137,124.351535,0.4336892068,125.7365112305,0.4125686884,125.4875488281,0.39122718570000004,125.3877792358,0.4042614102,125.2523193359,7.075132,7.045816,7.075132,0.29373109340000003,7.3411664963,0.1262830943,7.4830031395,0.0727329999,7.3868169785,-0.0353577211,7.3214263916,-0.525184,-0.486505,-0.525184,0.0073342612,-0.5267728567000001,0.008162375500000001,-0.5275013447,0.0106130727,-0.5272752643,0.0120790172,-0.5297104716000001,130.07184,132.589982,130.07184,0.1466655731,129.6895904541,0.2511228025,129.5678100586,-0.0088225603,129.5898132324,0.29508662220000004,129.6175689697,0.875206,1.75496,-0.6967360956,0.3746481126,-0.3744104787,-0.21784178910000002,-0.754363656,0.07541339100000001,0.5249010921,0.0013993084,-0.5635143518,-0.1382256597,-0.8873980045000001,0.18643456700000002,0.4241329432,-0.0844299123,-0.3043879867,-0.2872648835,-0.7361866236,0.1400139779,0.3162099719,-0.0446367562,-0.35683196780000004,-0.1993628144,-0.8401660919,0.1767791659,0.45422905680000003,0.079726927,-0.2596076727
64,124.188472,124.795138,124.188472,0.41458544140000003,125.6692657471,0.4201779962,125.3288116455,0.4155929685,125.3479614258,0.4396505356,125.3648529053,7.114257,6.891205,7.114257,0.22125416990000002,7.5789461136,-0.0112945363,7.3825349808,0.18023808300000002,7.260008812,0.1797453314,7.0251283646,-0.527464,-0.522946,-0.5274639999999999,0.0085827447,-0.5230454803,0.0108287791,-0.5225588679000001,0.0131448768,-0.5226265788000001,0.014207475800000001,-0.5196467638,127.941301,129.817161,127.941301,0.4638881683,129.5179290771,-0.0165489316,129.8128051758,-0.2581646442,129.9145355225,0.3371341228,129.4394683838,0.97041,1.298034,-0.7284641548,0.5453929871000001,-0.33701918810000003,-0.1373559237,-0.6222310066,0.16040307280000002,0.3724802136,0.011290177700000001,-0.7239596248,-0.1584999859,-0.9311709404,0.1137219518,0.5090880394,0.07462621480000001,-0.3890172243,-0.2793244421,-0.8098372221,0.0265837982,0.5534659624,-0.0776482075,-0.4105069041,-0.1722823232,-0.7090219855000001,0.1833930463,0.5596719384000001,0.11108690500000001,-0.27717137340000003
65,124.133651,124.844559,124.133651,0.4550668597,124.3694076538,0.44708845020000004,124.8564987183,0.47110825780000004,124.8276824951,0.4225882292,124.9527664185,7.313368,7.098158,7.313368,0.3665835857,7.3900485039,0.8986119628,7.3385572433,0.4911305308,7.3168201447,0.540048182,7.1198320389,-0.538502,-0.484587,-0.5385019999999999,0.0077402857,-0.5333077908,0.009532528,-0.5353991389,0.011836644300000001,-0.5357564688,0.0098604281,-0.5428547859,130.238143,133.809175,130.238143,0.2937498391,129.471206665,-0.0188951492,130.8048706055,-0.7083489895,131.0176086426,0.2382081747,130.542175293,0.672983,1.679425,-0.6145065531,0.059759811100000004,-0.2678002343,0.013584014,-0.8830053210000001,-0.0593128949,0.3955824375,-0.0085733235,-0.4971132874,-0.187362045,-0.7799886465,0.059203662000000004,0.0081532001,0.0562220141,-0.3185747862,-0.2771841288,-0.7741124034,-0.1172104627,-0.0652121902,-0.0134378076,-0.1960934699,-0.2657150924,-0.8767830133000001,0.0478940681,0.1570705473,0.0856856406,-0.1827652752
66,124.399742,124.874657,124.399742,0.41023799780000003,126.0980529785,0.3941449225,125.5927581787,0.3753497899,125.5278396606,0.3928863704,125.3557434082,7.067953,6.977833,7.067953,0.18548876050000002,7.5303983688,0.1400488466,7.5021567345,0.1165955365,7.4575214386,0.1120923385,7.1308670044,-0.533277,-0.481853,-0.533277,0.0086675882,-0.530714035,0.010691594300000001,-0.5319193602,0.0126947537,-0.5336020589,0.0146054476,-0.5414381623,130.707273,133.122982,130.707273,0.4214507937,129.6320495605,-0.09086912870000001,129.6523590088,-0.2205540836,129.9341430664,-0.1516262293,129.6883087158,0.931831,1.771078,-0.7716275415,0.4520927209,-0.2617476271,-0.31197607520000004,-0.7659776807,0.11553151910000001,0.35214591030000003,-0.0332508236,-0.7653681636,-0.3335536122,-1.0019273758,0.1542364359,0.3078121841,0.0257055461,-0.5773357153,-0.3904171288,-1.0258020163,0.0368326977,0.3805524111,-0.0095191598,-0.2969839573,-0.28908449410000003,-1.0188641548,0.1415284127,0.3838340938,0.1037717462,-0.2535851002
67,124.054146,124.758668,124.054146,0.4279300272,125.8980102539,0.4400475621,125.607711792,0.3593252301,125.4846572876,0.38695776460000003,125.2263336182,6.917813,7.208414,6.917813,0.10004892950000001,7.7972073555,0.17624962330000002,7.9087514877,0.0989697129,7.7133569717,-0.0049065575,7.4394435883,-0.519587,-0.473552,-0.519587,0.0073966207,-0.5135314465,0.0087298946,-0.5137263536000001,0.011368528000000001,-0.5188542604,0.012059871100000001,-0.5162709951000001,129.578517,135.469092,129.578517,0.2795648873,129.5463562012,0.1918226629,129.5592498779,-0.012331187700000001,129.7576446533,0.21181297300000002,129.1485900879,1.021212,1.879364,-0.6283270365,0.7594851678000001,-0.2669482731,-0.1779545844,-0.39936178920000004,-0.10646955670000001,0.6389847994,0.076799795,-0.7427452803,-0.1945258677,-0.6602689624,0.0904011205,0.6397477388,0.0369242243,-0.3786522746,-0.28110793230000003,-0.6288357973,0.1554831862,0.5997716188000001,-0.056087750900000004,-0.3979771137,-0.2396103144,-0.6631549597,0.2201677859,0.5025185347,0.0223301314,-0.3775081038
68,124.173869,124.887969,124.173869,0.37591430540000004,125.8023757935,0.38591867690000003,125.6367263794,0.36570343380000003,125.4624404907,0.3559793234,125.3468475342,7.2326,7.389698,7.2326,0.2777737081,7.7096352577000005,0.1511592269,7.5471558571,0.147794053,7.7265701294,0.1825723946,7.3069810867000005,-0.541613,-0.475126,-0.541613,0.009794382400000001,-0.528844893,0.0116156638,-0.5284981728,0.014219760900000001,-0.5269417167,0.0167618115,-0.5215855837,129.244263,134.398536,129.244263,0.6089256406,128.5877532959,0.21994824710000002,129.5248565674,0.27632489800000004,130.1634368896,0.252954483,129.5910186768,0.857622,1.829008,-0.6005438494,0.5860097271,-0.1773578352,-0.46251094340000004,-0.5747431517,-0.0460251868,0.712148428,-0.3651206493,-0.8671320677000001,-0.4214404225,-0.5631967783,0.2970381379,0.6162817478,-0.1477449536,-0.6992518902,-0.3592082858,-0.9843178391,0.0993115827,0.5195155144,-0.3789556026,-0.4294707775,-0.45612773300000004,-0.8809036016,0.0450138301,0.5615808368,-0.11427950860000001,-0.4684436917
69,124.266986,124.755979,124.266986,0.4373999536,125.8483657837,0.41578209400000005,125.6253738403,0.3976413608,125.563949585,0.41749084000000003,125.5651855469,7.082455,7.241036,7.082455,0.2087967694,7.4479765892,0.16484539210000002,7.6552658081,0.11944979430000001,7.5468349457,0.0624981448,7.4396810532,-0.519885,-0.473578,-0.5198849999999999,0.0061281505,-0.5135399103,0.0083695687,-0.5165116191,0.0114317853,-0.5196985602,0.0105790393,-0.5242561102000001,129.114186,133.108976,129.114186,0.6538910866000001,129.7607727051,0.5331833363,129.6759185791,0.8352619410000001,130.562286377,0.16415470840000002,129.6835784912,0.963202,1.788098,-0.7080935417,0.6441633306,-0.1068460016,-0.049459684600000005,-0.5500083566,0.0223220438,1.0257711411,-0.1728505194,-0.35965353250000004,-0.3060060441,-0.8423421979,0.0915514603,0.8769982457000001,0.06897620110000001,-0.4378328025,-0.22597076,-0.7571815848,0.2511814237,0.7494409084,-0.1588990539,-0.5055946112,-0.25237375500000003,-0.8865661621,0.12257455290000001,0.8063981533,-0.16643853490000002,-0.4349974394
70,123.912146,124.831081,123.912146,0.3906704187,125.7895278931,0.4154725969,125.4430618286,0.47449857,125.2871627808,0.48649698500000005,125.2824478149,7.145595,7.364656,7.145595,0.13325725500000002,7.549264431,0.101913102,7.6120724678,0.0965279341,7.3802661896,0.0758317411,7.2277059555,-0.519786,-0.475006,-0.519786,0.0064641573,-0.511592567,0.0086069843,-0.5168586373,0.010842937,-0.5118896961,0.0109781828,-0.5174776912,130.620755,135.20266,130.620755,0.5790946484,131.0712432861,0.3193286657,130.3455963135,0.3879146576,131.0538330078,0.5113841295,130.8439331055,0.82157,1.653026,-0.6005400262,0.5602209861,-0.021944164500000002,-0.061839819000000004,-0.43896588680000004,0.0640090257,0.9818561077,-0.1624699831,-0.1067361534,-0.051075726700000004,-0.5747692585,-0.0760840476,0.6154747009,0.0151253492,0.0117769986,-0.1199057102,-0.3791845441,0.16385601460000002,0.6875206232000001,-0.0021017352,-0.0803425163,-0.26785239580000003,-0.4874946773,0.0654814839,0.5641945601,0.1108144075,-0.050193652500000005
71,124.373404,124.454787,124.373404,0.43573179840000004,125.6971206665,0.43415382500000005,125.5563735962,0.45160588620000003,125.5902099609,0.4381585121,125.472946167,7.176092,7.349905,7.176092,0.2535611689,7.4002561569,-0.0473445803,7.5645151138,0.1268360913,7.531452179,0.1486039907,7.2744865417,-0.545206,-0.476992,-0.545206,0.0102574639,-0.5336544514,0.0127035845,-0.5317241549,0.0177714974,-0.5253592730000001,0.0166676473,-0.5257179737000001,128.213402,133.880249,128.213402,1.3304966688,128.372543335,0.0679654926,128.7066955566,0.2542675138,128.9550018311,0.0195316076,128.8450012207,1.176332,1.767509,-0.6626255839,0.9475942465,0.2162169994,-0.11201032250000001,-0.3649152815,0.2477657795,1.4574664831000002,-0.1235574931,0.23804998400000002,-0.1767054647,-0.5913711190000001,0.20063677430000001,1.1697537899000001,-0.0689421892,0.0973691344,-0.1830225289,-0.751983881,0.2113252133,0.9919244051,-0.1761281788,0.0697414875,-0.2586579919,-0.7442135811,0.18562081460000002,0.9863584042,-0.2564306557,0.0169489086
72,124.396389,124.447956,124.396389,0.3731079996,126.0935897827,0.37476617100000004,125.5874404907,0.3578647673,125.6735839844,0.4127037525,125.4580383301,7.169423,7.120801,7.169423,0.183005318,7.6585659981,0.058306202300000005,7.6484260559,0.0622060969,7.4546089172,0.024780612400000002,6.9880757332000005,-0.526809,-0.478749,-0.526809,0.0070762369,-0.5165449381,0.008553627900000001,-0.5171496272,0.0113835763,-0.5103408694,0.0121842232,-0.5106198788,128.617515,134.507558,128.617515,0.5667328835000001,130.1026306152,0.3196339607,129.9444122314,-0.0811803937,129.780456543,0.3937828541,129.3493041992,1.073369,1.77381,-0.49814287960000003,0.5517832278,0.774280716,-0.4042336047,-0.1856728792,-0.0715403259,0.43622484800000005,0.083893165,0.8175440431000001,-0.0640479848,-0.3754807711,0.0531881824,0.6349033713000001,0.0706317127,0.7613562942000001,-0.1535611302,-0.38668671250000003,0.24299411480000002,0.5948091149,0.1979485303,0.6521166563,-0.1629949808,-0.31475764510000004,0.1146427691,0.5445239544,0.128345266,0.7018218637
73,123.800692,124.905799,123.800692,0.4980871677,125.1856994629,0.48600125310000003,125.2060775757,0.4582711458,125.1789703369,0.47344791890000004,125.2057647705,7.256833,7.336036,7.256833,0.22746735810000002,8.0622749329,0.4878089726,7.8762288094,0.2777611911,7.6073203087,0.38456889990000004,7.2031164169,-0.492571,-0.478162,-0.492571,0.0044849506,-0.4883441925,0.0051634032000000005,-0.49333262440000003,0.009624254,-0.49634891750000004,0.0085661439,-0.49548691510000004,133.290374,132.476662,133.290374,1.1867302656,131.6899108887,0.6802102327,131.7969360352,0.4586799741,132.0802612305,1.1938847303,131.5344696045,0.760059,1.717133,-0.1979212615,-0.33367222820000003,0.6535899828,0.143861562,-0.1998176724,0.0227225013,-0.22466179730000002,-0.041127048400000005,0.4036397934,0.0856244117,-0.21505622570000002,-0.1902507544,-0.3991357088,-0.0061923144,0.6424251795,0.0034111561000000003,-0.2551653087,-0.1533365548,-0.2798494399,-0.0313224345,0.5264793634,-0.1725623459,-0.3120376468,-0.033352483100000004,-0.3910412788,-0.061119999700000004,0.4775878787
74,124.202212,124.617133,124.202212,0.4966795444,125.663230896,0.49605825540000004,125.4958572388,0.4914200902,125.5172119141,0.513928771,125.4992675781,7.379346,6.839592,7.379346,-0.022146515500000002,7.6616277695,0.0812362507,7.5407400131,-0.0197767131,7.4078588486,-0.050977163000000006,7.5342826843,-0.510331,-0.49024,-0.510331,0.007412927200000001,-0.5049906969,0.0099373264,-0.5064156651,0.0117160091,-0.5064405799,0.0117351804,-0.503711164,127.63104,133.193769,127.63104,0.45843410490000003,128.6642456055,0.3152059615,128.7214050293,0.69137609,128.8438568115,0.45599129800000004,127.2280960083,0.812181,1.809991,0.2612824533,-0.6853105484,-0.3488819309,0.0584157407,0.5433118343000001,-0.1979947984,-0.9372353554,-0.2536559701,-0.46910011770000004,0.0927385837,0.38578456640000003,-0.0284263082,-0.7321944237,-0.2019076645,-0.5722059011,0.2529191673,0.6639624834,0.054653942600000005,-0.8526208401,-0.0503473133,-0.6127467155,0.223995775,0.5696189404,-0.1092922986,-0.5713859797,-0.1007607281,-0.5661782622
75,123.988186,124.795051,123.988186,0.5031818151,125.4621734619,0.4962810278,125.2784957886,0.4932420254,125.2453384399,0.5169925094,125.3116989136,6.704845,7.465123,6.704845,-0.0455104634,7.7470860481,0.3953258395,7.464307785,0.21133346860000002,7.0796899796,0.3060230017,7.1400413513,-0.476664,-0.473748,-0.476664,0.0053575872000000005,-0.47843530770000003,0.00755279,-0.48196205500000006,0.0107692983,-0.4822631478,0.0117224287,-0.48270833490000004,134.409552,133.026443,134.409552,1.0529783964,134.4845123291,0.8115125299,133.4226837158,0.6545823216000001,133.3474273682,0.31665658950000003,133.3044891357,1.153209,1.742362,0.6673415490000001,0.7520169101,-0.5648160417,0.3660643101,0.7820344567,0.3299124241,1.0216420889,-0.20468734200000002,-0.7984791398000001,0.1974136084,0.6290966868,0.3083375692,1.0521080494,-0.3375812769,-0.8729157448,0.2857583463,0.8079086542,0.3749793768,1.0530240536,-0.2053772956,-0.8081364632,0.3919303119,0.9210268259000001,0.4616857469,1.0765056610000001,-0.14310987290000002,-0.7778908014
76,124.035438,124.478497,124.035438,0.41003018620000004,125.0346908569,0.4220125079,125.0891571045,0.43183290960000004,125.0027008057,0.4041797817,125.0077896118,7.273545,7.207954,7.273545,0.2170530856,7.2926254272,0.2702228427,7.270430088,0.17890156810000002,7.3111782074,0.2713754177,7.1347494125,-0.532472,-0.485506,-0.532472,0.0067425347,-0.5300462246000001,0.0088913403,-0.5306519270000001,0.011038463600000001,-0.5303456187,0.0131647512,-0.5296809673,128.295813,132.809757,128.295813,0.5948384404,129.0008544922,0.1678766012,129.9602050781,-0.6307938695,129.8159179688,0.7941766977,129.7485809326,0.73037,1.522458,-0.1507309024,0.17476013910000002,-0.6929499129000001,0.3411578536,-0.27468112110000004,0.3667527437,0.4179947376,-0.1102616638,-1.1619189978,0.0522531867,-0.0596714765,0.0858818516,0.26062893870000003,-0.281952709,-1.0162315369,0.08764468880000001,-0.0457256511,0.09205621480000001,0.32871967550000003,-0.3030992448,-0.8811078668000001,0.13472032550000002,-0.0129569769,-0.0031346381,0.2838402987,-0.19696578380000002,-0.960765481
77,124.355031,124.901473,124.355031,0.4259292483,125.3632888794,0.41988834740000003,125.2564926147,0.42104059460000004,125.2449493408,0.42896631360000004,125.1694488525,7.233528,7.181558,7.233528,0.3798357844,7.6969022751,0.3546583354,7.7776651382,0.2215518206,7.8161201477,0.47894936800000004,7.3178396225,-0.53706,-0.478846,-0.5370600000000001,0.0094340481,-0.5271613002000001,0.009776631400000001,-0.5273049474,0.013766305500000001,-0.5298647285,0.012743916400000001,-0.5309196115,130.087254,133.925065,130.087254,0.4630985856,130.2985076904,-0.3715066314,130.4326934814,-0.34698355200000003,130.3629302979,0.35186091070000003,129.8154296875,0.733109,1.656834,-0.10498520830000001,0.2830069237,-0.6680825041,0.12170600150000001,-0.5707008839000001,0.017638877,0.3694322705,0.0228274912,-0.8446036577,-0.0701417401,-0.43079638480000004,0.0686400533,0.7607247829,-0.2257342339,-0.7603881359,0.10129097100000001,-0.1551597267,0.0414413437,0.3629664481,-0.16043953600000002,-0.7704923153000001,0.1189338043,-0.1474476904,-0.0474088788,0.21564573050000002,-0.0836914107,-0.7509186864
78,124.098247,124.13068,124.098247,0.44336742160000003,125.5855560303,0.4443058372,125.3958740234,0.44627729060000004,125.2900924683,0.43828153610000004,125.2535705566,7.152167,6.372569,7.152167,0.0651064962,7.6838326454,0.0934657305,7.9508924484,-0.015508797000000001,7.6680665016,0.1567958891,7.3356714249,-0.513928,-0.467262,-0.5139279999999999,0.0053201206000000004,-0.5076209903,0.0059973542,-0.5097756386,0.007432898,-0.5069378018,0.00891631,-0.5075618625,130.82974,133.957227,130.82974,1.1679141521,129.8842010498,0.8583523035,130.2444610596,-0.0238747597,130.8955535889,0.064009726,130.6612854004,1.051012,1.764217,0.017743356000000002,0.6769680855,-0.8037566432000001,0.0724294707,-0.1036654711,0.3219857216,0.8683780432,-0.1700294316,-0.9897457957,0.027328535900000003,0.1305074394,0.2064173967,0.9347183704,-0.1867177337,-0.7898285985,0.17331083120000002,-0.0057327002,0.3153597414,0.9242420197000001,-0.2224765867,-0.8438168168,0.1860007346,-0.057745620600000006,0.2593559623,0.9588900208000001,-0.2132221013,-0.9307557344
79,124.335138,124.902297,124.335138,0.3860554695,125.6014328003,0.3966323733,125.4729919434,0.40066206460000003,125.4201660156,0.37349724770000003,125.4057998657,7.434508,7.152548,7.434508,0.2376727164,7.9362134933,0.11785510930000001,7.8257918358000005,0.2539291978,7.9741244316,0.1942227483,7.5233297348,-0.530019,-0.52243,-0.530019,0.0085443975,-0.5222404599,0.0098177269,-0.5237166286,0.012867476800000001,-0.5224343538,0.0132000335,-0.5238071084,129.640103,128.042481,129.640103,0.8810768127,128.7616271973,0.1685362309,129.2898254395,0.1408561468,129.8201904297,0.2071812153,129.4857635498,0.69556,1.268002,-0.4215765998,0.5372447561,-0.13208127420000002,-0.054685093500000004,-1.1352504492,0.23551458120000002,0.9938031435,0.2959820032,-0.04090067,-0.17714387180000002,-0.9194329977000001,0.2803262174,0.5344880819,-0.1263690293,0.0099713877,-0.2409688234,-0.6575182676,0.242850855,0.7307494879,0.0953711569,-0.0632423684,-0.032462492600000004,-0.5373640656,0.2697215676,0.9203221798000001,0.0549597219,-0.1307921559
80,124.109894,124.856558,124.109894,0.3922765553,125.786277771,0.3912406862,125.5087509155,0.3777212501,125.5408935547,0.3286240995,125.4047546387,7.04508,6.983893,7.04508,0.0801055804,7.6043391228,-0.0599838719,7.6487793922,-0.0153911375,7.8434934616,0.0981727242,7.3380880356,-0.533094,-0.480331,-0.533094,0.0080399392,-0.5235717893,0.0090991072,-0.5233271122,0.0117961448,-0.5159439445,0.0092051597,-0.5164692998,129.916282,132.137653,129.916282,0.6899931431,127.6143569946,0.5530076623,128.5208740234,0.2788163126,129.0117797852,0.009226799,129.6349945068,0.77951,1.954269,-0.4881831064,0.5755529654,-0.1950705832,-0.1687148511,-1.039578557,0.15861746670000001,0.5461665392,0.1879101396,-0.2648628652,-0.2537568212,-0.6466033459,0.2039611638,0.5007228255,-0.032468915,-0.0478071123,7.91475e-05,-0.3916421533,0.1604249775,0.42584452030000003,-0.0228524357,-0.0713365078,-0.0332467705,-0.5405812263,0.21845126150000002,0.6803262234,-0.0072703455,-0.0946691781
81,123.837765,124.918347,123.837765,0.4848502874,125.3753433228,0.5059658289,125.3116455078,0.46227195860000003,125.2163238525,0.4531095028,125.1067199707,7.330063,7.273551,7.330063,0.4373030066,7.0025243759,0.1898739636,7.3104658127,0.14682370420000002,7.3856253624,0.136659801,7.2555074692,-0.525594,-0.484231,-0.525594,0.007887763,-0.5262361765,0.0099957734,-0.5276297331,0.0126205459,-0.5231283903,0.0116564725,-0.5270242095000001,129.447115,131.222072,129.447115,0.48320114610000003,128.6127319336,0.4027636647,129.0427246094,0.7604982853000001,129.8034057617,0.28105646370000004,129.0306243896,0.958088,1.569098,-0.6541151144,0.3716942556,0.5932195812000001,-0.2846169472,-1.0478924513,-0.06739319860000001,0.5268144608,0.44486638900000003,0.671926558,-0.2235302627,-0.9372364879,-0.0507308505,0.2449062169,0.5360821486,0.6536648273,-0.4083473682,-0.8945738077000001,0.0984701514,0.4885234833,0.3834683001,0.7564531565,-0.2357773632,-0.8360961676,0.015281240500000001,0.37333375220000004,0.3133356571,0.8143568039
82,124.23362,124.68678,124.23362,0.4629136622,125.7468338013,0.4744247198,125.3947677612,0.462612927,125.4788970947,0.4573447108,125.3737869263,7.047597,7.044722,7.047597,0.25175023080000003,7.4094901085,0.1298077255,7.4527931213,0.2135661393,7.3910164833,0.2297043204,7.1502790451,-0.530097,-0.480247,-0.5300969999999999,0.0090324692,-0.5229819417,0.0108212829,-0.5210386515000001,0.0136163216,-0.5178309083,0.0139366938,-0.5153982639,127.95028,134.889012,127.95028,0.5310761333,129.1496276855,-0.036276876900000005,129.2309112549,0.1061494052,129.9926605225,0.0427582264,129.489440918,1.224073,1.523753,-1.0497056059,0.17013825130000002,0.6062388572,-0.15769496560000001,-0.9696344137,-0.15009991820000002,0.3053314984,0.3634958565,0.0978617147,-0.19731676580000002,-1.300101757,-0.11885759230000001,0.04871279,0.1237952635,0.2905858457,-0.31808513400000005,-1.1905835867,-0.09547876570000001,0.2067137659,0.2084511667,0.5553033948,-0.1900487244,-1.0638947487000001,-0.1280666292,0.1248561442,0.2065031379,0.5663380623000001
83,124.122247,124.863058,124.122247,0.3663516939,125.6059188843,0.42057964210000004,125.4400558472,0.4377619028,125.3965148926,0.4291444719,125.3303909302,7.094128,6.870041,7.0941279999999995,0.1771546602,7.5857686996,0.5196136832,7.7350726128,0.3265653551,7.4825863838,0.3857205808,7.4654226303,-0.511389,-0.475344,-0.511389,0.0069868406000000004,-0.5026393533,0.0072252071000000005,-0.5046375394,0.009298414000000001,-0.5004173517,0.010048639,-0.4998418391,130.095269,136.885358,130.095269,0.4380499125,131.126159668,0.459256202,130.2969665527,-0.010783225300000001,130.8707122803,0.2962452769,130.3304443359,0.83903,1.12519,-0.7432980994,0.3493973105,0.1714662703,-0.24126148220000002,-1.2602599858999999,-0.0920701325,0.46243184800000003,0.0475470647,0.0243215933,-0.029619537300000002,-0.7741022110000001,0.0608380586,0.38058349490000004,0.050858926000000006,0.1215947047,-0.192285791,-0.8999170065000001,-0.050564073,0.3336506486,0.0528766029,0.0302918702,-0.13022518160000002,-0.8938583732000001,0.0212269332,0.34866514800000004,0.1230975166,0.1651182473
84,124.389751,124.504062,124.389751,0.4989834428,125.5441513062,0.49891775850000003,125.4726867676,0.4634253383,125.3905715942,0.4550697803,125.3537521362,7.185047,6.622409,7.185047,0.4390336871,7.571498394,0.3426278532,7.7341475487,0.3419223726,7.5516548157,0.2805801332,7.3698043823,-0.523677,-0.474667,-0.523677,0.009466216000000001,-0.5164134502000001,0.012134643300000001,-0.5168358088,0.0146938954,-0.5158843994,0.0128753502,-0.5167986155000001,129.728994,136.166966,129.728994,0.057863876200000004,129.6071014404,-0.2417906225,129.4616088867,0.1014002264,129.5388336182,0.9904030561,128.8991394043,0.90354,1.119176,-0.8004127453000001,0.1155812034,0.4029443518,-0.23842172320000002,-0.7432944179000001,-0.0589015335,0.3868429661,-0.179536894,0.4711081982,-0.2001677752,-1.0121428967,-0.1452854425,0.2954208553,0.030995547800000002,0.4330821037,-0.25288560990000003,-1.1113016605000001,0.041593961400000004,0.2190843821,0.020858503900000002,0.5609445572,-0.2126508206,-0.9767209291000001,-0.26886245610000004,0.0191522539,-0.0019470844,0.38242310290000003
85,123.6909,124.73444,123.6909,0.4349129796,125.4076309204,0.4723742604,125.23387146,0.5438105464,125.2144012451,0.5606988072,125.1093826294,7.275322,6.955453,7.275322,-0.0269035548,7.10582304,-0.1554240882,7.4746446609,-0.2152011842,7.5697836876,-0.1743738055,7.2020139694,-0.541522,-0.480297,-0.541522,0.012112128500000001,-0.5331816673,0.0144564025,-0.5334383249,0.0151656186,-0.5325015783,0.013605409300000001,-0.5342488289,127.149909,136.911147,127.149909,0.3223367929,126.1239089966,-0.0513267815,126.0494995117,0.25417727230000003,126.8911209106,0.8038178086000001,126.7110748291,0.493751,1.251861,0.3702654547,0.2865987594,0.1567007072,0.1747113615,0.8862164021000001,-0.14858289060000002,0.4815773666,0.0517402962,0.12510818240000002,0.1534538567,0.7627717257000001,0.0229393635,0.23243393,-0.11150234190000001,0.14030522110000002,0.1757262051,0.4882063568,0.0788796693,0.3912712634,-0.015119403600000001,0.0751492009,0.2021459341,0.7982304096,-0.033151947,0.2658560574,-0.0149587821,0.0600898713
86,124.035502,124.766845,124.035502,0.44934964180000003,125.5790481567,0.45407703520000003,125.3534240723,0.4242259264,125.3310241699,0.46349608900000006,125.2901687622,7.1273,7.077802,7.1273,0.18339321020000002,7.5339012146,0.0237332284,7.6566157341,0.1049039736,7.5086159706,0.11480565370000001,7.2974081039,-0.51098,-0.482529,-0.51098,0.0076023340000000005,-0.5093601346000001,0.0075340308,-0.5118247271,0.0094970064,-0.5088050365,0.0077658193,-0.5139762163,131.261454,134.415696,131.261454,0.2769776881,130.8204803467,-0.2611926794,130.0525512695,0.19532027840000002,130.3155822754,0.3054560125,129.9697570801,0.850952,1.23262,-0.5347153255,-0.2714710447,0.603739625,-0.30008873340000003,-0.4872661233,0.042723819600000004,-0.44561439750000004,-0.0480916277,0.7302712202,-0.25115439300000003,-0.44796976450000003,0.014146775,-0.2286825478,-0.1354254037,0.5870401859000001,-0.2358866632,-0.5985468626,0.0098722093,-0.2823375463,0.1397057325,0.5725639462000001,-0.2238631099,-0.6725096703,-0.0144378208,-0.1445836127,-0.0330333635,0.5182086229
87,124.05267,124.835651,124.05267,0.4053557217,125.5622177124,0.4484323263,125.5170822144,0.4231075644,125.4789428711,0.4193216562,125.4285964966,7.059612,7.191888,7.0596119999999996,0.18431663510000001,7.5860228539,0.0929462165,7.6374645233,0.034212213000000005,7.4398956299,0.1898038983,7.5067958832,-0.516587,-0.484752,-0.516587,0.0075689787,-0.510428071,0.009174894500000001,-0.5099855661,0.0114554036,-0.5085334182,0.0120730018,-0.5033931732,128.906108,135.433321,128.906108,0.4579232931,129.5912780762,0.5166080594,129.7797851562,0.3789742291,130.3569488525,0.3334286213,129.9578399658,0.941865,1.070211,-0.3952076862,-0.49271134850000003,0.6986818651000001,-0.1101224497,-0.4781810045,0.1048017368,-0.6234452724,0.3164366484,1.0329957008,-0.2580593228,-0.4807411432,0.0704791546,-0.319517225,0.0728411078,0.7447628975,-0.10381671790000001,-0.41740673780000004,0.10518816110000001,-0.36215880510000004,0.13729676600000001,0.8218161464,-0.21046634020000002,-0.49037772420000003,-0.001941334,-0.2773239911,0.1658273935,0.9021831751
88,123.816617,124.752328,123.816617,0.44958996770000004,125.0604248047,0.4259287715,125.1924362183,0.3701073527,125.1392288208,0.4024945498,125.1157836914,6.774965,6.705967,6.774965,0.3884814978,7.4692001343,0.7275668979000001,7.4729528427,0.3369710147,7.286149025,0.5083436966,7.32538414,-0.524594,-0.475846,-0.524594,0.0065151514,-0.5265199542,0.0076232017,-0.5276042223,0.0102334647,-0.5260850787,0.0106653292,-0.5273976326,131.786143,134.823234,131.786143,0.0640440434,130.4712219238,0.292517662,130.7041625977,0.3515953124,130.9051513672,0.5628791451,130.51222229,0.976048,1.094978,-0.4626477879,-0.5705713511,0.6427096818,-0.0185191259,-0.5598127842,0.0730540007,-0.6911956072000001,0.12174937870000001,0.8120062947000001,-0.2453123033,-0.33761984110000004,-0.1431525201,-0.2928853929,0.199023962,0.8398526311000001,-0.2054258883,-0.4781247377,-0.060943797200000004,-0.4493807554,0.2744193971,0.8854218125000001,-0.2355581075,-0.6194609999999999,-0.02150096,-0.587652564,0.3018417358,0.8359751105000001
89,124.182908,124.457543,124.182908,0.4286748171,125.1397705078,0.41632834080000003,125.1746673584,0.4149116278,125.1850814819,0.42813801770000004,125.0419540405,6.805005,6.965866,6.8050049999999995,0.3115127981,7.1218514442,0.9007641673000001,7.4624595642,0.5269401073000001,7.1601462364,0.6377599239,6.9290480614,-0.532075,-0.465907,-0.532075,0.0090075471,-0.5245428681000001,0.011543864400000001,-0.5230146050000001,0.014101447500000001,-0.5226915479,0.0176012423,-0.5172125697000001,128.981709,137.185317,128.981709,0.2915316522,129.9421691895,0.5602912903,129.7669219971,0.16624367240000001,131.0428009033,0.2999019623,129.8583221436,1.036683,1.099857,-0.49101330600000004,-0.8181391688,0.4052965033,-0.0275064185,-0.5538197756000001,-0.060083545700000004,-1.0430626869,0.3702930212,0.5395178199,-0.2332727015,-0.30974438790000003,-0.1707124412,-0.7259564996,0.2862943411,0.8133816123000001,-0.1542368084,-0.56510818,-0.2043178082,-0.8373022079,0.39589262010000004,0.7865369916,-0.2301624864,-0.4636667371,-0.1502298862,-0.8572916985,0.3035223186,0.7694506049000001
90,123.94919,124.542789,123.94919,0.4297581017,125.6116027832,0.4347060025,125.3827896118,0.4254689515,125.2965698242,0.4501413703,125.1165237427,6.873174,7.165261,6.873174,0.0843110681,7.3499007225,0.146676302,7.5127663612,-0.0736859888,7.0895757675,0.027177535000000003,6.901594162,-0.519492,-0.480702,-0.519492,0.0054565668,-0.5219202638,0.0060615102,-0.5226789713000001,0.0080224378,-0.5207357407000001,0.0088677965,-0.5178973675,129.087951,136.572398,129.087951,0.3872955441,129.5402984619,-0.0064596534,129.5732574463,0.2935617566,129.5633392334,0.06572675700000001,129.2648162842,1.1289,1.046347,-0.1756896962,-0.907511747,-0.6480521602,-0.0489955284,0.0720675439,-0.2158225775,-0.7988870144,-0.0055366457,-0.6089789867000001,-0.0649473816,-0.07504379750000001,-0.2065938562,-0.8597333431,0.0887353942,-0.4830714464,-0.0573518053,-0.1291529089,-0.259759903,-1.0551335812,-0.0203218535,-0.6702663898,-0.0995405689,-0.0661735386,-0.2931079566,-1.0824217796,0.0189128574,-0.554464817
91,124.41413,124.859804,124.41413,0.37158879640000003,125.9313201904,0.37948831920000003,125.6383972168,0.417162776,125.5809020996,0.4131392539,125.3923950195,7.364871,7.051453,7.364871,0.1474660337,7.7879128456,0.23905307050000002,7.6695151329,0.2825922072,7.3935976028,0.30999073390000004,7.2242307663,-0.530501,-0.471569,-0.530501,0.0067836042000000004,-0.5206375122,0.008300716100000001,-0.5210373402,0.0109302066,-0.5187385678,0.0095740501,-0.5188269019,129.265999,135.258139,129.265999,0.8546644449,129.8722686768,-0.0080605447,129.9613342285,0.3173037767,129.7012329102,0.6020719409,129.9612731934,0.864101,1.123781,0.0018041138,-0.7276214288,-0.4660839383,0.047572162,0.1223143861,-0.1055257991,-0.7705284357000001,0.0284624845,-0.9780561924000001,0.0035551726000000003,0.0208427627,-0.2352312058,-0.8436816931000001,-0.00400576,-0.4579055905,0.0391813852,0.1488348246,-0.3075881004,-0.8831861019,0.11333350090000001,-0.5213181376,-0.0488224663,0.1694294363,-0.3784931302,-0.9624078274000001,-0.011666700200000001,-0.38582006100000005
92,123.96145,124.635005,123.96145,0.4584555924,125.5462646484,0.441492945,125.2655563354,0.4152643681,125.2699737549,0.4193318486,125.1681365967,6.885496,6.877885,6.885496,0.20740792160000002,7.3004012108,0.0976964086,7.4798908234,0.12201845650000001,7.3283581734,0.0486957133,7.2403073311,-0.519223,-0.475922,-0.519223,0.0100516388,-0.5185164809,0.012924699100000001,-0.5183416009,0.015628032400000002,-0.5191501379,0.0166604649,-0.518345356,128.509468,135.698468,128.509468,0.7434973717000001,129.6781616211,0.5830710530000001,129.4595336914,-0.0003471971,130.8304290771,0.662697494,129.5948791504,0.873404,1.104386,-0.0741283943,-0.679793704,-0.5433409246,-0.0033381027,0.10389076920000001,-0.4717767835,-0.7937231064,0.0242183656,-0.8406982422,-0.0729478076,0.2868665755,-0.3066319525,-0.9199171662000001,0.1626928449,-0.6947279572,0.016478719200000002,0.1547640264,-0.3551182747,-0.7444940805,-0.1426714808,-0.6836627126,0.005828917,-0.0271911472,-0.3149726093,-0.931263566,0.0862137973,-0.4860696197
93,123.897807,124.780469,123.897807,0.49823164940000003,125.3283843994,0.4928551316,125.1195144653,0.4990314543,125.1289138794,0.5606855154,125.064704895,6.961268,6.970443,6.9612680000000005,0.052089743300000005,7.6754665375,0.1963193715,7.5479059219,0.073031947,7.0171966553,0.07783222940000001,6.9507951735999995,-0.485424,-0.529123,-0.48542399999999997,0.0040612933,-0.4801839292,0.0062007103000000004,-0.48352020980000004,0.0105733192,-0.48101860280000003,0.009484993300000001,-0.4800361395,131.712009,129.562292,131.712009,1.1062600613,132.5055999756,0.7416105270000001,131.594329834,0.7399582863,131.5704956055,-0.0856772065,131.5014190674,1.050718,1.160254,-0.964853524,0.2691785239,0.31718982570000004,-0.2914910316,-1.1587688923,-0.23901805280000002,-0.013606555800000001,0.3630999327,0.6622905135,-0.25454744700000004,-1.4084191322000001,-0.032673277,0.2649496496,0.2952407897,0.5505915880000001,-0.48789674040000003,-1.464577198,-0.0225433316,0.1955984533,0.15634925660000001,0.5696501732,-0.5339723825,-1.5014081001,-0.14082051810000001,0.1573135406,0.17691293360000002,0.5085275173
94,123.650072,124.402633,123.650072,0.3972505927,125.6658630371,0.40419057010000004,125.1856002808,0.4453371763,125.1559295654,0.4755749106,124.8353271484,7.095512,6.945462,7.095512,0.1116138399,7.4159183502,-0.1255334318,7.4015283585,-0.008977782,7.2075119019,-0.0837233439,6.9818634987,-0.519515,-0.480466,-0.519515,0.0085732806,-0.5130923986,0.0099745169,-0.5127494335,0.0102614705,-0.5094429255,0.012131860500000001,-0.5073388219,129.916881,134.095634,129.916881,0.1507564187,129.9167022705,-0.1091865301,130.299041748,-0.0900434256,130.604598999,-0.3954131603,130.2348022461,0.943667,1.156498,0.048103891600000004,-0.1735765644,-0.9263177573,-0.1028726399,-0.0513480231,-0.1012694687,0.19318149980000002,-0.034429654500000004,-0.9390841126,0.1009900197,0.1643438339,-0.1778938025,-0.0217774957,-0.1733622998,-1.0123519897,0.1508728415,0.2995014191,-0.0321853496,-0.0258384906,-0.20873898270000002,-0.9686119556,-0.0077763535,0.0765265748,-0.17922179400000002,-0.0738297328,-0.2639741004,-1.0010156631
95,123.626411,124.588044,123.626411,0.5234872699,125.0673599243,0.5032603741,124.9956970215,0.4863377213,124.9935760498,0.5062282085,124.9109573364,7.036101,7.339173,7.036101,0.2693021894,7.1401333809,0.1131932512,7.3088479042,0.1282363236,7.0994977951,0.272115469,7.1624984741,-0.51656,-0.530298,-0.51656,0.008473387,-0.5202211738,0.0110654905,-0.5213598609,0.013390027,-0.5165429115,0.0132213403,-0.5237537622,129.931132,128.952728,129.931132,0.0785426348,129.4562225342,0.2332119793,128.9888305664,-0.25554078820000004,129.2597351074,0.4069969356,129.5025787354,0.869388,0.871248,0.209217342,-0.1032276347,-0.8375009707000001,0.0502996966,0.22136901320000002,-0.1522124708,0.076085344,-0.2134689838,-1.0026801825,0.0406713337,0.2630875111,-0.2962870002,-0.11862688510000001,-0.057044267700000005,-0.8946195841000001,0.1888493896,0.3644220829,-0.1262847185,-0.0927957967,-0.188990593,-0.9584436417000001,0.15803816910000001,0.2224332243,-0.3393732011,-0.29201629760000003,-0.07224835460000001,-0.7807042003
96,124.01686,124.866573,124.01686,0.3980839252,125.2569274902,0.44100999830000004,125.2274475098,0.3862169683,125.1472473145,0.4222875834,125.1896438599,7.305061,7.484012,7.305061,0.0586508363,7.5121350288,0.23896449800000003,7.4854974747,0.0552562736,7.2804818153,0.1228044704,7.4130039215,-0.518322,-0.481795,-0.518322,0.0075852331,-0.5160239935000001,0.009080266600000001,-0.5153443813,0.011682405100000001,-0.5149132609,0.0114777703,-0.5084248781,127.321076,135.397814,127.321076,0.25078153610000004,128.4129638672,0.9725958705000001,128.4046325684,0.7305960059000001,129.7779693604,-0.050663650000000005,128.125579834,0.571423,1.147791,-0.3754662513,0.42755338540000004,-0.0524134112,-0.24912896750000002,-0.5123478770000001,-0.1012652814,0.30902904270000003,0.1743563414,-0.0884545967,-0.09932017330000001,-0.4005732238,-0.1059062332,0.3574607372,0.0441004112,-0.0638928711,-0.08155209570000001,-0.3680608869,-0.1120930463,0.3169948161,0.07359045,0.037461549000000004,-0.1104432642,-0.323515892,-0.0651709139,0.1667408049,0.0432945937,0.0743305162
97,123.817986,124.501137,123.817986,0.46085569260000003,125.6417922974,0.4953453243,125.5112838745,0.457506597,125.4364013672,0.4516668916,125.2585296631,6.948844,6.739916,6.948844,-0.01773303,7.5830254555,0.0719654337,7.422492981,-0.1787365079,7.3171949387,0.0426622406,7.3021769524,-0.496315,-0.524827,-0.49631499999999995,0.0057901405,-0.49583470820000003,0.0068707876,-0.498529017,0.0083644511,-0.4941376448,0.0048331833,-0.5022397637,131.009319,130.252306,131.009319,0.2689941525,131.0269622803,0.2122471631,130.3687286377,0.0099318624,131.1481018066,0.2446213365,130.1781005859,0.787338,1.214993,-0.09047698900000001,0.5514099941,-0.5546726839,0.0114142448,-0.36897420880000004,0.1447748244,0.6779748201,0.045117408000000005,-0.4337928891,-0.0144275427,-0.3021696508,-0.0039508045,0.5581858158,-0.1068872213,-0.4923377037,0.0943433121,-0.2296314389,0.0642016083,0.6864088774,-0.0362840518,-0.566435039,0.048298303,0.0006565005,0.047211855600000005,0.4584490955,-0.0934482366,-0.5808229446000001
98,124.317516,124.793745,124.317516,0.4076364636,125.5901641846,0.4545449018,125.4882888794,0.4323908091,125.500328064,0.4177628756,125.3774337769,7.356479,7.144527,7.356479,0.15524035690000001,7.8824009895,0.37175107,7.7266879082,0.19827778640000002,7.619389534,0.2302028835,7.641664505,-0.513358,-0.473071,-0.513358,0.0067702150000000004,-0.5081324577,0.0089628678,-0.5099170804000001,0.0119249253,-0.510001123,0.0110120261,-0.5102223754,129.691094,135.815887,129.691094,0.4576554894,129.1949920654,0.20339939,129.2825622559,0.2454302907,129.9709777832,0.0915839672,129.5738372803,0.876094,1.22883,-0.3325845556,0.7272370342000001,0.3578464866,-0.0399659164,-0.6432595253,-0.0020819902,0.8413721323000001,0.0856773406,0.6034829021,0.0698852986,-0.42411175370000004,-0.07000680270000001,0.6241334081000001,0.0744765699,0.5445209146000001,0.0816665962,-0.366853714,-0.0061470307,0.6092008948000001,0.19683745500000002,0.6807422042,0.0829937384,-0.2125684321,0.09643446650000001,0.6192618608,0.1751772463,0.5808615685
99,124.319215,124.819194,124.319215,0.4670287967,125.7381744385,0.4709174037,125.3560409546,0.4778136015,125.2003250122,0.5027915835,125.0840148926,7.077164,7.331526,7.077164,-0.30951675770000003,7.433942318,-0.1907655299,7.4900798798,-0.3098246455,7.2717561722,-0.20695671440000002,7.1875700951,-0.492484,-0.477018,-0.492484,0.0067773866,-0.4868479073,0.0102297962,-0.48786604400000005,0.011110742600000001,-0.4799756408,0.0105247851,-0.47889286280000004,131.802285,135.312803,131.802285,1.0541368723,131.4885864258,0.779276669,131.2369995117,0.3386600018,132.2728271484,1.5578985214,131.2263031006,0.853348,1.273965,-0.2602620553,0.5398834022,0.6074473603,0.4459843338,-0.1300067455,-0.0461430103,0.3729125857,0.265176326,0.6029384136,0.09314955770000001,-0.1539068818,0.060735601900000005,0.3810384572,0.0760813877,0.5980159044000001,0.1101855263,-0.1536915451,0.0644030422,0.47151178120000004,0.1449857652,0.5826692581,0.1761347204,-0.0680037513,0.1021651477,0.43035963180000003,0.2083548456,0.7018635869000001
100,124.258376,124.737802,124.258376,0.4590536952,125.4625091553,0.5075468421,125.3463668823,0.5112399459,125.2670211792,0.533698082,125.3048019409,7.168609,6.855021,7.168609,0.13736534120000002,7.9206428528,0.3123513758,7.7471718788,0.2577219605,7.6197633743,0.36570563910000004,7.388926506,-0.493059,-0.471491,-0.49305899999999997,0.0055057844,-0.4841419756,0.0061352458,-0.4858484268,0.0075915321,-0.4841739833,0.0079705631,-0.4804750085,131.136336,135.206459,131.136336,0.31814020870000004,130.5116424561,-0.22386890650000002,129.7179107666,-0.3670734167,130.6802825928,0.0220922232,129.1667175293,0.546601,0.965494,-0.5429974627,-0.0587543887,-0.0217716644,0.0360351726,-0.5569294691000001,0.13840325180000002,-0.0565494597,-0.1254027784,-0.291069597,-0.057012863500000004,-0.6746895313,-0.0921251476,-0.08444887400000001,-0.1717572808,-0.3577665091,0.0095981099,-0.735619545,-0.09829879550000001,-0.0667075664,-0.23161664610000002,-0.30940198900000004,0.0071402332,-0.4572057128,-0.0737652406,-0.13127580290000002,-0.19417756800000002,-0.2319497913
101,123.876418,124.676622,123.876418,0.46417170760000004,125.4595489502,0.4738164246,125.3369293213,0.500880003,125.2856903076,0.46614331010000004,125.1432800293,7.366823,6.934621,7.366823,-0.0171179399,7.4089546204,0.1518303752,7.322535038,0.0049317963,7.3469762802,-0.1167269424,7.2254338264,-0.536825,-0.47163,-0.536825,0.0092990538,-0.524851799,0.0113013452,-0.524055481,0.014352791,-0.5193505287,0.0138613656,-0.5194763541,125.548395,135.170284,125.548395,0.4576464295,128.0740814209,1.0728099346,127.9776763916,0.6471167207,128.4978942871,1.0518622398,128.3259429932,0.530433,1.109326,-0.4311933088,-0.0168932633,-0.30845681680000003,-0.160919413,-0.9698712826,0.0031035841,-0.0551596135,-0.2039677352,-0.3119686246,-0.0828112364,-0.5649216771000001,0.010282415900000001,0.0049770921,-0.2882626057,-0.5409695506000001,-0.0824919343,-0.7687391043,-0.0128089488,-0.14521214370000002,-0.10399948810000001,-0.5256922841,-0.182953164,-0.5845090747,-0.0732786655,0.0531622916,-0.09466552730000001,-0.37983626130000003
102,123.836695,124.511292,123.836695,0.6023008823,125.338760376,0.5951471329,125.1558380127,0.5939596891000001,125.11693573,0.6565760374,124.9197921753,7.170492,7.051961,7.170492,0.2687634528,7.6383814812,0.2923178375,7.5223903656,0.324849844,7.534119606,0.3137312531,7.0582137108,-0.4951,-0.485835,-0.49510000000000004,0.0054962873,-0.4934176207,0.0065966924000000005,-0.4968832433,0.0088259913,-0.49485319850000004,0.010058363,-0.49157989030000004,130.473793,136.328901,130.473793,0.48372000460000003,129.7597351074,0.8655344248,129.1962738037,0.5108709931000001,129.7962493896,0.3368339241,129.1279296875,0.884307,1.386144,-0.3314396768,-0.7107813986,-0.40857837350000004,-0.15765064950000002,-0.5500802398,-0.4529515505,-1.3185024261,-0.2462779433,-0.8012331724,-0.0445427448,-0.4767557383,-0.49238756300000003,-1.1959357262,-0.2591997385,-0.7754993439000001,-0.2205380797,-0.6389273405,-0.5305945277,-1.2998933792,-0.3539843559,-0.6649979949,-0.1460509747,-0.4867430031,-0.48950186370000004,-1.2473294735,-0.2189979255,-0.6001048088000001
103,124.101639,124.699028,124.101639,0.4500193894,125.5204620361,0.416724056,125.231300354,0.49638962750000004,125.14894104,0.484831214,125.0356369019,6.750275,6.979312,6.750275,0.19808119540000002,7.6327199936,0.2742640078,7.7129678726,0.2206469178,7.4441590309,0.18908885120000002,7.1077375412,-0.530997,-0.4786,-0.5309969999999999,0.009417813300000001,-0.5145431757,0.0128041497,-0.518332839,0.0154421525,-0.5167309642,0.0160384867,-0.5187106729000001,129.786809,136.314608,129.786809,0.0222118348,129.4635009766,0.0446211249,129.7435150146,-0.6254072785,129.83984375,1.2562892437,128.1368713379,0.605999,1.211772,-0.5709982028,-0.19680109380000002,0.0496520762,-0.3531516194,-0.7542567253,-0.1339889467,-0.2771669626,-0.30774992700000003,0.0029223859000000003,-0.0497975573,-0.9100512266,-0.1260836869,-0.3381821215,-0.0804206505,-0.0755409002,-0.1752029955,-0.6653478146,-0.1022207737,-0.2328244448,-0.1924156994,-0.1533395499,-0.2036070973,-0.7391179800000001,-0.3171273768,-0.3113342226,-0.13071027400000002,-0.09430652860000001
104,124.196579,124.730592,124.196579,0.485763818,125.7677841187,0.49311497810000005,125.4892501831,0.5043577552,125.3157424927,0.4859756827,125.2879562378,7.230856,7.27122,7.230856,-0.0638176128,7.5868034363,0.11392948030000001,7.828332901,-0.0528201796,7.4148240089,0.010506592700000001,7.1127872467,-0.504028,-0.478062,-0.504028,0.0071490128,-0.496737957,0.0094895251,-0.49852386120000003,0.0110523198,-0.4951998293,0.009996214,-0.49597066640000004,130.935321,135.119463,130.935321,0.7194650769000001,131.5424346924,0.32180988790000004,131.0179748535,1.2320413589,131.9290161133,0.6653009057,130.7407989502,0.878746,1.078669,-0.7183839416000001,-0.487959338,0.13421988,0.0172595829,-0.5381109118,-0.298137188,-0.2549981177,0.0202685595,0.2125631869,0.24282719190000002,-0.5382500887,-0.13095632200000001,-0.45152285700000006,-0.0142932795,0.2409676313,0.0329947509,-0.6078558564000001,-0.09767156090000001,-0.36061939600000004,0.0144765489,0.2540671229,0.1035924703,-0.4326660037,-0.3065710962,-0.5053761005,-0.0555626228,0.0046145916000000006
105,124.321752,124.799516,124.321752,0.41532233360000004,125.4768600464,0.4186413288,125.3914031982,0.437399894,125.3168258667,0.4257016182,125.2501068115,7.126534,6.990612,7.126534,0.32565757630000003,7.3790740967,0.1062570885,7.4962863922,0.2183113843,7.4324207306,0.405041337,7.2094459534,-0.526961,-0.526526,-0.526961,0.007966686,-0.5249049664000001,0.0083967159,-0.5264994502,0.0108694471,-0.5236694217,0.0102431197,-0.5256815553,129.971246,128.222105,129.971246,0.9796147943,129.4571533203,0.1882736385,129.6370391846,-0.3920456767,129.4947967529,0.7592421770000001,129.9076538086,0.817283,1.221514,-0.7333519811,-0.0902355918,0.3492902828,-0.40936708450000003,-1.1849424839,0.1550400257,0.0240302682,-0.17268936340000002,0.9025520086000001,-0.20228996870000002,-1.0516142845,-0.08029954140000001,0.019945740700000002,-0.1338558346,0.4562998414,-0.31459003690000004,-0.9276891351000001,-0.0057162098,-0.039774932000000006,-0.035226136400000004,0.4102559984,-0.2299225181,-0.9837151766000001,-0.0744171888,-0.2609864771,-0.06629615280000001,0.2515289783
106,124.389972,124.743938,124.389972,0.43605878950000004,125.9339752197,0.4292811453,125.600151062,0.4458731413,125.5276489258,0.4726933539,125.3439941406,7.101228,7.016771,7.101228,0.010578356700000001,7.3871631622,0.0277625546,7.4799995422,-0.11164914070000001,7.4095668793,-0.124329932,7.3264436722,-0.517607,-0.469903,-0.5176069999999999,0.0075069410000000005,-0.512983799,0.009886976300000001,-0.5132517219,0.0130630108,-0.5111310482,0.0122217182,-0.5085213780000001,128.50201,137.562431,128.50201,0.1976900399,129.6405792236,0.4076361954,128.9687347412,0.0581824929,129.8436279297,0.4173718393,129.5784606934,1.067552,1.201117,-0.99892568,-0.32372007010000003,0.19240369370000002,-0.4232916236,-1.1579838991,-0.17724165320000002,-0.0917557403,-0.12063582240000001,0.33467274900000005,-0.10708723220000001,-1.1680985689,-0.027504205700000003,-0.0702922642,-0.22065238650000002,0.0104405433,-0.2685799003,-1.1652097702,-0.06810221080000001,-0.1314138621,-0.15593479570000002,0.081137687,-0.3248033226,-1.0682579279,-0.08742795140000001,-0.2292447537,-0.2200040519,0.0045111775000000005
107,123.906289,125.01559,123.906289,0.5332362056000001,125.4361953735,0.5180778503,125.3060302734,0.4916666746,125.2614212036,0.5290542841,125.2998199463,6.825059,7.488864,6.8250589999999995,-0.0269380063,7.8256587982,0.1050704122,7.4544854164,0.0109103732,6.9404625893,0.0164092332,7.0854272842,-0.479279,-0.477896,-0.47927899999999996,0.0048876335,-0.48389768600000005,0.0081205769,-0.4876343012,0.0113529284,-0.484713763,0.0097202817,-0.4884524941,135.030357,136.251883,135.030357,1.4768983126,133.742401123,1.0422407389,133.5278625488,0.6186584234,133.2595062256,1.3166716099,132.913772583,1.139125,1.441894,-0.3460979954,1.0221338708,-0.3647808523,0.0034555844,-0.35038942100000003,0.43465051050000003,1.0854303837,-0.22799146180000002,-0.7347854972000001,-0.054162766800000005,-0.2931508422,0.40248471500000005,1.4189532995,-0.1874749362,-0.5435150862,0.024114877,-0.2392775714,0.34760510920000004,1.3594278097,-0.3008924127,-0.6924678087,-0.047277137600000005,-0.3010695875,0.5242894292,1.3093498945,-0.3647953868,-0.8578336835
108,123.798309,124.739598,123.798309,0.4828186929,125.3753433228,0.47297173740000004,125.2728347778,0.4273743331,125.2285766602,0.4539914131,125.2232513428,7.123884,6.887372,7.123884,0.31064838170000003,7.1752772331,0.26396229860000003,7.3705325127,0.2371083051,7.3523259163,0.24244466420000002,7.3932332993,-0.520379,-0.480972,-0.5203789999999999,0.008988179300000001,-0.5267938972,0.01049452,-0.5281960368,0.0132949194,-0.5268039703,0.0131832808,-0.5256769061000001,129.991044,134.778645,129.991044,0.7379760742,129.6819458008,0.1079939604,129.7811431885,-0.1450871825,129.6643981934,-0.028560042400000003,129.2696685791,1.123755,1.185979,-0.9871736375000001,-0.38848242,0.37066681830000003,-0.382592082,-1.0151900053,-0.1121082008,-0.4198107719,-0.1048661545,0.8502061367,-0.1497347206,-0.9550338984000001,-0.024227220600000002,-0.16952916980000002,-0.0068020299,0.6423832178000001,-0.3495982885,-0.9650077224,0.034009374700000004,-0.20314145090000002,0.07912889120000001,0.5711420178000001,-0.2808668017,-1.0411311388,0.1015543193,-0.1736638546,-0.0604655147,0.31445062160000004
109,123.730759,124.802019,123.730759,0.5638754964,125.3846359253,0.5327342153,125.2909011841,0.5177733898,125.2192459106,0.5604465008,125.1879043579,6.890445,6.757371,6.890445,0.016261898,8.2134990692,0.1642617881,7.7516517639,0.1460677534,7.5545578003,0.1093394756,7.3686213493,-0.470732,-0.475061,-0.470732,0.005775996,-0.47048062090000003,0.0084181493,-0.4746665955,0.0118118301,-0.47429871560000003,0.012905613500000001,-0.475918889,136.713445,135.785216,136.713445,1.0309544802,133.6535644531,0.7787742615000001,133.974105835,0.548376441,133.9859924316,0.4907225966,133.6338500977,1.184312,1.031548,-0.2489505035,1.1246526513,-0.2752723588,0.025687214,-0.1346348077,0.41105327010000003,1.2929546833,-0.302569598,-1.0008509159,-0.0272163711,-0.0645798519,0.3874846101,1.5564436913000002,-0.2393485904,-0.5863415599,0.0183340143,-0.1819621325,0.467297703,1.5291488171,-0.3343209326,-0.7227784395,-0.033593419900000004,-0.22114834190000002,0.4504084587,1.5075296164,-0.3356058002,-0.7718874812000001
110,124.193751,124.782464,124.193751,0.5042590499,125.3951034546,0.49008566140000004,125.3087997437,0.4748949409,125.3918762207,0.5032404661000001,125.2685928345,7.26946,7.085468,7.2694600000000005,0.10260342060000001,7.9427361488,0.055845707700000004,7.8070449829,0.0077761449,7.5818829536,0.131138593,7.2378454208,-0.496689,-0.472992,-0.496689,0.0078402273,-0.4953843057,0.0102954656,-0.49429920320000004,0.0125197191,-0.4910785258,0.0127038592,-0.491881907,129.458959,136.220051,129.458959,0.5469193459,130.6608123779,0.42392021420000003,130.7126922607,0.204406783,130.8963928223,0.4698480964,129.4777832031,0.838717,1.125861,-0.3956684729,-0.7380033941,-0.047373309700000005,0.018147740500000002,-0.2066771239,0.0241160318,-0.6167142987,0.0272890478,0.0281620473,0.10884107650000001,-0.1639742553,0.0285878964,-0.7433364391,0.0266551673,-0.0333648473,0.024850349900000002,-0.3393387496,0.08592744170000001,-0.7549220324,-0.0071383957,0.0019617081,-0.0522816926,-0.2730438113,-0.0641294867,-0.6093732119,-0.0329066291,-0.085324049
111,124.531963,124.877196,124.531963,0.5248148441,125.3258056641,0.546923995,125.4261245728,0.5041874051,125.2831726074,0.5267357826,125.3793716431,6.981109,7.08343,6.981109,0.1993771493,7.9538006783,0.664470911,7.8091783524,0.2409385592,7.3854880333,0.38718101380000003,7.1933746338,-0.479007,-0.47367,-0.47900699999999996,0.0048572617000000005,-0.47101429100000003,0.0066155232,-0.47484532,0.0095192036,-0.47165027260000003,0.0086746607,-0.4770543575,135.522107,135.622503,135.522107,0.7796393633,134.9296722412,0.43470588330000004,133.4320373535,0.33451086280000003,133.5354003906,0.2708291709,133.1827850342,1.136459,1.300588,0.44449127790000004,1.0432039522,0.0754484804,0.19689646360000002,0.6015418768,0.45303985480000003,1.4935919046000001,-0.1074242219,0.22762589160000002,0.1064379439,0.5165386200000001,0.4041139185,1.3949612379,0.0179727543,0.15499685700000002,0.2563614547,0.490285933,0.4265410006,1.4604284763,-0.0630768985,0.1786090583,0.2938658595,0.6755419970000001,0.5441743731,1.5302355289,-0.042588286100000004,0.0827551931
112,123.989738,124.838859,123.989738,0.4792768061,124.2049560547,0.5043540001,124.8272628784,0.5191527009,124.8328552246,0.575021863,125.017829895,7.312824,7.223899,7.312824,0.47813352940000003,7.1755900383,2.1317167282,7.4248762131,0.5393947959000001,7.2774200439,0.6486748457,7.1595821381,-0.516635,-0.476007,-0.516635,0.009832037600000001,-0.5114513636,0.0123343375,-0.5152187943000001,0.014149395700000001,-0.5164451003,0.0113392957,-0.5210849047,128.020699,136.875371,128.020699,-0.0096563846,128.3237609863,0.1333642602,127.1330566406,0.0528145134,128.0859069824,0.7097873688,127.5323638916,0.522139,1.029098,0.4874682382,-0.17920685490000002,-0.0537488532,0.1442969143,0.5905014873000001,0.1832997203,-0.08599309620000001,-0.16966405510000002,-0.1408015788,0.1990463734,0.5808352232,0.0046455795,-0.150613606,0.044563166800000005,-0.08874166010000001,0.27380743620000003,0.6470865607,0.0502397455,-0.2955882251,0.0492060073,-0.1193455011,0.2609192729,0.6808073521,0.140696764,-0.0225802213,-0.0217225216,-0.1239345074
113,124.078174,124.865989,124.078174,0.43881258370000004,125.1387481689,0.4398059845,125.0583572388,0.4709988832,124.9859237671,0.5134022236,125.1261978149,7.022244,6.632702,7.022244,0.421877265,7.4942970276,0.4717339575,7.5724415779,0.27454042430000003,7.4631528853999995,0.4371417165,7.0615873337,-0.521635,-0.476993,-0.521635,0.009001201,-0.51927948,0.0109860394,-0.5220897794,0.013237088900000001,-0.5235167742,0.0117487013,-0.5288727283,131.411155,137.860929,131.411155,0.6773790717,130.485824585,-0.4488320947,130.5683441162,-0.6922137737,130.5316925049,0.3160917163,129.93359375,0.905644,1.253809,-0.0445993301,-0.6848516194000001,-0.5909140103,-0.010180306600000001,0.10470649600000001,-0.1710967422,-0.5707119107,-0.061392352000000004,-0.9165122509,-0.0332763307,0.1347434968,-0.1676739454,-0.8085670471,-0.058566600100000005,-0.6434645653000001,0.0721984953,-0.08905060590000001,-0.24393290280000002,-0.6667284966,-0.0452796668,-0.46799498800000006,-0.11222732810000001,-0.22019292410000002,-0.1914824545,-0.7234917283000001,0.042986214200000004,-0.3600972295
114,123.890425,124.68805,123.890425,0.37120106820000004,125.5248184204,0.3875692189,125.2705993652,0.408560425,125.3135299683,0.3826873899,125.2183914185,7.005735,7.110287,7.005735,-0.0255340338,7.6406731606000005,0.1514005065,7.6157522202,-0.004458677,7.3931808472,0.036114264300000004,7.1654558182,-0.512314,-0.47057,-0.5123139999999999,0.0069030779,-0.5113515258,0.008392212000000001,-0.5123366714,0.010382223900000001,-0.5120990872,0.012547019900000001,-0.5088028908000001,129.909719,134.922746,129.909719,0.3337411582,129.8922729492,0.5127214193,129.9269561768,0.058928847300000003,130.7644500732,-0.4497053623,130.3476257324,1.00306,1.352205,-0.15195600110000002,-0.2995761906,-0.9451420021,0.27362015840000004,0.3167133629,-0.073971495,-0.0855726749,-0.025466308,-1.0606733561,-0.0445841476,-0.0756808743,-0.07063423840000001,-0.3584513664,-0.0059987977,-0.7022321224,-0.1382483989,0.1459202766,-0.141774267,-0.3144873977,-0.1573034376,-0.6200719476000001,-0.0916144177,-0.026731908300000003,-0.196892336,-0.2956383824,-0.1483412385,-0.8046845198
115,124.006135,124.569026,124.006135,0.46695411210000004,125.6715927124,0.48685312270000003,125.4476013184,0.45188352470000004,125.4060897827,0.4517805576,125.1628189087,7.085899,7.019429,7.085899,0.3428342938,7.6642289162,0.4318195581,7.7485079765,0.16657544670000002,7.6161808967999995,0.1014525592,7.4616127014,-0.511962,-0.463483,-0.511962,0.008707046500000001,-0.5109293461000001,0.0098068696,-0.5129500628,0.0117183058,-0.5171265006,0.0105704721,-0.5150403976,130.567033,137.452956,130.567033,0.7561860085000001,129.6822052002,0.3676413298,129.5223846436,0.198305428,130.0964202881,-0.3438538313,129.5479431152,1.014857,1.060329,-0.10594083630000001,0.7003147068000001,-0.7268228549,0.16841712590000002,-0.011011928300000001,0.1494354755,0.9059382081,-0.2450332791,-0.4861192405,0.07901111250000001,0.059759303900000005,0.0003287345,0.7686985731,-0.1726310849,-0.6052647829000001,0.1556381285,0.1564783454,0.1584604979,0.7040140629,-0.1903458238,-0.7309783697000001,-0.0072636437,0.19836887720000002,0.0652479455,0.7047346830000001,-0.3633440137,-0.6338073015
116,124.052978,124.778115,124.052978,0.4505730569,125.3896026611,0.44484883550000004,125.1669845581,0.4748482406,125.2223129272,0.46257317070000004,125.2297592163,7.187753,7.036948,7.187753,0.21367657180000002,7.5216827393,0.1151820421,7.3678770065,0.2770857215,7.5187087059,0.17431065440000001,7.275850296,-0.518753,-0.472571,-0.518753,0.0074747954,-0.5217988491000001,0.008964465000000001,-0.5225169659000001,0.0105644325,-0.5202043653,0.0106463432,-0.522829771,129.380357,135.197796,129.380357,0.38979178670000003,128.9890899658,-0.364073813,129.2016601562,-0.48717975620000004,129.8444824219,-0.49460530280000004,129.7163391113,1.015398,1.381658,-0.1542665899,1.0016678626,-0.0624169684,0.0760828629,-0.3459397554,0.1995460689,1.2468087673000001,0.050318650900000005,0.0105825029,0.0633609071,-0.0432479382,0.1867074668,1.1661578417,-0.0036655329000000003,-0.0441094488,0.0457298383,-0.0927381366,0.3834076226,1.1317820549,5.87739e-05,0.0066506639,0.0263182931,0.0099785924,0.2176556587,1.217697382,-0.11887089910000001,-0.1466429234
117,124.037358,124.544866,124.037358,0.4599120915,125.5028381348,0.4350647926,125.1901626587,0.45583963390000004,125.248550415,0.4854762852,125.166557312,7.133782,6.770397,7.133782,0.340939641,7.6704177856,0.0993407592,7.6638894081,0.12329162660000001,7.7301054001,0.1016026139,7.37088871,-0.518461,-0.465881,-0.518461,0.0093294438,-0.5170314312000001,0.010599955000000001,-0.5183619857,0.012818303900000001,-0.5171540976,0.0137937535,-0.5197511911,130.342196,135.889759,130.342196,0.09131024780000001,129.4524230957,-0.2167291939,129.2757568359,-0.1797565818,129.3462524414,-0.1099949479,129.4173736572,1.024597,1.23927,-0.2106226269,0.9859480009,0.1826008772,0.0648395121,-0.6190921664,0.3049760163,0.8912121058,0.0749261975,0.2559075952,-0.1404892206,-0.3372283876,0.20198985930000002,1.1040543318,0.0657332689,0.5975272655,-0.012242496,-0.3033171892,0.21831434970000002,0.9231177568000001,0.0379380994,0.2855513096,0.045131065000000005,-0.0909243524,0.1592608392,1.0875294209,-0.053857885300000005,0.19923453030000002
118,124.13326,124.766609,124.13326,0.4253136516,124.8737564087,0.4407338202,125.0545959473,0.4652856588,124.9331130981,0.4831829071,125.05052948,7.28061,7.31267,7.28061,0.4242907763,7.3332886696,0.8173179626,7.3990764618,0.5746116638000001,7.1900548935,0.5209007263000001,7.0476913452,-0.521702,-0.483919,-0.521702,0.0070545054,-0.5193905234,0.0085709477,-0.5204424858,0.0101481546,-0.5187371373,0.0097780125,-0.5221688151,129.715137,134.700252,129.715137,0.1392544806,129.8875579834,0.0251173675,129.8726959229,-0.5162071586,129.8639068604,-0.35007858280000004,129.5302581787,0.984426,1.295428,-0.4157665238,0.8130242683000001,0.3677275846,-0.0994379967,-0.9569722414,0.1076721102,0.9248504043,0.0844237357,0.5175259113,0.11189082260000001,-0.6581801772,0.18066860740000001,1.0477826595,0.1775090694,0.54697299,0.0103410073,-0.6923640966,0.2486243546,0.9723957777000001,0.2513217926,0.6041870117,-0.0415287502,-0.6261813641,0.23249164220000001,0.9662405252,0.077934891,0.5143344998
119,124.233925,124.639591,124.233925,0.51055336,124.9915237427,0.5249758959,125.0423583984,0.5224658251000001,124.9970245361,0.5816807747,125.0548782349,6.981795,7.438242,6.981795,0.2648679912,7.5774812698,0.9367901683000001,7.3046712875,0.4096513987,7.0080318451,0.6087171435000001,6.7488422394,-0.490138,-0.469625,-0.49013799999999996,0.0071021644,-0.4824876487,0.0098807905,-0.4813034534,0.013623124,-0.4753059149,0.0129005834,-0.47395586970000003,132.761855,135.126418,132.761855,0.2566452026,133.2824707031,0.42807614800000005,133.1266784668,0.6032655239,133.0892944336,0.0168125033,132.6292114258,1.168955,1.381128,0.6687318478000001,0.1853838513,0.9406837266,0.4909093678,0.9416016340000001,0.1008007526,0.29006099700000004,0.2712954581,1.0850231647,0.4750392735,0.9424549937000001,0.1143112034,0.3615082502,0.37251275780000004,1.2545262575,0.449852258,1.0257200003,0.18771888320000002,0.2743913233,0.3306711614,1.2326732874,0.48381853100000005,1.123955965,0.13036856060000002,0.24242299800000003,0.36749228840000003,1.2229306698
120,124.224232,124.615313,124.224232,0.5034527779,125.1784667969,0.5019893646,125.1654205322,0.48308599,125.0533676147,0.5223830938,124.992767334,7.184309,6.701372,7.184309,0.3710076809,7.3206133842,1.1640117168,7.6215248108,0.4693372548,7.4008803368,0.5404562354,7.2572164536,-0.522313,-0.471675,-0.522313,0.0090219565,-0.5151776075,0.0110961376,-0.5167418718,0.0146534126,-0.5153351426,0.012095628300000001,-0.5185157657,131.512609,134.942776,131.512609,0.1975210905,129.8857421875,0.1069007218,129.3055419922,-0.0113864541,129.516494751,0.6309422255,128.9309692383,0.880148,1.124346,-0.298921304,0.4741819828,0.6785709273,0.09903367610000001,-0.503321588,0.1837560534,0.6120431423,0.398606956,0.8894926906,0.23769776520000002,-0.4367241859,0.2084462792,0.5325562954,0.2291168123,1.0429369211,0.0891444758,-0.4709214568,0.17487530410000002,0.7604419589,0.3584913611,0.9952677488,0.286908567,-0.2357128859,0.18096713720000002,0.7515825629,0.3127697706,0.984202981
121,124.021038,124.883791,124.021038,0.3983983397,124.9710464478,0.4037831724,125.1128616333,0.3810236454,125.1070480347,0.36562263970000003,125.1216659546,7.384037,7.005046,7.384037,0.0169720277,7.5415496826,0.3812802434,7.4206914902,0.09168942270000001,7.2803235054,0.1493751109,7.2775917053,-0.532335,-0.522834,-0.532335,0.0068112444,-0.5280166268,0.0103939585,-0.5266200304,0.013655439,-0.5224389434,0.011477627800000001,-0.5279016495000001,129.219882,128.516168,129.219882,-0.040984019600000005,128.0682678223,0.2867544591,128.2060699463,-0.10469359160000001,128.8000030518,0.4832728505,128.8463134766,0.731781,1.289723,-0.6902584353,0.10481264480000001,0.2192275659,-0.2100417614,-0.947893858,0.0675574392,0.44137173890000003,0.036282151900000004,0.27176651360000004,-0.041151657700000004,-0.5934493542,0.1063459367,0.3330819607,-0.0341508463,0.2705762684,0.0566342026,-0.6294690967000001,0.022882744700000002,0.1709839851,0.1273541749,0.3444280624,0.0537854098,-0.6583203077,0.0614040568,0.1684135497,0.028863085400000002,0.3044755161
122,124.336056,124.679741,124.336056,0.3795193732,125.794418335,0.385345459,125.4758453369,0.4331159592,125.4250183105,0.406524837,125.4140548706,7.511276,7.138053,7.511276,-0.0293354169,7.6070046425,0.1956304908,7.5533561707,0.1472736448,7.4155921936,0.011190854,7.4614048004,-0.522683,-0.477436,-0.522683,0.0080380393,-0.5094973445000001,0.0103467461,-0.5093576312,0.0124799712,-0.5061218143,0.0128922593,-0.5030511618,126.91556,134.758967,126.91556,0.0320000499,128.7224731445,0.2171025872,128.5338439941,0.15314874050000002,129.2908172607,-0.043965458900000004,127.7423324585,0.586285,1.371847,-0.5386468805,-0.19191505550000001,-0.1294548154,-0.0947162136,-0.6755059958,0.0413709395,-0.1067758203,-0.1169603094,-0.1922206581,-0.0695078373,-0.6040143967,-0.033255022,-0.2118904889,-0.192802459,-0.2418338954,0.0206654333,-0.7908039093,-0.09321301430000001,-0.3828533888,-0.17964273690000002,-0.130542174,-0.0757218897,-0.6248964667,-0.0310449637,-0.11365002390000001,-0.06973014770000001,-0.23649942870000001
123,124.290736,125.032013,124.290736,0.48598262670000003,125.5927963257,0.4719719887,125.4758911133,0.3996808827,125.3387145996,0.4293532372,125.3843765259,7.370768,7.185425,7.370768,0.11200706660000001,8.1679162979,0.240329802,7.8440465927,-0.0096274279,7.8494291306,0.1137105972,7.4985618591,-0.492301,-0.477851,-0.492301,0.0045135086000000005,-0.48471060400000004,0.0054858127,-0.48724618550000004,0.0089751258,-0.4860572815,0.0070888782,-0.4884029031,133.352454,135.632602,133.352454,1.4951540232,132.2536468506,0.9452648163,132.1674957275,0.6708971262,132.5913391113,1.0916934013,131.537902832,0.680032,1.304806,-0.48319977010000004,-0.0098774152,0.4783977884,0.0032727271,-0.5655528307000001,0.0062220842,0.1077339947,0.0279930998,0.3472059965,-0.0676876232,-0.6735695601,0.103285633,0.2745670378,-0.0031452691,0.5128881931,0.0674823523,-0.6466860771,0.0476038903,0.16827222700000002,-0.0058937464,0.5311216116,-0.0755974948,-0.5600446463000001,-0.0201318935,0.0886220038,0.155589059,0.4907746315
124,124.35926,124.877757,124.35926,0.4429555833,125.9359359741,0.448207438,125.58177948,0.4126167297,125.5536727905,0.4381355643,125.3988265991,7.371756,7.003765,7.3717559999999995,-0.0195719302,7.7996006012,-0.1659722626,7.5247831345,-0.2311059386,7.5663218497999996,-0.0103914961,7.3311891556,-0.489251,-0.471074,-0.489251,0.0055824476,-0.48284909130000003,0.007264735600000001,-0.4814656377,0.0090701841,-0.4798347056,0.0078068245,-0.47895005350000003,132.452932,136.426031,132.452932,0.4209875464,131.9772644043,0.4223878384,131.9524536133,-0.1051169634,132.2434387207,-0.1141835451,131.2488098145,0.838049,1.156841,-0.6626893555000001,0.14638789530000001,0.49166968440000003,0.12107702340000001,-0.7122404575,0.046634972100000005,0.0365943909,-0.1386912018,0.2610925734,-0.0552246645,-0.8018078804000001,0.0323646553,0.2690238655,-0.0990380123,0.3358738124,0.0502223745,-0.7860357165,0.0613264367,0.1441862583,-0.0294838212,0.40024012330000003,0.0252882764,-0.6876493096,0.031883575000000004,0.10956245660000001,0.0515928827,0.39928141240000004
125,124.046456,124.916412,124.046456,0.42278137800000004,125.6191711426,0.4032991529,125.3677978516,0.3951899111,125.3574676514,0.4234887362,125.2785568237,6.901443,7.653869,6.901443,0.38142502310000004,7.4641184807,0.2063589394,7.6201753616,0.2799516916,7.3946733475,0.2367192209,7.0505247116,-0.515021,-0.484109,-0.515021,0.007685837300000001,-0.5107153654000001,0.007523690800000001,-0.5144782066,0.0102024935,-0.5118365884,0.0117456494,-0.5145406127000001,131.612844,135.568557,131.612844,0.4226447344,130.9754638672,-0.013028442900000001,130.5657653809,-0.20576220750000002,130.198135376,0.0186097026,129.6836547852,0.84171,1.266589,-0.620966309,-0.2001412545,0.5318083716,-0.1106236055,-0.4062379599,0.0097760558,-0.3752425909,-0.0175828338,0.9247050285,-0.09895497560000001,-0.7195857167,0.0017066672,-0.2075323462,0.0651716813,0.8707556725000001,-0.1604286432,-0.6770544052,0.04209546,-0.1973467171,0.1148469448,0.6884587407,-0.1706025004,-0.5951732397,-0.0335517488,-0.2523160279,0.07659812270000001,0.7308830023
126,124.482627,124.618887,124.482627,0.5402260423,125.6551818848,0.5517690182,125.459312439,0.5219429135,125.4334793091,0.5455229878,125.3192901611,7.607794,7.238546,7.607794,0.0777578503,7.6665000916,0.1036269739,7.3964099884,0.14130581920000002,7.6427817345,-0.014531381400000001,7.4292993546,-0.514478,-0.479612,-0.514478,0.0099176392,-0.5061252117,0.0136351176,-0.5033268929,0.0150618004,-0.4990929067,0.014398176200000001,-0.49465572830000004,127.951719,135.837085,127.951719,1.5202372074000001,129.6489715576,1.2320826054,129.403213501,1.2798324823,130.2998657227,0.6866109967,128.8388366699,0.501033,1.370707,-0.2531176676,-0.12642810070000002,0.4134986269,0.20690800250000002,-0.1984159201,-0.12783429030000001,0.11159281430000001,0.1340604722,0.7707100511,0.0452404693,-0.041843608000000004,-0.0044427142000000005,-0.0413357764,-0.0254782066,0.7215410471,-0.0553951263,-0.1621989906,0.1520895958,0.0760941505,0.014869056600000001,0.567481637,-0.0041859597,-0.13232469560000001,0.0732095391,0.0803810358,0.0090156253,0.3084987402
127,124.212005,124.967482,124.212005,0.44864058490000003,126.1008453369,0.4482607543,125.64427948,0.4849536419,125.6060943604,0.5081262589000001,125.3608779907,7.010739,7.374745,7.010739,0.2760162652,7.6471605301,0.0978795737,7.8493204117,0.2574089468,7.7082128525,0.0474054962,7.3155837059,-0.524163,-0.476968,-0.5241629999999999,0.0095496923,-0.5070015192,0.0112994155,-0.5086876154000001,0.0143824629,-0.5051362514000001,0.014611547800000001,-0.507555604,130.456151,135.691371,130.456151,0.0290810615,129.9967956543,-0.1886089146,130.1549987793,0.0662741959,130.1672821045,0.27904760840000004,129.401763916,0.958678,1.301768,-0.2544654661,-0.8472171727000001,-0.36950449490000004,-0.16763088110000002,-0.1161747947,-0.4009898603,-0.7382310033,0.11381450300000001,-0.3009722829,0.0420897529,-0.1813648492,-0.2004598081,-1.0235202312,0.1125801429,-0.2958545387,-0.10938106480000001,-0.1811894476,-0.4173247218,-0.9531954527000001,0.0692823082,-0.280185461,-0.2373003364,-0.2212583125,-0.3432834446,-0.9216074347000001,0.1158246398,-0.2606473565
128,124.374332,124.421584,124.374332,0.4440063536,124.9961090088,0.49856445190000004,125.1384277344,0.5171610117000001,125.1170883179,0.4570782483,125.1706466675,7.361963,7.262064,7.361963,0.2684571445,7.6549434662,1.2385537624,7.823331356,0.5992042422,7.5494270325,0.7009274364,7.5431585312,-0.516236,-0.484121,-0.516236,0.0082305474,-0.5066641569,0.0103025865,-0.5066670775000001,0.0121219698,-0.5053596497,0.012893481200000001,-0.5051572919,129.741284,135.482062,129.741284,0.2785629034,129.3023529053,0.33669602870000004,129.2121276855,0.1837051064,129.6934051514,-0.3245412111,129.3572235107,0.67611,1.091879,0.0179326891,-0.2765257303,-0.6167138896000001,0.19893813130000002,0.2159263194,-0.1771987677,-0.4445966482,-0.025580592500000002,-0.9153193831,0.0053500272,0.009361878,-0.0272042863,-0.29920783640000004,0.0196111575,-0.6109962463,0.0787086338,0.1791873723,-0.0363382399,-0.3223190308,0.1299242824,-0.5844019651,-0.0972580686,0.061187833500000004,-0.1310749352,-0.3392347097,-0.0512190014,-0.5118107796
129,123.813937,124.953966,123.813937,0.4292427003,124.8486862183,0.4512387514,124.9606552124,0.4126225412,124.9624252319,0.4255769253,124.9094390869,7.478107,7.292515,7.478107,0.0447999388,7.465180397,0.5984538198,7.3501887321,0.10591384770000001,7.0785102844,0.3043312132,7.416946888,-0.51093,-0.482025,-0.51093,0.0052232733,-0.5146105289,0.006593483000000001,-0.51532197,0.0090019088,-0.5134915113,0.0074378541,-0.5082958937000001,128.779113,136.632106,128.779113,0.1193154454,128.9878692627,0.2293501198,128.9378814697,0.5465653539,129.8194885254,-0.14251923560000002,129.403427124,0.807604,1.286691,0.2827867612,-0.2461662429,-0.715302545,0.1120006889,0.3589934409,0.031656749500000005,-0.5053775907,0.11012037840000001,-0.9981848001,-0.0314549208,0.3545695245,0.017935415700000002,-0.33712425830000003,0.0800447911,-0.7511000633,0.0823142603,0.45369991660000003,-0.17832587660000002,-0.38769888880000003,-0.08956621590000001,-0.7702865005,0.0421487279,0.2930727899,-0.0433486104,-0.37577360870000004,0.0037195943,-0.8171480894
130,124.131404,124.751091,124.131404,0.47904431820000004,125.0953216553,0.5155158639,125.1434707642,0.4995014668,125.0621261597,0.5706270933,125.0747909546,7.589903,7.026582,7.589903,0.2507141829,7.5450716019,0.4919315279,7.541285038,0.2560422122,7.401638031,0.3603948355,7.4592695236,-0.498588,-0.527585,-0.498588,0.0072871358,-0.4979803264,0.009394933500000001,-0.4996746778,0.010760257,-0.4986872673,0.00837484,-0.4930672646,127.71122,129.938759,127.71122,0.2905601263,128.7317504883,-0.0065655708,128.2459259033,-0.0205125511,128.8549346924,0.38645389680000003,127.5035171509,0.654568,1.441744,0.4169062981,-0.0040480055,-0.5046111293000001,0.26221039890000003,0.5519628525,0.2712080777,0.12335333970000001,-0.0504272804,-0.5611166954,0.1926909238,0.7521800995,-0.0809308961,0.1573425531,-0.011445198200000001,-0.6898331046,0.2610059679,0.6455290914,0.052315395300000005,0.0489874035,0.0572534315,-0.7674791813,0.1888663769,0.6419132948,0.055787943300000004,0.1291061491,-0.022658690800000002,-0.5585187674000001
131,124.248526,124.82831,124.248526,0.3925342262,125.9838104248,0.3775545359,125.5814666748,0.3820579052,125.4831771851,0.40648144480000004,125.3906402588,6.917685,7.256011,6.917685,0.168084532,7.3232531548,0.0026932284,7.349571228,0.1581183076,7.388469696,0.07021293790000001,7.2888154984,-0.533499,-0.480909,-0.533499,0.0078773154,-0.5243511796,0.0093820225,-0.5254634619,0.011831224900000001,-0.5232929587,0.013695533400000001,-0.5294663906,129.783677,133.193778,129.783677,0.6085574627,129.4786834717,0.0723206848,129.5462493896,-0.2671675682,129.2518920898,-0.2554035187,129.6931610107,0.79458,0.914802,0.10503391570000001,0.360892115,-0.7000586662,0.0935400277,0.0276017934,-0.042551428100000004,0.9982408285000001,-0.3431176543,-0.9291695356,0.0555032827,0.31679961090000003,0.062403433,0.6045036912,-0.41672968860000004,-0.952722013,0.1610614508,0.2647803426,0.0352765135,0.4757487178,-0.3159412444,-0.784127593,0.13549254830000002,0.0524837524,0.057765387,0.5252571106,-0.23618727920000002,-1.0190141201
132,123.853246,124.595363,123.853246,0.4606041014,125.4749984741,0.47025319930000004,125.3153991699,0.41865837570000003,125.3270645142,0.4591003954,125.1428985596,7.364513,6.947972,7.364513,0.1424031258,7.5528697968,0.2069592774,7.4392380714,0.0099992119,7.509601593,0.12127261610000001,7.287861824,-0.526723,-0.477153,-0.5267229999999999,0.007300631100000001,-0.5248740315,0.0093205534,-0.5224205852,0.0112306941,-0.5131630301,0.010413396200000001,-0.5122512579,128.287063,134.438021,128.287063,0.0607988834,128.063659668,0.0942605138,128.5559387207,-0.37963306900000005,128.8997955322,0.33738908170000004,129.204574585,1.164693,0.922187,0.1550812247,0.5755968325,-1.0005732016,0.2359390855,0.4716736078,-0.0206240863,0.9240978956,-0.25955176350000003,-1.059322238,0.15602120760000002,0.3967910409,0.1250343025,0.6332862973000001,-0.2820148468,-1.0739836693,0.2813101709,0.5229778886,0.0826531425,0.5191870928,-0.29536286,-1.1025112867,0.1356411278,0.4344032407,0.0909135342,0.41153424980000003,-0.2514326572,-1.0535786152
133,123.749581,124.301965,123.749581,0.43996226790000004,125.527961731,0.4593521357,125.2919769287,0.4305464029,125.2593078613,0.4597865343,125.2410430908,6.906868,7.139645,6.906868,0.1513889283,7.2667937279,0.2660814226,7.7078180313,0.09557269510000001,7.5297851562,0.21192017200000002,7.338353157,-0.519314,-0.488221,-0.5193139999999999,0.0087459162,-0.5158145428,0.0084714182,-0.5184653401,0.0101839239,-0.5181652904,0.0111405123,-0.5142434239,129.228515,134.524128,129.228515,0.8435920477000001,129.7621002197,0.1173630357,130.0533447266,-0.2274895906,129.8905029297,-0.2169840932,129.1282043457,0.848163,1.172586,-0.09368416040000001,0.6159340897000001,-0.5755252456000001,0.21885007620000002,-0.3587275147,-0.1620523632,0.8520874381,-0.1479730904,-0.3798730373,0.043424435000000004,-0.07930211720000001,0.1311537921,1.0216302872,-0.0949873626,-0.5481458902,-0.0060804188,-0.154118672,0.12592266500000002,0.7247604132000001,-0.1272901297,-0.4487729669,0.0129848411,-0.13059486450000002,-0.0005337931,0.6802862287,-0.2100588977,-0.5305911303
134,124.070638,124.932619,124.070638,0.426728934,125.6929855347,0.4216227233,125.5246887207,0.3971534967,125.4517745972,0.40690076350000004,125.3719558716,7.299558,7.268024,7.299558,0.1917700171,7.4042835236,0.0077571198,7.6355476379,-0.0337812565,7.5329198837,0.0083560944,7.2763948441,-0.530584,-0.485347,-0.530584,0.0071125133000000005,-0.5270360708,0.0082053691,-0.5282158256,0.0114510655,-0.5261701345,0.0101368129,-0.5285587311000001,129.568184,137.027174,129.568184,0.8531343937,129.9977264404,-0.039134204400000004,129.8667297363,0.31532436610000003,129.2189178467,0.1555823088,129.7675476074,0.927629,1.097404,0.0217629134,0.8707856583,-0.31898849890000003,0.1711237133,-0.3521051109,0.2314435691,1.0029761791,-0.24835416670000002,-0.1437110901,0.0071550086,0.035914003800000004,0.4345272779,1.1009734869,-0.045858793,-0.0672765225,0.1404016167,-0.0130334049,0.3195732832,0.9548532963,-0.1933873445,-0.2873739898,0.041575774600000004,0.0254291892,0.1926379204,0.9776298999999999,-0.058914173400000006,-0.4088012278
135,124.188512,124.936679,124.188512,0.5005167127,125.7638473511,0.5005856752,125.4827194214,0.49701201920000004,125.3466262817,0.5406224132,125.2957687378,6.912707,7.198212,6.912707,-0.0220450386,7.9442815781,0.0150456689,7.6356697083,0.038180355,7.4908466339,-0.0024388507,7.174290657,-0.501427,-0.46311,-0.501427,0.0069663730000000005,-0.4906108081,0.0103529962,-0.491358012,0.013000464100000001,-0.4837041795,0.013702632900000001,-0.4833607674,129.898611,137.331494,129.898611,1.12332201,130.6446533203,1.0252871513,129.9687957764,0.7272361517,130.3157348633,1.6636722088,129.9026031494,0.831251,1.029235,0.2197138335,-0.578809935,-0.5546914303,0.2831440866,0.5410948992,-0.2038673162,-0.6998592615,-0.4331902266,-0.8866146803,0.11402001980000001,0.5829730630000001,-0.2098881602,-0.7234374881000001,-0.3438741267,-0.9734492898,0.2043230385,0.5011363626,-0.23087519410000001,-0.7517280579000001,-0.3338180184,-0.7343640924,0.2266540527,0.4616135061,-0.15061050650000002,-0.6899398565,-0.48510363700000003,-1.0345888138
136,123.948104,124.312143,123.948104,0.4286488295,124.8672180176,0.46276569370000004,125.0470581055,0.43065610530000004,125.0146484375,0.4511834383,125.0508041382,7.158166,7.031121,7.158166,0.5992285609,7.580206871,1.0946341753,7.5133056641,0.5548852086,7.4244065285,0.5809078217,7.1818933487,-0.53962,-0.487728,-0.5396200000000001,0.0094297044,-0.5340371132,0.0106412936,-0.5354676843,0.0139986351,-0.5390209556000001,0.0117123611,-0.5382109284000001,129.484342,132.195322,129.484342,0.2224604785,129.5490875244,-0.4146715999,130.0462799072,-0.0735181868,129.6192626953,0.9146776795,129.5435943604,0.681835,1.176201,-0.1100303209,0.3145480953,0.5948549686,-0.12320650370000001,-0.37488299610000003,-0.0634300262,0.37049660090000003,0.20492109660000002,0.9282927513,0.058032088,-0.1649104059,0.3290186524,0.0749177635,0.24893714490000002,0.8219935894,0.0317969769,0.0336387306,-0.0003712904,0.37932044270000004,0.2584896088,0.6661537886000001,0.1851732731,0.1137591302,0.1423235685,0.3056356907,0.13920485970000002,0.7044690847
137,124.013076,124.746596,124.013076,0.3747235835,125.4608764648,0.4273444414,125.3294448853,0.4162972569,125.3018035889,0.4149057269,125.1588821411,7.281227,7.303204,7.281227,0.272295326,7.4817123413,0.37124192710000004,7.448097229,0.39009881020000003,7.5117659569,0.24876353140000002,7.2995376587,-0.520415,-0.481643,-0.520415,0.0083096642,-0.51679039,0.009982134200000001,-0.5194809437,0.010773247100000001,-0.5186434388,0.0144973928,-0.5167155862,128.914257,133.189213,128.914257,0.9659760594000001,128.2873382568,0.5034739971000001,129.3412780762,0.7257146239000001,129.7650756836,-0.6445550919,129.7856445312,0.957215,1.134482,-0.2504709504,0.5502949301,0.7420916723000001,0.1299156398,-0.4547728002,-0.1510556489,0.2934331,0.2857120931,1.5363543034,0.0754468888,-0.2948390245,0.0728483349,0.2805306911,0.3807177544,1.219771862,-0.039049495000000004,-0.1284853816,-0.0426674783,0.3839861751,0.5023741722,1.2632004023,0.0001469757,-0.2052094489,0.1039471701,0.40738883610000004,0.4222919643,1.263035059
138,124.427621,124.726474,124.427621,0.4385351241,125.9638214111,0.45073023440000004,125.6474990845,0.4513073564,125.5106506348,0.4585564137,125.3843002319,7.238407,7.132179,7.238407,0.10175503050000001,7.4279756546,0.1660930663,7.6983442307,0.0630731732,7.526268959,0.057972759000000006,7.3958091736,-0.51875,-0.476828,-0.51875,0.0079333065,-0.5098954439,0.009854774,-0.5117852688,0.0122387707,-0.5092864037,0.013100720900000001,-0.5098974705,130.243101,134.468223,130.243101,0.6302089691,130.4336547852,0.6160418987,130.1150054932,1.0360944271,130.7707366943,0.7720901966,129.9499359131,0.856607,0.984197,-0.1522781896,0.4567649447,0.7084856268,0.0483246148,-0.2891633809,0.08483691510000001,0.5492233634,0.3478767574,0.9193406701,0.0831664056,-0.003542304,0.166283071,0.32078325750000003,0.1567010581,0.9195467234,0.048876211,-0.097445637,0.1080464721,0.44249933960000004,0.2189036757,0.9707739353,0.1557221413,0.014938294900000001,0.1718568653,0.442523092,0.33566671610000004,0.9030355215
139,124.322421,124.813553,124.322421,0.4101318419,125.5294799805,0.4114335179,125.4690628052,0.41808384660000003,125.3720626831,0.3882907927,125.4017105103,7.089983,7.336071,7.089983,0.33360773320000003,7.5656042099,0.24764379860000002,7.633810997,0.25781056280000003,7.5291509628,0.3456272483,7.1068344116,-0.526069,-0.482935,-0.526069,0.0062047103,-0.5216291547,0.0070152367,-0.5239141583,0.009905739700000001,-0.5224271417,0.0094227856,-0.5296887159,129.858379,134.55039,129.858379,0.0603057742,130.6392059326,-0.013509750400000001,130.396697998,-0.6130901575000001,130.4281463623,0.1966615915,130.0274047852,0.793285,1.13815,-0.4147975732,0.3545111871,0.5758178883,0.13131959740000002,-0.7575346231000001,-0.21935895090000002,0.18686011430000002,0.1270483434,0.5753308535,-0.0247843638,-0.43000644450000003,0.0249725841,0.2751503289,0.1682914197,0.8072288632,0.0491822138,-0.3926223814,0.0030244405,0.2251165211,0.2289515436,0.6893374324,-0.023236502000000003,-0.3699106276,0.06602010130000001,0.2553117871,0.1807720959,0.7299910188000001
140,124.364564,124.656409,124.364564,0.4780797064,125.4345779419,0.4644651413,125.3608169556,0.3933831155,125.3276443481,0.4328600764,125.3202209473,7.305503,6.971302,7.305503,0.23396894340000002,7.4978733063,0.1821266711,7.7253026962,0.0708816275,7.8324689865,0.2553154528,7.4366846085,-0.531416,-0.472438,-0.531416,0.007062967900000001,-0.5263324976,0.0080077937,-0.5272046924,0.011533643100000001,-0.5246712565,0.0128293894,-0.5220996737,128.754539,135.551445,128.754539,0.7217334509000001,128.9733734131,0.46213403340000003,129.4669494629,0.3424038291,129.5695343018,-0.5199673176,129.2554321289,0.849277,1.184323,-0.3954070324,-0.0564519579,0.7494919019,-0.0003625378,-0.8362394571,-0.37348648910000004,-0.4136392772,-0.0074825063,0.9729570746,-0.34159958360000003,-0.6682244539000001,-0.10301847010000001,-0.5308143497,0.33480471370000003,0.7564350367,-0.1477751732,-0.4685817063,-0.18792167310000002,-0.21659442780000002,0.2562535703,0.9283797741,-0.017217651,-0.5523399115000001,-0.1204845905,-0.2871177495,0.2282815427,0.9825806618
141,124.216451,124.605638,124.216451,0.4403705001,125.7178573608,0.4480474591,125.4122848511,0.3987808228,125.4920654297,0.4311459661,125.3663787842,7.084814,7.130638,7.084814,0.2213957906,7.4073200226,0.0949880555,7.4273152351,0.052160125200000004,7.2154874802,-0.0670737252,7.2341303825,-0.519329,-0.476515,-0.5193289999999999,0.0075778561000000005,-0.5194737911,0.009264159000000001,-0.5201250315,0.0120244175,-0.5188147426,0.0126178265,-0.5223894715,129.510369,135.34728,129.510369,0.27408039570000003,130.0805511475,0.0181607306,129.7174072266,0.0370511264,129.5842895508,0.6403654218,129.3930206299,0.978661,1.442833,-0.3903913718,-0.33043125760000003,0.8343780260000001,0.0584329665,-0.5938411951,-0.1875330359,-0.2835243344,0.4642065763,0.6508868933,0.0654670373,-0.5732730627,-0.0783776045,-0.5598410368,0.20237365370000002,0.7778103352,-0.1532841027,-0.6044836044,-0.1334296465,-0.38784652950000004,0.2441202402,0.8794569969,0.1457327306,-0.3620909452,-0.1903270185,-0.4570502937,0.1963978261,0.7357941866000001
142,123.937866,124.485957,123.937866,0.4361135662,124.7337646484,0.4397349358,125.1435317993,0.40633076430000004,125.3327636719,0.39372241500000005,125.1941452026,7.038952,7.235079,7.038952,0.47831210490000003,7.4982795715,1.1144301891,7.5835261345,0.5740785003000001,7.409101963,0.729418695,7.3310060501,-0.539593,-0.477811,-0.539593,0.0087733939,-0.5260454416,0.0101562031,-0.5253015161,0.0129329907,-0.5223776698,0.013681964900000001,-0.5246354342,130.441759,134.504122,130.441759,0.45781391860000004,129.4373779297,-0.2058949769,129.8653106689,-0.1098908782,129.9038696289,1.1396321058,129.6049804688,0.914568,0.974302,-0.42668987500000005,-0.5873084263,0.5562718227,0.0169062018,-0.7451021671,-0.3126714826,-0.3511355519,0.1333323717,0.7439992428000001,-0.0673554689,-0.6314710379,-0.17308449750000002,-0.8473172188,0.32723614570000004,0.6804164648000001,-0.0592955425,-0.5056517124000001,-0.3399990499,-0.7771368623,0.0005504433000000001,0.7622510791,0.0850126222,-0.4193328619,-0.2505395114,-0.7130598426,0.150112763,0.6271764040000001
143,124.446381,124.415543,124.446381,0.47254902120000003,125.8364105225,0.48433786630000003,125.5757980347,0.4797481596,125.535736084,0.4899515808,125.439163208,7.268741,7.298165,7.268741,0.3038037717,7.7628583908,0.1830058694,7.9567556381,0.1747342646,7.9299817085,0.2297830582,7.63712883,-0.514673,-0.469779,-0.5146729999999999,0.007030574600000001,-0.4980012774,0.007799522000000001,-0.4998908043,0.0109433336,-0.4948273897,0.010602289800000001,-0.4935548306,129.821797,135.570199,129.821797,0.1145062894,130.5666046143,-0.0763100684,130.0846710205,-0.1380019188,130.7578887939,0.47440683840000003,129.5276184082,0.893957,1.177443,-0.5901232786,-0.5109908123,0.4356635508,-0.0143939853,-0.8489114046,-0.030975714300000002,-0.5732966661000001,0.1180965602,0.5545028448,0.0523710176,-0.7422691584000001,-0.1274870038,-0.7236514688,-0.0092072487,0.3479566276,-0.0411661044,-0.7734916806000001,-0.2185731679,-0.8813295364,0.0284064319,0.45570254330000004,-0.0299087539,-0.566544354,-0.2140069604,-0.7931033373,0.0580662861,0.5784290433
144,123.720607,124.904704,123.720607,0.4211053252,125.6005325317,0.4588781595,125.4047775269,0.4946103096,125.2765045166,0.47479856010000004,125.3524703979,7.08302,7.161407,7.08302,0.0093489066,7.6980581284,0.2283349037,7.555847168,0.2145191878,7.5631508827000005,0.23708853130000002,7.3477144241,-0.485529,-0.54058,-0.485529,0.00364611,-0.4786614776,0.0054407492,-0.4833013713,0.0100385286,-0.48170891400000004,0.009151415900000001,-0.4823609293,134.608885,129.508991,134.608885,1.0083227158,133.6411437988,0.47173106670000003,133.2032928467,0.2946152687,133.6680450439,0.2122753263,133.9237823486,0.665628,1.129332,-0.3542059174,-0.5255393344,-0.2034859906,-0.1706802845,-0.5349863172,0.1681941897,-0.602288723,0.028373234,-0.1790275723,-0.0295970105,-0.5149995685000001,-0.2517905533,-0.6048045158,0.0919422805,0.062145128800000005,-0.0617473796,-0.3130391538,-0.1206446365,-0.5989093781,-0.0080912933,-0.0041678846,-0.0848544687,-0.4036686122,-0.1144088805,-0.5748232007,0.0198690295,-0.0979347378
145,124.220486,124.447319,124.220486,0.42791575190000003,125.6328353882,0.4514479637,125.4611740112,0.42179530860000003,125.4452209473,0.4463555813,125.4119262695,7.438692,7.231613,7.438692,-0.1426045001,7.7392711639,0.017543174300000002,7.7352862358,-0.0067437254,7.5100355148,-0.0029302537,7.3688735962,-0.519444,-0.473759,-0.519444,0.0062208297000000004,-0.502399683,0.0075292499,-0.5008752346,0.0117753819,-0.4957199097,0.0107784271,-0.4855266809,125.389712,131.473319,125.389712,0.4324034154,129.2487335205,0.897516489,128.9913024902,-0.1303867102,129.8267364502,0.2905778587,128.5997314453,0.794578,1.253762,-0.6448371709,-0.2636749471,0.3821183882,-0.0209039412,-0.7115658522,0.056029167000000005,-0.2080813199,0.090474017,0.4153109193,0.0542571023,-0.5541554093000001,0.0889258683,-0.09182868150000001,0.1449568719,0.37458661200000004,0.07106867430000001,-0.7624863982000001,0.0290173516,-0.0683025196,-0.0881703719,0.43138718610000004,-0.11461040380000001,-0.6067926288000001,0.0866394043,-0.1188074201,0.1240649298,0.3665384054
146,124.196906,124.679263,124.196906,0.3971357048,125.3251419067,0.4257805645,125.2813720703,0.43840864300000004,125.3314971924,0.43445706370000003,125.3937835693,7.295441,6.945947,7.295441,0.0361833312,7.6461892128,0.3910351396,7.6154594421,0.216913864,7.2796106339,0.2875069678,7.5048213005,-0.506432,-0.470339,-0.506432,0.0060937610000000005,-0.5058060288,0.006968499600000001,-0.5088938475,0.0088782711,-0.5053257942,0.010644171400000001,-0.5067027807,129.766524,136.995009,129.766524,0.32618281250000003,128.3891906738,0.6137486696000001,128.2642211914,0.44268563390000004,129.1536407471,0.9538847208000001,127.9410247803,0.848834,1.137403,-0.7071842794000001,-0.3718971132,0.28653424040000003,-0.012009838600000001,-0.9956771135,0.12344150250000001,-0.2667686641,-0.0042261034,0.2036257982,-0.0520200357,-0.8493202925000001,0.037767387900000005,-0.1633707881,-0.0690966025,0.18254275620000002,-0.107351847,-0.9647940993,0.09016089890000001,-0.1215692684,-0.0092719253,0.2464985996,-0.2213582247,-0.8174749017,0.0900871307,-0.2004331648,0.033528883,0.1580756307
147,124.118156,124.996541,124.118156,0.5476638079,125.4450454712,0.5326072574,125.3911361694,0.53967309,125.4506530762,0.5671975613,125.3274383545,7.171103,7.051706,7.1711030000000004,0.1988989115,7.550151825,-0.08420694620000001,7.5871200562,-0.0551309772,7.3047442436,-0.0201686397,7.0729341507,-0.543523,-0.52052,-0.543523,0.0143907592,-0.5261386037,0.0172711704,-0.5243273377000001,0.0203971751,-0.5228278041000001,0.020020602300000002,-0.5245732665,126.896924,129.114504,126.896924,1.4348000288,127.5237579346,-0.0079828799,127.4607086182,1.8881905079,129.2100067139,2.6395869255,128.2896881104,0.759729,1.169417,-0.6028587448,0.3650443987,-0.2837109648,-0.333484292,-1.0596003532,0.3043373227,0.7326721549,-0.5439985991,-0.6829143167,-0.4284619391,-1.3413264751,0.33711016180000003,0.6348694563,-0.3737904727,-0.4587246478,-0.5323221684,-1.2559081316,0.22368279100000002,0.6411981583,-0.22317308190000001,-0.5810910463,-0.3162469268,-0.9207248688,0.1972659379,0.6536858678,-0.5182908177000001,-0.7504321337000001
148,123.964577,124.742142,123.964577,0.4159448445,125.3952178955,0.42689472440000004,125.3055496216,0.44080904130000004,125.2258148193,0.4890063405,125.2993469238,7.512293,6.823516,7.512293,0.07563182710000001,7.7096939087,0.2197101116,7.5763864517,0.0451254882,7.4222736359,0.025981538000000002,7.3729600906,-0.490428,-0.48169,-0.490428,0.0056822705,-0.4955851734,0.0085830186,-0.4992791414,0.0113747688,-0.49483147260000004,0.0116487024,-0.4970574975,131.71606,133.713832,131.71606,0.4422767758,130.9686279297,-0.16312783960000002,130.7062835693,-0.525842011,131.0060882568,0.0798054338,130.3263702393,0.87489,1.191025,-0.6236741125,-0.5929130014,-0.1578502307,0.12281925980000001,-0.5019426942,-0.0429326147,-0.6030907631,0.1343717724,0.0500564724,-0.0036027171,-0.4815725684,0.0561117753,-0.7318701744,0.21023190020000002,0.012938953900000001,-0.0566080771,-0.5355232954,-0.026605282,-0.6147348881,0.1183630675,0.0163467415,-0.06411112100000001,-0.5440860987,-0.0291893668,-0.4230015278,-0.0392720588,-0.0373507515
149,123.966629,124.724536,123.966629,0.5284026861000001,125.4607391357,0.5131429434,125.2099304199,0.531347692,125.2935180664,0.5362609029000001,125.2896118164,7.391652,6.869824,7.391652,0.0916491449,7.7948122025,0.1081793681,7.9902353287,-0.0734181553,7.6895871162,-0.0149373487,7.161667347,-0.473966,-0.47133,-0.473966,0.0058964803000000005,-0.4748631418,0.007945125,-0.47818076610000004,0.010950539300000001,-0.4788532555,0.010878095400000001,-0.48095241190000004,133.454034,135.09699,133.454034,1.4598503113,131.8025970459,0.8300796151000001,131.599609375,1.0763341188,131.921875,-0.3271132708,131.3304138184,0.974776,1.119293,-0.4350305658,-0.6845673831,-0.540651185,-0.06529335680000001,-0.4414668083,0.1531930864,-0.3829838634,-0.0676471591,-0.3786418736,0.0552667752,-0.2357166708,-0.095958814,-0.691588819,-0.0538772494,-0.4908555746,0.0358369946,-0.3397061825,-0.0409093425,-0.6003312469000001,-0.1330599636,-0.44617518780000004,-0.0164940394,-0.3804195523,0.0484203734,-0.5781754255,-0.1833045483,-0.5998964906
150,124.352987,124.950693,124.352987,0.4536626935,125.8115615845,0.4865739942,125.4793167114,0.5193430185,125.3676986694,0.51980865,125.2561264038,7.020984,7.283573,7.020984,0.08403580640000001,7.6289401054,0.2790133953,7.9696207047000005,0.1285531074,7.4389400482,0.1375459135,7.2569723129,-0.511931,-0.485036,-0.511931,0.008701032000000001,-0.4988923669,0.011671394100000001,-0.500335753,0.0129383728,-0.49701237680000004,0.0148430839,-0.4954535961,130.303184,134.090196,130.303184,0.9885827899,131.0934295654,0.6565569639000001,130.5532836914,0.4847526848,130.951675415,0.9891272783,130.3542785645,0.977009,1.333732,-0.5771929422000001,-0.2800708055,-0.7368553888,-0.4843661785,-0.6262942553,-0.1083179563,-0.4402050376,-0.0037099868,-0.5658276081,-0.2987501323,-0.6068509221,-0.08174568410000001,-0.3732750118,-0.0034859143,-0.4789992273,-0.2590483129,-0.7704996467,-0.054362893100000004,-0.4983666539,0.028484124700000002,-0.7800254822,-0.43115848300000004,-0.8425537944,-0.067947939,-0.350466162,-0.006837762900000001,-0.6512092352000001
151,124.044524,124.72375,124.044524,0.45120292900000003,125.5936431885,0.46175083520000004,125.432472229,0.48391714690000004,125.4313583374,0.4663786888,125.1911239624,7.166297,6.944411,7.166297,0.3369194269,7.3955197334000005,0.6670393944,7.6567974091,0.3309909999,7.3924560547,0.27378576990000003,7.2184181213,-0.522655,-0.470887,-0.522655,0.0105055301,-0.5174247622,0.0124670202,-0.5186397433000001,0.014097251000000002,-0.5115858912,0.016234545,-0.5178974271,130.839372,133.98343,130.839372,0.5247591138000001,129.8378448486,0.6172633171,129.7972412109,0.9071966410000001,130.5208435059,0.8783319592000001,129.7939300537,1.051067,1.333613,-0.5406151173,-0.1355829903,-0.8911199710000001,-0.28787377480000004,-0.6472885609,-0.3377360404,-0.2620652616,-0.3941629827,-1.2808918953,-0.3290966153,-0.5494736433,-0.2817251086,-0.4774038494,-0.0996005461,-0.7058471441,-0.2310834527,-0.7150491476,-0.3231470883,-0.4774531722,-0.2539687157,-0.899851799,-0.3060640395,-0.7273931503000001,-0.1718575209,-0.5051307678,-0.1992867887,-0.8609763384
152,124.008936,124.831679,124.008936,0.4986709952,125.6702575684,0.48393449190000004,125.4294891357,0.4630396664,125.3742294312,0.4727094471,125.3469238281,7.058887,7.076712,7.058887,0.3409900665,7.4009218216,0.3402270079,7.8197607994,0.2771674693,7.545838356,0.25424963240000004,7.370642662,-0.517396,-0.478689,-0.517396,0.007381706500000001,-0.5092254877,0.009015997900000001,-0.5103648305,0.0125395861,-0.5092411041,0.0150202289,-0.5074521303,130.563046,133.618623,130.56304599999999,0.4460889101,129.8322296143,0.5894058943,129.8879547119,0.1716279984,130.3390350342,0.6079018116,129.5202178955,1.054717,1.096626,-0.26680557650000003,0.0146423604,-1.0203079271,-0.1900367737,0.1080887169,-0.22415401040000002,0.210568428,-0.0663438588,-1.0825383663,-0.0894216672,-0.0008513792,-0.170864448,-0.09089642760000001,-0.18540652100000002,-1.204013586,-0.0888288468,-0.21333269770000002,-0.1468748152,-0.0140697211,-0.2807708979,-1.2002384663,-0.0888222456,-0.1938037574,-0.14395664630000002,-0.1008037925,-0.24586075540000002,-1.2486652136
153,124.078259,124.930884,124.078259,0.40879094600000004,126.133026123,0.4431879818,125.802696228,0.42055520420000003,125.6081695557,0.4098175168,125.4755325317,7.099408,7.092343,7.099408,0.2086681128,7.7300276756,0.3640496731,7.9397091866,0.1393564343,7.7697687149,0.1491615325,7.373591423,-0.507943,-0.521001,-0.5079429999999999,0.0072639398,-0.5006217957,0.008366748700000001,-0.5020539165,0.008933351400000001,-0.4987424016,0.008663795,-0.5019130707,130.024823,129.464047,130.024823,0.5838419199,130.5819396973,0.13365295530000001,130.0761566162,0.5829513073,130.195892334,0.2751300037,130.0277557373,0.885707,1.171316,-0.15635036800000002,0.3696865358,-0.7895330960000001,0.023392513400000002,0.20244896410000002,-0.1247239858,0.555434227,-0.2270424664,-0.7647037506000001,-0.236279428,-0.1483745575,-0.114491798,0.2316835672,-0.1015438735,-0.8858133554000001,-0.0312007628,0.0453116931,0.013045385500000001,0.28630527850000004,-0.22742497920000002,-0.8783000708,-0.1186988801,-0.1339494437,0.0560898632,0.1570485532,-0.2821107805,-0.8482316732
154,124.092747,125.013071,124.092747,0.4280288517,125.5330276489,0.4433106184,125.3115921021,0.4265282154,125.3672561646,0.4287538528,125.3185577393,7.208127,7.050376,7.208127,0.2506820261,7.5418605804,0.2139054537,7.5560417175,0.1664526463,7.6005396843,0.1636968851,7.3544492722,-0.527035,-0.485707,-0.527035,0.008181830900000001,-0.5235552788,0.0095011964,-0.5243607163,0.0113751255,-0.5231456161,0.0145893972,-0.5233359933,129.908679,134.034626,129.908679,0.25757491590000003,129.0391845703,0.2159276903,129.602935791,0.1597337723,129.6153411865,-0.0098345876,129.8822937012,0.86996,1.130838,0.0101887855,0.6756512417,-0.547924604,0.3486860693,0.4173518419,0.0580888763,1.0360153913,-0.21340894700000002,-0.8428577185,0.1326616108,0.21142563220000002,0.2541489005,0.6881418824000001,-0.1989314556,-0.5832791328,0.0932700112,0.2387452871,0.1279654801,0.6315040588,-0.3226137161,-0.6882113218,-0.018481832,0.2931192815,0.1388091445,0.7535912991,-0.3606375456,-0.7614904046000001
155,124.162782,124.741651,124.16278199999999,0.4478149712,125.3873977661,0.42860901360000003,125.3206329346,0.3802676499,125.3296356201,0.38633248210000004,125.2492523193,7.173102,7.098404,7.173102,0.2971154153,7.6220822334000005,0.17522540690000002,7.787530899,0.24243952330000001,7.6013183594000004,0.3790296614,7.3428711891,-0.525937,-0.474016,-0.525937,0.007987480600000001,-0.522300899,0.009046324500000001,-0.5225878358,0.0113061592,-0.5219393969,0.012504267500000001,-0.5245239735,130.265088,134.443354,130.265088,0.1760069728,130.0378417969,0.2716854215,130.247253418,0.26759800310000004,129.7944793701,0.23904669280000002,129.8820495605,0.801936,1.225891,0.0168414258,0.7691460761000001,-0.2263443105,0.0963780954,-0.0056867376,0.0105244815,0.9710235596000001,0.0427534766,-0.0202251971,-0.011264577500000001,0.1248932928,0.1520019323,0.7556967735,-0.1264511943,-0.2288332582,0.15432292220000002,0.0820357725,0.1237854213,0.7268389463,-0.1450801641,-0.1780424118,-0.0246874392,0.1034456044,0.108860597,0.7356116772,-0.195920065,-0.2251055837
156,124.173573,124.724889,124.173573,0.4900271893,125.460105896,0.4799443781,125.3268356323,0.4254887104,125.2922439575,0.44302457570000003,125.2467803955,7.121492,7.17534,7.121492,0.3066670597,7.4736876488,0.3309471607,7.5853967667,0.3084298968,7.5957570076,0.3331224024,7.1901111603,-0.528466,-0.476817,-0.528466,0.009272255,-0.5272219777,0.0105860699,-0.5297020674,0.014045868100000001,-0.5292092562,0.0137910489,-0.5299189687,130.215877,135.658566,130.215877,0.4347443581,129.5768737793,0.0613875687,129.7568359375,-0.2950924635,130.5912780762,0.1622722745,129.2300567627,0.853341,1.082241,-0.0046352032,0.8386940484000001,-0.1573598418,0.1053170413,0.1952677965,0.08930824700000001,1.1326569319,-0.23038366440000002,-0.020900026000000002,0.0327499658,0.4052661061,0.1291840225,0.9641305804,-0.18786177040000002,-0.0465321988,0.11720243100000001,0.160613358,0.2117108256,0.9348433018000001,-0.2089991719,-0.23410928250000002,-0.006873488400000001,0.0371467173,0.1058076024,0.9705436230000001,-0.2551968396,-0.2861014009
157,124.237436,124.795305,124.237436,0.44878652690000004,126.0539321899,0.4421241879,125.5961303711,0.4418613315,125.5889434814,0.44559860230000004,125.3295211792,6.972186,7.195104,6.972186,0.2605541646,7.5436062813,0.041420646000000005,7.6047239304000005,0.1453346908,7.4351263046,-0.0674095675,7.1398859024,-0.532741,-0.469183,-0.532741,0.0088158492,-0.5188064575,0.0105303172,-0.5199602842000001,0.0142099932,-0.5207315087000001,0.0175457411,-0.5193684697000001,129.257284,135.940691,129.257284,0.5729260445000001,130.1040039062,0.5878760815,130.1956329346,0.3740271032,130.5754241943,0.3075855672,129.4093475342,0.948729,1.169831,-0.010546683000000001,0.9323129615,-0.1754062092,0.053350918000000004,0.010971114,0.23294983800000002,1.0139034986,-0.2461296618,0.0824330747,0.053225942000000005,0.20929545160000002,0.3101358712,1.0850666761,-0.0955721587,-0.0701940358,0.1185071319,0.1376860142,0.40327957270000003,1.0837001801,-0.1012456566,-0.2018388808,0.019370533500000002,0.2599207759,0.2762378454,1.1116811037,-0.2312597781,-0.1415925771
158,124.075191,124.603893,124.075191,0.3969228268,125.2937774658,0.4872117043,125.1999740601,0.46739941840000004,125.079498291,0.47507354620000003,125.1126327515,7.390782,6.879561,7.390782,-0.0911366418,7.5218262672,0.10629882660000001,7.4712734222,-0.0128116123,7.3288621902,0.1482235789,7.2955389023,-0.528466,-0.517832,-0.528466,0.009163433700000001,-0.5218434334000001,0.012985779000000001,-0.5210214853,0.0159247145,-0.5177528858,0.0144568188,-0.5214042068,127.694627,129.811241,127.694627,0.6152047515,127.3199539185,0.6371355057,127.475769043,-0.14132091400000002,128.9583892822,0.9728845954,127.5959243774,0.568509,1.103108,0.0352921867,0.48133471840000003,-0.3004558506,0.1359450221,0.057455547200000005,0.1055281758,0.6489980817000001,0.0937381983,-0.0817468017,0.1065181345,0.31055930260000003,-0.0463439412,0.5110385418,-0.0240079053,-0.3494042754,0.0879908949,0.1296012402,0.19641688470000002,0.6145296693,-0.06740645320000001,-0.2936446667,0.030395731300000003,0.0710109174,-0.041515816000000004,0.5403342843,-0.20498447120000002,-0.238426879
159,124.486712,124.485663,124.486712,0.45688253640000004,125.3610229492,0.4711109698,125.305809021,0.48181009290000004,125.3809356689,0.4625093639,125.2754745483,7.301206,7.018506,7.301206,0.36015412210000003,7.7082047462,0.8495870233,7.8466563225,0.47632074360000004,7.7209453583,0.5818055272,7.2940034866,-0.513213,-0.521074,-0.513213,0.007945112,-0.5065393448000001,0.0087212622,-0.5076658726000001,0.0107789841,-0.5052989721,0.011181525900000001,-0.5047838688,130.845871,127.68447,130.845871,0.7197259665,130.3775482178,0.3103796244,130.0950622559,0.2123389095,130.4855651855,0.1083359718,130.2470855713,0.987878,1.33391,-0.028326541900000002,-0.47243382450000004,0.8671260825,0.0773679763,-0.2053920478,-0.2404504865,-0.7654749155,0.3713569641,1.2267843485,0.086184144,0.1411673129,-0.12379319970000001,-0.6792574525,0.20556268100000002,0.9586753249000001,0.2490685433,0.0390437245,-0.1671983004,-0.6492397785,0.2620202601,0.9589055777000001,0.1574074328,0.1392436326,-0.1210554093,-0.6573457718,0.37856471540000003,1.1115846634
160,123.978026,124.88362,123.978026,0.4150043726,125.4779815674,0.45134186740000004,125.4421234131,0.4582880139,125.3481445312,0.45489436390000004,125.3583297729,7.460492,7.315186,7.460492,0.3275187016,7.9963407516,0.4924356043,7.8707284927,0.532053709,7.5948505402,0.41181698440000003,7.5771865845,-0.520629,-0.527872,-0.520629,0.0095430249,-0.5117942095,0.0118595725,-0.5135592222,0.014773262700000001,-0.5156398416,0.015068036500000001,-0.5160077214000001,129.897589,129.156117,129.897589,0.18411497770000002,129.3727722168,-0.0369277894,129.5052337646,0.7820369601,130.3071746826,0.8865702152,129.0427703857,0.601267,1.038799,-0.290341726,-0.41928388990000004,0.3184720936,0.0295979083,-0.6177639961,0.0238756388,-0.7582207322000001,-0.0748472661,0.348311007,0.0113838464,-0.375027895,0.0605474934,-0.43831807370000003,-0.18962357940000002,0.123218663,-0.0701263845,-0.3895066977,-0.0196308363,-0.5329450369000001,-0.0831919685,0.051102981000000006,0.0269367192,-0.21375423670000002,0.0074298829,-0.4527628422,0.051047422,0.1719608605
161,124.398801,124.947805,124.398801,0.5328779817,125.3334960938,0.5510138869,125.3038864136,0.5450433493,125.3695907593,0.5866447687,125.2956237793,7.415143,7.444458,7.415143,0.257707417,7.5938754082,0.3226945102,7.6875801086,0.2113163322,7.5447583199,0.09441445770000001,7.4154930115,-0.500205,-0.505138,-0.500205,0.0081717204,-0.49628016350000004,0.0101829916,-0.49835664030000004,0.0118888095,-0.4943016469,0.0107443947,-0.4932675958,128.873884,130.697821,128.873884,0.6052268744,129.3374786377,0.6189709902,128.8329925537,0.11479339000000001,129.5670318604,0.7879534364,127.6935806274,0.621108,1.105071,-0.19023009370000002,0.5867282052,0.0730607067,-0.0074012727,-0.042843014000000006,0.1046943069,0.7027555704,-0.0595217571,0.2974150181,0.047833774200000005,0.1007849574,0.13026398420000002,0.7267317176,0.1523955464,0.1259966791,0.1372305155,-0.1480349749,-0.0278442055,0.7035319209,0.2264277339,0.08600449560000001,-0.010992318400000001,-0.0883828998,0.1011709273,0.6405088305000001,0.1826067716,0.2670084834
162,124.035594,124.704549,124.035594,0.4006350636,126.2169494629,0.3938964903,125.7300643921,0.4476841092,125.5977859497,0.4195519388,125.4126052856,7.476673,7.050535,7.476673,-0.2885442674,7.9746642113,-0.1747136414,7.5425639153,-0.1048217565,7.5517344475,-0.0928432718,7.4388480186,-0.512164,-0.533892,-0.512164,0.007914945500000001,-0.5035889149,0.0113274623,-0.5044069290000001,0.0134157948,-0.5047207475000001,0.0091312146,-0.5085422397,129.557011,128.866722,129.557011,1.1465409994,129.1809692383,1.0292122364,128.8881530762,0.4875651896,130.3489685059,-0.2978459597,128.5102386475,0.683314,1.160317,-0.41579453200000005,-0.5222435943,0.1459271086,-0.1945249289,-0.7336038351,-0.0741967633,-0.6869446635,-0.020619601,-0.1094546542,-0.1155561209,-0.6472681761,0.1753102541,-0.4178313017,-0.1104895994,0.0730528086,0.1078500226,-0.5119441152,-0.040936742000000005,-0.5669774413,-0.0541264378,-0.055448953100000004,-0.0645569637,-0.33355921510000003,-0.026429383100000002,-0.3313070536,0.0750650167,-0.0715508312
163,123.833511,124.876459,123.833511,0.42888724800000005,125.536529541,0.4489148557,125.4128036499,0.4175719023,125.1884307861,0.46639043090000004,125.2517547607,7.556352,7.039162,7.556352,-0.0181048885,7.6044406891000005,0.0069406182,7.5703935623,-0.11546508970000001,7.4545683861,-0.030002594,7.3799710274,-0.504221,-0.514348,-0.504221,0.0062639639,-0.49719554190000004,0.0085475259,-0.5003560781,0.0082941595,-0.4941683114,0.008731222700000001,-0.4955278039,127.802094,130.983041,127.802094,0.657848537,129.4098052979,0.3961781263,128.9306945801,-0.2419627905,129.9713287354,0.7598152161,128.451965332,0.636719,1.13701,-0.5166355504,-0.3707082956,0.0327823368,-0.2587354183,-0.6054828167,0.0784090981,-0.3565956652,-0.012483411500000001,-0.18885122240000002,-0.161670804,-0.6789295673,-0.0665841848,-0.35029774900000005,-0.1718081236,-0.1711121202,-0.0168320872,-0.5357170105,0.0583567917,-0.399307102,-0.14428912100000002,-0.2810911238,-0.1233261824,-0.4811396003,-0.059325318800000006,-0.35351771120000003,-0.1266812384,-0.19183865190000002
164,124.477085,124.784745,124.477085,0.4156885147,125.5981216431,0.4915673137,125.4647064209,0.5028654337,125.4902648926,0.46799963710000003,125.3932495117,7.536425,7.125039,7.5364249999999995,0.0960200429,7.6364603043,0.1529622972,7.5012302399,0.2278487533,7.5561552048,0.1790547073,7.4813785553,-0.532995,-0.521851,-0.532995,0.0100051779,-0.5213487148,0.0133470763,-0.5200279951,0.0177619215,-0.5157384276,0.0162387621,-0.5140978098,128.051654,128.994274,128.051654,0.204725191,128.3722991943,0.6250927448,128.2856292725,0.2001546025,129.2959442139,0.3695477247,128.272354126,0.568398,1.021889,-0.4987805799,-0.2601617213,-0.0812998211,-0.1278819293,-0.7223020196000001,0.223779723,-0.3637108207,0.0337700099,-0.1475256979,0.0279345512,-0.5427675843,0.2616879642,-0.14207240940000002,0.0665393695,-0.07637988030000001,-0.0014659241,-0.5098819733000001,-0.0101160659,-0.21943277120000002,-0.0173884444,-0.0984515846,0.0041630566,-0.3926182687,0.0108241849,-0.1190949753,0.1260711849,-0.0931593478
165,123.92962,124.684368,123.92962,0.3835650384,125.5478820801,0.43482384090000004,125.3364639282,0.5128899813,125.2699661255,0.5028015375,125.2404937744,7.58524,7.226608,7.58524,-0.059454642200000005,7.6414480209,-0.059674017100000004,7.4351825714,0.1111650914,7.5406122208,0.1404048949,7.2258548737,-0.518453,-0.533061,-0.5184529999999999,0.0065318486,-0.5115839243,0.0091955848,-0.5138765574,0.0118819857,-0.5070918202,0.0076960493000000005,-0.5098099709,128.12096,128.59121,128.12096,0.47547107930000004,128.1574249268,-0.023755043700000002,127.8505477905,-0.5987358093,129.419631958,0.1545772552,127.8185806274,0.608258,1.049913,-0.5296350768,-0.1446201879,-0.2618194513,-0.3190176487,-0.8846021891,0.0370125398,-0.012371446900000001,-0.0276927501,-0.23117464780000002,0.0720312074,-0.6184636354,0.2590788305,-0.0929667503,-0.0123758465,-0.1938836724,-0.073857449,-0.5594108105,0.040508043,-0.027668122200000003,-0.0490739867,-0.1836105585,-0.0916030556,-0.46476668120000003,0.07119686900000001,-0.16171047090000001,0.08964879810000001,-0.1975026131
166,124.3279,124.522929,124.3279,0.4370939136,126.1809310913,0.4642277658,125.7839431763,0.5014828444,125.7403793335,0.5571590662,125.5359268188,7.154432,6.832222,7.154432,0.14649266,7.6132874488999995,-0.0153045952,7.4736495018,-0.0065756105000000006,7.3768000603,-0.1163197532,7.1867661476,-0.524706,-0.521317,-0.524706,0.0102325203,-0.5096954107,0.0126772262,-0.5105758309,0.0153679699,-0.5087124109,0.014776117200000001,-0.5056791306,128.514948,130.483259,128.514948,0.9451460838,128.6637268066,0.5543516874000001,128.0529174805,0.10985291,129.3928985596,0.6304904819,127.3176116943,0.395055,1.144021,-0.3888946553,0.005538889500000001,-0.0692740297,-0.1872107089,-0.5484914780000001,0.0114103891,0.3387416601,0.1861167699,-0.0817155093,-0.0806229711,-0.5753929615,0.1971005946,0.2812857032,0.0507744402,-0.011980660300000001,-0.10974741730000001,-0.4564372003,0.1878034621,0.3620142341,0.028260909,-0.19611036780000002,-0.0496138893,-0.3776624203,0.1706347466,0.3122888803,0.076863952,-0.0823897272
167,124.400811,124.946434,124.400811,0.41521096230000004,125.7286987305,0.4102556109,125.4124298096,0.4367173016,125.4619445801,0.4658038914,125.3105163574,7.07029,7.450568,7.07029,0.2887890637,7.5270385742,0.051058448900000004,7.7783694267,0.0592151843,7.6355438232,0.2276329696,7.1136722565,-0.525552,-0.519001,-0.525552,0.007922601000000001,-0.5185935497,0.0088718152,-0.5191994905,0.010823836600000001,-0.5121222734,0.0137696508,-0.5137972832000001,128.703618,128.842062,128.703618,1.2742232084,129.6228027344,0.0725754499,129.7203826904,-0.5629074574,129.2890472412,-0.7721668482,129.3912506104,0.860873,1.191859,-0.6300655317,0.4494153709,-0.3770215301,-0.0611476377,-0.3187642395,-0.19064843650000002,1.0541503429,-0.1534817517,-0.16928587850000001,-0.1511961818,-0.8451817632,0.0945979282,0.8763200045,0.005072067,-0.2264221162,-0.2523443103,-0.7006647587,0.164956823,0.6799247861000001,-0.1456855386,-0.2617984712,-0.1181649342,-0.6664750576,0.0455427766,0.639197588,-0.1212828755,-0.420493573
168,124.00034,125.17885,124.00034,0.4405249953,125.2554016113,0.46771669390000004,125.1193618774,0.44936883450000004,125.1226119995,0.4464953542,125.0556793213,7.075804,7.02758,7.075804,0.2178638577,7.1673121452,0.095706448,7.2580223083,0.0948997214,7.3138852119,0.2910707295,7.1576986313,-0.542684,-0.523086,-0.5426839999999999,0.0104316389,-0.5368891358,0.011926394,-0.5373162031000001,0.0152734136,-0.5352454782,0.015342045600000001,-0.5359876752,129.719396,129.805335,129.719396,1.314286232,129.158996582,0.3173013926,130.1924743652,0.3699574769,130.4412078857,1.2979447842,130.2237243652,0.901713,1.352975,-0.3119587618,-0.3100412135,-0.7871734875,-0.036091201,-0.7247982621,-0.0165874362,-0.7028003931,-0.21581318970000002,-0.8099975586,-0.1438293755,-0.6439320445000001,-0.0839390159,-0.143930614,-0.22498148680000002,-1.0653455257,-0.0995508432,-0.4770105779,-0.0811664015,-0.3520630598,-0.30840778350000003,-0.907830596,0.1312885284,-0.3570976853,-0.13406193260000002,-0.4369164109,-0.2459208071,-0.9648778439000001
169,124.298683,124.361779,124.298683,0.4027140737,125.7066192627,0.41927099230000003,125.4591140747,0.443646282,125.438949585,0.43925681710000003,125.3509292603,7.119148,6.911487,7.119148,0.17170894150000002,7.6809988021999995,0.1199573278,7.7742738724,0.2290171236,7.7631969452,0.3209965825,7.2214636803,-0.522501,-0.521834,-0.522501,0.0079456819,-0.5132328272,0.0096502509,-0.5171638131,0.012553907000000001,-0.5152626038,0.013209979,-0.5220283866000001,131.404625,129.958716,131.404625,0.3519740105,129.9346313477,0.155723691,129.6704711914,-0.12737989430000002,130.7009887695,-1.1101326942,129.5971374512,0.907819,0.932138,-0.6783540984,-0.0935621712,-0.5960017063,-0.1632113606,-1.2824574709,0.2979258597,-0.1721966416,-0.0416479632,-0.5152546167000001,-0.255086869,-0.9219558239000001,0.0542263612,-0.1355982125,-0.2403200418,-0.7170529962000001,-0.2917073667,-0.8361426592000001,0.1574807614,0.0697221011,-0.27711898090000003,-0.6729622483000001,-0.1849729419,-0.9978318810000001,0.025389090200000002,0.1038433909,-0.2692779899,-0.7080512047
170,123.741791,124.865004,123.741791,0.42246189710000004,125.4512481689,0.4471148252,125.3625030518,0.4548130631,125.2677764893,0.48434928060000004,125.2674407959,7.234803,7.183259,7.234803,0.2035642266,7.7056283951,0.4238601327,7.5272483826,0.1985062957,7.3121900558,0.1728399098,7.1675152779,-0.510614,-0.510705,-0.510614,0.0065195533000000005,-0.5057182908,0.0086137652,-0.5106152892,0.0117605617,-0.5068830848,0.013510616500000001,-0.5065461993,130.42828,129.177518,130.42828,0.5003378987,129.4947509766,0.14517259600000001,129.0729217529,-0.3504295945,129.1236877441,0.4062686861,127.9352340698,0.585372,1.184294,-0.4020510017,-0.2724890125,-0.32674882120000004,-0.0221367516,-0.47709953780000003,-0.3149914145,-0.4941824079,-0.1131954193,-0.0130502507,0.016004324,-0.3784242272,-0.266538322,-0.480944097,0.221123606,-0.0467180982,-0.0277022645,-0.5281648636,-0.20742487910000001,-0.7038191557,0.2239204943,-0.07582916320000001,-0.0077100918,-0.28410121800000004,-0.0956089646,-0.4976381063,0.0664355308,0.0181243122
171,123.990206,124.649228,123.990206,0.47340571880000004,125.2891998291,0.4835785627,125.1596069336,0.4525444508,125.1156082153,0.5735778809000001,125.1151275635,7.560018,6.897195,7.560018,0.1407145858,7.8078870773,0.1945660412,7.8536214828,0.0113896467,7.7510995865000005,0.09214183690000001,7.3751688004,-0.502994,-0.515415,-0.5029939999999999,0.006439872100000001,-0.5029622316,0.0081229554,-0.5094671249,0.0114941821,-0.5036599636,0.013053581100000001,-0.5097566247,129.838515,129.993231,129.838515,0.6211885214,129.134979248,0.519436121,128.6015930176,-0.1791155934,128.8330078125,0.4042969346,127.3495330811,0.689063,1.344157,-0.5259422397,-0.3956819736,-0.20403119590000002,-0.0877519846,-0.5613797903000001,-0.2047753185,-0.3811676204,-0.059179727,-0.07969865200000001,-0.1291881055,-0.6013592482,-0.09664741900000001,-0.471149087,0.0538966283,-0.0650542602,-0.0401460975,-0.7640864849,-0.13005942110000002,-0.4964718819,0.0744053051,-0.0987298563,-0.1160136014,-0.5063794851,-0.0775106102,-0.2818498015,0.1303624213,-0.0332157016
172,124.297765,124.896636,124.297765,0.478920877,125.5707931519,0.4463937879,125.4510955811,0.42963656780000004,125.3667297363,0.4413131475,125.448928833,6.646173,7.127545,6.646173,0.21615231040000002,7.7567625046,0.2931823134,7.4418449402,0.1367592365,7.361178875,0.0930644721,7.1936855316,-0.486489,-0.524163,-0.486489,0.0048266966,-0.4833391011,0.0062496806,-0.486249119,0.0103649758,-0.4843304157,0.0078918012,-0.4862219989,133.918034,128.720969,133.918034,0.6072358489,134.3301696777,0.5593971014,133.1575164795,0.8293475509,133.6588897705,1.2119841576,132.787689209,1.135621,1.326048,0.8160310186,-0.1353194826,0.7780851583,0.5083862543000001,1.2789986134,0.0347267389,-0.16973975300000002,0.2417536676,0.9777696133,0.2988398075,1.161809206,-0.0812671185,-0.1636462212,0.3672694564,0.998908639,0.3634664416,1.2050187588,-0.090045549,-0.1504508853,0.32597294450000003,0.9977419972,0.45090639590000003,1.0879160166,-0.1249212101,-0.1335575879,0.3445267379,1.0275828838
173,124.196069,124.614098,124.196069,0.4500015378,125.7710266113,0.49282559750000005,125.5371780396,0.45068633560000004,125.4654083252,0.5085462332,125.4439926147,7.343181,7.011266,7.3431809999999995,0.0494720936,7.6316056252,-0.0637091622,7.6905679703,-0.1075134575,7.7226881981,0.038369514,7.6518907547,-0.495544,-0.522371,-0.495544,0.0051870458,-0.4863752425,0.005370043200000001,-0.49266415830000004,0.0069721346,-0.4890859723,0.0057460116,-0.4900077283,129.950025,129.272201,129.950025,0.498811543,130.4150543213,0.1792431921,129.4684906006,0.1514130235,130.3731384277,0.060656189900000004,128.6116333008,0.571518,0.942204,0.12917707820000002,-0.4281885494,-0.3558103805,0.4084064066,0.5529288054,-0.0798136666,-0.5256745815,-0.1396602392,-0.43042075630000004,0.263672471,0.5532871485,-0.0421138369,-0.3769168258,0.12008309360000001,-0.5100759268,0.1586293876,0.5104082227,-0.09230706100000001,-0.6252851486000001,-0.0217778943,-0.5411717296,0.2432469428,0.4590563178,-0.029187493000000002,-0.3666315079,0.0175913125,-0.37449371810000004
174,124.626952,124.610047,124.626952,0.44259604810000003,125.4761428833,0.4528349936,125.3479614258,0.47856360670000003,125.4217987061,0.4182189405,125.3104400635,7.446868,6.942188,7.446868,0.1000206023,7.7710208893,0.2821049094,7.8497519493,0.2092662305,7.7708015442,0.1571755409,7.2948684692,-0.498309,-0.52366,-0.498309,0.0045301411,-0.48650333290000003,0.006466302100000001,-0.4867610335,0.0094614252,-0.4811834693,0.0096495813,-0.48130333420000004,129.971547,129.466444,129.971547,1.1146979332,130.5802154541,0.3466038108,130.5033111572,0.5132842064,130.8059844971,0.6517352462,130.3111724854,0.964839,1.082574,0.026476601500000002,0.8017686173,-0.5360788698,-0.23266306520000002,0.1508895308,-0.2789298296,0.6276136041,-0.08598580210000001,-0.5660312176,-0.0167070478,0.0649273098,0.042103789700000005,0.8596538305,0.0479837358,-0.5692054629000001,-0.0376607403,0.059836290800000004,-0.0021811910000000003,0.8793457747000001,0.0260701068,-0.5182396173,0.0124788098,0.1543273479,0.0734081119,0.8384156227,-0.17095212640000002,-0.381147027
175,124.056182,124.791297,124.056182,0.4736057818,125.8503799438,0.46440428500000003,125.4370803833,0.4464413524,125.4797821045,0.44332960250000003,125.3894805908,7.09215,7.34907,7.09215,0.08260394630000001,7.8037424088,0.0323076546,7.6829872131,-0.0392381661,7.5979909896999995,-0.0101353303,7.3528943062,-0.488727,-0.527385,-0.48872699999999997,0.0052665896000000005,-0.482940197,0.0066850991,-0.4854841828,0.0099049238,-0.48594072460000004,0.0094618294,-0.4889240563,134.457045,127.289281,134.457045,1.5414534807,132.4113769531,1.1008241177,132.5615386963,0.8251620531,132.8798370361,0.7765089273,131.9448852539,1.01372,1.100736,-0.4723725629,0.8918745347,-0.0951403079,-0.1502068937,-0.3811768889,0.10404864700000001,0.6708757281000001,-0.1628859937,-0.0930013061,0.011818502100000001,-0.4766160548,0.077055648,0.9373841882,0.1873149425,0.1409339905,-0.1395507008,-0.5911670327,-0.0447059125,0.8200689554,0.15263181920000002,-0.054309099900000005,-0.1856791228,-0.5584269166,0.09206479790000001,0.7643002272,0.0964395106,-0.061127141100000004
176,123.79055,124.953171,123.79055,0.46226063370000003,125.7189254761,0.45518112180000003,125.5258560181,0.4776738286,125.4696426392,0.4842368066,125.2713165283,6.818247,6.867625,6.8182469999999995,0.13075956700000002,7.4332742691,-0.056609682700000004,7.5974812508,-0.1292319894,7.4732236862,0.0888814926,7.3295388222,-0.533848,-0.522522,-0.533848,0.0111405076,-0.5224140286,0.0140449535,-0.5220450163,0.0176584758,-0.5195327401000001,0.0157496873,-0.5233544111,129.192921,129.4705,129.192921,0.7320283651,128.1175537109,0.673609376,128.8643493652,0.712223947,128.8486328125,2.0941231251,128.803527832,0.937254,1.280552,0.0726040184,0.9317492251,0.0708254188,0.0677050352,0.1704549789,0.49408042430000004,1.1085958481,-0.6020044088000001,0.18461951610000002,0.0940643921,0.4037999511,0.1723109186,1.2568837404,-0.19000504910000002,-0.0161315501,0.14890471100000002,0.1912543029,0.4526361823,1.2226438522,-0.1491651833,0.0550002158,-0.0258937441,0.1055226699,0.5169354677,1.1228325367,-0.31839042900000003,-0.26426824930000004
177,123.925418,124.717733,123.925418,0.40578788520000003,125.3854598999,0.3987151384,125.3460006714,0.38488137720000004,125.2506408691,0.4373329282,125.1376190186,6.868503,7.157496,6.868503,0.4340709746,7.2149310112,0.3890755475,7.2067008018,0.0378577374,7.2797546387,-0.015172667800000001,7.0221972466,-0.550008,-0.519103,-0.5500079999999999,0.0112043452,-0.544750154,0.014128681300000001,-0.5455528498000001,0.019390810300000002,-0.5473281145000001,0.0189368408,-0.5481390357,128.304103,128.757504,128.304103,0.37991613150000003,128.4391326904,1.019818902,129.0485839844,0.6355768442,128.717880249,2.1950366497,129.1703338623,0.732536,1.00462,0.10643256620000001,0.702869355,0.17679424430000001,0.2674562633,0.3468927443,0.3201058507,0.8260655999000001,-0.0116897374,0.5850484371,0.0968002528,0.6519618034,0.3375485241,0.9044058323,0.040218602900000004,0.3915911019,0.18697446580000002,0.3527275622,0.39813548330000004,0.9791450500000001,0.1069781929,0.1844944954,0.0421518907,0.1924061775,0.41881352660000004,0.8872059584,-0.13054309790000002,0.0820061713
178,124.183463,124.912058,124.183463,0.48653435710000004,125.7150497437,0.49547559020000004,125.4918365479,0.48354244230000004,125.438835144,0.4935555458,125.3514099121,7.457165,7.522628,7.457165,0.023867279300000002,7.9830465317,0.0209064558,7.9441928864,0.1308442205,7.7956595421,-0.1290692985,7.7081618309,-0.515308,-0.533698,-0.515308,0.0106713446,-0.5079898834000001,0.012778295200000001,-0.5069618225,0.0157626439,-0.5058047771,0.0167496242,-0.501565218,127.295961,128.840196,127.295961,0.6138749123,129.1380615234,1.4956381321,128.8302764893,1.1481972933,129.3486328125,1.5203129053,127.7663345337,0.512967,1.2015,0.0465886411,-0.4363045572,0.26571224,-0.0193549246,0.3723790348,0.0068341345,-1.0509986877,-0.12240651250000001,0.2578868568,-0.0577430129,0.0336882249,-0.0178873613,-0.6628934145000001,-0.1077005416,-0.0933682099,-0.0324987248,0.1437264383,0.0344269872,-0.636354506,-0.0237016138,-0.0836486518,-0.0136206765,-0.0263122171,0.0389369205,-0.3374992311,0.0116957091,0.1404031664
179,124.144725,124.733064,124.144725,0.5203129649,125.4716949463,0.5401628613,125.5052261353,0.4612074494,125.3302536011,0.4799407423,125.3118209839,7.322502,7.207143,7.322502,0.27778229120000003,7.6100907326,0.3043311238,7.4648685455,0.2415756583,7.5154123306,0.1300411522,7.4360051155,-0.523358,-0.483254,-0.523358,0.01160149,-0.5193622708,0.014566857400000001,-0.5177485347,0.0172118284,-0.5136221051000001,0.0170056,-0.5128455162000001,128.129896,132.78145,128.129896,1.5742889643,128.8115844727,1.6752195358000002,128.5332946777,1.4708828926,129.661605835,2.056327343,128.2813262939,0.595087,1.129825,0.0901625186,-0.5793366176,0.1018232248,0.027614846800000002,0.4079703689,-0.3652634621,-1.1174070835,-0.1219370216,-0.09705659750000001,0.013796303400000001,-0.0034268498000000003,0.0050775968000000005,-0.7206281424000001,-0.0634313598,-0.09258604790000001,0.1791226566,0.1670963168,-0.048536758900000004,-0.7473002672,-0.0916158259,-0.017546311000000002,0.11177091300000001,0.2286901623,-0.1347206533,-0.5984770656,-0.0131726041,0.048681914800000003
180,124.006675,124.722924,124.006675,0.44387906790000003,126.0447387695,0.4371039867,125.6207809448,0.44160825010000004,125.4784698486,0.47157883640000003,125.3488693237,7.03634,6.923704,7.03634,0.09212562440000001,7.6768274307,-0.22924646740000001,7.3097953796,-0.0394216441,7.3668413162,-0.13853091,7.296751976,-0.515215,-0.508751,-0.515215,0.0059019066,-0.5126066804,0.0086739659,-0.5121533871,0.0116305733,-0.5094460249,0.010403553000000001,-0.5045149326,128.219438,130.050486,128.219438,0.1916514486,128.9434967041,0.6054587960000001,128.7265777588,0.7745779753,129.5457305908,0.874229908,128.1811523438,0.490776,1.101429,-0.1849013633,-0.4156180293,-0.1842133939,-0.126326248,-0.2517690957,-0.2798913717,-0.5140359402,-0.1930772215,-0.623624444,-0.14878425,-0.1770077646,0.0540245883,-0.5207030773,-0.22225260730000002,-0.4243136048,-0.08364532890000001,-0.2530889809,0.07271930580000001,-0.4202575684,-0.19240549210000002,-0.5730341673,-0.103299208,-0.1993794888,0.045100186,-0.29524981980000004,-0.0545272678,-0.4175776243
181,124.348661,124.476067,124.348661,0.46428996320000004,125.5646057129,0.47506237030000004,125.4163742065,0.4784857631,125.477142334,0.5224081278,125.4173736572,7.376144,6.789166,7.376144,0.0232864991,7.6585855484,0.12453555320000001,7.6132931709000005,0.1130004525,7.493581295,0.0329765528,7.4502544403,-0.51608,-0.479181,-0.5160800000000001,0.006580830100000001,-0.5096209645,0.0081637185,-0.5123523474,0.012704614500000001,-0.5098693371,0.014056064200000001,-0.5078687668,127.750918,133.810126,127.750918,0.1655700058,128.8696899414,0.4876520932,128.623336792,0.0256298184,129.3217773438,0.4441087544,127.6766967773,0.816992,1.828407,-0.0023529766,-0.7681052678,-0.2783608937,0.0693224072,0.24954095480000002,-0.18180714550000002,-0.8433724642,-0.1619947851,-0.506560266,0.1168283969,0.1721286327,-0.0184589811,-0.42189365630000003,-0.1480533779,-0.4209542871,0.0622410849,0.2699813843,-0.0065312115,-0.6850292683,-0.1161828488,-0.4550305605,0.12346767630000001,0.21767407660000002,-0.06536433850000001,-0.5982997417,-0.2014056444,-0.3556274772
182,124.072545,124.966054,124.072545,0.4823129177,125.4335708618,0.4958693683,125.4176101685,0.4455052614,125.3686294556,0.5189903975,125.1809310913,7.133195,7.128075,7.133195,0.2707158327,7.4036326408,0.0961693898,7.4349718094,-0.0365550406,7.3921084404,0.1193388477,7.1419963837000005,-0.536855,-0.477343,-0.536855,0.0098503325,-0.5354259610000001,0.0125320321,-0.5374065638000001,0.016788885,-0.5346499681,0.0148757687,-0.5334435105,129.635851,134.495787,129.635851,0.6757640839,128.4122924805,-0.1318304837,129.3486785889,0.5051971674,129.6790008545,0.36557245250000003,129.0053863525,0.875282,1.63914,0.0588204102,-0.8029821075,-0.3433342573,0.3190074861,0.149949953,-0.2044507563,-0.8024815321000001,-0.0950782597,-0.8206242323,0.1941360831,0.1755632907,-0.3372757733,-0.8143290281000001,-0.1165472865,-0.6456769705000001,0.3245680928,0.4154942036,-0.2036464363,-1.0445609093,-0.1659916937,-0.4026677608,0.20732079450000002,0.5174843073000001,-0.2569281161,-0.7754046917,0.0430598557,-0.2745101452
183,124.152652,124.796242,124.152652,0.6097846627,125.3648223877,0.5784785748,125.4145355225,0.5440455675,125.3748092651,0.6054110527000001,125.2240600586,7.063271,7.419888,7.063271,0.1350291371,7.6362166405,0.3160304129,7.5726647377,0.2506674826,7.5691132545,0.24167403580000002,7.4117183685,-0.50772,-0.483086,-0.5077200000000001,0.008774302900000001,-0.4969552755,0.0133312028,-0.49647721650000004,0.0169369914,-0.4882398844,0.016173627200000002,-0.4883958995,131.294072,131.794776,131.294072,1.3168058395,130.5480194092,0.6736605167,129.8068695068,0.8376905918,130.4853363037,1.6134178638,129.6908721924,1.062083,1.619613,0.6557961511,-0.46146757310000003,-0.6964196217,0.5042271018,1.053122282,-0.11224988100000001,-0.5658766627,0.052589569200000005,-0.6903246045,0.31935942170000003,1.0250157118,-0.2640917897,-0.5608128905,-0.2180247605,-0.8312306404,0.3810933828,1.0485743284,-0.1345440745,-0.5476045609,-0.1545735896,-0.8314399123,0.5066672564,1.1281936169,-0.1329934597,-0.5770837069,-0.014099361400000001,-0.5421894193
184,124.356477,124.667387,124.356477,0.4514476955,125.3846435547,0.4815220833,125.3167724609,0.4718660116,125.2543029785,0.48420220610000003,125.1881484985,7.114029,7.053594,7.114029,0.1965532899,7.258699894,0.025127776,7.216545105,0.1470161676,7.2035179138,-0.008442528500000001,7.0163969994,-0.532692,-0.5227,-0.5326919999999999,0.0077256798,-0.5290943384,0.011002088,-0.5290307999,0.013621591,-0.5264851451,0.012841159500000001,-0.5274774432,127.843442,128.84819,127.843442,0.4468342066,128.3802032471,0.2914819717,129.3525695801,-0.27874058490000003,130.3820953369,0.0954082608,129.3597564697,0.732694,1.082655,0.0265889446,-0.2883242853,-0.6730546986,0.1463592052,-0.1324507147,0.1702022403,-0.2459006011,-0.0030183941000000002,-0.9816572666000001,0.18347516660000002,0.2943219543,-0.042803023,-0.18573966620000001,-0.1275325418,-0.9664617181,0.1690063924,0.0546138585,0.0272436533,-0.1173820943,-0.3199256957,-0.8924022913,0.1319011897,0.10235992070000001,-0.0680828914,-0.2285739779,-0.16671854260000002,-0.8825043440000001
185,124.197622,124.423058,124.197622,0.46093308930000004,125.5947875977,0.49981722240000004,125.4507980347,0.4895089865,125.3673858643,0.4873155355,125.3222122192,7.275854,7.011629,7.275854,0.1604098678,7.6180677414,0.09766989200000001,7.7208442688000005,-0.16785289350000002,7.7158985138,-0.042633570700000005,7.4193720818,-0.509993,-0.481584,-0.509993,0.0091165304,-0.5023266673,0.010966174300000001,-0.5049280524,0.0113824401,-0.5018379688,0.0094866809,-0.5101560354,130.104919,133.589683,130.104919,0.4823915362,129.5403900146,-0.0321090817,128.694152832,0.0869581699,129.9797210693,-0.0206055045,128.5822601318,0.536397,1.945736,-0.4687714727,-0.1656088623,-0.20136824920000002,-0.2711365819,-0.7020629644,-0.1450690776,-0.2345288396,-0.0229446292,-0.2495836169,-0.1546015739,-0.6201840639,-0.1456309557,-0.24426993730000002,0.1665642709,-0.35171902180000003,-0.1983084381,-0.7077233791,-0.0249876864,-0.2755434513,0.1177132875,-0.18934042750000002,-0.09005351360000001,-0.43225443360000004,-0.2302045673,-0.2651208639,0.039521623400000004,-0.1073758155
186,124.212495,,124.212495,0.424010396,125.6871643066,0.4577870965,125.4651412964,0.4560166001,125.451789856,0.4896973968,125.3663406372,7.117584,,7.117584,0.10768543180000001,7.5959157944,-0.0566370115,7.6726303101,0.0181053169,7.4725365639,0.0894301683,7.2726826668,-0.505458,,-0.505458,0.008316638900000001,-0.49907800560000004,0.0090570776,-0.5012599826,0.0105118491,-0.4975607395,0.0094864517,-0.49493172760000004,130.108648,,130.108648,0.5381277204,130.9096374512,0.0224538147,130.2891235352,0.507357657,131.2329559326,0.5051909089000001,130.3199157715,0.837831,,0.0089345488,0.5952517029000001,-0.5895390096,0.24321888390000002,-0.016173094500000002,0.1120786741,0.8358823061,0.0194113851,-0.6541823745,0.2171643376,-0.016175881,-0.005831134500000001,0.7637529969,-0.0207708552,-0.4308381081,0.1478988677,-0.0413327962,0.2151774615,0.8472431302000001,-0.018635788900000002,-0.5821483135000001,0.1417628974,0.2643922567,0.0381825268,0.6655786037,-0.1456569582,-0.6369037628
187,124.239214,,124.239214,0.5223938227,125.4440307617,0.49838870760000004,125.3466873169,0.5076373816,125.3895187378,0.5274051428000001,125.2762069702,6.717793,,6.717793,0.3958814442,7.4083499908,0.20423650740000002,7.7017602921,0.1293626726,7.5098676682,0.09841655190000001,7.2994403839,-0.534178,,-0.5341779999999999,0.012906916400000001,-0.5238301754,0.016103955,-0.5252587199000001,0.021135414,-0.5281552672000001,0.0216559116,-0.5316969156,129.453243,,129.453243,0.31366261840000004,128.8111572266,0.2062597126,129.2567138672,0.8659859896000001,129.006729126,2.688937664,128.2124176025,0.607659,,-0.0174588437,0.6035964302,-0.0679378674,0.5421012044,0.10269536080000001,0.29044008260000004,0.5379015803,0.0196675658,-0.16324552890000002,0.1457138509,0.047530330700000005,0.1419435441,0.7966824770000001,-0.0589239188,0.1166450381,0.0587173328,0.1542990357,0.2680890858,0.5983989239,0.015581894700000001,-0.0154444426,0.3999233842,0.41697290540000004,0.0796969533,0.42371246220000003,0.0605061427,-0.0253809839
188,124.227252,,124.227252,0.42532551290000004,125.6311569214,0.4128296971,125.428024292,0.4076363146,125.4543838501,0.43979954720000003,125.3816604614,6.945138,,6.945138,0.25146043300000004,7.5140361786,0.060964420400000004,7.6836237907000005,-0.0328989886,7.5962362289000005,0.2995144427,7.2401189804,-0.530613,,-0.530613,0.0074360305,-0.5250599384,0.0072562811,-0.5252044201,0.0088470764,-0.5183543563,0.010295976,-0.5197716355,129.94407,,129.94407,1.0323367119,129.0989379883,0.2164023519,129.6343078613,-0.2293764949,129.6416168213,-0.09045529370000001,129.5463867188,1.021,,-0.664426489,0.0773115196,0.7713633656000001,-0.0541581213,-0.9425556064,-0.11138150100000001,0.528562367,0.2773911953,0.4658548534,-0.2578278184,-0.9305422306000001,-0.0013947710000000002,0.0619549453,0.1300942302,0.6028200388,-0.2038100511,-0.8392976522000001,-0.1198782399,0.14435715970000002,0.1955748498,0.6131848097,-0.138728708,-0.751237452,0.0319717303,0.21380937100000003,0.118162632,0.6913094521
189,124.466179,,124.466179,0.46010571720000004,125.5074157715,0.47346758840000003,125.3816833496,0.4647517204,125.4609603882,0.4492273927,125.4075393677,7.456742,,7.456742,0.16534224150000001,8.3288593292,0.4874394238,8.1358852386,0.3773997128,7.993309021,0.33386439090000003,7.6361083984,-0.489967,,-0.489967,0.0066143801,-0.48091557620000003,0.007210956,-0.4835693538,0.0092653818,-0.4828792512,0.0092560174,-0.4862441421,132.320471,,132.320471,1.0876404047000001,131.7789306641,0.1524929702,131.280670166,0.7429847121,131.9569091797,0.2716993392,130.121673584,0.757799,,-0.3563633096,-0.6669828467000001,0.048974210000000004,-0.0884774625,-0.32781279090000004,0.22768533230000002,-0.7396665812000001,-0.0162053555,0.12437947090000001,0.1223429218,-0.12871569400000002,-0.0156044587,-0.7153063416000001,-0.06872628630000001,0.181481421,0.042861864,-0.2021829486,0.1212068647,-0.6008614898,-0.07764373720000001,0.0590595007,-0.0879946873,-0.2220100462,-0.1130696759,-0.4926694632,-0.0220997278,-0.06264402720000001
190,124.390584,,124.390584,0.39204797150000004,125.7208633423,0.4314401746,125.4355773926,0.4301718771,125.3930358887,0.4440234601,125.3349304199,7.283652,,7.283652,-0.0229196846,8.0125341415,0.1536684036,7.883497715,0.041026726400000005,7.6047110558,0.0993501842,7.4588041306,-0.496554,,-0.496554,0.0069418149,-0.4910889566,0.0093659312,-0.49325367810000004,0.0111617707,-0.4899537861,0.011520871,-0.49088138340000004,131.166395,,131.166395,1.1261047125,131.5694732666,0.0878970921,130.6980438232,0.5055904388,131.5624847412,0.8081344962,130.1328582764,0.935383,,-0.39204650220000004,-0.8170107434,-0.2318054769,0.0246511009,-0.3041240275,-0.1000855565,-0.8416570425000001,0.036559425300000004,-0.0466664433,0.15932811800000002,0.0088545084,0.0705965161,-0.8083964586,0.1322875768,-0.1414740086,0.0536898896,-0.032799199200000004,-0.030426126,-0.8483804464,0.0710302889,-0.0391184054,0.031227022400000002,-0.1387319267,-0.0960184857,-0.6746931672,-0.1190477833,-0.0157977045
191,124.008549,,124.008549,0.372484535,125.3315505981,0.42923742530000003,125.2490234375,0.4338088036,125.103805542,0.44197267290000003,124.9866027832,7.172747,,7.172747,0.06885693970000001,7.0857672691,0.049950391100000005,7.1055150032,0.0032724515,7.1890950203,0.2571263015,7.0976920128,-0.535163,,-0.5351629999999999,0.0079151886,-0.5307916403,0.0099735139,-0.5313777924,0.0113918204,-0.5247984529,0.0121343145,-0.5274264812,129.96373,,129.96373,1.4530003071,128.3386383057,0.6833325624000001,129.5184326172,0.3784581721,129.9181365967,1.0560975075,130.0618743896,0.890316,,0.0386221151,-0.4761814254,-0.7512807152000001,-0.0340279192,0.238124311,-0.3360108137,-0.9174970388,-0.17729568480000002,-1.2583806515,-0.0989517272,-0.0005962104,-0.22945748270000002,-0.8564246893,-0.2375973612,-1.1408352852,-0.0114113865,-0.0153462719,-0.3104296327,-0.7727008462,-0.26564648750000003,-0.9913660884000001,-0.1265901327,-0.0770364702,-0.2543487251,-0.7260338068000001,-0.1563218385,-1.08233881
192,123.449428,,123.449428,0.48887875680000004,125.3701095581,0.4761251211,125.1488647461,0.5231813192,125.042640686,0.5490205288000001,124.9769363403,7.147069,,7.147069,0.0584965795,7.1047616005,0.43417343500000005,7.4588413239,0.1369339228,7.0989313126,0.09862142800000001,7.190551281,-0.509348,,-0.509348,0.008381773700000001,-0.5075113773000001,0.0106028775,-0.5082875490000001,0.0106506133,-0.5040551424,0.0122247078,-0.5007916093,129.575938,,129.575938,0.2904240191,129.3025512695,0.5449109077000001,129.1674041748,0.0082638264,130.0844116211,1.1074124575,129.6608123779,1.12054,,-0.0453985568,0.7854332922,-0.7978994241,-0.260653317,0.2408322096,-0.0081197619,0.7710053921000001,-0.3254813552,-0.6672738791,-0.155236423,0.0781677663,-0.08591699600000001,0.5937440991,-0.2628150284,-0.8705524802,-0.0790635794,0.1973928809,-0.0341688208,0.6659226418,-0.36146667600000004,-0.9881922007,-0.0542828068,-0.048946239100000004,0.1620521247,0.6574749351,-0.4325861335,-0.9607803822000001
193,124.497924,,124.497924,0.4803463817,125.4187011719,0.4832092524,125.3108139038,0.5329917669,125.4092559814,0.5146297216,125.3172302246,6.966147,,6.966147,0.2091999948,7.620218277,0.3640124798,7.2455325127,0.3108861744,7.1223669052,0.29544234280000004,7.0200233459,-0.484615,,-0.48461499999999996,0.005267987,-0.4793014526,0.007698705,-0.4824509323,0.0101674031,-0.481652379,0.0096569862,-0.48737314340000004,134.157954,,134.157954,0.6577498317,133.998046875,0.11440631750000001,133.1751556396,0.4783525467,133.2909088135,0.4762820601,133.1474456787,1.158751,,0.6311756544,0.2197763701,-0.9465826651,0.3339889646,0.8056669235,0.1813744605,0.31885796790000004,-0.3581626713,-1.3077536821,0.3168377578,0.8663470745,0.1322083473,0.24225844440000002,-0.3282234073,-1.3610517979,0.449687928,0.8804214597000001,0.1787764728,0.3186194003,-0.314203769,-1.3450939655,0.39755976200000004,0.8773355484,0.2022937387,0.31551811100000005,-0.46013984080000003,-1.2950481176
194,124.519016,,124.519016,0.4388878345,125.7754821777,0.4415749907,125.5311660767,0.47456848620000003,125.5450897217,0.46936485170000003,125.3893051147,7.407238,,7.4072379999999995,0.0777995065,8.1188802719,0.2443394661,7.6720170975,0.2064132839,7.6939125061,0.1801576018,7.2074103355,-0.510586,,-0.510586,0.005870102,-0.5006619096,0.008789847600000001,-0.5022298694,0.012675641100000001,-0.5003064871,0.0128364759,-0.5064916611,129.54532,,129.54532,0.7747090459,130.434173584,0.3250001073,130.2587738037,0.5049962997,131.3180389404,0.0085155964,129.7061004639,0.782795,,-0.0132060492,-0.7672424868000001,-0.15469906490000002,0.0163125619,0.014237999900000001,-0.0875761062,-0.7567278743,0.0168779753,-0.5413742661000001,-0.1041939706,0.032641112800000004,0.0087989308,-0.8580174446000001,-0.2391827703,-0.49063086510000004,0.1499707848,0.1151534617,0.0801017582,-0.7614670992,-0.061997864400000005,-0.3991648257,0.0670249611,0.1232350469,-0.1661396176,-0.6934139729000001,-0.0647100657,-0.4469521046
195,123.862043,,123.862043,0.3776370287,125.5360031128,0.3969270885,125.3482055664,0.3922325075,125.3077774048,0.4129449129,125.2387771606,7.083073,,7.083073,0.1970676482,7.5167937279,0.0360647291,7.3433237076,0.0111428238,7.1759653091,-0.1941211522,7.1755743027,-0.526019,,-0.526019,0.0057839081,-0.5281080008,0.0079072686,-0.529084444,0.0116806533,-0.5257557034,0.0126881348,-0.5211405158,128.9849,,128.9849,0.2089411616,129.1147460938,0.2382092178,129.365814209,0.1102167368,129.6598815918,0.3083557487,129.4691314697,0.692659,,-0.2783288781,0.5247903227,-0.3562376143,-0.0184245184,-0.5308153629,-0.061980813700000005,0.6544493437000001,0.0408440381,-0.3809725344,0.0223807842,-0.2260061502,-0.0366150476,0.6574426889,0.033562548500000004,-0.3790145814,0.0024564192,-0.3920035958,0.2106590122,0.6559460759,0.0012911242000000001,-0.151329875,0.0386479273,-0.2139103115,0.1967164129,0.6567653418,-0.0238371193,-0.197848618
196,124.416365,,124.416365,0.4659718573,125.5575027466,0.47738856080000003,125.3938751221,0.46792382,125.2991485596,0.47241160270000004,125.2242660522,7.430499,,7.430499,0.1217299253,7.491399765,0.0194314197,7.5734829903000005,0.1438263804,7.4734044075,0.1421020627,7.4624667168,-0.526775,,-0.526775,0.0077495258000000004,-0.5145426989,0.0113974847,-0.5133202076,0.013274814000000001,-0.5050476789,0.0145440707,-0.5091746449,129.390493,,129.390493,0.0778869539,128.8004302979,0.2990256548,128.794128418,-0.1114873588,129.3734741211,-0.3525454998,129.8534240723,0.916559,,-0.5081336167,0.7628091369000001,0.0015174824,-0.0154705122,-0.9293335676000001,0.060532543800000005,1.1091983318,0.1407985091,0.1031257361,-0.0177886114,-0.5818656087,0.1561439335,0.997923255,0.1176251173,0.0174532831,-0.0848029554,-0.6564744115000001,0.23220027980000002,0.9041595459,0.19766151910000002,0.2456733435,-0.0685060173,-0.5517709255000001,0.22287184000000002,0.9814783335,0.0461144708,0.1325470805
197,124.307065,,124.307065,0.40381288530000004,125.9435119629,0.4230279326,125.6757125854,0.4223406911,125.6740188599,0.4439584613,125.4665527344,7.102767,,7.102767,0.05099231,7.455807209,0.009527958900000001,7.4431023598,-0.0513220541,7.3633761406,-0.0526343882,7.2596120834,-0.532398,,-0.5323979999999999,0.0084035331,-0.5236789584,0.0112676732,-0.5237525105,0.0136706028,-0.5213322043,0.013578129900000001,-0.5186724663,129.565105,,129.565105,0.36839464310000003,128.5994415283,0.39392519,129.031829834,-0.10134071110000001,130.1480255127,0.2383351326,129.2752227783,0.879238,,0.1501907885,0.6748080516,-0.5432638267000001,0.044695481700000005,0.4644613862,0.23547114430000002,0.9649202228,-0.1348426044,-0.5550902486,0.0997042805,0.45476555820000003,0.07138676940000001,0.6966311932,-0.1393101364,-0.6809077263000001,0.16022223230000002,0.4876692295,0.07653122400000001,0.8491815925,-0.2853432298,-0.7319435477,0.0580727607,0.3646911085,0.1555482,0.8095897436,-0.2726877332,-0.8081027865
198,124.454553,,124.454553,0.4790963829,125.3306045532,0.4697638154,125.4389877319,0.4548577964,125.3515396118,0.5009714961,125.454208374,6.667953,,6.667953,0.1284380406,7.8409814835,0.5792763829,7.4540700912,0.30362954740000003,7.3158807755,0.3529877067,7.0974946022,-0.48555,,-0.48555000000000004,0.004567159800000001,-0.4768079519,0.006506002,-0.47975033520000004,0.0100229997,-0.47670188550000003,0.0090116002,-0.4789533019,135.247648,,135.247648,0.7859361172,134.692855835,0.2348199785,133.8985595703,0.42675063010000003,133.6491088867,0.4278336465,133.6694946289,1.13993,,-0.9990136338000001,0.5217399110000001,0.1708761909,-0.4482730031,-1.5074162483,0.2497117519,0.681927681,0.2136558294,0.3158582747,-0.4561189413,-1.5299240351,0.0951601639,0.6054381728,0.0905262828,0.2639507949,-0.5249982476,-1.4619612694000002,0.18760903180000002,0.6649141908,0.2324925363,0.4084659815,-0.5453899503,-1.4882268906,0.22326403860000002,0.6527257562000001,0.1539795548,0.4273495674
199,124.350939,,124.350939,0.4335364997,126.0749206543,0.46092665200000005,125.5244140625,0.46503299470000004,125.5128860474,0.47803992030000003,125.3538742065,6.959684,,6.959684,-0.1619607806,7.2318129539000005,-0.1257682443,7.1578683853,-0.1720121205,7.1937384605,-0.0072683096,7.0407619476,-0.484785,,-0.48478499999999997,0.0051119691000000005,-0.48282140490000003,0.0065968717000000005,-0.48436570170000004,0.0084098158,-0.4809826612,0.0074751526,-0.48074585200000003,133.861791,,133.861791,0.3854814768,133.034286499,0.7733117342,132.9217834473,-0.1403759718,133.0245513916,0.1860104203,132.7643737793,1.052968,,-0.456323951,0.7085477357000001,0.6312441318,-0.1352638006,-0.4050728679,0.0531507358,0.45904949310000004,-0.2036776096,0.340693891,-0.0429329239,-0.4245524108,-0.088882342,0.6203306317,0.0963751748,0.61952281,-0.14970502260000002,-0.3926187158,0.0020452403,0.6122160554,-0.045517616000000004,0.5508446097,-0.1479427963,-0.4225793183,0.1866383255,0.685596168,0.017777171,0.6232894659
